INFO - 2024-03-07 00:00:17 --> Session: Class initialized using 'CodeIgniter\Session\Handlers\FileHandler' driver.
INFO - 2024-03-07 00:00:55 --> Session: Class initialized using 'CodeIgniter\Session\Handlers\FileHandler' driver.
INFO - 2024-03-07 00:01:16 --> Session: Class initialized using 'CodeIgniter\Session\Handlers\FileHandler' driver.
INFO - 2024-03-07 00:04:17 --> Session: Class initialized using 'CodeIgniter\Session\Handlers\FileHandler' driver.
INFO - 2024-03-07 00:04:20 --> Session: Class initialized using 'CodeIgniter\Session\Handlers\FileHandler' driver.
INFO - 2024-03-07 00:12:13 --> Session: Class initialized using 'CodeIgniter\Session\Handlers\FileHandler' driver.
INFO - 2024-03-07 01:29:07 --> Session: Class initialized using 'CodeIgniter\Session\Handlers\FileHandler' driver.
INFO - 2024-03-07 01:29:10 --> Session: Class initialized using 'CodeIgniter\Session\Handlers\FileHandler' driver.
INFO - 2024-03-07 01:29:12 --> Session: Class initialized using 'CodeIgniter\Session\Handlers\FileHandler' driver.
INFO - 2024-03-07 01:30:06 --> Session: Class initialized using 'CodeIgniter\Session\Handlers\FileHandler' driver.
INFO - 2024-03-07 01:30:41 --> Session: Class initialized using 'CodeIgniter\Session\Handlers\FileHandler' driver.
INFO - 2024-03-07 01:33:44 --> Session: Class initialized using 'CodeIgniter\Session\Handlers\FileHandler' driver.
INFO - 2024-03-07 01:33:53 --> Session: Class initialized using 'CodeIgniter\Session\Handlers\FileHandler' driver.
INFO - 2024-03-07 01:33:53 --> Session: Class initialized using 'CodeIgniter\Session\Handlers\FileHandler' driver.
INFO - 2024-03-07 01:34:13 --> Session: Class initialized using 'CodeIgniter\Session\Handlers\FileHandler' driver.
INFO - 2024-03-07 01:34:40 --> Session: Class initialized using 'CodeIgniter\Session\Handlers\FileHandler' driver.
INFO - 2024-03-07 01:34:44 --> Session: Class initialized using 'CodeIgniter\Session\Handlers\FileHandler' driver.
INFO - 2024-03-07 01:35:05 --> Session: Class initialized using 'CodeIgniter\Session\Handlers\FileHandler' driver.
INFO - 2024-03-07 01:36:09 --> Session: Class initialized using 'CodeIgniter\Session\Handlers\FileHandler' driver.
INFO - 2024-03-07 01:36:11 --> Session: Class initialized using 'CodeIgniter\Session\Handlers\FileHandler' driver.
INFO - 2024-03-07 01:36:33 --> Session: Class initialized using 'CodeIgniter\Session\Handlers\FileHandler' driver.
INFO - 2024-03-07 01:36:34 --> Session: Class initialized using 'CodeIgniter\Session\Handlers\FileHandler' driver.
INFO - 2024-03-07 01:36:37 --> Session: Class initialized using 'CodeIgniter\Session\Handlers\FileHandler' driver.
INFO - 2024-03-07 01:36:40 --> Session: Class initialized using 'CodeIgniter\Session\Handlers\FileHandler' driver.
INFO - 2024-03-07 01:37:00 --> Session: Class initialized using 'CodeIgniter\Session\Handlers\FileHandler' driver.
INFO - 2024-03-07 01:37:14 --> Session: Class initialized using 'CodeIgniter\Session\Handlers\FileHandler' driver.
INFO - 2024-03-07 01:37:43 --> Session: Class initialized using 'CodeIgniter\Session\Handlers\FileHandler' driver.
INFO - 2024-03-07 01:38:05 --> Session: Class initialized using 'CodeIgniter\Session\Handlers\FileHandler' driver.
INFO - 2024-03-07 01:38:08 --> Session: Class initialized using 'CodeIgniter\Session\Handlers\FileHandler' driver.
INFO - 2024-03-07 01:38:20 --> Session: Class initialized using 'CodeIgniter\Session\Handlers\FileHandler' driver.
INFO - 2024-03-07 01:38:49 --> Session: Class initialized using 'CodeIgniter\Session\Handlers\FileHandler' driver.
INFO - 2024-03-07 01:39:00 --> Session: Class initialized using 'CodeIgniter\Session\Handlers\FileHandler' driver.
INFO - 2024-03-07 01:40:21 --> Session: Class initialized using 'CodeIgniter\Session\Handlers\FileHandler' driver.
INFO - 2024-03-07 01:40:29 --> Session: Class initialized using 'CodeIgniter\Session\Handlers\FileHandler' driver.
INFO - 2024-03-07 01:41:12 --> Session: Class initialized using 'CodeIgniter\Session\Handlers\FileHandler' driver.
INFO - 2024-03-07 01:41:21 --> Session: Class initialized using 'CodeIgniter\Session\Handlers\FileHandler' driver.
INFO - 2024-03-07 01:41:27 --> Session: Class initialized using 'CodeIgniter\Session\Handlers\FileHandler' driver.
INFO - 2024-03-07 01:41:33 --> Session: Class initialized using 'CodeIgniter\Session\Handlers\FileHandler' driver.
INFO - 2024-03-07 01:41:49 --> Session: Class initialized using 'CodeIgniter\Session\Handlers\FileHandler' driver.
INFO - 2024-03-07 01:41:55 --> Session: Class initialized using 'CodeIgniter\Session\Handlers\FileHandler' driver.
INFO - 2024-03-07 01:42:04 --> Session: Class initialized using 'CodeIgniter\Session\Handlers\FileHandler' driver.
INFO - 2024-03-07 01:42:20 --> Session: Class initialized using 'CodeIgniter\Session\Handlers\FileHandler' driver.
INFO - 2024-03-07 01:42:24 --> Session: Class initialized using 'CodeIgniter\Session\Handlers\FileHandler' driver.
CRITICAL - 2024-03-07 01:42:24 --> Invalid file: "Aduan\tvmedia.php"
in SYSTEMPATH/Exceptions/FrameworkException.php on line 39.
 1 SYSTEMPATH/View/View.php(216): CodeIgniter\Exceptions\FrameworkException::forInvalidFile()
 2 SYSTEMPATH/Common.php(1190): CodeIgniter\View\View->render()
 3 APPPATH/Controllers/Aduan.php(102): view()
 4 SYSTEMPATH/CodeIgniter.php(942): App\Controllers\Aduan->tvmedia()
 5 SYSTEMPATH/CodeIgniter.php(502): CodeIgniter\CodeIgniter->runController()
 6 SYSTEMPATH/CodeIgniter.php(361): CodeIgniter\CodeIgniter->handleRequest()
 7 FCPATH/index.php(79): CodeIgniter\CodeIgniter->run()
 8 SYSTEMPATH/Commands/Server/rewrite.php(47): require_once('/var/www/html/aparus/public/index.php')
INFO - 2024-03-07 01:42:27 --> Session: Class initialized using 'CodeIgniter\Session\Handlers\FileHandler' driver.
INFO - 2024-03-07 01:42:29 --> Session: Class initialized using 'CodeIgniter\Session\Handlers\FileHandler' driver.
INFO - 2024-03-07 01:42:36 --> Session: Class initialized using 'CodeIgniter\Session\Handlers\FileHandler' driver.
INFO - 2024-03-07 01:42:42 --> Session: Class initialized using 'CodeIgniter\Session\Handlers\FileHandler' driver.
INFO - 2024-03-07 01:42:59 --> Session: Class initialized using 'CodeIgniter\Session\Handlers\FileHandler' driver.
INFO - 2024-03-07 01:45:20 --> Session: Class initialized using 'CodeIgniter\Session\Handlers\FileHandler' driver.
INFO - 2024-03-07 01:46:04 --> Session: Class initialized using 'CodeIgniter\Session\Handlers\FileHandler' driver.
CRITICAL - 2024-03-07 01:46:04 --> Undefined variable $hargaair
in APPPATH/Views/waterusage/catatair.php on line 50.
 1 APPPATH/Views/waterusage/catatair.php(50): CodeIgniter\Debug\Exceptions->errorHandler()
 2 SYSTEMPATH/View/View.php(228): include('/var/www/html/aparus/app/Views/waterusage/catatair.php')
 3 SYSTEMPATH/View/View.php(231): CodeIgniter\View\View->CodeIgniter\View\{closure}()
 4 SYSTEMPATH/Common.php(1190): CodeIgniter\View\View->render()
 5 APPPATH/Controllers/Waterusage.php(39): view()
 6 SYSTEMPATH/CodeIgniter.php(942): App\Controllers\Waterusage->catatAir()
 7 SYSTEMPATH/CodeIgniter.php(502): CodeIgniter\CodeIgniter->runController()
 8 SYSTEMPATH/CodeIgniter.php(361): CodeIgniter\CodeIgniter->handleRequest()
 9 FCPATH/index.php(79): CodeIgniter\CodeIgniter->run()
10 SYSTEMPATH/Commands/Server/rewrite.php(47): require_once('/var/www/html/aparus/public/index.php')
INFO - 2024-03-07 01:46:28 --> Session: Class initialized using 'CodeIgniter\Session\Handlers\FileHandler' driver.
INFO - 2024-03-07 01:49:47 --> Session: Class initialized using 'CodeIgniter\Session\Handlers\FileHandler' driver.
INFO - 2024-03-07 01:54:04 --> Session: Class initialized using 'CodeIgniter\Session\Handlers\FileHandler' driver.
INFO - 2024-03-07 01:54:04 --> Session: Class initialized using 'CodeIgniter\Session\Handlers\FileHandler' driver.
INFO - 2024-03-07 01:54:05 --> Session: Class initialized using 'CodeIgniter\Session\Handlers\FileHandler' driver.
INFO - 2024-03-07 01:54:54 --> Session: Class initialized using 'CodeIgniter\Session\Handlers\FileHandler' driver.
INFO - 2024-03-07 01:54:55 --> Session: Class initialized using 'CodeIgniter\Session\Handlers\FileHandler' driver.
INFO - 2024-03-07 01:55:26 --> Session: Class initialized using 'CodeIgniter\Session\Handlers\FileHandler' driver.
INFO - 2024-03-07 01:55:26 --> Session: Class initialized using 'CodeIgniter\Session\Handlers\FileHandler' driver.
INFO - 2024-03-07 01:56:10 --> Session: Class initialized using 'CodeIgniter\Session\Handlers\FileHandler' driver.
INFO - 2024-03-07 01:56:10 --> Session: Class initialized using 'CodeIgniter\Session\Handlers\FileHandler' driver.
INFO - 2024-03-07 01:56:49 --> Session: Class initialized using 'CodeIgniter\Session\Handlers\FileHandler' driver.
INFO - 2024-03-07 01:57:11 --> Session: Class initialized using 'CodeIgniter\Session\Handlers\FileHandler' driver.
INFO - 2024-03-07 01:57:31 --> Session: Class initialized using 'CodeIgniter\Session\Handlers\FileHandler' driver.
INFO - 2024-03-07 01:58:05 --> Session: Class initialized using 'CodeIgniter\Session\Handlers\FileHandler' driver.
INFO - 2024-03-07 01:59:42 --> Session: Class initialized using 'CodeIgniter\Session\Handlers\FileHandler' driver.
INFO - 2024-03-07 02:02:30 --> Session: Class initialized using 'CodeIgniter\Session\Handlers\FileHandler' driver.
CRITICAL - 2024-03-07 02:02:30 --> Undefined array key "jumlahKamar"
in APPPATH/Views/waterusage/catatair.php on line 90.
 1 APPPATH/Views/waterusage/catatair.php(90): CodeIgniter\Debug\Exceptions->errorHandler()
 2 SYSTEMPATH/View/View.php(228): include('/var/www/html/aparus/app/Views/waterusage/catatair.php')
 3 SYSTEMPATH/View/View.php(231): CodeIgniter\View\View->CodeIgniter\View\{closure}()
 4 SYSTEMPATH/Common.php(1190): CodeIgniter\View\View->render()
 5 APPPATH/Controllers/Waterusage.php(39): view()
 6 SYSTEMPATH/CodeIgniter.php(942): App\Controllers\Waterusage->catatAir()
 7 SYSTEMPATH/CodeIgniter.php(502): CodeIgniter\CodeIgniter->runController()
 8 SYSTEMPATH/CodeIgniter.php(361): CodeIgniter\CodeIgniter->handleRequest()
 9 FCPATH/index.php(79): CodeIgniter\CodeIgniter->run()
10 SYSTEMPATH/Commands/Server/rewrite.php(47): require_once('/var/www/html/aparus/public/index.php')
INFO - 2024-03-07 02:05:40 --> Session: Class initialized using 'CodeIgniter\Session\Handlers\FileHandler' driver.
CRITICAL - 2024-03-07 02:05:40 --> foreach() argument must be of type array|object, null given
in APPPATH/Views/waterusage/catatair.php on line 65.
 1 APPPATH/Views/waterusage/catatair.php(65): CodeIgniter\Debug\Exceptions->errorHandler()
 2 SYSTEMPATH/View/View.php(228): include('/var/www/html/aparus/app/Views/waterusage/catatair.php')
 3 SYSTEMPATH/View/View.php(231): CodeIgniter\View\View->CodeIgniter\View\{closure}()
 4 SYSTEMPATH/Common.php(1190): CodeIgniter\View\View->render()
 5 APPPATH/Controllers/Waterusage.php(39): view()
 6 SYSTEMPATH/CodeIgniter.php(942): App\Controllers\Waterusage->catatAir()
 7 SYSTEMPATH/CodeIgniter.php(502): CodeIgniter\CodeIgniter->runController()
 8 SYSTEMPATH/CodeIgniter.php(361): CodeIgniter\CodeIgniter->handleRequest()
 9 FCPATH/index.php(79): CodeIgniter\CodeIgniter->run()
10 SYSTEMPATH/Commands/Server/rewrite.php(47): require_once('/var/www/html/aparus/public/index.php')
INFO - 2024-03-07 02:06:14 --> Session: Class initialized using 'CodeIgniter\Session\Handlers\FileHandler' driver.
CRITICAL - 2024-03-07 02:06:14 --> Cannot access offset of type string on string
in APPPATH/Views/waterusage/catatair.php on line 70.
 1 SYSTEMPATH/View/View.php(228): include()
 2 SYSTEMPATH/View/View.php(231): CodeIgniter\View\View->CodeIgniter\View\{closure}()
 3 SYSTEMPATH/Common.php(1190): CodeIgniter\View\View->render()
 4 APPPATH/Controllers/Waterusage.php(40): view()
 5 SYSTEMPATH/CodeIgniter.php(942): App\Controllers\Waterusage->catatAir()
 6 SYSTEMPATH/CodeIgniter.php(502): CodeIgniter\CodeIgniter->runController()
 7 SYSTEMPATH/CodeIgniter.php(361): CodeIgniter\CodeIgniter->handleRequest()
 8 FCPATH/index.php(79): CodeIgniter\CodeIgniter->run()
 9 SYSTEMPATH/Commands/Server/rewrite.php(47): require_once('/var/www/html/aparus/public/index.php')
INFO - 2024-03-07 02:06:15 --> Session: Class initialized using 'CodeIgniter\Session\Handlers\FileHandler' driver.
CRITICAL - 2024-03-07 02:06:15 --> Cannot access offset of type string on string
in APPPATH/Views/waterusage/catatair.php on line 70.
 1 SYSTEMPATH/View/View.php(228): include()
 2 SYSTEMPATH/View/View.php(231): CodeIgniter\View\View->CodeIgniter\View\{closure}()
 3 SYSTEMPATH/Common.php(1190): CodeIgniter\View\View->render()
 4 APPPATH/Controllers/Waterusage.php(40): view()
 5 SYSTEMPATH/CodeIgniter.php(942): App\Controllers\Waterusage->catatAir()
 6 SYSTEMPATH/CodeIgniter.php(502): CodeIgniter\CodeIgniter->runController()
 7 SYSTEMPATH/CodeIgniter.php(361): CodeIgniter\CodeIgniter->handleRequest()
 8 FCPATH/index.php(79): CodeIgniter\CodeIgniter->run()
 9 SYSTEMPATH/Commands/Server/rewrite.php(47): require_once('/var/www/html/aparus/public/index.php')
INFO - 2024-03-07 02:06:16 --> Session: Class initialized using 'CodeIgniter\Session\Handlers\FileHandler' driver.
CRITICAL - 2024-03-07 02:06:16 --> Cannot access offset of type string on string
in APPPATH/Views/waterusage/catatair.php on line 70.
 1 SYSTEMPATH/View/View.php(228): include()
 2 SYSTEMPATH/View/View.php(231): CodeIgniter\View\View->CodeIgniter\View\{closure}()
 3 SYSTEMPATH/Common.php(1190): CodeIgniter\View\View->render()
 4 APPPATH/Controllers/Waterusage.php(40): view()
 5 SYSTEMPATH/CodeIgniter.php(942): App\Controllers\Waterusage->catatAir()
 6 SYSTEMPATH/CodeIgniter.php(502): CodeIgniter\CodeIgniter->runController()
 7 SYSTEMPATH/CodeIgniter.php(361): CodeIgniter\CodeIgniter->handleRequest()
 8 FCPATH/index.php(79): CodeIgniter\CodeIgniter->run()
 9 SYSTEMPATH/Commands/Server/rewrite.php(47): require_once('/var/www/html/aparus/public/index.php')
INFO - 2024-03-07 02:06:18 --> Session: Class initialized using 'CodeIgniter\Session\Handlers\FileHandler' driver.
CRITICAL - 2024-03-07 02:06:18 --> Cannot access offset of type string on string
in APPPATH/Views/waterusage/catatair.php on line 70.
 1 SYSTEMPATH/View/View.php(228): include()
 2 SYSTEMPATH/View/View.php(231): CodeIgniter\View\View->CodeIgniter\View\{closure}()
 3 SYSTEMPATH/Common.php(1190): CodeIgniter\View\View->render()
 4 APPPATH/Controllers/Waterusage.php(40): view()
 5 SYSTEMPATH/CodeIgniter.php(942): App\Controllers\Waterusage->catatAir()
 6 SYSTEMPATH/CodeIgniter.php(502): CodeIgniter\CodeIgniter->runController()
 7 SYSTEMPATH/CodeIgniter.php(361): CodeIgniter\CodeIgniter->handleRequest()
 8 FCPATH/index.php(79): CodeIgniter\CodeIgniter->run()
 9 SYSTEMPATH/Commands/Server/rewrite.php(47): require_once('/var/www/html/aparus/public/index.php')
INFO - 2024-03-07 02:06:19 --> Session: Class initialized using 'CodeIgniter\Session\Handlers\FileHandler' driver.
CRITICAL - 2024-03-07 02:06:19 --> Cannot access offset of type string on string
in APPPATH/Views/waterusage/catatair.php on line 70.
 1 SYSTEMPATH/View/View.php(228): include()
 2 SYSTEMPATH/View/View.php(231): CodeIgniter\View\View->CodeIgniter\View\{closure}()
 3 SYSTEMPATH/Common.php(1190): CodeIgniter\View\View->render()
 4 APPPATH/Controllers/Waterusage.php(40): view()
 5 SYSTEMPATH/CodeIgniter.php(942): App\Controllers\Waterusage->catatAir()
 6 SYSTEMPATH/CodeIgniter.php(502): CodeIgniter\CodeIgniter->runController()
 7 SYSTEMPATH/CodeIgniter.php(361): CodeIgniter\CodeIgniter->handleRequest()
 8 FCPATH/index.php(79): CodeIgniter\CodeIgniter->run()
 9 SYSTEMPATH/Commands/Server/rewrite.php(47): require_once('/var/www/html/aparus/public/index.php')
INFO - 2024-03-07 02:06:19 --> Session: Class initialized using 'CodeIgniter\Session\Handlers\FileHandler' driver.
CRITICAL - 2024-03-07 02:06:19 --> Cannot access offset of type string on string
in APPPATH/Views/waterusage/catatair.php on line 70.
 1 SYSTEMPATH/View/View.php(228): include()
 2 SYSTEMPATH/View/View.php(231): CodeIgniter\View\View->CodeIgniter\View\{closure}()
 3 SYSTEMPATH/Common.php(1190): CodeIgniter\View\View->render()
 4 APPPATH/Controllers/Waterusage.php(40): view()
 5 SYSTEMPATH/CodeIgniter.php(942): App\Controllers\Waterusage->catatAir()
 6 SYSTEMPATH/CodeIgniter.php(502): CodeIgniter\CodeIgniter->runController()
 7 SYSTEMPATH/CodeIgniter.php(361): CodeIgniter\CodeIgniter->handleRequest()
 8 FCPATH/index.php(79): CodeIgniter\CodeIgniter->run()
 9 SYSTEMPATH/Commands/Server/rewrite.php(47): require_once('/var/www/html/aparus/public/index.php')
INFO - 2024-03-07 02:08:06 --> Session: Class initialized using 'CodeIgniter\Session\Handlers\FileHandler' driver.
CRITICAL - 2024-03-07 02:08:06 --> Attempt to read property "rusun_nama" on array
in APPPATH/Views/waterusage/catatair.php on line 70.
 1 APPPATH/Views/waterusage/catatair.php(70): CodeIgniter\Debug\Exceptions->errorHandler()
 2 SYSTEMPATH/View/View.php(228): include('/var/www/html/aparus/app/Views/waterusage/catatair.php')
 3 SYSTEMPATH/View/View.php(231): CodeIgniter\View\View->CodeIgniter\View\{closure}()
 4 SYSTEMPATH/Common.php(1190): CodeIgniter\View\View->render()
 5 APPPATH/Controllers/Waterusage.php(40): view()
 6 SYSTEMPATH/CodeIgniter.php(942): App\Controllers\Waterusage->catatAir()
 7 SYSTEMPATH/CodeIgniter.php(502): CodeIgniter\CodeIgniter->runController()
 8 SYSTEMPATH/CodeIgniter.php(361): CodeIgniter\CodeIgniter->handleRequest()
 9 FCPATH/index.php(79): CodeIgniter\CodeIgniter->run()
10 SYSTEMPATH/Commands/Server/rewrite.php(47): require_once('/var/www/html/aparus/public/index.php')
INFO - 2024-03-07 02:08:25 --> Session: Class initialized using 'CodeIgniter\Session\Handlers\FileHandler' driver.
INFO - 2024-03-07 02:10:15 --> Session: Class initialized using 'CodeIgniter\Session\Handlers\FileHandler' driver.
CRITICAL - 2024-03-07 02:10:15 --> Undefined array key "rusun_nama"
in APPPATH/Views/waterusage/catatair.php on line 70.
 1 APPPATH/Views/waterusage/catatair.php(70): CodeIgniter\Debug\Exceptions->errorHandler()
 2 SYSTEMPATH/View/View.php(228): include('/var/www/html/aparus/app/Views/waterusage/catatair.php')
 3 SYSTEMPATH/View/View.php(231): CodeIgniter\View\View->CodeIgniter\View\{closure}()
 4 SYSTEMPATH/Common.php(1190): CodeIgniter\View\View->render()
 5 APPPATH/Controllers/Waterusage.php(40): view()
 6 SYSTEMPATH/CodeIgniter.php(942): App\Controllers\Waterusage->catatAir()
 7 SYSTEMPATH/CodeIgniter.php(502): CodeIgniter\CodeIgniter->runController()
 8 SYSTEMPATH/CodeIgniter.php(361): CodeIgniter\CodeIgniter->handleRequest()
 9 FCPATH/index.php(79): CodeIgniter\CodeIgniter->run()
10 SYSTEMPATH/Commands/Server/rewrite.php(47): require_once('/var/www/html/aparus/public/index.php')
INFO - 2024-03-07 02:10:30 --> Session: Class initialized using 'CodeIgniter\Session\Handlers\FileHandler' driver.
INFO - 2024-03-07 02:16:00 --> Session: Class initialized using 'CodeIgniter\Session\Handlers\FileHandler' driver.
CRITICAL - 2024-03-07 02:16:00 --> Undefined array key "rusun_id"
in APPPATH/Controllers/Waterusage.php on line 40.
 1 APPPATH/Controllers/Waterusage.php(40): CodeIgniter\Debug\Exceptions->errorHandler()
 2 SYSTEMPATH/CodeIgniter.php(942): App\Controllers\Waterusage->catatAir()
 3 SYSTEMPATH/CodeIgniter.php(502): CodeIgniter\CodeIgniter->runController()
 4 SYSTEMPATH/CodeIgniter.php(361): CodeIgniter\CodeIgniter->handleRequest()
 5 FCPATH/index.php(79): CodeIgniter\CodeIgniter->run()
 6 SYSTEMPATH/Commands/Server/rewrite.php(47): require_once('/var/www/html/aparus/public/index.php')
INFO - 2024-03-07 02:16:32 --> Session: Class initialized using 'CodeIgniter\Session\Handlers\FileHandler' driver.
CRITICAL - 2024-03-07 02:16:32 --> Array to string conversion
in APPPATH/Controllers/Waterusage.php on line 40.
 1 APPPATH/Controllers/Waterusage.php(40): CodeIgniter\Debug\Exceptions->errorHandler()
 2 SYSTEMPATH/CodeIgniter.php(942): App\Controllers\Waterusage->catatAir()
 3 SYSTEMPATH/CodeIgniter.php(502): CodeIgniter\CodeIgniter->runController()
 4 SYSTEMPATH/CodeIgniter.php(361): CodeIgniter\CodeIgniter->handleRequest()
 5 FCPATH/index.php(79): CodeIgniter\CodeIgniter->run()
 6 SYSTEMPATH/Commands/Server/rewrite.php(47): require_once('/var/www/html/aparus/public/index.php')
INFO - 2024-03-07 02:16:53 --> Session: Class initialized using 'CodeIgniter\Session\Handlers\FileHandler' driver.
ERROR - 2024-03-07 02:16:53 --> mysqli_sql_exception: Illegal parameter data types int and row for operation '=' in /var/www/html/aparus/system/Database/MySQLi/Connection.php:306
Stack trace:
#0 /var/www/html/aparus/system/Database/MySQLi/Connection.php(306): mysqli->query()
#1 /var/www/html/aparus/system/Database/BaseConnection.php(693): CodeIgniter\Database\MySQLi\Connection->execute()
#2 /var/www/html/aparus/system/Database/BaseConnection.php(607): CodeIgniter\Database\BaseConnection->simpleQuery()
#3 /var/www/html/aparus/system/Database/BaseBuilder.php(1615): CodeIgniter\Database\BaseConnection->query()
#4 /var/www/html/aparus/app/Models/Lantai_model.php(24): CodeIgniter\Database\BaseBuilder->get()
#5 /var/www/html/aparus/app/Controllers/Waterusage.php(40): App\Models\Lantai_model->getLantaiWithTotalKamar()
#6 /var/www/html/aparus/system/CodeIgniter.php(942): App\Controllers\Waterusage->catatAir()
#7 /var/www/html/aparus/system/CodeIgniter.php(502): CodeIgniter\CodeIgniter->runController()
#8 /var/www/html/aparus/system/CodeIgniter.php(361): CodeIgniter\CodeIgniter->handleRequest()
#9 /var/www/html/aparus/public/index.php(79): CodeIgniter\CodeIgniter->run()
#10 /var/www/html/aparus/system/Commands/Server/rewrite.php(47): require_once('...')
#11 {main}
CRITICAL - 2024-03-07 02:16:53 --> Illegal parameter data types int and row for operation '='
in SYSTEMPATH/Database/BaseConnection.php on line 647.
 1 SYSTEMPATH/Database/BaseBuilder.php(1615): CodeIgniter\Database\BaseConnection->query()
 2 APPPATH/Models/Lantai_model.php(24): CodeIgniter\Database\BaseBuilder->get()
 3 APPPATH/Controllers/Waterusage.php(40): App\Models\Lantai_model->getLantaiWithTotalKamar()
 4 SYSTEMPATH/CodeIgniter.php(942): App\Controllers\Waterusage->catatAir()
 5 SYSTEMPATH/CodeIgniter.php(502): CodeIgniter\CodeIgniter->runController()
 6 SYSTEMPATH/CodeIgniter.php(361): CodeIgniter\CodeIgniter->handleRequest()
 7 FCPATH/index.php(79): CodeIgniter\CodeIgniter->run()
 8 SYSTEMPATH/Commands/Server/rewrite.php(47): require_once('/var/www/html/aparus/public/index.php')
INFO - 2024-03-07 02:17:09 --> Session: Class initialized using 'CodeIgniter\Session\Handlers\FileHandler' driver.
ERROR - 2024-03-07 02:17:09 --> mysqli_sql_exception: Illegal parameter data types int and row for operation '=' in /var/www/html/aparus/system/Database/MySQLi/Connection.php:306
Stack trace:
#0 /var/www/html/aparus/system/Database/MySQLi/Connection.php(306): mysqli->query()
#1 /var/www/html/aparus/system/Database/BaseConnection.php(693): CodeIgniter\Database\MySQLi\Connection->execute()
#2 /var/www/html/aparus/system/Database/BaseConnection.php(607): CodeIgniter\Database\BaseConnection->simpleQuery()
#3 /var/www/html/aparus/system/Database/BaseBuilder.php(1615): CodeIgniter\Database\BaseConnection->query()
#4 /var/www/html/aparus/app/Models/Lantai_model.php(24): CodeIgniter\Database\BaseBuilder->get()
#5 /var/www/html/aparus/app/Controllers/Waterusage.php(40): App\Models\Lantai_model->getLantaiWithTotalKamar()
#6 /var/www/html/aparus/system/CodeIgniter.php(942): App\Controllers\Waterusage->catatAir()
#7 /var/www/html/aparus/system/CodeIgniter.php(502): CodeIgniter\CodeIgniter->runController()
#8 /var/www/html/aparus/system/CodeIgniter.php(361): CodeIgniter\CodeIgniter->handleRequest()
#9 /var/www/html/aparus/public/index.php(79): CodeIgniter\CodeIgniter->run()
#10 /var/www/html/aparus/system/Commands/Server/rewrite.php(47): require_once('...')
#11 {main}
CRITICAL - 2024-03-07 02:17:09 --> Illegal parameter data types int and row for operation '='
in SYSTEMPATH/Database/BaseConnection.php on line 647.
 1 SYSTEMPATH/Database/BaseBuilder.php(1615): CodeIgniter\Database\BaseConnection->query()
 2 APPPATH/Models/Lantai_model.php(24): CodeIgniter\Database\BaseBuilder->get()
 3 APPPATH/Controllers/Waterusage.php(40): App\Models\Lantai_model->getLantaiWithTotalKamar()
 4 SYSTEMPATH/CodeIgniter.php(942): App\Controllers\Waterusage->catatAir()
 5 SYSTEMPATH/CodeIgniter.php(502): CodeIgniter\CodeIgniter->runController()
 6 SYSTEMPATH/CodeIgniter.php(361): CodeIgniter\CodeIgniter->handleRequest()
 7 FCPATH/index.php(79): CodeIgniter\CodeIgniter->run()
 8 SYSTEMPATH/Commands/Server/rewrite.php(47): require_once('/var/www/html/aparus/public/index.php')
INFO - 2024-03-07 02:17:38 --> Session: Class initialized using 'CodeIgniter\Session\Handlers\FileHandler' driver.
ERROR - 2024-03-07 02:17:38 --> mysqli_sql_exception: Illegal parameter data types int and row for operation '=' in /var/www/html/aparus/system/Database/MySQLi/Connection.php:306
Stack trace:
#0 /var/www/html/aparus/system/Database/MySQLi/Connection.php(306): mysqli->query()
#1 /var/www/html/aparus/system/Database/BaseConnection.php(693): CodeIgniter\Database\MySQLi\Connection->execute()
#2 /var/www/html/aparus/system/Database/BaseConnection.php(607): CodeIgniter\Database\BaseConnection->simpleQuery()
#3 /var/www/html/aparus/system/Database/BaseBuilder.php(1615): CodeIgniter\Database\BaseConnection->query()
#4 /var/www/html/aparus/app/Models/Lantai_model.php(24): CodeIgniter\Database\BaseBuilder->get()
#5 /var/www/html/aparus/app/Controllers/Waterusage.php(40): App\Models\Lantai_model->getLantaiWithTotalKamar()
#6 /var/www/html/aparus/system/CodeIgniter.php(942): App\Controllers\Waterusage->catatAir()
#7 /var/www/html/aparus/system/CodeIgniter.php(502): CodeIgniter\CodeIgniter->runController()
#8 /var/www/html/aparus/system/CodeIgniter.php(361): CodeIgniter\CodeIgniter->handleRequest()
#9 /var/www/html/aparus/public/index.php(79): CodeIgniter\CodeIgniter->run()
#10 /var/www/html/aparus/system/Commands/Server/rewrite.php(47): require_once('...')
#11 {main}
CRITICAL - 2024-03-07 02:17:38 --> Illegal parameter data types int and row for operation '='
in SYSTEMPATH/Database/BaseConnection.php on line 647.
 1 SYSTEMPATH/Database/BaseBuilder.php(1615): CodeIgniter\Database\BaseConnection->query()
 2 APPPATH/Models/Lantai_model.php(24): CodeIgniter\Database\BaseBuilder->get()
 3 APPPATH/Controllers/Waterusage.php(40): App\Models\Lantai_model->getLantaiWithTotalKamar()
 4 SYSTEMPATH/CodeIgniter.php(942): App\Controllers\Waterusage->catatAir()
 5 SYSTEMPATH/CodeIgniter.php(502): CodeIgniter\CodeIgniter->runController()
 6 SYSTEMPATH/CodeIgniter.php(361): CodeIgniter\CodeIgniter->handleRequest()
 7 FCPATH/index.php(79): CodeIgniter\CodeIgniter->run()
 8 SYSTEMPATH/Commands/Server/rewrite.php(47): require_once('/var/www/html/aparus/public/index.php')
INFO - 2024-03-07 02:17:50 --> Session: Class initialized using 'CodeIgniter\Session\Handlers\FileHandler' driver.
INFO - 2024-03-07 02:18:10 --> Session: Class initialized using 'CodeIgniter\Session\Handlers\FileHandler' driver.
INFO - 2024-03-07 02:18:56 --> Session: Class initialized using 'CodeIgniter\Session\Handlers\FileHandler' driver.
INFO - 2024-03-07 02:19:25 --> Session: Class initialized using 'CodeIgniter\Session\Handlers\FileHandler' driver.
CRITICAL - 2024-03-07 02:19:25 --> Undefined array key "lantai_nama"
in APPPATH/Views/waterusage/catatair.php on line 84.
 1 APPPATH/Views/waterusage/catatair.php(84): CodeIgniter\Debug\Exceptions->errorHandler()
 2 SYSTEMPATH/View/View.php(228): include('/var/www/html/aparus/app/Views/waterusage/catatair.php')
 3 SYSTEMPATH/View/View.php(231): CodeIgniter\View\View->CodeIgniter\View\{closure}()
 4 SYSTEMPATH/Common.php(1190): CodeIgniter\View\View->render()
 5 APPPATH/Controllers/Waterusage.php(44): view()
 6 SYSTEMPATH/CodeIgniter.php(942): App\Controllers\Waterusage->catatAir()
 7 SYSTEMPATH/CodeIgniter.php(502): CodeIgniter\CodeIgniter->runController()
 8 SYSTEMPATH/CodeIgniter.php(361): CodeIgniter\CodeIgniter->handleRequest()
 9 FCPATH/index.php(79): CodeIgniter\CodeIgniter->run()
10 SYSTEMPATH/Commands/Server/rewrite.php(47): require_once('/var/www/html/aparus/public/index.php')
INFO - 2024-03-07 02:20:20 --> Session: Class initialized using 'CodeIgniter\Session\Handlers\FileHandler' driver.
INFO - 2024-03-07 02:20:57 --> Session: Class initialized using 'CodeIgniter\Session\Handlers\FileHandler' driver.
CRITICAL - 2024-03-07 02:20:57 --> Undefined array key "rusun_id"
in APPPATH/Views/waterusage/catatair.php on line 93.
 1 APPPATH/Views/waterusage/catatair.php(93): CodeIgniter\Debug\Exceptions->errorHandler()
 2 SYSTEMPATH/View/View.php(228): include('/var/www/html/aparus/app/Views/waterusage/catatair.php')
 3 SYSTEMPATH/View/View.php(231): CodeIgniter\View\View->CodeIgniter\View\{closure}()
 4 SYSTEMPATH/Common.php(1190): CodeIgniter\View\View->render()
 5 APPPATH/Controllers/Waterusage.php(44): view()
 6 SYSTEMPATH/CodeIgniter.php(942): App\Controllers\Waterusage->catatAir()
 7 SYSTEMPATH/CodeIgniter.php(502): CodeIgniter\CodeIgniter->runController()
 8 SYSTEMPATH/CodeIgniter.php(361): CodeIgniter\CodeIgniter->handleRequest()
 9 FCPATH/index.php(79): CodeIgniter\CodeIgniter->run()
10 SYSTEMPATH/Commands/Server/rewrite.php(47): require_once('/var/www/html/aparus/public/index.php')
INFO - 2024-03-07 02:21:38 --> Session: Class initialized using 'CodeIgniter\Session\Handlers\FileHandler' driver.
CRITICAL - 2024-03-07 02:21:38 --> Undefined array key "lantai_nama"
in APPPATH/Views/waterusage/catatair.php on line 84.
 1 APPPATH/Views/waterusage/catatair.php(84): CodeIgniter\Debug\Exceptions->errorHandler()
 2 SYSTEMPATH/View/View.php(228): include('/var/www/html/aparus/app/Views/waterusage/catatair.php')
 3 SYSTEMPATH/View/View.php(231): CodeIgniter\View\View->CodeIgniter\View\{closure}()
 4 SYSTEMPATH/Common.php(1190): CodeIgniter\View\View->render()
 5 APPPATH/Controllers/Waterusage.php(44): view()
 6 SYSTEMPATH/CodeIgniter.php(942): App\Controllers\Waterusage->catatAir()
 7 SYSTEMPATH/CodeIgniter.php(502): CodeIgniter\CodeIgniter->runController()
 8 SYSTEMPATH/CodeIgniter.php(361): CodeIgniter\CodeIgniter->handleRequest()
 9 FCPATH/index.php(79): CodeIgniter\CodeIgniter->run()
10 SYSTEMPATH/Commands/Server/rewrite.php(47): require_once('/var/www/html/aparus/public/index.php')
INFO - 2024-03-07 02:22:27 --> Session: Class initialized using 'CodeIgniter\Session\Handlers\FileHandler' driver.
CRITICAL - 2024-03-07 02:22:27 --> Undefined array key "rusun_id"
in APPPATH/Views/waterusage/catatair.php on line 93.
 1 APPPATH/Views/waterusage/catatair.php(93): CodeIgniter\Debug\Exceptions->errorHandler()
 2 SYSTEMPATH/View/View.php(228): include('/var/www/html/aparus/app/Views/waterusage/catatair.php')
 3 SYSTEMPATH/View/View.php(231): CodeIgniter\View\View->CodeIgniter\View\{closure}()
 4 SYSTEMPATH/Common.php(1190): CodeIgniter\View\View->render()
 5 APPPATH/Controllers/Waterusage.php(44): view()
 6 SYSTEMPATH/CodeIgniter.php(942): App\Controllers\Waterusage->catatAir()
 7 SYSTEMPATH/CodeIgniter.php(502): CodeIgniter\CodeIgniter->runController()
 8 SYSTEMPATH/CodeIgniter.php(361): CodeIgniter\CodeIgniter->handleRequest()
 9 FCPATH/index.php(79): CodeIgniter\CodeIgniter->run()
10 SYSTEMPATH/Commands/Server/rewrite.php(47): require_once('/var/www/html/aparus/public/index.php')
INFO - 2024-03-07 02:22:30 --> Session: Class initialized using 'CodeIgniter\Session\Handlers\FileHandler' driver.
CRITICAL - 2024-03-07 02:22:30 --> Undefined array key "rusun_id"
in APPPATH/Views/waterusage/catatair.php on line 93.
 1 APPPATH/Views/waterusage/catatair.php(93): CodeIgniter\Debug\Exceptions->errorHandler()
 2 SYSTEMPATH/View/View.php(228): include('/var/www/html/aparus/app/Views/waterusage/catatair.php')
 3 SYSTEMPATH/View/View.php(231): CodeIgniter\View\View->CodeIgniter\View\{closure}()
 4 SYSTEMPATH/Common.php(1190): CodeIgniter\View\View->render()
 5 APPPATH/Controllers/Waterusage.php(44): view()
 6 SYSTEMPATH/CodeIgniter.php(942): App\Controllers\Waterusage->catatAir()
 7 SYSTEMPATH/CodeIgniter.php(502): CodeIgniter\CodeIgniter->runController()
 8 SYSTEMPATH/CodeIgniter.php(361): CodeIgniter\CodeIgniter->handleRequest()
 9 FCPATH/index.php(79): CodeIgniter\CodeIgniter->run()
10 SYSTEMPATH/Commands/Server/rewrite.php(47): require_once('/var/www/html/aparus/public/index.php')
INFO - 2024-03-07 02:22:50 --> Session: Class initialized using 'CodeIgniter\Session\Handlers\FileHandler' driver.
CRITICAL - 2024-03-07 02:22:50 --> Undefined array key "$r[rusun_id]"
in APPPATH/Views/waterusage/catatair.php on line 78.
 1 APPPATH/Views/waterusage/catatair.php(78): CodeIgniter\Debug\Exceptions->errorHandler()
 2 SYSTEMPATH/View/View.php(228): include('/var/www/html/aparus/app/Views/waterusage/catatair.php')
 3 SYSTEMPATH/View/View.php(231): CodeIgniter\View\View->CodeIgniter\View\{closure}()
 4 SYSTEMPATH/Common.php(1190): CodeIgniter\View\View->render()
 5 APPPATH/Controllers/Waterusage.php(44): view()
 6 SYSTEMPATH/CodeIgniter.php(942): App\Controllers\Waterusage->catatAir()
 7 SYSTEMPATH/CodeIgniter.php(502): CodeIgniter\CodeIgniter->runController()
 8 SYSTEMPATH/CodeIgniter.php(361): CodeIgniter\CodeIgniter->handleRequest()
 9 FCPATH/index.php(79): CodeIgniter\CodeIgniter->run()
10 SYSTEMPATH/Commands/Server/rewrite.php(47): require_once('/var/www/html/aparus/public/index.php')
INFO - 2024-03-07 02:23:24 --> Session: Class initialized using 'CodeIgniter\Session\Handlers\FileHandler' driver.
CRITICAL - 2024-03-07 02:23:24 --> Undefined array key "rusun_id"
in APPPATH/Views/waterusage/catatair.php on line 93.
 1 APPPATH/Views/waterusage/catatair.php(93): CodeIgniter\Debug\Exceptions->errorHandler()
 2 SYSTEMPATH/View/View.php(228): include('/var/www/html/aparus/app/Views/waterusage/catatair.php')
 3 SYSTEMPATH/View/View.php(231): CodeIgniter\View\View->CodeIgniter\View\{closure}()
 4 SYSTEMPATH/Common.php(1190): CodeIgniter\View\View->render()
 5 APPPATH/Controllers/Waterusage.php(44): view()
 6 SYSTEMPATH/CodeIgniter.php(942): App\Controllers\Waterusage->catatAir()
 7 SYSTEMPATH/CodeIgniter.php(502): CodeIgniter\CodeIgniter->runController()
 8 SYSTEMPATH/CodeIgniter.php(361): CodeIgniter\CodeIgniter->handleRequest()
 9 FCPATH/index.php(79): CodeIgniter\CodeIgniter->run()
10 SYSTEMPATH/Commands/Server/rewrite.php(47): require_once('/var/www/html/aparus/public/index.php')
INFO - 2024-03-07 02:24:08 --> Session: Class initialized using 'CodeIgniter\Session\Handlers\FileHandler' driver.
CRITICAL - 2024-03-07 02:24:08 --> Undefined array key 3
in APPPATH/Views/waterusage/catatair.php on line 78.
 1 APPPATH/Views/waterusage/catatair.php(78): CodeIgniter\Debug\Exceptions->errorHandler()
 2 SYSTEMPATH/View/View.php(228): include('/var/www/html/aparus/app/Views/waterusage/catatair.php')
 3 SYSTEMPATH/View/View.php(231): CodeIgniter\View\View->CodeIgniter\View\{closure}()
 4 SYSTEMPATH/Common.php(1190): CodeIgniter\View\View->render()
 5 APPPATH/Controllers/Waterusage.php(44): view()
 6 SYSTEMPATH/CodeIgniter.php(942): App\Controllers\Waterusage->catatAir()
 7 SYSTEMPATH/CodeIgniter.php(502): CodeIgniter\CodeIgniter->runController()
 8 SYSTEMPATH/CodeIgniter.php(361): CodeIgniter\CodeIgniter->handleRequest()
 9 FCPATH/index.php(79): CodeIgniter\CodeIgniter->run()
10 SYSTEMPATH/Commands/Server/rewrite.php(47): require_once('/var/www/html/aparus/public/index.php')
INFO - 2024-03-07 02:24:42 --> Session: Class initialized using 'CodeIgniter\Session\Handlers\FileHandler' driver.
CRITICAL - 2024-03-07 02:24:42 --> Undefined array key 3
in APPPATH/Views/waterusage/catatair.php on line 78.
 1 APPPATH/Views/waterusage/catatair.php(78): CodeIgniter\Debug\Exceptions->errorHandler()
 2 SYSTEMPATH/View/View.php(228): include('/var/www/html/aparus/app/Views/waterusage/catatair.php')
 3 SYSTEMPATH/View/View.php(231): CodeIgniter\View\View->CodeIgniter\View\{closure}()
 4 SYSTEMPATH/Common.php(1190): CodeIgniter\View\View->render()
 5 APPPATH/Controllers/Waterusage.php(44): view()
 6 SYSTEMPATH/CodeIgniter.php(942): App\Controllers\Waterusage->catatAir()
 7 SYSTEMPATH/CodeIgniter.php(502): CodeIgniter\CodeIgniter->runController()
 8 SYSTEMPATH/CodeIgniter.php(361): CodeIgniter\CodeIgniter->handleRequest()
 9 FCPATH/index.php(79): CodeIgniter\CodeIgniter->run()
10 SYSTEMPATH/Commands/Server/rewrite.php(47): require_once('/var/www/html/aparus/public/index.php')
INFO - 2024-03-07 02:24:43 --> Session: Class initialized using 'CodeIgniter\Session\Handlers\FileHandler' driver.
CRITICAL - 2024-03-07 02:24:43 --> Undefined array key 3
in APPPATH/Views/waterusage/catatair.php on line 78.
 1 APPPATH/Views/waterusage/catatair.php(78): CodeIgniter\Debug\Exceptions->errorHandler()
 2 SYSTEMPATH/View/View.php(228): include('/var/www/html/aparus/app/Views/waterusage/catatair.php')
 3 SYSTEMPATH/View/View.php(231): CodeIgniter\View\View->CodeIgniter\View\{closure}()
 4 SYSTEMPATH/Common.php(1190): CodeIgniter\View\View->render()
 5 APPPATH/Controllers/Waterusage.php(44): view()
 6 SYSTEMPATH/CodeIgniter.php(942): App\Controllers\Waterusage->catatAir()
 7 SYSTEMPATH/CodeIgniter.php(502): CodeIgniter\CodeIgniter->runController()
 8 SYSTEMPATH/CodeIgniter.php(361): CodeIgniter\CodeIgniter->handleRequest()
 9 FCPATH/index.php(79): CodeIgniter\CodeIgniter->run()
10 SYSTEMPATH/Commands/Server/rewrite.php(47): require_once('/var/www/html/aparus/public/index.php')
INFO - 2024-03-07 02:24:44 --> Session: Class initialized using 'CodeIgniter\Session\Handlers\FileHandler' driver.
INFO - 2024-03-07 02:24:45 --> Session: Class initialized using 'CodeIgniter\Session\Handlers\FileHandler' driver.
INFO - 2024-03-07 02:24:45 --> Session: Class initialized using 'CodeIgniter\Session\Handlers\FileHandler' driver.
INFO - 2024-03-07 02:24:59 --> Session: Class initialized using 'CodeIgniter\Session\Handlers\FileHandler' driver.
CRITICAL - 2024-03-07 02:24:59 --> Undefined array key 3
in APPPATH/Views/waterusage/catatair.php on line 78.
 1 APPPATH/Views/waterusage/catatair.php(78): CodeIgniter\Debug\Exceptions->errorHandler()
 2 SYSTEMPATH/View/View.php(228): include('/var/www/html/aparus/app/Views/waterusage/catatair.php')
 3 SYSTEMPATH/View/View.php(231): CodeIgniter\View\View->CodeIgniter\View\{closure}()
 4 SYSTEMPATH/Common.php(1190): CodeIgniter\View\View->render()
 5 APPPATH/Controllers/Waterusage.php(44): view()
 6 SYSTEMPATH/CodeIgniter.php(942): App\Controllers\Waterusage->catatAir()
 7 SYSTEMPATH/CodeIgniter.php(502): CodeIgniter\CodeIgniter->runController()
 8 SYSTEMPATH/CodeIgniter.php(361): CodeIgniter\CodeIgniter->handleRequest()
 9 FCPATH/index.php(79): CodeIgniter\CodeIgniter->run()
10 SYSTEMPATH/Commands/Server/rewrite.php(47): require_once('/var/www/html/aparus/public/index.php')
INFO - 2024-03-07 02:27:14 --> Session: Class initialized using 'CodeIgniter\Session\Handlers\FileHandler' driver.
CRITICAL - 2024-03-07 02:27:14 --> Undefined variable $i
in APPPATH/Controllers/Waterusage.php on line 40.
 1 APPPATH/Controllers/Waterusage.php(40): CodeIgniter\Debug\Exceptions->errorHandler()
 2 SYSTEMPATH/CodeIgniter.php(942): App\Controllers\Waterusage->catatAir()
 3 SYSTEMPATH/CodeIgniter.php(502): CodeIgniter\CodeIgniter->runController()
 4 SYSTEMPATH/CodeIgniter.php(361): CodeIgniter\CodeIgniter->handleRequest()
 5 FCPATH/index.php(79): CodeIgniter\CodeIgniter->run()
 6 SYSTEMPATH/Commands/Server/rewrite.php(47): require_once('/var/www/html/aparus/public/index.php')
INFO - 2024-03-07 02:27:16 --> Session: Class initialized using 'CodeIgniter\Session\Handlers\FileHandler' driver.
CRITICAL - 2024-03-07 02:27:16 --> Undefined variable $i
in APPPATH/Controllers/Waterusage.php on line 40.
 1 APPPATH/Controllers/Waterusage.php(40): CodeIgniter\Debug\Exceptions->errorHandler()
 2 SYSTEMPATH/CodeIgniter.php(942): App\Controllers\Waterusage->catatAir()
 3 SYSTEMPATH/CodeIgniter.php(502): CodeIgniter\CodeIgniter->runController()
 4 SYSTEMPATH/CodeIgniter.php(361): CodeIgniter\CodeIgniter->handleRequest()
 5 FCPATH/index.php(79): CodeIgniter\CodeIgniter->run()
 6 SYSTEMPATH/Commands/Server/rewrite.php(47): require_once('/var/www/html/aparus/public/index.php')
INFO - 2024-03-07 02:35:15 --> Session: Class initialized using 'CodeIgniter\Session\Handlers\FileHandler' driver.
INFO - 2024-03-07 02:35:27 --> Session: Class initialized using 'CodeIgniter\Session\Handlers\FileHandler' driver.
CRITICAL - 2024-03-07 02:35:27 --> Undefined variable $lantai
in APPPATH/Controllers/Waterusage.php on line 43.
 1 APPPATH/Controllers/Waterusage.php(43): CodeIgniter\Debug\Exceptions->errorHandler()
 2 SYSTEMPATH/CodeIgniter.php(942): App\Controllers\Waterusage->catatAir()
 3 SYSTEMPATH/CodeIgniter.php(502): CodeIgniter\CodeIgniter->runController()
 4 SYSTEMPATH/CodeIgniter.php(361): CodeIgniter\CodeIgniter->handleRequest()
 5 FCPATH/index.php(79): CodeIgniter\CodeIgniter->run()
 6 SYSTEMPATH/Commands/Server/rewrite.php(47): require_once('/var/www/html/aparus/public/index.php')
INFO - 2024-03-07 02:35:45 --> Session: Class initialized using 'CodeIgniter\Session\Handlers\FileHandler' driver.
INFO - 2024-03-07 02:36:11 --> Session: Class initialized using 'CodeIgniter\Session\Handlers\FileHandler' driver.
INFO - 2024-03-07 02:37:56 --> Session: Class initialized using 'CodeIgniter\Session\Handlers\FileHandler' driver.
INFO - 2024-03-07 02:45:45 --> Session: Class initialized using 'CodeIgniter\Session\Handlers\FileHandler' driver.
CRITICAL - 2024-03-07 02:45:45 --> Too few arguments to function App\Controllers\Waterusage::catatAir(), 0 passed in /var/www/html/aparus/system/CodeIgniter.php on line 942 and exactly 1 expected
in APPPATH/Controllers/Waterusage.php on line 35.
 1 SYSTEMPATH/CodeIgniter.php(942): App\Controllers\Waterusage->catatAir()
 2 SYSTEMPATH/CodeIgniter.php(502): CodeIgniter\CodeIgniter->runController()
 3 SYSTEMPATH/CodeIgniter.php(361): CodeIgniter\CodeIgniter->handleRequest()
 4 FCPATH/index.php(79): CodeIgniter\CodeIgniter->run()
 5 SYSTEMPATH/Commands/Server/rewrite.php(47): require_once('/var/www/html/aparus/public/index.php')
INFO - 2024-03-07 02:46:02 --> Session: Class initialized using 'CodeIgniter\Session\Handlers\FileHandler' driver.
CRITICAL - 2024-03-07 02:46:02 --> array_filter(): Argument #2 ($callback) must be a valid callback or null, function "1" not found or invalid function name
in APPPATH/Controllers/Waterusage.php on line 40.
 1 APPPATH/Controllers/Waterusage.php(40): array_filter()
 2 SYSTEMPATH/CodeIgniter.php(942): App\Controllers\Waterusage->catatAir()
 3 SYSTEMPATH/CodeIgniter.php(502): CodeIgniter\CodeIgniter->runController()
 4 SYSTEMPATH/CodeIgniter.php(361): CodeIgniter\CodeIgniter->handleRequest()
 5 FCPATH/index.php(79): CodeIgniter\CodeIgniter->run()
 6 SYSTEMPATH/Commands/Server/rewrite.php(47): require_once('/var/www/html/aparus/public/index.php')
INFO - 2024-03-07 03:03:40 --> Session: Class initialized using 'CodeIgniter\Session\Handlers\FileHandler' driver.
CRITICAL - 2024-03-07 03:03:40 --> Undefined array key "rusun_id"
in APPPATH/Controllers/Waterusage.php on line 42.
 1 APPPATH/Controllers/Waterusage.php(42): CodeIgniter\Debug\Exceptions->errorHandler()
 2 [internal function]: App\Controllers\Waterusage->App\Controllers\{closure}()
 3 APPPATH/Controllers/Waterusage.php(43): array_filter()
 4 SYSTEMPATH/CodeIgniter.php(942): App\Controllers\Waterusage->catatAir()
 5 SYSTEMPATH/CodeIgniter.php(502): CodeIgniter\CodeIgniter->runController()
 6 SYSTEMPATH/CodeIgniter.php(361): CodeIgniter\CodeIgniter->handleRequest()
 7 FCPATH/index.php(79): CodeIgniter\CodeIgniter->run()
 8 SYSTEMPATH/Commands/Server/rewrite.php(47): require_once('/var/www/html/aparus/public/index.php')
INFO - 2024-03-07 03:05:41 --> Session: Class initialized using 'CodeIgniter\Session\Handlers\FileHandler' driver.
CRITICAL - 2024-03-07 03:05:41 --> Undefined array key "id_rusun"
in APPPATH/Controllers/Waterusage.php on line 42.
 1 APPPATH/Controllers/Waterusage.php(42): CodeIgniter\Debug\Exceptions->errorHandler()
 2 [internal function]: App\Controllers\Waterusage->App\Controllers\{closure}()
 3 APPPATH/Controllers/Waterusage.php(43): array_filter()
 4 SYSTEMPATH/CodeIgniter.php(942): App\Controllers\Waterusage->catatAir()
 5 SYSTEMPATH/CodeIgniter.php(502): CodeIgniter\CodeIgniter->runController()
 6 SYSTEMPATH/CodeIgniter.php(361): CodeIgniter\CodeIgniter->handleRequest()
 7 FCPATH/index.php(79): CodeIgniter\CodeIgniter->run()
 8 SYSTEMPATH/Commands/Server/rewrite.php(47): require_once('/var/www/html/aparus/public/index.php')
INFO - 2024-03-07 03:05:42 --> Session: Class initialized using 'CodeIgniter\Session\Handlers\FileHandler' driver.
CRITICAL - 2024-03-07 03:05:42 --> Undefined array key "id_rusun"
in APPPATH/Controllers/Waterusage.php on line 42.
 1 APPPATH/Controllers/Waterusage.php(42): CodeIgniter\Debug\Exceptions->errorHandler()
 2 [internal function]: App\Controllers\Waterusage->App\Controllers\{closure}()
 3 APPPATH/Controllers/Waterusage.php(43): array_filter()
 4 SYSTEMPATH/CodeIgniter.php(942): App\Controllers\Waterusage->catatAir()
 5 SYSTEMPATH/CodeIgniter.php(502): CodeIgniter\CodeIgniter->runController()
 6 SYSTEMPATH/CodeIgniter.php(361): CodeIgniter\CodeIgniter->handleRequest()
 7 FCPATH/index.php(79): CodeIgniter\CodeIgniter->run()
 8 SYSTEMPATH/Commands/Server/rewrite.php(47): require_once('/var/www/html/aparus/public/index.php')
INFO - 2024-03-07 03:07:06 --> Session: Class initialized using 'CodeIgniter\Session\Handlers\FileHandler' driver.
CRITICAL - 2024-03-07 03:07:06 --> Undefined array key "id_rusun"
in APPPATH/Controllers/Waterusage.php on line 42.
 1 APPPATH/Controllers/Waterusage.php(42): CodeIgniter\Debug\Exceptions->errorHandler()
 2 [internal function]: App\Controllers\Waterusage->App\Controllers\{closure}()
 3 APPPATH/Controllers/Waterusage.php(43): array_filter()
 4 SYSTEMPATH/CodeIgniter.php(942): App\Controllers\Waterusage->catatAir()
 5 SYSTEMPATH/CodeIgniter.php(502): CodeIgniter\CodeIgniter->runController()
 6 SYSTEMPATH/CodeIgniter.php(361): CodeIgniter\CodeIgniter->handleRequest()
 7 FCPATH/index.php(79): CodeIgniter\CodeIgniter->run()
 8 SYSTEMPATH/Commands/Server/rewrite.php(47): require_once('/var/www/html/aparus/public/index.php')
INFO - 2024-03-07 03:14:57 --> Session: Class initialized using 'CodeIgniter\Session\Handlers\FileHandler' driver.
CRITICAL - 2024-03-07 03:14:57 --> Undefined variable $data
in APPPATH/Controllers/Waterusage.php on line 37.
 1 APPPATH/Controllers/Waterusage.php(37): CodeIgniter\Debug\Exceptions->errorHandler()
 2 SYSTEMPATH/CodeIgniter.php(942): App\Controllers\Waterusage->catatAir()
 3 SYSTEMPATH/CodeIgniter.php(502): CodeIgniter\CodeIgniter->runController()
 4 SYSTEMPATH/CodeIgniter.php(361): CodeIgniter\CodeIgniter->handleRequest()
 5 FCPATH/index.php(79): CodeIgniter\CodeIgniter->run()
 6 SYSTEMPATH/Commands/Server/rewrite.php(47): require_once('/var/www/html/aparus/public/index.php')
INFO - 2024-03-07 03:15:29 --> Session: Class initialized using 'CodeIgniter\Session\Handlers\FileHandler' driver.
CRITICAL - 2024-03-07 03:15:29 --> Undefined array key "id_rusun"
in APPPATH/Controllers/Waterusage.php on line 42.
 1 APPPATH/Controllers/Waterusage.php(42): CodeIgniter\Debug\Exceptions->errorHandler()
 2 [internal function]: App\Controllers\Waterusage->App\Controllers\{closure}()
 3 APPPATH/Controllers/Waterusage.php(43): array_filter()
 4 SYSTEMPATH/CodeIgniter.php(942): App\Controllers\Waterusage->catatAir()
 5 SYSTEMPATH/CodeIgniter.php(502): CodeIgniter\CodeIgniter->runController()
 6 SYSTEMPATH/CodeIgniter.php(361): CodeIgniter\CodeIgniter->handleRequest()
 7 FCPATH/index.php(79): CodeIgniter\CodeIgniter->run()
 8 SYSTEMPATH/Commands/Server/rewrite.php(47): require_once('/var/www/html/aparus/public/index.php')
INFO - 2024-03-07 03:15:50 --> Session: Class initialized using 'CodeIgniter\Session\Handlers\FileHandler' driver.
CRITICAL - 2024-03-07 03:15:50 --> Undefined array key "rusun_id"
in APPPATH/Controllers/Waterusage.php on line 42.
 1 APPPATH/Controllers/Waterusage.php(42): CodeIgniter\Debug\Exceptions->errorHandler()
 2 [internal function]: App\Controllers\Waterusage->App\Controllers\{closure}()
 3 APPPATH/Controllers/Waterusage.php(43): array_filter()
 4 SYSTEMPATH/CodeIgniter.php(942): App\Controllers\Waterusage->catatAir()
 5 SYSTEMPATH/CodeIgniter.php(502): CodeIgniter\CodeIgniter->runController()
 6 SYSTEMPATH/CodeIgniter.php(361): CodeIgniter\CodeIgniter->handleRequest()
 7 FCPATH/index.php(79): CodeIgniter\CodeIgniter->run()
 8 SYSTEMPATH/Commands/Server/rewrite.php(47): require_once('/var/www/html/aparus/public/index.php')
INFO - 2024-03-07 03:18:25 --> Session: Class initialized using 'CodeIgniter\Session\Handlers\FileHandler' driver.
CRITICAL - 2024-03-07 03:18:25 --> Undefined array key "id_rusun"
in APPPATH/Controllers/Waterusage.php on line 40.
 1 APPPATH/Controllers/Waterusage.php(40): CodeIgniter\Debug\Exceptions->errorHandler()
 2 SYSTEMPATH/CodeIgniter.php(942): App\Controllers\Waterusage->catatAir()
 3 SYSTEMPATH/CodeIgniter.php(502): CodeIgniter\CodeIgniter->runController()
 4 SYSTEMPATH/CodeIgniter.php(361): CodeIgniter\CodeIgniter->handleRequest()
 5 FCPATH/index.php(79): CodeIgniter\CodeIgniter->run()
 6 SYSTEMPATH/Commands/Server/rewrite.php(47): require_once('/var/www/html/aparus/public/index.php')
INFO - 2024-03-07 03:21:48 --> Session: Class initialized using 'CodeIgniter\Session\Handlers\FileHandler' driver.
CRITICAL - 2024-03-07 03:21:48 --> Undefined array key "id_rusun"
in APPPATH/Controllers/Waterusage.php on line 42.
 1 APPPATH/Controllers/Waterusage.php(42): CodeIgniter\Debug\Exceptions->errorHandler()
 2 [internal function]: App\Controllers\Waterusage->App\Controllers\{closure}()
 3 APPPATH/Controllers/Waterusage.php(43): array_filter()
 4 SYSTEMPATH/CodeIgniter.php(942): App\Controllers\Waterusage->catatAir()
 5 SYSTEMPATH/CodeIgniter.php(502): CodeIgniter\CodeIgniter->runController()
 6 SYSTEMPATH/CodeIgniter.php(361): CodeIgniter\CodeIgniter->handleRequest()
 7 FCPATH/index.php(79): CodeIgniter\CodeIgniter->run()
 8 SYSTEMPATH/Commands/Server/rewrite.php(47): require_once('/var/www/html/aparus/public/index.php')
INFO - 2024-03-07 03:21:50 --> Session: Class initialized using 'CodeIgniter\Session\Handlers\FileHandler' driver.
CRITICAL - 2024-03-07 03:21:50 --> Undefined array key "id_rusun"
in APPPATH/Controllers/Waterusage.php on line 42.
 1 APPPATH/Controllers/Waterusage.php(42): CodeIgniter\Debug\Exceptions->errorHandler()
 2 [internal function]: App\Controllers\Waterusage->App\Controllers\{closure}()
 3 APPPATH/Controllers/Waterusage.php(43): array_filter()
 4 SYSTEMPATH/CodeIgniter.php(942): App\Controllers\Waterusage->catatAir()
 5 SYSTEMPATH/CodeIgniter.php(502): CodeIgniter\CodeIgniter->runController()
 6 SYSTEMPATH/CodeIgniter.php(361): CodeIgniter\CodeIgniter->handleRequest()
 7 FCPATH/index.php(79): CodeIgniter\CodeIgniter->run()
 8 SYSTEMPATH/Commands/Server/rewrite.php(47): require_once('/var/www/html/aparus/public/index.php')
INFO - 2024-03-07 03:30:08 --> Session: Class initialized using 'CodeIgniter\Session\Handlers\FileHandler' driver.
CRITICAL - 2024-03-07 03:30:08 --> Undefined array key "id_rusun"
in APPPATH/Controllers/Waterusage.php on line 42.
 1 APPPATH/Controllers/Waterusage.php(42): CodeIgniter\Debug\Exceptions->errorHandler()
 2 [internal function]: App\Controllers\Waterusage->App\Controllers\{closure}()
 3 APPPATH/Controllers/Waterusage.php(43): array_filter()
 4 SYSTEMPATH/CodeIgniter.php(942): App\Controllers\Waterusage->catatAir()
 5 SYSTEMPATH/CodeIgniter.php(502): CodeIgniter\CodeIgniter->runController()
 6 SYSTEMPATH/CodeIgniter.php(361): CodeIgniter\CodeIgniter->handleRequest()
 7 FCPATH/index.php(79): CodeIgniter\CodeIgniter->run()
 8 SYSTEMPATH/Commands/Server/rewrite.php(47): require_once('/var/www/html/aparus/public/index.php')
INFO - 2024-03-07 03:31:17 --> Session: Class initialized using 'CodeIgniter\Session\Handlers\FileHandler' driver.
CRITICAL - 2024-03-07 03:31:17 --> Cannot access offset of type string on string
in APPPATH/Views/waterusage/catatair.php on line 84.
 1 SYSTEMPATH/View/View.php(228): include()
 2 SYSTEMPATH/View/View.php(231): CodeIgniter\View\View->CodeIgniter\View\{closure}()
 3 SYSTEMPATH/Common.php(1190): CodeIgniter\View\View->render()
 4 APPPATH/Controllers/Waterusage.php(47): view()
 5 SYSTEMPATH/CodeIgniter.php(942): App\Controllers\Waterusage->catatAir()
 6 SYSTEMPATH/CodeIgniter.php(502): CodeIgniter\CodeIgniter->runController()
 7 SYSTEMPATH/CodeIgniter.php(361): CodeIgniter\CodeIgniter->handleRequest()
 8 FCPATH/index.php(79): CodeIgniter\CodeIgniter->run()
 9 SYSTEMPATH/Commands/Server/rewrite.php(47): require_once('/var/www/html/aparus/public/index.php')
INFO - 2024-03-07 03:31:50 --> Session: Class initialized using 'CodeIgniter\Session\Handlers\FileHandler' driver.
INFO - 2024-03-07 03:33:22 --> Session: Class initialized using 'CodeIgniter\Session\Handlers\FileHandler' driver.
CRITICAL - 2024-03-07 03:33:22 --> Undefined array key "jumlahKamar"
in APPPATH/Views/waterusage/catatair.php on line 90.
 1 APPPATH/Views/waterusage/catatair.php(90): CodeIgniter\Debug\Exceptions->errorHandler()
 2 SYSTEMPATH/View/View.php(228): include('/var/www/html/aparus/app/Views/waterusage/catatair.php')
 3 SYSTEMPATH/View/View.php(231): CodeIgniter\View\View->CodeIgniter\View\{closure}()
 4 SYSTEMPATH/Common.php(1190): CodeIgniter\View\View->render()
 5 APPPATH/Controllers/Waterusage.php(47): view()
 6 SYSTEMPATH/CodeIgniter.php(942): App\Controllers\Waterusage->catatAir()
 7 SYSTEMPATH/CodeIgniter.php(502): CodeIgniter\CodeIgniter->runController()
 8 SYSTEMPATH/CodeIgniter.php(361): CodeIgniter\CodeIgniter->handleRequest()
 9 FCPATH/index.php(79): CodeIgniter\CodeIgniter->run()
10 SYSTEMPATH/Commands/Server/rewrite.php(47): require_once('/var/www/html/aparus/public/index.php')
INFO - 2024-03-07 03:34:12 --> Session: Class initialized using 'CodeIgniter\Session\Handlers\FileHandler' driver.
CRITICAL - 2024-03-07 03:34:12 --> syntax error, unexpected token ";"
in APPPATH/Views/waterusage/catatair.php on line 90.
 1 SYSTEMPATH/View/View.php(231): CodeIgniter\View\View->CodeIgniter\View\{closure}()
 2 SYSTEMPATH/Common.php(1190): CodeIgniter\View\View->render()
 3 APPPATH/Controllers/Waterusage.php(47): view()
 4 SYSTEMPATH/CodeIgniter.php(942): App\Controllers\Waterusage->catatAir()
 5 SYSTEMPATH/CodeIgniter.php(502): CodeIgniter\CodeIgniter->runController()
 6 SYSTEMPATH/CodeIgniter.php(361): CodeIgniter\CodeIgniter->handleRequest()
 7 FCPATH/index.php(79): CodeIgniter\CodeIgniter->run()
 8 SYSTEMPATH/Commands/Server/rewrite.php(47): require_once('/var/www/html/aparus/public/index.php')
INFO - 2024-03-07 03:34:25 --> Session: Class initialized using 'CodeIgniter\Session\Handlers\FileHandler' driver.
INFO - 2024-03-07 03:36:19 --> Session: Class initialized using 'CodeIgniter\Session\Handlers\FileHandler' driver.
INFO - 2024-03-07 03:37:23 --> Session: Class initialized using 'CodeIgniter\Session\Handlers\FileHandler' driver.
INFO - 2024-03-07 03:38:15 --> Session: Class initialized using 'CodeIgniter\Session\Handlers\FileHandler' driver.
INFO - 2024-03-07 03:38:46 --> Session: Class initialized using 'CodeIgniter\Session\Handlers\FileHandler' driver.
INFO - 2024-03-07 04:05:42 --> Session: Class initialized using 'CodeIgniter\Session\Handlers\FileHandler' driver.
INFO - 2024-03-07 04:07:09 --> Session: Class initialized using 'CodeIgniter\Session\Handlers\FileHandler' driver.
INFO - 2024-03-07 04:10:22 --> Session: Class initialized using 'CodeIgniter\Session\Handlers\FileHandler' driver.
INFO - 2024-03-07 04:11:51 --> Session: Class initialized using 'CodeIgniter\Session\Handlers\FileHandler' driver.
INFO - 2024-03-07 04:11:54 --> Session: Class initialized using 'CodeIgniter\Session\Handlers\FileHandler' driver.
INFO - 2024-03-07 04:12:26 --> Session: Class initialized using 'CodeIgniter\Session\Handlers\FileHandler' driver.
INFO - 2024-03-07 04:13:19 --> Session: Class initialized using 'CodeIgniter\Session\Handlers\FileHandler' driver.
INFO - 2024-03-07 04:14:20 --> Session: Class initialized using 'CodeIgniter\Session\Handlers\FileHandler' driver.
INFO - 2024-03-07 04:15:13 --> Session: Class initialized using 'CodeIgniter\Session\Handlers\FileHandler' driver.
INFO - 2024-03-07 04:16:32 --> Session: Class initialized using 'CodeIgniter\Session\Handlers\FileHandler' driver.
INFO - 2024-03-07 04:16:35 --> Session: Class initialized using 'CodeIgniter\Session\Handlers\FileHandler' driver.
INFO - 2024-03-07 04:16:38 --> Session: Class initialized using 'CodeIgniter\Session\Handlers\FileHandler' driver.
WARNING - 2024-03-07 04:16:38 --> [DEPRECATED] strtolower(): Passing null to parameter #1 ($string) of type string is deprecated in APPPATH/Views/users/role.php on line 62.
 1 APPPATH/Views/users/role.php(62): strtolower(null)
 2 [internal function]: CodeIgniter\View\View->{closure}([...])
 3 APPPATH/Views/users/role.php(63): array_filter([...], Object(Closure))
 4 SYSTEMPATH/View/View.php(228): include('/var/www/html/aparus/app/Views/users/role.php')
 5 SYSTEMPATH/View/View.php(231): CodeIgniter\View\View->CodeIgniter\View\{closure}()
 6 SYSTEMPATH/Common.php(1190): CodeIgniter\View\View->render('users/role', [], true)
 7 APPPATH/Controllers/Users.php(219): view('users/role', [...])
 8 SYSTEMPATH/CodeIgniter.php(942): App\Controllers\Users->role()
 9 SYSTEMPATH/CodeIgniter.php(502): CodeIgniter\CodeIgniter->runController(Object(App\Controllers\Users))
10 SYSTEMPATH/CodeIgniter.php(361): CodeIgniter\CodeIgniter->handleRequest(null, Object(Config\Cache), false)
11 FCPATH/index.php(79): CodeIgniter\CodeIgniter->run()
12 SYSTEMPATH/Commands/Server/rewrite.php(47): require_once('/var/www/html/aparus/public/index.php')
WARNING - 2024-03-07 04:16:38 --> [DEPRECATED] strtolower(): Passing null to parameter #1 ($string) of type string is deprecated in APPPATH/Views/users/role.php on line 62.
 1 APPPATH/Views/users/role.php(62): strtolower(null)
 2 [internal function]: CodeIgniter\View\View->{closure}([...])
 3 APPPATH/Views/users/role.php(63): array_filter([...], Object(Closure))
 4 SYSTEMPATH/View/View.php(228): include('/var/www/html/aparus/app/Views/users/role.php')
 5 SYSTEMPATH/View/View.php(231): CodeIgniter\View\View->CodeIgniter\View\{closure}()
 6 SYSTEMPATH/Common.php(1190): CodeIgniter\View\View->render('users/role', [], true)
 7 APPPATH/Controllers/Users.php(219): view('users/role', [...])
 8 SYSTEMPATH/CodeIgniter.php(942): App\Controllers\Users->role()
 9 SYSTEMPATH/CodeIgniter.php(502): CodeIgniter\CodeIgniter->runController(Object(App\Controllers\Users))
10 SYSTEMPATH/CodeIgniter.php(361): CodeIgniter\CodeIgniter->handleRequest(null, Object(Config\Cache), false)
11 FCPATH/index.php(79): CodeIgniter\CodeIgniter->run()
12 SYSTEMPATH/Commands/Server/rewrite.php(47): require_once('/var/www/html/aparus/public/index.php')
WARNING - 2024-03-07 04:16:38 --> [DEPRECATED] strtolower(): Passing null to parameter #1 ($string) of type string is deprecated in APPPATH/Views/users/role.php on line 62.
 1 APPPATH/Views/users/role.php(62): strtolower(null)
 2 [internal function]: CodeIgniter\View\View->{closure}([...])
 3 APPPATH/Views/users/role.php(63): array_filter([...], Object(Closure))
 4 SYSTEMPATH/View/View.php(228): include('/var/www/html/aparus/app/Views/users/role.php')
 5 SYSTEMPATH/View/View.php(231): CodeIgniter\View\View->CodeIgniter\View\{closure}()
 6 SYSTEMPATH/Common.php(1190): CodeIgniter\View\View->render('users/role', [], true)
 7 APPPATH/Controllers/Users.php(219): view('users/role', [...])
 8 SYSTEMPATH/CodeIgniter.php(942): App\Controllers\Users->role()
 9 SYSTEMPATH/CodeIgniter.php(502): CodeIgniter\CodeIgniter->runController(Object(App\Controllers\Users))
10 SYSTEMPATH/CodeIgniter.php(361): CodeIgniter\CodeIgniter->handleRequest(null, Object(Config\Cache), false)
11 FCPATH/index.php(79): CodeIgniter\CodeIgniter->run()
12 SYSTEMPATH/Commands/Server/rewrite.php(47): require_once('/var/www/html/aparus/public/index.php')
WARNING - 2024-03-07 04:16:38 --> [DEPRECATED] strtolower(): Passing null to parameter #1 ($string) of type string is deprecated in APPPATH/Views/users/role.php on line 62.
 1 APPPATH/Views/users/role.php(62): strtolower(null)
 2 [internal function]: CodeIgniter\View\View->{closure}([...])
 3 APPPATH/Views/users/role.php(63): array_filter([...], Object(Closure))
 4 SYSTEMPATH/View/View.php(228): include('/var/www/html/aparus/app/Views/users/role.php')
 5 SYSTEMPATH/View/View.php(231): CodeIgniter\View\View->CodeIgniter\View\{closure}()
 6 SYSTEMPATH/Common.php(1190): CodeIgniter\View\View->render('users/role', [], true)
 7 APPPATH/Controllers/Users.php(219): view('users/role', [...])
 8 SYSTEMPATH/CodeIgniter.php(942): App\Controllers\Users->role()
 9 SYSTEMPATH/CodeIgniter.php(502): CodeIgniter\CodeIgniter->runController(Object(App\Controllers\Users))
10 SYSTEMPATH/CodeIgniter.php(361): CodeIgniter\CodeIgniter->handleRequest(null, Object(Config\Cache), false)
11 FCPATH/index.php(79): CodeIgniter\CodeIgniter->run()
12 SYSTEMPATH/Commands/Server/rewrite.php(47): require_once('/var/www/html/aparus/public/index.php')
WARNING - 2024-03-07 04:16:38 --> [DEPRECATED] strtolower(): Passing null to parameter #1 ($string) of type string is deprecated in APPPATH/Views/users/role.php on line 62.
 1 APPPATH/Views/users/role.php(62): strtolower(null)
 2 [internal function]: CodeIgniter\View\View->{closure}([...])
 3 APPPATH/Views/users/role.php(63): array_filter([...], Object(Closure))
 4 SYSTEMPATH/View/View.php(228): include('/var/www/html/aparus/app/Views/users/role.php')
 5 SYSTEMPATH/View/View.php(231): CodeIgniter\View\View->CodeIgniter\View\{closure}()
 6 SYSTEMPATH/Common.php(1190): CodeIgniter\View\View->render('users/role', [], true)
 7 APPPATH/Controllers/Users.php(219): view('users/role', [...])
 8 SYSTEMPATH/CodeIgniter.php(942): App\Controllers\Users->role()
 9 SYSTEMPATH/CodeIgniter.php(502): CodeIgniter\CodeIgniter->runController(Object(App\Controllers\Users))
10 SYSTEMPATH/CodeIgniter.php(361): CodeIgniter\CodeIgniter->handleRequest(null, Object(Config\Cache), false)
11 FCPATH/index.php(79): CodeIgniter\CodeIgniter->run()
12 SYSTEMPATH/Commands/Server/rewrite.php(47): require_once('/var/www/html/aparus/public/index.php')
INFO - 2024-03-07 04:17:47 --> Session: Class initialized using 'CodeIgniter\Session\Handlers\FileHandler' driver.
INFO - 2024-03-07 04:21:25 --> Session: Class initialized using 'CodeIgniter\Session\Handlers\FileHandler' driver.
WARNING - 2024-03-07 04:21:25 --> [DEPRECATED] strtolower(): Passing null to parameter #1 ($string) of type string is deprecated in APPPATH/Views/users/role.php on line 62.
 1 APPPATH/Views/users/role.php(62): strtolower(null)
 2 [internal function]: CodeIgniter\View\View->{closure}([...])
 3 APPPATH/Views/users/role.php(63): array_filter([...], Object(Closure))
 4 SYSTEMPATH/View/View.php(228): include('/var/www/html/aparus/app/Views/users/role.php')
 5 SYSTEMPATH/View/View.php(231): CodeIgniter\View\View->CodeIgniter\View\{closure}()
 6 SYSTEMPATH/Common.php(1190): CodeIgniter\View\View->render('users/role', [], true)
 7 APPPATH/Controllers/Users.php(219): view('users/role', [...])
 8 SYSTEMPATH/CodeIgniter.php(942): App\Controllers\Users->role()
 9 SYSTEMPATH/CodeIgniter.php(502): CodeIgniter\CodeIgniter->runController(Object(App\Controllers\Users))
10 SYSTEMPATH/CodeIgniter.php(361): CodeIgniter\CodeIgniter->handleRequest(null, Object(Config\Cache), false)
11 FCPATH/index.php(79): CodeIgniter\CodeIgniter->run()
12 SYSTEMPATH/Commands/Server/rewrite.php(47): require_once('/var/www/html/aparus/public/index.php')
WARNING - 2024-03-07 04:21:25 --> [DEPRECATED] strtolower(): Passing null to parameter #1 ($string) of type string is deprecated in APPPATH/Views/users/role.php on line 62.
 1 APPPATH/Views/users/role.php(62): strtolower(null)
 2 [internal function]: CodeIgniter\View\View->{closure}([...])
 3 APPPATH/Views/users/role.php(63): array_filter([...], Object(Closure))
 4 SYSTEMPATH/View/View.php(228): include('/var/www/html/aparus/app/Views/users/role.php')
 5 SYSTEMPATH/View/View.php(231): CodeIgniter\View\View->CodeIgniter\View\{closure}()
 6 SYSTEMPATH/Common.php(1190): CodeIgniter\View\View->render('users/role', [], true)
 7 APPPATH/Controllers/Users.php(219): view('users/role', [...])
 8 SYSTEMPATH/CodeIgniter.php(942): App\Controllers\Users->role()
 9 SYSTEMPATH/CodeIgniter.php(502): CodeIgniter\CodeIgniter->runController(Object(App\Controllers\Users))
10 SYSTEMPATH/CodeIgniter.php(361): CodeIgniter\CodeIgniter->handleRequest(null, Object(Config\Cache), false)
11 FCPATH/index.php(79): CodeIgniter\CodeIgniter->run()
12 SYSTEMPATH/Commands/Server/rewrite.php(47): require_once('/var/www/html/aparus/public/index.php')
WARNING - 2024-03-07 04:21:25 --> [DEPRECATED] strtolower(): Passing null to parameter #1 ($string) of type string is deprecated in APPPATH/Views/users/role.php on line 62.
 1 APPPATH/Views/users/role.php(62): strtolower(null)
 2 [internal function]: CodeIgniter\View\View->{closure}([...])
 3 APPPATH/Views/users/role.php(63): array_filter([...], Object(Closure))
 4 SYSTEMPATH/View/View.php(228): include('/var/www/html/aparus/app/Views/users/role.php')
 5 SYSTEMPATH/View/View.php(231): CodeIgniter\View\View->CodeIgniter\View\{closure}()
 6 SYSTEMPATH/Common.php(1190): CodeIgniter\View\View->render('users/role', [], true)
 7 APPPATH/Controllers/Users.php(219): view('users/role', [...])
 8 SYSTEMPATH/CodeIgniter.php(942): App\Controllers\Users->role()
 9 SYSTEMPATH/CodeIgniter.php(502): CodeIgniter\CodeIgniter->runController(Object(App\Controllers\Users))
10 SYSTEMPATH/CodeIgniter.php(361): CodeIgniter\CodeIgniter->handleRequest(null, Object(Config\Cache), false)
11 FCPATH/index.php(79): CodeIgniter\CodeIgniter->run()
12 SYSTEMPATH/Commands/Server/rewrite.php(47): require_once('/var/www/html/aparus/public/index.php')
WARNING - 2024-03-07 04:21:25 --> [DEPRECATED] strtolower(): Passing null to parameter #1 ($string) of type string is deprecated in APPPATH/Views/users/role.php on line 62.
 1 APPPATH/Views/users/role.php(62): strtolower(null)
 2 [internal function]: CodeIgniter\View\View->{closure}([...])
 3 APPPATH/Views/users/role.php(63): array_filter([...], Object(Closure))
 4 SYSTEMPATH/View/View.php(228): include('/var/www/html/aparus/app/Views/users/role.php')
 5 SYSTEMPATH/View/View.php(231): CodeIgniter\View\View->CodeIgniter\View\{closure}()
 6 SYSTEMPATH/Common.php(1190): CodeIgniter\View\View->render('users/role', [], true)
 7 APPPATH/Controllers/Users.php(219): view('users/role', [...])
 8 SYSTEMPATH/CodeIgniter.php(942): App\Controllers\Users->role()
 9 SYSTEMPATH/CodeIgniter.php(502): CodeIgniter\CodeIgniter->runController(Object(App\Controllers\Users))
10 SYSTEMPATH/CodeIgniter.php(361): CodeIgniter\CodeIgniter->handleRequest(null, Object(Config\Cache), false)
11 FCPATH/index.php(79): CodeIgniter\CodeIgniter->run()
12 SYSTEMPATH/Commands/Server/rewrite.php(47): require_once('/var/www/html/aparus/public/index.php')
WARNING - 2024-03-07 04:21:25 --> [DEPRECATED] strtolower(): Passing null to parameter #1 ($string) of type string is deprecated in APPPATH/Views/users/role.php on line 62.
 1 APPPATH/Views/users/role.php(62): strtolower(null)
 2 [internal function]: CodeIgniter\View\View->{closure}([...])
 3 APPPATH/Views/users/role.php(63): array_filter([...], Object(Closure))
 4 SYSTEMPATH/View/View.php(228): include('/var/www/html/aparus/app/Views/users/role.php')
 5 SYSTEMPATH/View/View.php(231): CodeIgniter\View\View->CodeIgniter\View\{closure}()
 6 SYSTEMPATH/Common.php(1190): CodeIgniter\View\View->render('users/role', [], true)
 7 APPPATH/Controllers/Users.php(219): view('users/role', [...])
 8 SYSTEMPATH/CodeIgniter.php(942): App\Controllers\Users->role()
 9 SYSTEMPATH/CodeIgniter.php(502): CodeIgniter\CodeIgniter->runController(Object(App\Controllers\Users))
10 SYSTEMPATH/CodeIgniter.php(361): CodeIgniter\CodeIgniter->handleRequest(null, Object(Config\Cache), false)
11 FCPATH/index.php(79): CodeIgniter\CodeIgniter->run()
12 SYSTEMPATH/Commands/Server/rewrite.php(47): require_once('/var/www/html/aparus/public/index.php')
INFO - 2024-03-07 04:21:27 --> Session: Class initialized using 'CodeIgniter\Session\Handlers\FileHandler' driver.
INFO - 2024-03-07 04:21:28 --> Session: Class initialized using 'CodeIgniter\Session\Handlers\FileHandler' driver.
INFO - 2024-03-07 04:21:29 --> Session: Class initialized using 'CodeIgniter\Session\Handlers\FileHandler' driver.
INFO - 2024-03-07 04:21:32 --> Session: Class initialized using 'CodeIgniter\Session\Handlers\FileHandler' driver.
INFO - 2024-03-07 04:22:58 --> Session: Class initialized using 'CodeIgniter\Session\Handlers\FileHandler' driver.
CRITICAL - 2024-03-07 04:22:58 --> Undefined variable $kecamatan
in APPPATH/Views/waterusage/catatair.php on line 55.
 1 APPPATH/Views/waterusage/catatair.php(55): CodeIgniter\Debug\Exceptions->errorHandler()
 2 SYSTEMPATH/View/View.php(228): include('/var/www/html/aparus/app/Views/waterusage/catatair.php')
 3 SYSTEMPATH/View/View.php(231): CodeIgniter\View\View->CodeIgniter\View\{closure}()
 4 SYSTEMPATH/Common.php(1190): CodeIgniter\View\View->render()
 5 APPPATH/Controllers/Waterusage.php(47): view()
 6 SYSTEMPATH/CodeIgniter.php(942): App\Controllers\Waterusage->catatAir()
 7 SYSTEMPATH/CodeIgniter.php(502): CodeIgniter\CodeIgniter->runController()
 8 SYSTEMPATH/CodeIgniter.php(361): CodeIgniter\CodeIgniter->handleRequest()
 9 FCPATH/index.php(79): CodeIgniter\CodeIgniter->run()
10 SYSTEMPATH/Commands/Server/rewrite.php(47): require_once('/var/www/html/aparus/public/index.php')
INFO - 2024-03-07 04:23:37 --> Session: Class initialized using 'CodeIgniter\Session\Handlers\FileHandler' driver.
INFO - 2024-03-07 04:23:53 --> Session: Class initialized using 'CodeIgniter\Session\Handlers\FileHandler' driver.
INFO - 2024-03-07 04:29:20 --> Session: Class initialized using 'CodeIgniter\Session\Handlers\FileHandler' driver.
CRITICAL - 2024-03-07 04:29:20 --> Undefined array key "id_rusun"
in APPPATH/Views/waterusage/catatair.php on line 56.
 1 APPPATH/Views/waterusage/catatair.php(56): CodeIgniter\Debug\Exceptions->errorHandler()
 2 SYSTEMPATH/View/View.php(228): include('/var/www/html/aparus/app/Views/waterusage/catatair.php')
 3 SYSTEMPATH/View/View.php(231): CodeIgniter\View\View->CodeIgniter\View\{closure}()
 4 SYSTEMPATH/Common.php(1190): CodeIgniter\View\View->render()
 5 APPPATH/Controllers/Waterusage.php(47): view()
 6 SYSTEMPATH/CodeIgniter.php(942): App\Controllers\Waterusage->catatAir()
 7 SYSTEMPATH/CodeIgniter.php(502): CodeIgniter\CodeIgniter->runController()
 8 SYSTEMPATH/CodeIgniter.php(361): CodeIgniter\CodeIgniter->handleRequest()
 9 FCPATH/index.php(79): CodeIgniter\CodeIgniter->run()
10 SYSTEMPATH/Commands/Server/rewrite.php(47): require_once('/var/www/html/aparus/public/index.php')
INFO - 2024-03-07 04:29:38 --> Session: Class initialized using 'CodeIgniter\Session\Handlers\FileHandler' driver.
INFO - 2024-03-07 04:31:27 --> Session: Class initialized using 'CodeIgniter\Session\Handlers\FileHandler' driver.
INFO - 2024-03-07 04:31:27 --> Session: Class initialized using 'CodeIgniter\Session\Handlers\FileHandler' driver.
INFO - 2024-03-07 04:31:36 --> Session: Class initialized using 'CodeIgniter\Session\Handlers\FileHandler' driver.
INFO - 2024-03-07 04:31:55 --> Session: Class initialized using 'CodeIgniter\Session\Handlers\FileHandler' driver.
INFO - 2024-03-07 04:36:19 --> Session: Class initialized using 'CodeIgniter\Session\Handlers\FileHandler' driver.
INFO - 2024-03-07 04:36:26 --> Session: Class initialized using 'CodeIgniter\Session\Handlers\FileHandler' driver.
INFO - 2024-03-07 04:38:39 --> Session: Class initialized using 'CodeIgniter\Session\Handlers\FileHandler' driver.
INFO - 2024-03-07 04:38:42 --> Session: Class initialized using 'CodeIgniter\Session\Handlers\FileHandler' driver.
INFO - 2024-03-07 04:39:20 --> Session: Class initialized using 'CodeIgniter\Session\Handlers\FileHandler' driver.
INFO - 2024-03-07 04:39:23 --> Session: Class initialized using 'CodeIgniter\Session\Handlers\FileHandler' driver.
INFO - 2024-03-07 04:45:06 --> Session: Class initialized using 'CodeIgniter\Session\Handlers\FileHandler' driver.
INFO - 2024-03-07 04:45:22 --> Session: Class initialized using 'CodeIgniter\Session\Handlers\FileHandler' driver.
INFO - 2024-03-07 04:45:58 --> Session: Class initialized using 'CodeIgniter\Session\Handlers\FileHandler' driver.
INFO - 2024-03-07 04:46:00 --> Session: Class initialized using 'CodeIgniter\Session\Handlers\FileHandler' driver.
INFO - 2024-03-07 04:46:35 --> Session: Class initialized using 'CodeIgniter\Session\Handlers\FileHandler' driver.
INFO - 2024-03-07 04:46:39 --> Session: Class initialized using 'CodeIgniter\Session\Handlers\FileHandler' driver.
INFO - 2024-03-07 04:46:42 --> Session: Class initialized using 'CodeIgniter\Session\Handlers\FileHandler' driver.
INFO - 2024-03-07 04:49:16 --> Session: Class initialized using 'CodeIgniter\Session\Handlers\FileHandler' driver.
INFO - 2024-03-07 04:50:24 --> Session: Class initialized using 'CodeIgniter\Session\Handlers\FileHandler' driver.
INFO - 2024-03-07 04:54:53 --> Session: Class initialized using 'CodeIgniter\Session\Handlers\FileHandler' driver.
INFO - 2024-03-07 04:54:53 --> Session: Class initialized using 'CodeIgniter\Session\Handlers\FileHandler' driver.
INFO - 2024-03-07 04:55:01 --> Session: Class initialized using 'CodeIgniter\Session\Handlers\FileHandler' driver.
INFO - 2024-03-07 04:55:02 --> Session: Class initialized using 'CodeIgniter\Session\Handlers\FileHandler' driver.
INFO - 2024-03-07 04:55:07 --> Session: Class initialized using 'CodeIgniter\Session\Handlers\FileHandler' driver.
INFO - 2024-03-07 04:58:50 --> Session: Class initialized using 'CodeIgniter\Session\Handlers\FileHandler' driver.
INFO - 2024-03-07 04:59:23 --> Session: Class initialized using 'CodeIgniter\Session\Handlers\FileHandler' driver.
INFO - 2024-03-07 05:01:23 --> Session: Class initialized using 'CodeIgniter\Session\Handlers\FileHandler' driver.
INFO - 2024-03-07 05:01:28 --> Session: Class initialized using 'CodeIgniter\Session\Handlers\FileHandler' driver.
INFO - 2024-03-07 05:01:52 --> Session: Class initialized using 'CodeIgniter\Session\Handlers\FileHandler' driver.
INFO - 2024-03-07 05:01:55 --> Session: Class initialized using 'CodeIgniter\Session\Handlers\FileHandler' driver.
INFO - 2024-03-07 05:02:47 --> Session: Class initialized using 'CodeIgniter\Session\Handlers\FileHandler' driver.
INFO - 2024-03-07 05:02:49 --> Session: Class initialized using 'CodeIgniter\Session\Handlers\FileHandler' driver.
INFO - 2024-03-07 05:05:27 --> Session: Class initialized using 'CodeIgniter\Session\Handlers\FileHandler' driver.
CRITICAL - 2024-03-07 05:05:27 --> Invalid file: "waterusage/catatair.php"
in SYSTEMPATH/Exceptions/FrameworkException.php on line 39.
 1 SYSTEMPATH/View/View.php(216): CodeIgniter\Exceptions\FrameworkException::forInvalidFile()
 2 SYSTEMPATH/Common.php(1190): CodeIgniter\View\View->render()
 3 APPPATH/Controllers/Waterusage.php(38): view()
 4 SYSTEMPATH/CodeIgniter.php(942): App\Controllers\Waterusage->catatAir()
 5 SYSTEMPATH/CodeIgniter.php(502): CodeIgniter\CodeIgniter->runController()
 6 SYSTEMPATH/CodeIgniter.php(361): CodeIgniter\CodeIgniter->handleRequest()
 7 FCPATH/index.php(79): CodeIgniter\CodeIgniter->run()
 8 SYSTEMPATH/Commands/Server/rewrite.php(47): require_once('/var/www/html/aparus/public/index.php')
INFO - 2024-03-07 05:05:30 --> Session: Class initialized using 'CodeIgniter\Session\Handlers\FileHandler' driver.
CRITICAL - 2024-03-07 05:05:31 --> Invalid file: "waterusage/catatair.php"
in SYSTEMPATH/Exceptions/FrameworkException.php on line 39.
 1 SYSTEMPATH/View/View.php(216): CodeIgniter\Exceptions\FrameworkException::forInvalidFile()
 2 SYSTEMPATH/Common.php(1190): CodeIgniter\View\View->render()
 3 APPPATH/Controllers/Waterusage.php(38): view()
 4 SYSTEMPATH/CodeIgniter.php(942): App\Controllers\Waterusage->catatAir()
 5 SYSTEMPATH/CodeIgniter.php(502): CodeIgniter\CodeIgniter->runController()
 6 SYSTEMPATH/CodeIgniter.php(361): CodeIgniter\CodeIgniter->handleRequest()
 7 FCPATH/index.php(79): CodeIgniter\CodeIgniter->run()
 8 SYSTEMPATH/Commands/Server/rewrite.php(47): require_once('/var/www/html/aparus/public/index.php')
INFO - 2024-03-07 05:09:18 --> Session: Class initialized using 'CodeIgniter\Session\Handlers\FileHandler' driver.
INFO - 2024-03-07 05:09:28 --> Session: Class initialized using 'CodeIgniter\Session\Handlers\FileHandler' driver.
INFO - 2024-03-07 05:09:55 --> Session: Class initialized using 'CodeIgniter\Session\Handlers\FileHandler' driver.
INFO - 2024-03-07 05:10:32 --> Session: Class initialized using 'CodeIgniter\Session\Handlers\FileHandler' driver.
INFO - 2024-03-07 05:10:33 --> Session: Class initialized using 'CodeIgniter\Session\Handlers\FileHandler' driver.
INFO - 2024-03-07 05:10:36 --> Session: Class initialized using 'CodeIgniter\Session\Handlers\FileHandler' driver.
INFO - 2024-03-07 05:10:38 --> Session: Class initialized using 'CodeIgniter\Session\Handlers\FileHandler' driver.
INFO - 2024-03-07 05:10:40 --> Session: Class initialized using 'CodeIgniter\Session\Handlers\FileHandler' driver.
INFO - 2024-03-07 05:10:49 --> Session: Class initialized using 'CodeIgniter\Session\Handlers\FileHandler' driver.
INFO - 2024-03-07 05:11:40 --> Session: Class initialized using 'CodeIgniter\Session\Handlers\FileHandler' driver.
INFO - 2024-03-07 05:11:49 --> Session: Class initialized using 'CodeIgniter\Session\Handlers\FileHandler' driver.
INFO - 2024-03-07 05:19:24 --> Session: Class initialized using 'CodeIgniter\Session\Handlers\FileHandler' driver.
INFO - 2024-03-07 05:19:27 --> Session: Class initialized using 'CodeIgniter\Session\Handlers\FileHandler' driver.
ERROR - 2024-03-07 05:19:27 --> mysqli_sql_exception: Column 'id_lantai' in where clause is ambiguous in /var/www/html/aparus/system/Database/MySQLi/Connection.php:306
Stack trace:
#0 /var/www/html/aparus/system/Database/MySQLi/Connection.php(306): mysqli->query()
#1 /var/www/html/aparus/system/Database/BaseConnection.php(693): CodeIgniter\Database\MySQLi\Connection->execute()
#2 /var/www/html/aparus/system/Database/BaseConnection.php(607): CodeIgniter\Database\BaseConnection->simpleQuery()
#3 /var/www/html/aparus/system/Database/BaseBuilder.php(1615): CodeIgniter\Database\BaseConnection->query()
#4 /var/www/html/aparus/app/Models/Waterusage_model.php(20): CodeIgniter\Database\BaseBuilder->get()
#5 /var/www/html/aparus/app/Controllers/Waterusage.php(43): App\Models\Waterusage_model->getWaterUsage()
#6 /var/www/html/aparus/system/CodeIgniter.php(942): App\Controllers\Waterusage->catatAir()
#7 /var/www/html/aparus/system/CodeIgniter.php(502): CodeIgniter\CodeIgniter->runController()
#8 /var/www/html/aparus/system/CodeIgniter.php(361): CodeIgniter\CodeIgniter->handleRequest()
#9 /var/www/html/aparus/public/index.php(79): CodeIgniter\CodeIgniter->run()
#10 /var/www/html/aparus/system/Commands/Server/rewrite.php(47): require_once('...')
#11 {main}
CRITICAL - 2024-03-07 05:19:27 --> Column 'id_lantai' in where clause is ambiguous
in SYSTEMPATH/Database/BaseConnection.php on line 647.
 1 SYSTEMPATH/Database/BaseBuilder.php(1615): CodeIgniter\Database\BaseConnection->query()
 2 APPPATH/Models/Waterusage_model.php(20): CodeIgniter\Database\BaseBuilder->get()
 3 APPPATH/Controllers/Waterusage.php(43): App\Models\Waterusage_model->getWaterUsage()
 4 SYSTEMPATH/CodeIgniter.php(942): App\Controllers\Waterusage->catatAir()
 5 SYSTEMPATH/CodeIgniter.php(502): CodeIgniter\CodeIgniter->runController()
 6 SYSTEMPATH/CodeIgniter.php(361): CodeIgniter\CodeIgniter->handleRequest()
 7 FCPATH/index.php(79): CodeIgniter\CodeIgniter->run()
 8 SYSTEMPATH/Commands/Server/rewrite.php(47): require_once('/var/www/html/aparus/public/index.php')
INFO - 2024-03-07 05:19:29 --> Session: Class initialized using 'CodeIgniter\Session\Handlers\FileHandler' driver.
INFO - 2024-03-07 05:19:32 --> Session: Class initialized using 'CodeIgniter\Session\Handlers\FileHandler' driver.
INFO - 2024-03-07 05:19:34 --> Session: Class initialized using 'CodeIgniter\Session\Handlers\FileHandler' driver.
ERROR - 2024-03-07 05:19:34 --> mysqli_sql_exception: Column 'id_lantai' in where clause is ambiguous in /var/www/html/aparus/system/Database/MySQLi/Connection.php:306
Stack trace:
#0 /var/www/html/aparus/system/Database/MySQLi/Connection.php(306): mysqli->query()
#1 /var/www/html/aparus/system/Database/BaseConnection.php(693): CodeIgniter\Database\MySQLi\Connection->execute()
#2 /var/www/html/aparus/system/Database/BaseConnection.php(607): CodeIgniter\Database\BaseConnection->simpleQuery()
#3 /var/www/html/aparus/system/Database/BaseBuilder.php(1615): CodeIgniter\Database\BaseConnection->query()
#4 /var/www/html/aparus/app/Models/Waterusage_model.php(20): CodeIgniter\Database\BaseBuilder->get()
#5 /var/www/html/aparus/app/Controllers/Waterusage.php(43): App\Models\Waterusage_model->getWaterUsage()
#6 /var/www/html/aparus/system/CodeIgniter.php(942): App\Controllers\Waterusage->catatAir()
#7 /var/www/html/aparus/system/CodeIgniter.php(502): CodeIgniter\CodeIgniter->runController()
#8 /var/www/html/aparus/system/CodeIgniter.php(361): CodeIgniter\CodeIgniter->handleRequest()
#9 /var/www/html/aparus/public/index.php(79): CodeIgniter\CodeIgniter->run()
#10 /var/www/html/aparus/system/Commands/Server/rewrite.php(47): require_once('...')
#11 {main}
CRITICAL - 2024-03-07 05:19:34 --> Column 'id_lantai' in where clause is ambiguous
in SYSTEMPATH/Database/BaseConnection.php on line 647.
 1 SYSTEMPATH/Database/BaseBuilder.php(1615): CodeIgniter\Database\BaseConnection->query()
 2 APPPATH/Models/Waterusage_model.php(20): CodeIgniter\Database\BaseBuilder->get()
 3 APPPATH/Controllers/Waterusage.php(43): App\Models\Waterusage_model->getWaterUsage()
 4 SYSTEMPATH/CodeIgniter.php(942): App\Controllers\Waterusage->catatAir()
 5 SYSTEMPATH/CodeIgniter.php(502): CodeIgniter\CodeIgniter->runController()
 6 SYSTEMPATH/CodeIgniter.php(361): CodeIgniter\CodeIgniter->handleRequest()
 7 FCPATH/index.php(79): CodeIgniter\CodeIgniter->run()
 8 SYSTEMPATH/Commands/Server/rewrite.php(47): require_once('/var/www/html/aparus/public/index.php')
INFO - 2024-03-07 05:20:36 --> Session: Class initialized using 'CodeIgniter\Session\Handlers\FileHandler' driver.
CRITICAL - 2024-03-07 05:20:36 --> Undefined variable $penghuni
in APPPATH/Views/waterusage/daftarair.php on line 79.
 1 APPPATH/Views/waterusage/daftarair.php(79): CodeIgniter\Debug\Exceptions->errorHandler()
 2 SYSTEMPATH/View/View.php(228): include('/var/www/html/aparus/app/Views/waterusage/daftarair.php')
 3 SYSTEMPATH/View/View.php(231): CodeIgniter\View\View->CodeIgniter\View\{closure}()
 4 SYSTEMPATH/Common.php(1190): CodeIgniter\View\View->render()
 5 APPPATH/Controllers/Waterusage.php(44): view()
 6 SYSTEMPATH/CodeIgniter.php(942): App\Controllers\Waterusage->catatAir()
 7 SYSTEMPATH/CodeIgniter.php(502): CodeIgniter\CodeIgniter->runController()
 8 SYSTEMPATH/CodeIgniter.php(361): CodeIgniter\CodeIgniter->handleRequest()
 9 FCPATH/index.php(79): CodeIgniter\CodeIgniter->run()
10 SYSTEMPATH/Commands/Server/rewrite.php(47): require_once('/var/www/html/aparus/public/index.php')
INFO - 2024-03-07 05:22:27 --> Session: Class initialized using 'CodeIgniter\Session\Handlers\FileHandler' driver.
CRITICAL - 2024-03-07 05:22:27 --> Cannot use object of type mysqli as array
in APPPATH/Views/waterusage/daftarair.php on line 81.
 1 SYSTEMPATH/View/View.php(228): include()
 2 SYSTEMPATH/View/View.php(231): CodeIgniter\View\View->CodeIgniter\View\{closure}()
 3 SYSTEMPATH/Common.php(1190): CodeIgniter\View\View->render()
 4 APPPATH/Controllers/Waterusage.php(44): view()
 5 SYSTEMPATH/CodeIgniter.php(942): App\Controllers\Waterusage->catatAir()
 6 SYSTEMPATH/CodeIgniter.php(502): CodeIgniter\CodeIgniter->runController()
 7 SYSTEMPATH/CodeIgniter.php(361): CodeIgniter\CodeIgniter->handleRequest()
 8 FCPATH/index.php(79): CodeIgniter\CodeIgniter->run()
 9 SYSTEMPATH/Commands/Server/rewrite.php(47): require_once('/var/www/html/aparus/public/index.php')
INFO - 2024-03-07 05:23:13 --> Session: Class initialized using 'CodeIgniter\Session\Handlers\FileHandler' driver.
CRITICAL - 2024-03-07 05:23:13 --> Undefined array key "kode_penghuni"
in APPPATH/Views/waterusage/daftarair.php on line 81.
 1 APPPATH/Views/waterusage/daftarair.php(81): CodeIgniter\Debug\Exceptions->errorHandler()
 2 SYSTEMPATH/View/View.php(228): include('/var/www/html/aparus/app/Views/waterusage/daftarair.php')
 3 SYSTEMPATH/View/View.php(231): CodeIgniter\View\View->CodeIgniter\View\{closure}()
 4 SYSTEMPATH/Common.php(1190): CodeIgniter\View\View->render()
 5 APPPATH/Controllers/Waterusage.php(44): view()
 6 SYSTEMPATH/CodeIgniter.php(942): App\Controllers\Waterusage->catatAir()
 7 SYSTEMPATH/CodeIgniter.php(502): CodeIgniter\CodeIgniter->runController()
 8 SYSTEMPATH/CodeIgniter.php(361): CodeIgniter\CodeIgniter->handleRequest()
 9 FCPATH/index.php(79): CodeIgniter\CodeIgniter->run()
10 SYSTEMPATH/Commands/Server/rewrite.php(47): require_once('/var/www/html/aparus/public/index.php')
INFO - 2024-03-07 05:23:39 --> Session: Class initialized using 'CodeIgniter\Session\Handlers\FileHandler' driver.
CRITICAL - 2024-03-07 05:23:39 --> Undefined array key "kode_penghuni"
in APPPATH/Views/waterusage/daftarair.php on line 85.
 1 APPPATH/Views/waterusage/daftarair.php(85): CodeIgniter\Debug\Exceptions->errorHandler()
 2 SYSTEMPATH/View/View.php(228): include('/var/www/html/aparus/app/Views/waterusage/daftarair.php')
 3 SYSTEMPATH/View/View.php(231): CodeIgniter\View\View->CodeIgniter\View\{closure}()
 4 SYSTEMPATH/Common.php(1190): CodeIgniter\View\View->render()
 5 APPPATH/Controllers/Waterusage.php(44): view()
 6 SYSTEMPATH/CodeIgniter.php(942): App\Controllers\Waterusage->catatAir()
 7 SYSTEMPATH/CodeIgniter.php(502): CodeIgniter\CodeIgniter->runController()
 8 SYSTEMPATH/CodeIgniter.php(361): CodeIgniter\CodeIgniter->handleRequest()
 9 FCPATH/index.php(79): CodeIgniter\CodeIgniter->run()
10 SYSTEMPATH/Commands/Server/rewrite.php(47): require_once('/var/www/html/aparus/public/index.php')
INFO - 2024-03-07 05:23:51 --> Session: Class initialized using 'CodeIgniter\Session\Handlers\FileHandler' driver.
INFO - 2024-03-07 05:25:44 --> Session: Class initialized using 'CodeIgniter\Session\Handlers\FileHandler' driver.
INFO - 2024-03-07 05:27:03 --> Session: Class initialized using 'CodeIgniter\Session\Handlers\FileHandler' driver.
INFO - 2024-03-07 05:27:25 --> Session: Class initialized using 'CodeIgniter\Session\Handlers\FileHandler' driver.
INFO - 2024-03-07 05:27:35 --> Session: Class initialized using 'CodeIgniter\Session\Handlers\FileHandler' driver.
INFO - 2024-03-07 05:29:13 --> Session: Class initialized using 'CodeIgniter\Session\Handlers\FileHandler' driver.
INFO - 2024-03-07 05:29:24 --> Session: Class initialized using 'CodeIgniter\Session\Handlers\FileHandler' driver.
INFO - 2024-03-07 05:32:31 --> Session: Class initialized using 'CodeIgniter\Session\Handlers\FileHandler' driver.
INFO - 2024-03-07 05:35:46 --> Session: Class initialized using 'CodeIgniter\Session\Handlers\FileHandler' driver.
INFO - 2024-03-07 06:33:35 --> Session: Class initialized using 'CodeIgniter\Session\Handlers\FileHandler' driver.
INFO - 2024-03-07 06:34:24 --> Session: Class initialized using 'CodeIgniter\Session\Handlers\FileHandler' driver.
INFO - 2024-03-07 06:34:27 --> Session: Class initialized using 'CodeIgniter\Session\Handlers\FileHandler' driver.
INFO - 2024-03-07 06:35:40 --> Session: Class initialized using 'CodeIgniter\Session\Handlers\FileHandler' driver.
INFO - 2024-03-07 06:35:41 --> Session: Class initialized using 'CodeIgniter\Session\Handlers\FileHandler' driver.
INFO - 2024-03-07 06:44:25 --> Session: Class initialized using 'CodeIgniter\Session\Handlers\FileHandler' driver.
INFO - 2024-03-07 06:44:49 --> Session: Class initialized using 'CodeIgniter\Session\Handlers\FileHandler' driver.
INFO - 2024-03-07 06:44:54 --> Session: Class initialized using 'CodeIgniter\Session\Handlers\FileHandler' driver.
INFO - 2024-03-07 06:48:48 --> Session: Class initialized using 'CodeIgniter\Session\Handlers\FileHandler' driver.
INFO - 2024-03-07 06:56:04 --> Session: Class initialized using 'CodeIgniter\Session\Handlers\FileHandler' driver.
INFO - 2024-03-07 06:56:07 --> Session: Class initialized using 'CodeIgniter\Session\Handlers\FileHandler' driver.
INFO - 2024-03-07 06:56:09 --> Session: Class initialized using 'CodeIgniter\Session\Handlers\FileHandler' driver.
INFO - 2024-03-07 06:56:09 --> Session: Class initialized using 'CodeIgniter\Session\Handlers\FileHandler' driver.
INFO - 2024-03-07 06:56:09 --> Session: Class initialized using 'CodeIgniter\Session\Handlers\FileHandler' driver.
INFO - 2024-03-07 06:56:09 --> Session: Class initialized using 'CodeIgniter\Session\Handlers\FileHandler' driver.
INFO - 2024-03-07 06:56:10 --> Session: Class initialized using 'CodeIgniter\Session\Handlers\FileHandler' driver.
INFO - 2024-03-07 06:56:10 --> Session: Class initialized using 'CodeIgniter\Session\Handlers\FileHandler' driver.
INFO - 2024-03-07 06:56:10 --> Session: Class initialized using 'CodeIgniter\Session\Handlers\FileHandler' driver.
INFO - 2024-03-07 06:56:10 --> Session: Class initialized using 'CodeIgniter\Session\Handlers\FileHandler' driver.
INFO - 2024-03-07 06:56:10 --> Session: Class initialized using 'CodeIgniter\Session\Handlers\FileHandler' driver.
INFO - 2024-03-07 06:56:10 --> Session: Class initialized using 'CodeIgniter\Session\Handlers\FileHandler' driver.
INFO - 2024-03-07 06:56:10 --> Session: Class initialized using 'CodeIgniter\Session\Handlers\FileHandler' driver.
INFO - 2024-03-07 06:57:25 --> Session: Class initialized using 'CodeIgniter\Session\Handlers\FileHandler' driver.
INFO - 2024-03-07 06:57:25 --> Session: Class initialized using 'CodeIgniter\Session\Handlers\FileHandler' driver.
INFO - 2024-03-07 06:57:25 --> Session: Class initialized using 'CodeIgniter\Session\Handlers\FileHandler' driver.
INFO - 2024-03-07 06:57:25 --> Session: Class initialized using 'CodeIgniter\Session\Handlers\FileHandler' driver.
INFO - 2024-03-07 06:57:25 --> Session: Class initialized using 'CodeIgniter\Session\Handlers\FileHandler' driver.
INFO - 2024-03-07 06:57:25 --> Session: Class initialized using 'CodeIgniter\Session\Handlers\FileHandler' driver.
INFO - 2024-03-07 06:57:25 --> Session: Class initialized using 'CodeIgniter\Session\Handlers\FileHandler' driver.
INFO - 2024-03-07 06:57:25 --> Session: Class initialized using 'CodeIgniter\Session\Handlers\FileHandler' driver.
INFO - 2024-03-07 06:57:25 --> Session: Class initialized using 'CodeIgniter\Session\Handlers\FileHandler' driver.
INFO - 2024-03-07 06:59:37 --> Session: Class initialized using 'CodeIgniter\Session\Handlers\FileHandler' driver.
INFO - 2024-03-07 07:01:22 --> Session: Class initialized using 'CodeIgniter\Session\Handlers\FileHandler' driver.
INFO - 2024-03-07 07:03:11 --> Session: Class initialized using 'CodeIgniter\Session\Handlers\FileHandler' driver.
INFO - 2024-03-07 07:04:14 --> Session: Class initialized using 'CodeIgniter\Session\Handlers\FileHandler' driver.
INFO - 2024-03-07 07:04:38 --> Session: Class initialized using 'CodeIgniter\Session\Handlers\FileHandler' driver.
INFO - 2024-03-07 07:05:25 --> Session: Class initialized using 'CodeIgniter\Session\Handlers\FileHandler' driver.
INFO - 2024-03-07 07:07:19 --> Session: Class initialized using 'CodeIgniter\Session\Handlers\FileHandler' driver.
INFO - 2024-03-07 07:07:43 --> Session: Class initialized using 'CodeIgniter\Session\Handlers\FileHandler' driver.
INFO - 2024-03-07 14:08:16 --> Session: Class initialized using 'CodeIgniter\Session\Handlers\FileHandler' driver.
INFO - 2024-03-07 14:08:16 --> Session: Class initialized using 'CodeIgniter\Session\Handlers\FileHandler' driver.
INFO - 2024-03-07 14:08:19 --> Session: Class initialized using 'CodeIgniter\Session\Handlers\FileHandler' driver.
INFO - 2024-03-07 14:08:19 --> Session: Class initialized using 'CodeIgniter\Session\Handlers\FileHandler' driver.
INFO - 2024-03-07 14:08:25 --> Session: Class initialized using 'CodeIgniter\Session\Handlers\FileHandler' driver.
INFO - 2024-03-07 14:08:29 --> Session: Class initialized using 'CodeIgniter\Session\Handlers\FileHandler' driver.
INFO - 2024-03-07 14:08:33 --> Session: Class initialized using 'CodeIgniter\Session\Handlers\FileHandler' driver.
INFO - 2024-03-07 14:13:46 --> Session: Class initialized using 'CodeIgniter\Session\Handlers\FileHandler' driver.
INFO - 2024-03-07 14:14:47 --> Session: Class initialized using 'CodeIgniter\Session\Handlers\FileHandler' driver.
INFO - 2024-03-07 14:15:46 --> Session: Class initialized using 'CodeIgniter\Session\Handlers\FileHandler' driver.
INFO - 2024-03-07 14:16:36 --> Session: Class initialized using 'CodeIgniter\Session\Handlers\FileHandler' driver.
INFO - 2024-03-07 14:18:02 --> Session: Class initialized using 'CodeIgniter\Session\Handlers\FileHandler' driver.
INFO - 2024-03-07 14:18:04 --> Session: Class initialized using 'CodeIgniter\Session\Handlers\FileHandler' driver.
INFO - 2024-03-07 14:18:11 --> Session: Class initialized using 'CodeIgniter\Session\Handlers\FileHandler' driver.
INFO - 2024-03-07 14:18:52 --> Session: Class initialized using 'CodeIgniter\Session\Handlers\FileHandler' driver.
INFO - 2024-03-07 14:18:55 --> Session: Class initialized using 'CodeIgniter\Session\Handlers\FileHandler' driver.
INFO - 2024-03-07 14:27:00 --> Session: Class initialized using 'CodeIgniter\Session\Handlers\FileHandler' driver.
INFO - 2024-03-07 14:37:45 --> Session: Class initialized using 'CodeIgniter\Session\Handlers\FileHandler' driver.
INFO - 2024-03-07 14:40:06 --> Session: Class initialized using 'CodeIgniter\Session\Handlers\FileHandler' driver.
INFO - 2024-03-07 14:41:10 --> Session: Class initialized using 'CodeIgniter\Session\Handlers\FileHandler' driver.
INFO - 2024-03-07 14:41:34 --> Session: Class initialized using 'CodeIgniter\Session\Handlers\FileHandler' driver.
INFO - 2024-03-07 14:41:46 --> Session: Class initialized using 'CodeIgniter\Session\Handlers\FileHandler' driver.
INFO - 2024-03-07 14:42:29 --> Session: Class initialized using 'CodeIgniter\Session\Handlers\FileHandler' driver.
INFO - 2024-03-07 14:42:41 --> Session: Class initialized using 'CodeIgniter\Session\Handlers\FileHandler' driver.
INFO - 2024-03-07 14:43:16 --> Session: Class initialized using 'CodeIgniter\Session\Handlers\FileHandler' driver.
INFO - 2024-03-07 14:43:52 --> Session: Class initialized using 'CodeIgniter\Session\Handlers\FileHandler' driver.
INFO - 2024-03-07 14:44:05 --> Session: Class initialized using 'CodeIgniter\Session\Handlers\FileHandler' driver.
INFO - 2024-03-07 14:44:18 --> Session: Class initialized using 'CodeIgniter\Session\Handlers\FileHandler' driver.
INFO - 2024-03-07 14:45:07 --> Session: Class initialized using 'CodeIgniter\Session\Handlers\FileHandler' driver.
INFO - 2024-03-07 14:45:28 --> Session: Class initialized using 'CodeIgniter\Session\Handlers\FileHandler' driver.
INFO - 2024-03-07 14:45:48 --> Session: Class initialized using 'CodeIgniter\Session\Handlers\FileHandler' driver.
INFO - 2024-03-07 14:46:10 --> Session: Class initialized using 'CodeIgniter\Session\Handlers\FileHandler' driver.
INFO - 2024-03-07 14:46:35 --> Session: Class initialized using 'CodeIgniter\Session\Handlers\FileHandler' driver.
INFO - 2024-03-07 14:46:45 --> Session: Class initialized using 'CodeIgniter\Session\Handlers\FileHandler' driver.
INFO - 2024-03-07 14:48:32 --> Session: Class initialized using 'CodeIgniter\Session\Handlers\FileHandler' driver.
INFO - 2024-03-07 14:49:21 --> Session: Class initialized using 'CodeIgniter\Session\Handlers\FileHandler' driver.
INFO - 2024-03-07 14:49:47 --> Session: Class initialized using 'CodeIgniter\Session\Handlers\FileHandler' driver.
INFO - 2024-03-07 14:50:16 --> Session: Class initialized using 'CodeIgniter\Session\Handlers\FileHandler' driver.
INFO - 2024-03-07 14:50:53 --> Session: Class initialized using 'CodeIgniter\Session\Handlers\FileHandler' driver.
INFO - 2024-03-07 14:51:22 --> Session: Class initialized using 'CodeIgniter\Session\Handlers\FileHandler' driver.
INFO - 2024-03-07 14:52:08 --> Session: Class initialized using 'CodeIgniter\Session\Handlers\FileHandler' driver.
INFO - 2024-03-07 14:52:19 --> Session: Class initialized using 'CodeIgniter\Session\Handlers\FileHandler' driver.
INFO - 2024-03-07 14:53:01 --> Session: Class initialized using 'CodeIgniter\Session\Handlers\FileHandler' driver.
INFO - 2024-03-07 14:53:07 --> Session: Class initialized using 'CodeIgniter\Session\Handlers\FileHandler' driver.
INFO - 2024-03-07 14:53:39 --> Session: Class initialized using 'CodeIgniter\Session\Handlers\FileHandler' driver.
INFO - 2024-03-07 14:54:05 --> Session: Class initialized using 'CodeIgniter\Session\Handlers\FileHandler' driver.
INFO - 2024-03-07 14:54:21 --> Session: Class initialized using 'CodeIgniter\Session\Handlers\FileHandler' driver.
INFO - 2024-03-07 14:54:41 --> Session: Class initialized using 'CodeIgniter\Session\Handlers\FileHandler' driver.
INFO - 2024-03-07 14:54:45 --> Session: Class initialized using 'CodeIgniter\Session\Handlers\FileHandler' driver.
INFO - 2024-03-07 14:55:01 --> Session: Class initialized using 'CodeIgniter\Session\Handlers\FileHandler' driver.
INFO - 2024-03-07 14:55:55 --> Session: Class initialized using 'CodeIgniter\Session\Handlers\FileHandler' driver.
CRITICAL - 2024-03-07 14:55:55 --> Array to string conversion
in APPPATH/Views/waterusage/daftarair.php on line 42.
 1 APPPATH/Views/waterusage/daftarair.php(42): CodeIgniter\Debug\Exceptions->errorHandler()
 2 SYSTEMPATH/View/View.php(228): include('/var/www/html/aparus/app/Views/waterusage/daftarair.php')
 3 SYSTEMPATH/View/View.php(231): CodeIgniter\View\View->CodeIgniter\View\{closure}()
 4 SYSTEMPATH/Common.php(1190): CodeIgniter\View\View->render()
 5 APPPATH/Controllers/Waterusage.php(44): view()
 6 SYSTEMPATH/CodeIgniter.php(942): App\Controllers\Waterusage->catatAir()
 7 SYSTEMPATH/CodeIgniter.php(502): CodeIgniter\CodeIgniter->runController()
 8 SYSTEMPATH/CodeIgniter.php(361): CodeIgniter\CodeIgniter->handleRequest()
 9 FCPATH/index.php(79): CodeIgniter\CodeIgniter->run()
10 SYSTEMPATH/Commands/Server/rewrite.php(47): require_once('/var/www/html/aparus/public/index.php')
INFO - 2024-03-07 14:56:34 --> Session: Class initialized using 'CodeIgniter\Session\Handlers\FileHandler' driver.
CRITICAL - 2024-03-07 14:56:34 --> Undefined variable $rusun
in APPPATH/Controllers/Waterusage.php on line 43.
 1 APPPATH/Controllers/Waterusage.php(43): CodeIgniter\Debug\Exceptions->errorHandler()
 2 SYSTEMPATH/CodeIgniter.php(942): App\Controllers\Waterusage->catatAir()
 3 SYSTEMPATH/CodeIgniter.php(502): CodeIgniter\CodeIgniter->runController()
 4 SYSTEMPATH/CodeIgniter.php(361): CodeIgniter\CodeIgniter->handleRequest()
 5 FCPATH/index.php(79): CodeIgniter\CodeIgniter->run()
 6 SYSTEMPATH/Commands/Server/rewrite.php(47): require_once('/var/www/html/aparus/public/index.php')
INFO - 2024-03-07 14:57:22 --> Session: Class initialized using 'CodeIgniter\Session\Handlers\FileHandler' driver.
CRITICAL - 2024-03-07 14:57:22 --> Undefined variable $rusun
in APPPATH/Controllers/Waterusage.php on line 43.
 1 APPPATH/Controllers/Waterusage.php(43): CodeIgniter\Debug\Exceptions->errorHandler()
 2 SYSTEMPATH/CodeIgniter.php(942): App\Controllers\Waterusage->catatAir()
 3 SYSTEMPATH/CodeIgniter.php(502): CodeIgniter\CodeIgniter->runController()
 4 SYSTEMPATH/CodeIgniter.php(361): CodeIgniter\CodeIgniter->handleRequest()
 5 FCPATH/index.php(79): CodeIgniter\CodeIgniter->run()
 6 SYSTEMPATH/Commands/Server/rewrite.php(47): require_once('/var/www/html/aparus/public/index.php')
INFO - 2024-03-07 14:57:41 --> Session: Class initialized using 'CodeIgniter\Session\Handlers\FileHandler' driver.
CRITICAL - 2024-03-07 14:57:41 --> Undefined variable $rusun
in APPPATH/Controllers/Waterusage.php on line 43.
 1 APPPATH/Controllers/Waterusage.php(43): CodeIgniter\Debug\Exceptions->errorHandler()
 2 SYSTEMPATH/CodeIgniter.php(942): App\Controllers\Waterusage->catatAir()
 3 SYSTEMPATH/CodeIgniter.php(502): CodeIgniter\CodeIgniter->runController()
 4 SYSTEMPATH/CodeIgniter.php(361): CodeIgniter\CodeIgniter->handleRequest()
 5 FCPATH/index.php(79): CodeIgniter\CodeIgniter->run()
 6 SYSTEMPATH/Commands/Server/rewrite.php(47): require_once('/var/www/html/aparus/public/index.php')
INFO - 2024-03-07 15:02:53 --> Session: Class initialized using 'CodeIgniter\Session\Handlers\FileHandler' driver.
CRITICAL - 2024-03-07 15:02:53 --> Attempt to read property "rusun_nama" on array
in APPPATH/Views/waterusage/daftarair.php on line 42.
 1 APPPATH/Views/waterusage/daftarair.php(42): CodeIgniter\Debug\Exceptions->errorHandler()
 2 SYSTEMPATH/View/View.php(228): include('/var/www/html/aparus/app/Views/waterusage/daftarair.php')
 3 SYSTEMPATH/View/View.php(231): CodeIgniter\View\View->CodeIgniter\View\{closure}()
 4 SYSTEMPATH/Common.php(1190): CodeIgniter\View\View->render()
 5 APPPATH/Controllers/Waterusage.php(47): view()
 6 SYSTEMPATH/CodeIgniter.php(942): App\Controllers\Waterusage->catatAir()
 7 SYSTEMPATH/CodeIgniter.php(502): CodeIgniter\CodeIgniter->runController()
 8 SYSTEMPATH/CodeIgniter.php(361): CodeIgniter\CodeIgniter->handleRequest()
 9 FCPATH/index.php(79): CodeIgniter\CodeIgniter->run()
10 SYSTEMPATH/Commands/Server/rewrite.php(47): require_once('/var/www/html/aparus/public/index.php')
INFO - 2024-03-07 15:03:26 --> Session: Class initialized using 'CodeIgniter\Session\Handlers\FileHandler' driver.
INFO - 2024-03-07 15:05:58 --> Session: Class initialized using 'CodeIgniter\Session\Handlers\FileHandler' driver.
INFO - 2024-03-07 15:06:10 --> Session: Class initialized using 'CodeIgniter\Session\Handlers\FileHandler' driver.
INFO - 2024-03-07 15:06:27 --> Session: Class initialized using 'CodeIgniter\Session\Handlers\FileHandler' driver.
INFO - 2024-03-07 15:06:47 --> Session: Class initialized using 'CodeIgniter\Session\Handlers\FileHandler' driver.
INFO - 2024-03-07 15:07:18 --> Session: Class initialized using 'CodeIgniter\Session\Handlers\FileHandler' driver.
INFO - 2024-03-07 15:07:38 --> Session: Class initialized using 'CodeIgniter\Session\Handlers\FileHandler' driver.
INFO - 2024-03-07 15:08:06 --> Session: Class initialized using 'CodeIgniter\Session\Handlers\FileHandler' driver.
INFO - 2024-03-07 15:09:07 --> Session: Class initialized using 'CodeIgniter\Session\Handlers\FileHandler' driver.
INFO - 2024-03-07 15:09:24 --> Session: Class initialized using 'CodeIgniter\Session\Handlers\FileHandler' driver.
INFO - 2024-03-07 15:10:04 --> Session: Class initialized using 'CodeIgniter\Session\Handlers\FileHandler' driver.
INFO - 2024-03-07 15:10:16 --> Session: Class initialized using 'CodeIgniter\Session\Handlers\FileHandler' driver.
INFO - 2024-03-07 15:10:22 --> Session: Class initialized using 'CodeIgniter\Session\Handlers\FileHandler' driver.
INFO - 2024-03-07 15:11:21 --> Session: Class initialized using 'CodeIgniter\Session\Handlers\FileHandler' driver.
INFO - 2024-03-07 15:11:58 --> Session: Class initialized using 'CodeIgniter\Session\Handlers\FileHandler' driver.
INFO - 2024-03-07 15:12:05 --> Session: Class initialized using 'CodeIgniter\Session\Handlers\FileHandler' driver.
INFO - 2024-03-07 15:12:41 --> Session: Class initialized using 'CodeIgniter\Session\Handlers\FileHandler' driver.
INFO - 2024-03-07 15:12:46 --> Session: Class initialized using 'CodeIgniter\Session\Handlers\FileHandler' driver.
INFO - 2024-03-07 15:14:58 --> Session: Class initialized using 'CodeIgniter\Session\Handlers\FileHandler' driver.
INFO - 2024-03-07 15:15:51 --> Session: Class initialized using 'CodeIgniter\Session\Handlers\FileHandler' driver.
INFO - 2024-03-07 15:16:18 --> Session: Class initialized using 'CodeIgniter\Session\Handlers\FileHandler' driver.
INFO - 2024-03-07 15:16:59 --> Session: Class initialized using 'CodeIgniter\Session\Handlers\FileHandler' driver.
INFO - 2024-03-07 15:17:23 --> Session: Class initialized using 'CodeIgniter\Session\Handlers\FileHandler' driver.
INFO - 2024-03-07 15:17:47 --> Session: Class initialized using 'CodeIgniter\Session\Handlers\FileHandler' driver.
INFO - 2024-03-07 15:19:33 --> Session: Class initialized using 'CodeIgniter\Session\Handlers\FileHandler' driver.
INFO - 2024-03-07 15:19:49 --> Session: Class initialized using 'CodeIgniter\Session\Handlers\FileHandler' driver.
INFO - 2024-03-07 15:21:32 --> Session: Class initialized using 'CodeIgniter\Session\Handlers\FileHandler' driver.
INFO - 2024-03-07 15:23:22 --> Session: Class initialized using 'CodeIgniter\Session\Handlers\FileHandler' driver.
INFO - 2024-03-07 15:23:30 --> Session: Class initialized using 'CodeIgniter\Session\Handlers\FileHandler' driver.
INFO - 2024-03-07 15:23:32 --> Session: Class initialized using 'CodeIgniter\Session\Handlers\FileHandler' driver.
INFO - 2024-03-07 15:23:44 --> Session: Class initialized using 'CodeIgniter\Session\Handlers\FileHandler' driver.
INFO - 2024-03-07 15:23:46 --> Session: Class initialized using 'CodeIgniter\Session\Handlers\FileHandler' driver.
INFO - 2024-03-07 15:23:51 --> Session: Class initialized using 'CodeIgniter\Session\Handlers\FileHandler' driver.
INFO - 2024-03-07 15:23:56 --> Session: Class initialized using 'CodeIgniter\Session\Handlers\FileHandler' driver.
WARNING - 2024-03-07 15:23:56 --> [DEPRECATED] strtolower(): Passing null to parameter #1 ($string) of type string is deprecated in APPPATH/Views/users/role.php on line 62.
 1 APPPATH/Views/users/role.php(62): strtolower(null)
 2 [internal function]: CodeIgniter\View\View->{closure}([...])
 3 APPPATH/Views/users/role.php(63): array_filter([...], Object(Closure))
 4 SYSTEMPATH/View/View.php(228): include('/var/www/html/aparus/app/Views/users/role.php')
 5 SYSTEMPATH/View/View.php(231): CodeIgniter\View\View->CodeIgniter\View\{closure}()
 6 SYSTEMPATH/Common.php(1190): CodeIgniter\View\View->render('users/role', [], true)
 7 APPPATH/Controllers/Users.php(219): view('users/role', [...])
 8 SYSTEMPATH/CodeIgniter.php(942): App\Controllers\Users->role()
 9 SYSTEMPATH/CodeIgniter.php(502): CodeIgniter\CodeIgniter->runController(Object(App\Controllers\Users))
10 SYSTEMPATH/CodeIgniter.php(361): CodeIgniter\CodeIgniter->handleRequest(null, Object(Config\Cache), false)
11 FCPATH/index.php(79): CodeIgniter\CodeIgniter->run()
12 SYSTEMPATH/Commands/Server/rewrite.php(47): require_once('/var/www/html/aparus/public/index.php')
WARNING - 2024-03-07 15:23:56 --> [DEPRECATED] strtolower(): Passing null to parameter #1 ($string) of type string is deprecated in APPPATH/Views/users/role.php on line 62.
 1 APPPATH/Views/users/role.php(62): strtolower(null)
 2 [internal function]: CodeIgniter\View\View->{closure}([...])
 3 APPPATH/Views/users/role.php(63): array_filter([...], Object(Closure))
 4 SYSTEMPATH/View/View.php(228): include('/var/www/html/aparus/app/Views/users/role.php')
 5 SYSTEMPATH/View/View.php(231): CodeIgniter\View\View->CodeIgniter\View\{closure}()
 6 SYSTEMPATH/Common.php(1190): CodeIgniter\View\View->render('users/role', [], true)
 7 APPPATH/Controllers/Users.php(219): view('users/role', [...])
 8 SYSTEMPATH/CodeIgniter.php(942): App\Controllers\Users->role()
 9 SYSTEMPATH/CodeIgniter.php(502): CodeIgniter\CodeIgniter->runController(Object(App\Controllers\Users))
10 SYSTEMPATH/CodeIgniter.php(361): CodeIgniter\CodeIgniter->handleRequest(null, Object(Config\Cache), false)
11 FCPATH/index.php(79): CodeIgniter\CodeIgniter->run()
12 SYSTEMPATH/Commands/Server/rewrite.php(47): require_once('/var/www/html/aparus/public/index.php')
WARNING - 2024-03-07 15:23:56 --> [DEPRECATED] strtolower(): Passing null to parameter #1 ($string) of type string is deprecated in APPPATH/Views/users/role.php on line 62.
 1 APPPATH/Views/users/role.php(62): strtolower(null)
 2 [internal function]: CodeIgniter\View\View->{closure}([...])
 3 APPPATH/Views/users/role.php(63): array_filter([...], Object(Closure))
 4 SYSTEMPATH/View/View.php(228): include('/var/www/html/aparus/app/Views/users/role.php')
 5 SYSTEMPATH/View/View.php(231): CodeIgniter\View\View->CodeIgniter\View\{closure}()
 6 SYSTEMPATH/Common.php(1190): CodeIgniter\View\View->render('users/role', [], true)
 7 APPPATH/Controllers/Users.php(219): view('users/role', [...])
 8 SYSTEMPATH/CodeIgniter.php(942): App\Controllers\Users->role()
 9 SYSTEMPATH/CodeIgniter.php(502): CodeIgniter\CodeIgniter->runController(Object(App\Controllers\Users))
10 SYSTEMPATH/CodeIgniter.php(361): CodeIgniter\CodeIgniter->handleRequest(null, Object(Config\Cache), false)
11 FCPATH/index.php(79): CodeIgniter\CodeIgniter->run()
12 SYSTEMPATH/Commands/Server/rewrite.php(47): require_once('/var/www/html/aparus/public/index.php')
WARNING - 2024-03-07 15:23:56 --> [DEPRECATED] strtolower(): Passing null to parameter #1 ($string) of type string is deprecated in APPPATH/Views/users/role.php on line 62.
 1 APPPATH/Views/users/role.php(62): strtolower(null)
 2 [internal function]: CodeIgniter\View\View->{closure}([...])
 3 APPPATH/Views/users/role.php(63): array_filter([...], Object(Closure))
 4 SYSTEMPATH/View/View.php(228): include('/var/www/html/aparus/app/Views/users/role.php')
 5 SYSTEMPATH/View/View.php(231): CodeIgniter\View\View->CodeIgniter\View\{closure}()
 6 SYSTEMPATH/Common.php(1190): CodeIgniter\View\View->render('users/role', [], true)
 7 APPPATH/Controllers/Users.php(219): view('users/role', [...])
 8 SYSTEMPATH/CodeIgniter.php(942): App\Controllers\Users->role()
 9 SYSTEMPATH/CodeIgniter.php(502): CodeIgniter\CodeIgniter->runController(Object(App\Controllers\Users))
10 SYSTEMPATH/CodeIgniter.php(361): CodeIgniter\CodeIgniter->handleRequest(null, Object(Config\Cache), false)
11 FCPATH/index.php(79): CodeIgniter\CodeIgniter->run()
12 SYSTEMPATH/Commands/Server/rewrite.php(47): require_once('/var/www/html/aparus/public/index.php')
WARNING - 2024-03-07 15:23:56 --> [DEPRECATED] strtolower(): Passing null to parameter #1 ($string) of type string is deprecated in APPPATH/Views/users/role.php on line 62.
 1 APPPATH/Views/users/role.php(62): strtolower(null)
 2 [internal function]: CodeIgniter\View\View->{closure}([...])
 3 APPPATH/Views/users/role.php(63): array_filter([...], Object(Closure))
 4 SYSTEMPATH/View/View.php(228): include('/var/www/html/aparus/app/Views/users/role.php')
 5 SYSTEMPATH/View/View.php(231): CodeIgniter\View\View->CodeIgniter\View\{closure}()
 6 SYSTEMPATH/Common.php(1190): CodeIgniter\View\View->render('users/role', [], true)
 7 APPPATH/Controllers/Users.php(219): view('users/role', [...])
 8 SYSTEMPATH/CodeIgniter.php(942): App\Controllers\Users->role()
 9 SYSTEMPATH/CodeIgniter.php(502): CodeIgniter\CodeIgniter->runController(Object(App\Controllers\Users))
10 SYSTEMPATH/CodeIgniter.php(361): CodeIgniter\CodeIgniter->handleRequest(null, Object(Config\Cache), false)
11 FCPATH/index.php(79): CodeIgniter\CodeIgniter->run()
12 SYSTEMPATH/Commands/Server/rewrite.php(47): require_once('/var/www/html/aparus/public/index.php')
INFO - 2024-03-07 15:27:13 --> Session: Class initialized using 'CodeIgniter\Session\Handlers\FileHandler' driver.
INFO - 2024-03-07 15:27:16 --> Session: Class initialized using 'CodeIgniter\Session\Handlers\FileHandler' driver.
INFO - 2024-03-07 15:27:18 --> Session: Class initialized using 'CodeIgniter\Session\Handlers\FileHandler' driver.
CRITICAL - 2024-03-07 15:27:18 --> Undefined variable $users
in APPPATH/Views/waterusage/daftarair.php on line 52.
 1 APPPATH/Views/waterusage/daftarair.php(52): CodeIgniter\Debug\Exceptions->errorHandler()
 2 SYSTEMPATH/View/View.php(228): include('/var/www/html/aparus/app/Views/waterusage/daftarair.php')
 3 SYSTEMPATH/View/View.php(231): CodeIgniter\View\View->CodeIgniter\View\{closure}()
 4 SYSTEMPATH/Common.php(1190): CodeIgniter\View\View->render()
 5 APPPATH/Controllers/Waterusage.php(46): view()
 6 SYSTEMPATH/CodeIgniter.php(942): App\Controllers\Waterusage->catatAir()
 7 SYSTEMPATH/CodeIgniter.php(502): CodeIgniter\CodeIgniter->runController()
 8 SYSTEMPATH/CodeIgniter.php(361): CodeIgniter\CodeIgniter->handleRequest()
 9 FCPATH/index.php(79): CodeIgniter\CodeIgniter->run()
10 SYSTEMPATH/Commands/Server/rewrite.php(47): require_once('/var/www/html/aparus/public/index.php')
INFO - 2024-03-07 15:31:09 --> Session: Class initialized using 'CodeIgniter\Session\Handlers\FileHandler' driver.
CRITICAL - 2024-03-07 15:31:09 --> Undefined variable $kamar
in APPPATH/Views/waterusage/daftarair.php on line 52.
 1 APPPATH/Views/waterusage/daftarair.php(52): CodeIgniter\Debug\Exceptions->errorHandler()
 2 SYSTEMPATH/View/View.php(228): include('/var/www/html/aparus/app/Views/waterusage/daftarair.php')
 3 SYSTEMPATH/View/View.php(231): CodeIgniter\View\View->CodeIgniter\View\{closure}()
 4 SYSTEMPATH/Common.php(1190): CodeIgniter\View\View->render()
 5 APPPATH/Controllers/Waterusage.php(50): view()
 6 SYSTEMPATH/CodeIgniter.php(942): App\Controllers\Waterusage->catatAir()
 7 SYSTEMPATH/CodeIgniter.php(502): CodeIgniter\CodeIgniter->runController()
 8 SYSTEMPATH/CodeIgniter.php(361): CodeIgniter\CodeIgniter->handleRequest()
 9 FCPATH/index.php(79): CodeIgniter\CodeIgniter->run()
10 SYSTEMPATH/Commands/Server/rewrite.php(47): require_once('/var/www/html/aparus/public/index.php')
INFO - 2024-03-07 15:31:27 --> Session: Class initialized using 'CodeIgniter\Session\Handlers\FileHandler' driver.
CRITICAL - 2024-03-07 15:31:27 --> Undefined variable $u
in APPPATH/Views/waterusage/daftarair.php on line 53.
 1 APPPATH/Views/waterusage/daftarair.php(53): CodeIgniter\Debug\Exceptions->errorHandler()
 2 SYSTEMPATH/View/View.php(228): include('/var/www/html/aparus/app/Views/waterusage/daftarair.php')
 3 SYSTEMPATH/View/View.php(231): CodeIgniter\View\View->CodeIgniter\View\{closure}()
 4 SYSTEMPATH/Common.php(1190): CodeIgniter\View\View->render()
 5 APPPATH/Controllers/Waterusage.php(50): view()
 6 SYSTEMPATH/CodeIgniter.php(942): App\Controllers\Waterusage->catatAir()
 7 SYSTEMPATH/CodeIgniter.php(502): CodeIgniter\CodeIgniter->runController()
 8 SYSTEMPATH/CodeIgniter.php(361): CodeIgniter\CodeIgniter->handleRequest()
 9 FCPATH/index.php(79): CodeIgniter\CodeIgniter->run()
10 SYSTEMPATH/Commands/Server/rewrite.php(47): require_once('/var/www/html/aparus/public/index.php')
INFO - 2024-03-07 15:31:50 --> Session: Class initialized using 'CodeIgniter\Session\Handlers\FileHandler' driver.
CRITICAL - 2024-03-07 15:31:50 --> Undefined array key "kamar_nama"
in APPPATH/Views/waterusage/daftarair.php on line 53.
 1 APPPATH/Views/waterusage/daftarair.php(53): CodeIgniter\Debug\Exceptions->errorHandler()
 2 SYSTEMPATH/View/View.php(228): include('/var/www/html/aparus/app/Views/waterusage/daftarair.php')
 3 SYSTEMPATH/View/View.php(231): CodeIgniter\View\View->CodeIgniter\View\{closure}()
 4 SYSTEMPATH/Common.php(1190): CodeIgniter\View\View->render()
 5 APPPATH/Controllers/Waterusage.php(50): view()
 6 SYSTEMPATH/CodeIgniter.php(942): App\Controllers\Waterusage->catatAir()
 7 SYSTEMPATH/CodeIgniter.php(502): CodeIgniter\CodeIgniter->runController()
 8 SYSTEMPATH/CodeIgniter.php(361): CodeIgniter\CodeIgniter->handleRequest()
 9 FCPATH/index.php(79): CodeIgniter\CodeIgniter->run()
10 SYSTEMPATH/Commands/Server/rewrite.php(47): require_once('/var/www/html/aparus/public/index.php')
INFO - 2024-03-07 15:32:16 --> Session: Class initialized using 'CodeIgniter\Session\Handlers\FileHandler' driver.
CRITICAL - 2024-03-07 15:32:16 --> Cannot access offset of type string on string
in APPPATH/Views/waterusage/daftarair.php on line 68.
 1 SYSTEMPATH/View/View.php(228): include()
 2 SYSTEMPATH/View/View.php(231): CodeIgniter\View\View->CodeIgniter\View\{closure}()
 3 SYSTEMPATH/Common.php(1190): CodeIgniter\View\View->render()
 4 APPPATH/Controllers/Waterusage.php(50): view()
 5 SYSTEMPATH/CodeIgniter.php(942): App\Controllers\Waterusage->catatAir()
 6 SYSTEMPATH/CodeIgniter.php(502): CodeIgniter\CodeIgniter->runController()
 7 SYSTEMPATH/CodeIgniter.php(361): CodeIgniter\CodeIgniter->handleRequest()
 8 FCPATH/index.php(79): CodeIgniter\CodeIgniter->run()
 9 SYSTEMPATH/Commands/Server/rewrite.php(47): require_once('/var/www/html/aparus/public/index.php')
INFO - 2024-03-07 15:32:45 --> Session: Class initialized using 'CodeIgniter\Session\Handlers\FileHandler' driver.
INFO - 2024-03-07 15:33:52 --> Session: Class initialized using 'CodeIgniter\Session\Handlers\FileHandler' driver.
INFO - 2024-03-07 15:34:09 --> Session: Class initialized using 'CodeIgniter\Session\Handlers\FileHandler' driver.
INFO - 2024-03-07 15:34:50 --> Session: Class initialized using 'CodeIgniter\Session\Handlers\FileHandler' driver.
INFO - 2024-03-07 15:37:09 --> Session: Class initialized using 'CodeIgniter\Session\Handlers\FileHandler' driver.
INFO - 2024-03-07 15:37:18 --> Session: Class initialized using 'CodeIgniter\Session\Handlers\FileHandler' driver.
