INFO - 2025-02-13 04:22:20 --> Session: Class initialized using 'CodeIgniter\Session\Handlers\FileHandler' driver.
INFO - 2025-02-13 04:22:20 --> Session: Class initialized using 'CodeIgniter\Session\Handlers\FileHandler' driver.
WARNING - 2025-02-13 04:22:20 --> [DEPRECATED] Creation of dynamic property App\Controllers\Auth::$session is deprecated in APPPATH\Controllers\BaseController.php on line 56.
 1 SYSTEMPATH\CodeIgniter.php(915): App\Controllers\BaseController->initController(Object(CodeIgniter\HTTP\IncomingRequest), Object(CodeIgniter\HTTP\Response), Object(CodeIgniter\Log\Logger))
 2 SYSTEMPATH\CodeIgniter.php(493): CodeIgniter\CodeIgniter->createController()
 3 SYSTEMPATH\CodeIgniter.php(361): CodeIgniter\CodeIgniter->handleRequest(null, Object(Config\Cache), false)
 4 FCPATH\index.php(79): CodeIgniter\CodeIgniter->run()
 5 SYSTEMPATH\Commands\Server\rewrite.php(47): require_once('C:\\2023project\\aparus3\\public\\index.php')
INFO - 2025-02-13 04:23:10 --> Session: Class initialized using 'CodeIgniter\Session\Handlers\FileHandler' driver.
WARNING - 2025-02-13 04:23:10 --> [DEPRECATED] Creation of dynamic property App\Controllers\Auth::$session is deprecated in APPPATH\Controllers\BaseController.php on line 56.
 1 SYSTEMPATH\CodeIgniter.php(915): App\Controllers\BaseController->initController(Object(CodeIgniter\HTTP\IncomingRequest), Object(CodeIgniter\HTTP\Response), Object(CodeIgniter\Log\Logger))
 2 SYSTEMPATH\CodeIgniter.php(493): CodeIgniter\CodeIgniter->createController()
 3 SYSTEMPATH\CodeIgniter.php(361): CodeIgniter\CodeIgniter->handleRequest(null, Object(Config\Cache), false)
 4 FCPATH\index.php(79): CodeIgniter\CodeIgniter->run()
 5 SYSTEMPATH\Commands\Server\rewrite.php(47): require_once('C:\\2023project\\aparus3\\public\\index.php')
INFO - 2025-02-13 04:23:18 --> Session: Class initialized using 'CodeIgniter\Session\Handlers\FileHandler' driver.
WARNING - 2025-02-13 04:23:18 --> [DEPRECATED] Creation of dynamic property App\Controllers\Auth::$session is deprecated in APPPATH\Controllers\BaseController.php on line 56.
 1 SYSTEMPATH\CodeIgniter.php(915): App\Controllers\BaseController->initController(Object(CodeIgniter\HTTP\IncomingRequest), Object(CodeIgniter\HTTP\Response), Object(CodeIgniter\Log\Logger))
 2 SYSTEMPATH\CodeIgniter.php(493): CodeIgniter\CodeIgniter->createController()
 3 SYSTEMPATH\CodeIgniter.php(361): CodeIgniter\CodeIgniter->handleRequest(null, Object(Config\Cache), false)
 4 FCPATH\index.php(79): CodeIgniter\CodeIgniter->run()
 5 SYSTEMPATH\Commands\Server\rewrite.php(47): require_once('C:\\2023project\\aparus3\\public\\index.php')
ERROR - 2025-02-13 04:23:18 --> Error connecting to the database: mysqli_sql_exception: Unknown database 'aparus3' in C:\2023project\aparus3\system\Database\MySQLi\Connection.php:184
Stack trace:
#0 C:\2023project\aparus3\system\Database\MySQLi\Connection.php(184): mysqli->real_connect('localhost', 'root', Object(SensitiveParameterValue), 'aparus3', 3306, '', 0)
#1 C:\2023project\aparus3\system\Database\BaseConnection.php(392): CodeIgniter\Database\MySQLi\Connection->connect(false)
#2 C:\2023project\aparus3\system\Database\BaseConnection.php(575): CodeIgniter\Database\BaseConnection->initialize()
#3 C:\2023project\aparus3\system\Database\BaseBuilder.php(1615): CodeIgniter\Database\BaseConnection->query('SELECT *\nFROM `...', Array, false)
#4 C:\2023project\aparus3\system\Model.php(264): CodeIgniter\Database\BaseBuilder->get()
#5 C:\2023project\aparus3\system\BaseModel.php(662): CodeIgniter\Model->doFirst()
#6 C:\2023project\aparus3\app\Controllers\Auth.php(126): CodeIgniter\BaseModel->first()
#7 C:\2023project\aparus3\system\CodeIgniter.php(942): App\Controllers\Auth->verify()
#8 C:\2023project\aparus3\system\CodeIgniter.php(502): CodeIgniter\CodeIgniter->runController(Object(App\Controllers\Auth))
#9 C:\2023project\aparus3\system\CodeIgniter.php(361): CodeIgniter\CodeIgniter->handleRequest(NULL, Object(Config\Cache), false)
#10 C:\2023project\aparus3\public\index.php(79): CodeIgniter\CodeIgniter->run()
#11 C:\2023project\aparus3\system\Commands\Server\rewrite.php(47): require_once('C:\\2023project\\...')
#12 {main}

Next CodeIgniter\Database\Exceptions\DatabaseException: Unknown database 'aparus3' in C:\2023project\aparus3\system\Database\MySQLi\Connection.php:229
Stack trace:
#0 C:\2023project\aparus3\system\Database\BaseConnection.php(392): CodeIgniter\Database\MySQLi\Connection->connect(false)
#1 C:\2023project\aparus3\system\Database\BaseConnection.php(575): CodeIgniter\Database\BaseConnection->initialize()
#2 C:\2023project\aparus3\system\Database\BaseBuilder.php(1615): CodeIgniter\Database\BaseConnection->query('SELECT *\nFROM `...', Array, false)
#3 C:\2023project\aparus3\system\Model.php(264): CodeIgniter\Database\BaseBuilder->get()
#4 C:\2023project\aparus3\system\BaseModel.php(662): CodeIgniter\Model->doFirst()
#5 C:\2023project\aparus3\app\Controllers\Auth.php(126): CodeIgniter\BaseModel->first()
#6 C:\2023project\aparus3\system\CodeIgniter.php(942): App\Controllers\Auth->verify()
#7 C:\2023project\aparus3\system\CodeIgniter.php(502): CodeIgniter\CodeIgniter->runController(Object(App\Controllers\Auth))
#8 C:\2023project\aparus3\system\CodeIgniter.php(361): CodeIgniter\CodeIgniter->handleRequest(NULL, Object(Config\Cache), false)
#9 C:\2023project\aparus3\public\index.php(79): CodeIgniter\CodeIgniter->run()
#10 C:\2023project\aparus3\system\Commands\Server\rewrite.php(47): require_once('C:\\2023project\\...')
#11 {main}
CRITICAL - 2025-02-13 04:23:18 --> Unable to connect to the database.
Main connection [MySQLi]: Unknown database 'aparus3'
in SYSTEMPATH\Database\BaseConnection.php on line 428.
 1 SYSTEMPATH\Database\BaseConnection.php(575): CodeIgniter\Database\BaseConnection->initialize()
 2 SYSTEMPATH\Database\BaseBuilder.php(1615): CodeIgniter\Database\BaseConnection->query('SELECT *
FROM `aprs_user`
WHERE `user_nick` = :user_nick:
 LIMIT 1', [...], false)
 3 SYSTEMPATH\Model.php(264): CodeIgniter\Database\BaseBuilder->get()
 4 SYSTEMPATH\BaseModel.php(662): CodeIgniter\Model->doFirst()
 5 APPPATH\Controllers\Auth.php(126): CodeIgniter\BaseModel->first()
 6 SYSTEMPATH\CodeIgniter.php(942): App\Controllers\Auth->verify()
 7 SYSTEMPATH\CodeIgniter.php(502): CodeIgniter\CodeIgniter->runController(Object(App\Controllers\Auth))
 8 SYSTEMPATH\CodeIgniter.php(361): CodeIgniter\CodeIgniter->handleRequest(null, Object(Config\Cache), false)
 9 FCPATH\index.php(79): CodeIgniter\CodeIgniter->run()
10 SYSTEMPATH\Commands\Server\rewrite.php(47): require_once('C:\\2023project\\aparus3\\public\\index.php')
INFO - 2025-02-13 04:26:43 --> Session: Class initialized using 'CodeIgniter\Session\Handlers\FileHandler' driver.
WARNING - 2025-02-13 04:26:43 --> [DEPRECATED] Creation of dynamic property App\Controllers\Auth::$session is deprecated in APPPATH\Controllers\BaseController.php on line 56.
 1 SYSTEMPATH\CodeIgniter.php(915): App\Controllers\BaseController->initController(Object(CodeIgniter\HTTP\IncomingRequest), Object(CodeIgniter\HTTP\Response), Object(CodeIgniter\Log\Logger))
 2 SYSTEMPATH\CodeIgniter.php(493): CodeIgniter\CodeIgniter->createController()
 3 SYSTEMPATH\CodeIgniter.php(361): CodeIgniter\CodeIgniter->handleRequest(null, Object(Config\Cache), false)
 4 FCPATH\index.php(79): CodeIgniter\CodeIgniter->run()
 5 SYSTEMPATH\Commands\Server\rewrite.php(47): require_once('C:\\2023project\\aparus3\\public\\index.php')
INFO - 2025-02-13 04:26:43 --> Session: Class initialized using 'CodeIgniter\Session\Handlers\FileHandler' driver.
WARNING - 2025-02-13 04:26:43 --> [DEPRECATED] Creation of dynamic property App\Controllers\Shortcut::$session is deprecated in APPPATH\Controllers\BaseController.php on line 56.
 1 SYSTEMPATH\View\Cell.php(96): App\Controllers\BaseController->initController(Object(CodeIgniter\HTTP\IncomingRequest), Object(CodeIgniter\HTTP\Response), Object(CodeIgniter\Log\Logger))
 2 SYSTEMPATH\Common.php(1206): CodeIgniter\View\Cell->render('App\\Controllers\\Shortcut::loadShortcut', [], 0, 'AppControllersShortcutloadShortcut40cd750bba9870f18aada2478b24840a')
 3 APPPATH\Views\partials\topbar.php(157): view_cell('App\\Controllers\\Shortcut::loadShortcut')
 4 SYSTEMPATH\View\View.php(228): include('C:\\2023project\\aparus3\\app\\Views\\partials\\topbar.php')
 5 SYSTEMPATH\View\View.php(231): CodeIgniter\View\View->CodeIgniter\View\{closure}()
 6 SYSTEMPATH\View\View.php(469): CodeIgniter\View\View->render('partials/topbar', null, true)
 7 APPPATH\Views\partials\menu.php(1): CodeIgniter\View\View->include('partials/topbar')
 8 SYSTEMPATH\View\View.php(228): include('C:\\2023project\\aparus3\\app\\Views\\partials\\menu.php')
 9 SYSTEMPATH\View\View.php(231): CodeIgniter\View\View->CodeIgniter\View\{closure}()
10 SYSTEMPATH\View\View.php(469): CodeIgniter\View\View->render('partials/menu', null, true)
11 APPPATH\Views\dashboard.php(16): CodeIgniter\View\View->include('partials/menu')
12 SYSTEMPATH\View\View.php(228): include('C:\\2023project\\aparus3\\app\\Views\\dashboard.php')
13 SYSTEMPATH\View\View.php(231): CodeIgniter\View\View->CodeIgniter\View\{closure}()
14 SYSTEMPATH\Common.php(1190): CodeIgniter\View\View->render('dashboard', [], true)
15 APPPATH\Controllers\Dashboard.php(12): view('dashboard', [...])
16 SYSTEMPATH\CodeIgniter.php(942): App\Controllers\Dashboard->index()
17 SYSTEMPATH\CodeIgniter.php(502): CodeIgniter\CodeIgniter->runController(Object(App\Controllers\Dashboard))
18 SYSTEMPATH\CodeIgniter.php(361): CodeIgniter\CodeIgniter->handleRequest(null, Object(Config\Cache), false)
19 FCPATH\index.php(79): CodeIgniter\CodeIgniter->run()
20 SYSTEMPATH\Commands\Server\rewrite.php(47): require_once('C:\\2023project\\aparus3\\public\\index.php')
INFO - 2025-02-13 04:26:54 --> Session: Class initialized using 'CodeIgniter\Session\Handlers\FileHandler' driver.
WARNING - 2025-02-13 04:26:54 --> [DEPRECATED] Creation of dynamic property App\Controllers\Penghuni::$session is deprecated in APPPATH\Controllers\BaseController.php on line 56.
 1 SYSTEMPATH\CodeIgniter.php(915): App\Controllers\BaseController->initController(Object(CodeIgniter\HTTP\IncomingRequest), Object(CodeIgniter\HTTP\Response), Object(CodeIgniter\Log\Logger))
 2 SYSTEMPATH\CodeIgniter.php(493): CodeIgniter\CodeIgniter->createController()
 3 SYSTEMPATH\CodeIgniter.php(361): CodeIgniter\CodeIgniter->handleRequest(null, Object(Config\Cache), false)
 4 FCPATH\index.php(79): CodeIgniter\CodeIgniter->run()
 5 SYSTEMPATH\Commands\Server\rewrite.php(47): require_once('C:\\2023project\\aparus3\\public\\index.php')
WARNING - 2025-02-13 04:26:54 --> [DEPRECATED] Creation of dynamic property App\Controllers\Shortcut::$session is deprecated in APPPATH\Controllers\BaseController.php on line 56.
 1 SYSTEMPATH\View\Cell.php(96): App\Controllers\BaseController->initController(Object(CodeIgniter\HTTP\IncomingRequest), Object(CodeIgniter\HTTP\Response), Object(CodeIgniter\Log\Logger))
 2 SYSTEMPATH\Common.php(1206): CodeIgniter\View\Cell->render('App\\Controllers\\Shortcut::loadShortcut', [], 0, 'AppControllersShortcutloadShortcut40cd750bba9870f18aada2478b24840a')
 3 APPPATH\Views\partials\topbar.php(157): view_cell('App\\Controllers\\Shortcut::loadShortcut')
 4 SYSTEMPATH\View\View.php(228): include('C:\\2023project\\aparus3\\app\\Views\\partials\\topbar.php')
 5 SYSTEMPATH\View\View.php(231): CodeIgniter\View\View->CodeIgniter\View\{closure}()
 6 SYSTEMPATH\View\View.php(469): CodeIgniter\View\View->render('partials/topbar', null, true)
 7 APPPATH\Views\partials\menu.php(1): CodeIgniter\View\View->include('partials/topbar')
 8 SYSTEMPATH\View\View.php(228): include('C:\\2023project\\aparus3\\app\\Views\\partials\\menu.php')
 9 SYSTEMPATH\View\View.php(231): CodeIgniter\View\View->CodeIgniter\View\{closure}()
10 SYSTEMPATH\View\View.php(469): CodeIgniter\View\View->render('partials/menu', null, true)
11 APPPATH\Views\penghuni\list.php(18): CodeIgniter\View\View->include('partials/menu')
12 SYSTEMPATH\View\View.php(228): include('C:\\2023project\\aparus3\\app\\Views\\penghuni\\list.php')
13 SYSTEMPATH\View\View.php(231): CodeIgniter\View\View->CodeIgniter\View\{closure}()
14 SYSTEMPATH\Common.php(1190): CodeIgniter\View\View->render('penghuni/list', [], true)
15 APPPATH\Controllers\Penghuni.php(229): view('penghuni/list', [...])
16 SYSTEMPATH\CodeIgniter.php(942): App\Controllers\Penghuni->list()
17 SYSTEMPATH\CodeIgniter.php(502): CodeIgniter\CodeIgniter->runController(Object(App\Controllers\Penghuni))
18 SYSTEMPATH\CodeIgniter.php(361): CodeIgniter\CodeIgniter->handleRequest(null, Object(Config\Cache), false)
19 FCPATH\index.php(79): CodeIgniter\CodeIgniter->run()
20 SYSTEMPATH\Commands\Server\rewrite.php(47): require_once('C:\\2023project\\aparus3\\public\\index.php')
INFO - 2025-02-13 04:26:59 --> Session: Class initialized using 'CodeIgniter\Session\Handlers\FileHandler' driver.
WARNING - 2025-02-13 04:27:00 --> [DEPRECATED] Creation of dynamic property App\Controllers\Penghuni::$session is deprecated in APPPATH\Controllers\BaseController.php on line 56.
 1 SYSTEMPATH\CodeIgniter.php(915): App\Controllers\BaseController->initController(Object(CodeIgniter\HTTP\IncomingRequest), Object(CodeIgniter\HTTP\Response), Object(CodeIgniter\Log\Logger))
 2 SYSTEMPATH\CodeIgniter.php(493): CodeIgniter\CodeIgniter->createController()
 3 SYSTEMPATH\CodeIgniter.php(361): CodeIgniter\CodeIgniter->handleRequest(null, Object(Config\Cache), false)
 4 FCPATH\index.php(79): CodeIgniter\CodeIgniter->run()
 5 SYSTEMPATH\Commands\Server\rewrite.php(47): require_once('C:\\2023project\\aparus3\\public\\index.php')
WARNING - 2025-02-13 04:27:00 --> [DEPRECATED] Creation of dynamic property App\Controllers\Shortcut::$session is deprecated in APPPATH\Controllers\BaseController.php on line 56.
 1 SYSTEMPATH\View\Cell.php(96): App\Controllers\BaseController->initController(Object(CodeIgniter\HTTP\IncomingRequest), Object(CodeIgniter\HTTP\Response), Object(CodeIgniter\Log\Logger))
 2 SYSTEMPATH\Common.php(1206): CodeIgniter\View\Cell->render('App\\Controllers\\Shortcut::loadShortcut', [], 0, 'AppControllersShortcutloadShortcut40cd750bba9870f18aada2478b24840a')
 3 APPPATH\Views\partials\topbar.php(157): view_cell('App\\Controllers\\Shortcut::loadShortcut')
 4 SYSTEMPATH\View\View.php(228): include('C:\\2023project\\aparus3\\app\\Views\\partials\\topbar.php')
 5 SYSTEMPATH\View\View.php(231): CodeIgniter\View\View->CodeIgniter\View\{closure}()
 6 SYSTEMPATH\View\View.php(469): CodeIgniter\View\View->render('partials/topbar', null, true)
 7 APPPATH\Views\partials\menu.php(1): CodeIgniter\View\View->include('partials/topbar')
 8 SYSTEMPATH\View\View.php(228): include('C:\\2023project\\aparus3\\app\\Views\\partials\\menu.php')
 9 SYSTEMPATH\View\View.php(231): CodeIgniter\View\View->CodeIgniter\View\{closure}()
10 SYSTEMPATH\View\View.php(469): CodeIgniter\View\View->render('partials/menu', null, true)
11 APPPATH\Views\penghuni\tambah.php(18): CodeIgniter\View\View->include('partials/menu')
12 SYSTEMPATH\View\View.php(228): include('C:\\2023project\\aparus3\\app\\Views\\penghuni\\tambah.php')
13 SYSTEMPATH\View\View.php(231): CodeIgniter\View\View->CodeIgniter\View\{closure}()
14 SYSTEMPATH\Common.php(1190): CodeIgniter\View\View->render('penghuni/tambah', [], true)
15 APPPATH\Controllers\Penghuni.php(238): view('penghuni/tambah', [...])
16 SYSTEMPATH\CodeIgniter.php(942): App\Controllers\Penghuni->baru()
17 SYSTEMPATH\CodeIgniter.php(502): CodeIgniter\CodeIgniter->runController(Object(App\Controllers\Penghuni))
18 SYSTEMPATH\CodeIgniter.php(361): CodeIgniter\CodeIgniter->handleRequest(null, Object(Config\Cache), false)
19 FCPATH\index.php(79): CodeIgniter\CodeIgniter->run()
20 SYSTEMPATH\Commands\Server\rewrite.php(47): require_once('C:\\2023project\\aparus3\\public\\index.php')
INFO - 2025-02-13 04:27:02 --> Session: Class initialized using 'CodeIgniter\Session\Handlers\FileHandler' driver.
WARNING - 2025-02-13 04:27:03 --> [DEPRECATED] Creation of dynamic property App\Controllers\Kontrak::$session is deprecated in APPPATH\Controllers\BaseController.php on line 56.
 1 SYSTEMPATH\CodeIgniter.php(915): App\Controllers\BaseController->initController(Object(CodeIgniter\HTTP\IncomingRequest), Object(CodeIgniter\HTTP\Response), Object(CodeIgniter\Log\Logger))
 2 SYSTEMPATH\CodeIgniter.php(493): CodeIgniter\CodeIgniter->createController()
 3 SYSTEMPATH\CodeIgniter.php(361): CodeIgniter\CodeIgniter->handleRequest(null, Object(Config\Cache), false)
 4 FCPATH\index.php(79): CodeIgniter\CodeIgniter->run()
 5 SYSTEMPATH\Commands\Server\rewrite.php(47): require_once('C:\\2023project\\aparus3\\public\\index.php')
WARNING - 2025-02-13 04:27:03 --> [DEPRECATED] Creation of dynamic property App\Controllers\Shortcut::$session is deprecated in APPPATH\Controllers\BaseController.php on line 56.
 1 SYSTEMPATH\View\Cell.php(96): App\Controllers\BaseController->initController(Object(CodeIgniter\HTTP\IncomingRequest), Object(CodeIgniter\HTTP\Response), Object(CodeIgniter\Log\Logger))
 2 SYSTEMPATH\Common.php(1206): CodeIgniter\View\Cell->render('App\\Controllers\\Shortcut::loadShortcut', [], 0, 'AppControllersShortcutloadShortcut40cd750bba9870f18aada2478b24840a')
 3 APPPATH\Views\partials\topbar.php(157): view_cell('App\\Controllers\\Shortcut::loadShortcut')
 4 SYSTEMPATH\View\View.php(228): include('C:\\2023project\\aparus3\\app\\Views\\partials\\topbar.php')
 5 SYSTEMPATH\View\View.php(231): CodeIgniter\View\View->CodeIgniter\View\{closure}()
 6 SYSTEMPATH\View\View.php(469): CodeIgniter\View\View->render('partials/topbar', null, true)
 7 APPPATH\Views\partials\menu.php(1): CodeIgniter\View\View->include('partials/topbar')
 8 SYSTEMPATH\View\View.php(228): include('C:\\2023project\\aparus3\\app\\Views\\partials\\menu.php')
 9 SYSTEMPATH\View\View.php(231): CodeIgniter\View\View->CodeIgniter\View\{closure}()
10 SYSTEMPATH\View\View.php(469): CodeIgniter\View\View->render('partials/menu', null, true)
11 APPPATH\Views\kontrak\permohonan-masuk.php(18): CodeIgniter\View\View->include('partials/menu')
12 SYSTEMPATH\View\View.php(228): include('C:\\2023project\\aparus3\\app\\Views\\kontrak\\permohonan-masuk.php')
13 SYSTEMPATH\View\View.php(231): CodeIgniter\View\View->CodeIgniter\View\{closure}()
14 SYSTEMPATH\Common.php(1190): CodeIgniter\View\View->render('kontrak/permohonan-masuk', [], true)
15 APPPATH\Controllers\Kontrak.php(60): view('kontrak/permohonan-masuk', [...])
16 SYSTEMPATH\CodeIgniter.php(942): App\Controllers\Kontrak->permohonanMasuk()
17 SYSTEMPATH\CodeIgniter.php(502): CodeIgniter\CodeIgniter->runController(Object(App\Controllers\Kontrak))
18 SYSTEMPATH\CodeIgniter.php(361): CodeIgniter\CodeIgniter->handleRequest(null, Object(Config\Cache), false)
19 FCPATH\index.php(79): CodeIgniter\CodeIgniter->run()
20 SYSTEMPATH\Commands\Server\rewrite.php(47): require_once('C:\\2023project\\aparus3\\public\\index.php')
INFO - 2025-02-13 04:27:08 --> Session: Class initialized using 'CodeIgniter\Session\Handlers\FileHandler' driver.
WARNING - 2025-02-13 04:27:08 --> [DEPRECATED] Creation of dynamic property App\Controllers\Kontrak::$session is deprecated in APPPATH\Controllers\BaseController.php on line 56.
 1 SYSTEMPATH\CodeIgniter.php(915): App\Controllers\BaseController->initController(Object(CodeIgniter\HTTP\IncomingRequest), Object(CodeIgniter\HTTP\Response), Object(CodeIgniter\Log\Logger))
 2 SYSTEMPATH\CodeIgniter.php(493): CodeIgniter\CodeIgniter->createController()
 3 SYSTEMPATH\CodeIgniter.php(361): CodeIgniter\CodeIgniter->handleRequest(null, Object(Config\Cache), false)
 4 FCPATH\index.php(79): CodeIgniter\CodeIgniter->run()
 5 SYSTEMPATH\Commands\Server\rewrite.php(47): require_once('C:\\2023project\\aparus3\\public\\index.php')
WARNING - 2025-02-13 04:27:08 --> [DEPRECATED] Creation of dynamic property App\Controllers\Shortcut::$session is deprecated in APPPATH\Controllers\BaseController.php on line 56.
 1 SYSTEMPATH\View\Cell.php(96): App\Controllers\BaseController->initController(Object(CodeIgniter\HTTP\IncomingRequest), Object(CodeIgniter\HTTP\Response), Object(CodeIgniter\Log\Logger))
 2 SYSTEMPATH\Common.php(1206): CodeIgniter\View\Cell->render('App\\Controllers\\Shortcut::loadShortcut', [], 0, 'AppControllersShortcutloadShortcut40cd750bba9870f18aada2478b24840a')
 3 APPPATH\Views\partials\topbar.php(157): view_cell('App\\Controllers\\Shortcut::loadShortcut')
 4 SYSTEMPATH\View\View.php(228): include('C:\\2023project\\aparus3\\app\\Views\\partials\\topbar.php')
 5 SYSTEMPATH\View\View.php(231): CodeIgniter\View\View->CodeIgniter\View\{closure}()
 6 SYSTEMPATH\View\View.php(469): CodeIgniter\View\View->render('partials/topbar', null, true)
 7 APPPATH\Views\partials\menu.php(1): CodeIgniter\View\View->include('partials/topbar')
 8 SYSTEMPATH\View\View.php(228): include('C:\\2023project\\aparus3\\app\\Views\\partials\\menu.php')
 9 SYSTEMPATH\View\View.php(231): CodeIgniter\View\View->CodeIgniter\View\{closure}()
10 SYSTEMPATH\View\View.php(469): CodeIgniter\View\View->render('partials/menu', null, true)
11 APPPATH\Views\kontrak\daftartunggu.php(18): CodeIgniter\View\View->include('partials/menu')
12 SYSTEMPATH\View\View.php(228): include('C:\\2023project\\aparus3\\app\\Views\\kontrak\\daftartunggu.php')
13 SYSTEMPATH\View\View.php(231): CodeIgniter\View\View->CodeIgniter\View\{closure}()
14 SYSTEMPATH\Common.php(1190): CodeIgniter\View\View->render('kontrak/daftartunggu', [], true)
15 APPPATH\Controllers\Kontrak.php(146): view('kontrak/daftartunggu', [...])
16 SYSTEMPATH\CodeIgniter.php(942): App\Controllers\Kontrak->daftarTunggu()
17 SYSTEMPATH\CodeIgniter.php(502): CodeIgniter\CodeIgniter->runController(Object(App\Controllers\Kontrak))
18 SYSTEMPATH\CodeIgniter.php(361): CodeIgniter\CodeIgniter->handleRequest(null, Object(Config\Cache), false)
19 FCPATH\index.php(79): CodeIgniter\CodeIgniter->run()
20 SYSTEMPATH\Commands\Server\rewrite.php(47): require_once('C:\\2023project\\aparus3\\public\\index.php')
INFO - 2025-02-13 04:27:10 --> Session: Class initialized using 'CodeIgniter\Session\Handlers\FileHandler' driver.
WARNING - 2025-02-13 04:27:10 --> [DEPRECATED] Creation of dynamic property App\Controllers\Kontrak::$session is deprecated in APPPATH\Controllers\BaseController.php on line 56.
 1 SYSTEMPATH\CodeIgniter.php(915): App\Controllers\BaseController->initController(Object(CodeIgniter\HTTP\IncomingRequest), Object(CodeIgniter\HTTP\Response), Object(CodeIgniter\Log\Logger))
 2 SYSTEMPATH\CodeIgniter.php(493): CodeIgniter\CodeIgniter->createController()
 3 SYSTEMPATH\CodeIgniter.php(361): CodeIgniter\CodeIgniter->handleRequest(null, Object(Config\Cache), false)
 4 FCPATH\index.php(79): CodeIgniter\CodeIgniter->run()
 5 SYSTEMPATH\Commands\Server\rewrite.php(47): require_once('C:\\2023project\\aparus3\\public\\index.php')
WARNING - 2025-02-13 04:27:10 --> [DEPRECATED] Creation of dynamic property App\Controllers\Shortcut::$session is deprecated in APPPATH\Controllers\BaseController.php on line 56.
 1 SYSTEMPATH\View\Cell.php(96): App\Controllers\BaseController->initController(Object(CodeIgniter\HTTP\IncomingRequest), Object(CodeIgniter\HTTP\Response), Object(CodeIgniter\Log\Logger))
 2 SYSTEMPATH\Common.php(1206): CodeIgniter\View\Cell->render('App\\Controllers\\Shortcut::loadShortcut', [], 0, 'AppControllersShortcutloadShortcut40cd750bba9870f18aada2478b24840a')
 3 APPPATH\Views\partials\topbar.php(157): view_cell('App\\Controllers\\Shortcut::loadShortcut')
 4 SYSTEMPATH\View\View.php(228): include('C:\\2023project\\aparus3\\app\\Views\\partials\\topbar.php')
 5 SYSTEMPATH\View\View.php(231): CodeIgniter\View\View->CodeIgniter\View\{closure}()
 6 SYSTEMPATH\View\View.php(469): CodeIgniter\View\View->render('partials/topbar', null, true)
 7 APPPATH\Views\partials\menu.php(1): CodeIgniter\View\View->include('partials/topbar')
 8 SYSTEMPATH\View\View.php(228): include('C:\\2023project\\aparus3\\app\\Views\\partials\\menu.php')
 9 SYSTEMPATH\View\View.php(231): CodeIgniter\View\View->CodeIgniter\View\{closure}()
10 SYSTEMPATH\View\View.php(469): CodeIgniter\View\View->render('partials/menu', null, true)
11 APPPATH\Views\kontrak\terkontrak.php(18): CodeIgniter\View\View->include('partials/menu')
12 SYSTEMPATH\View\View.php(228): include('C:\\2023project\\aparus3\\app\\Views\\kontrak\\terkontrak.php')
13 SYSTEMPATH\View\View.php(231): CodeIgniter\View\View->CodeIgniter\View\{closure}()
14 SYSTEMPATH\Common.php(1190): CodeIgniter\View\View->render('kontrak/terkontrak', [], true)
15 APPPATH\Controllers\Kontrak.php(195): view('kontrak/terkontrak', [...])
16 SYSTEMPATH\CodeIgniter.php(942): App\Controllers\Kontrak->list()
17 SYSTEMPATH\CodeIgniter.php(502): CodeIgniter\CodeIgniter->runController(Object(App\Controllers\Kontrak))
18 SYSTEMPATH\CodeIgniter.php(361): CodeIgniter\CodeIgniter->handleRequest(null, Object(Config\Cache), false)
19 FCPATH\index.php(79): CodeIgniter\CodeIgniter->run()
20 SYSTEMPATH\Commands\Server\rewrite.php(47): require_once('C:\\2023project\\aparus3\\public\\index.php')
INFO - 2025-02-13 04:27:13 --> Session: Class initialized using 'CodeIgniter\Session\Handlers\FileHandler' driver.
WARNING - 2025-02-13 04:27:13 --> [DEPRECATED] Creation of dynamic property App\Controllers\Kontrak::$session is deprecated in APPPATH\Controllers\BaseController.php on line 56.
 1 SYSTEMPATH\CodeIgniter.php(915): App\Controllers\BaseController->initController(Object(CodeIgniter\HTTP\IncomingRequest), Object(CodeIgniter\HTTP\Response), Object(CodeIgniter\Log\Logger))
 2 SYSTEMPATH\CodeIgniter.php(493): CodeIgniter\CodeIgniter->createController()
 3 SYSTEMPATH\CodeIgniter.php(361): CodeIgniter\CodeIgniter->handleRequest(null, Object(Config\Cache), false)
 4 FCPATH\index.php(79): CodeIgniter\CodeIgniter->run()
 5 SYSTEMPATH\Commands\Server\rewrite.php(47): require_once('C:\\2023project\\aparus3\\public\\index.php')
INFO - 2025-02-13 04:27:15 --> Session: Class initialized using 'CodeIgniter\Session\Handlers\FileHandler' driver.
WARNING - 2025-02-13 04:27:15 --> [DEPRECATED] Creation of dynamic property App\Controllers\Kontrak::$session is deprecated in APPPATH\Controllers\BaseController.php on line 56.
 1 SYSTEMPATH\CodeIgniter.php(915): App\Controllers\BaseController->initController(Object(CodeIgniter\HTTP\IncomingRequest), Object(CodeIgniter\HTTP\Response), Object(CodeIgniter\Log\Logger))
 2 SYSTEMPATH\CodeIgniter.php(493): CodeIgniter\CodeIgniter->createController()
 3 SYSTEMPATH\CodeIgniter.php(361): CodeIgniter\CodeIgniter->handleRequest(null, Object(Config\Cache), false)
 4 FCPATH\index.php(79): CodeIgniter\CodeIgniter->run()
 5 SYSTEMPATH\Commands\Server\rewrite.php(47): require_once('C:\\2023project\\aparus3\\public\\index.php')
WARNING - 2025-02-13 04:27:15 --> [DEPRECATED] Creation of dynamic property App\Controllers\Shortcut::$session is deprecated in APPPATH\Controllers\BaseController.php on line 56.
 1 SYSTEMPATH\View\Cell.php(96): App\Controllers\BaseController->initController(Object(CodeIgniter\HTTP\IncomingRequest), Object(CodeIgniter\HTTP\Response), Object(CodeIgniter\Log\Logger))
 2 SYSTEMPATH\Common.php(1206): CodeIgniter\View\Cell->render('App\\Controllers\\Shortcut::loadShortcut', [], 0, 'AppControllersShortcutloadShortcut40cd750bba9870f18aada2478b24840a')
 3 APPPATH\Views\partials\topbar.php(157): view_cell('App\\Controllers\\Shortcut::loadShortcut')
 4 SYSTEMPATH\View\View.php(228): include('C:\\2023project\\aparus3\\app\\Views\\partials\\topbar.php')
 5 SYSTEMPATH\View\View.php(231): CodeIgniter\View\View->CodeIgniter\View\{closure}()
 6 SYSTEMPATH\View\View.php(469): CodeIgniter\View\View->render('partials/topbar', null, true)
 7 APPPATH\Views\partials\menu.php(1): CodeIgniter\View\View->include('partials/topbar')
 8 SYSTEMPATH\View\View.php(228): include('C:\\2023project\\aparus3\\app\\Views\\partials\\menu.php')
 9 SYSTEMPATH\View\View.php(231): CodeIgniter\View\View->CodeIgniter\View\{closure}()
10 SYSTEMPATH\View\View.php(469): CodeIgniter\View\View->render('partials/menu', null, true)
11 APPPATH\Views\kontrak\terkontrak.php(18): CodeIgniter\View\View->include('partials/menu')
12 SYSTEMPATH\View\View.php(228): include('C:\\2023project\\aparus3\\app\\Views\\kontrak\\terkontrak.php')
13 SYSTEMPATH\View\View.php(231): CodeIgniter\View\View->CodeIgniter\View\{closure}()
14 SYSTEMPATH\Common.php(1190): CodeIgniter\View\View->render('kontrak/terkontrak', [], true)
15 APPPATH\Controllers\Kontrak.php(195): view('kontrak/terkontrak', [...])
16 SYSTEMPATH\CodeIgniter.php(942): App\Controllers\Kontrak->list()
17 SYSTEMPATH\CodeIgniter.php(502): CodeIgniter\CodeIgniter->runController(Object(App\Controllers\Kontrak))
18 SYSTEMPATH\CodeIgniter.php(361): CodeIgniter\CodeIgniter->handleRequest(null, Object(Config\Cache), false)
19 FCPATH\index.php(79): CodeIgniter\CodeIgniter->run()
20 SYSTEMPATH\Commands\Server\rewrite.php(47): require_once('C:\\2023project\\aparus3\\public\\index.php')
INFO - 2025-02-13 04:27:21 --> Session: Class initialized using 'CodeIgniter\Session\Handlers\FileHandler' driver.
WARNING - 2025-02-13 04:27:21 --> [DEPRECATED] Creation of dynamic property App\Controllers\Aduan::$session is deprecated in APPPATH\Controllers\BaseController.php on line 56.
 1 SYSTEMPATH\CodeIgniter.php(915): App\Controllers\BaseController->initController(Object(CodeIgniter\HTTP\IncomingRequest), Object(CodeIgniter\HTTP\Response), Object(CodeIgniter\Log\Logger))
 2 SYSTEMPATH\CodeIgniter.php(493): CodeIgniter\CodeIgniter->createController()
 3 SYSTEMPATH\CodeIgniter.php(361): CodeIgniter\CodeIgniter->handleRequest(null, Object(Config\Cache), false)
 4 FCPATH\index.php(79): CodeIgniter\CodeIgniter->run()
 5 SYSTEMPATH\Commands\Server\rewrite.php(47): require_once('C:\\2023project\\aparus3\\public\\index.php')
WARNING - 2025-02-13 04:27:21 --> [DEPRECATED] Creation of dynamic property App\Controllers\Shortcut::$session is deprecated in APPPATH\Controllers\BaseController.php on line 56.
 1 SYSTEMPATH\View\Cell.php(96): App\Controllers\BaseController->initController(Object(CodeIgniter\HTTP\IncomingRequest), Object(CodeIgniter\HTTP\Response), Object(CodeIgniter\Log\Logger))
 2 SYSTEMPATH\Common.php(1206): CodeIgniter\View\Cell->render('App\\Controllers\\Shortcut::loadShortcut', [], 0, 'AppControllersShortcutloadShortcut40cd750bba9870f18aada2478b24840a')
 3 APPPATH\Views\partials\topbar.php(157): view_cell('App\\Controllers\\Shortcut::loadShortcut')
 4 SYSTEMPATH\View\View.php(228): include('C:\\2023project\\aparus3\\app\\Views\\partials\\topbar.php')
 5 SYSTEMPATH\View\View.php(231): CodeIgniter\View\View->CodeIgniter\View\{closure}()
 6 SYSTEMPATH\View\View.php(469): CodeIgniter\View\View->render('partials/topbar', null, true)
 7 APPPATH\Views\partials\menu.php(1): CodeIgniter\View\View->include('partials/topbar')
 8 SYSTEMPATH\View\View.php(228): include('C:\\2023project\\aparus3\\app\\Views\\partials\\menu.php')
 9 SYSTEMPATH\View\View.php(231): CodeIgniter\View\View->CodeIgniter\View\{closure}()
10 SYSTEMPATH\View\View.php(469): CodeIgniter\View\View->render('partials/menu', null, true)
11 APPPATH\Views\aduan\list.php(16): CodeIgniter\View\View->include('partials/menu')
12 SYSTEMPATH\View\View.php(228): include('C:\\2023project\\aparus3\\app\\Views\\aduan\\list.php')
13 SYSTEMPATH\View\View.php(231): CodeIgniter\View\View->CodeIgniter\View\{closure}()
14 SYSTEMPATH\Common.php(1190): CodeIgniter\View\View->render('aduan/list', [], true)
15 APPPATH\Controllers\Aduan.php(29): view('aduan/list', [...])
16 SYSTEMPATH\CodeIgniter.php(942): App\Controllers\Aduan->list()
17 SYSTEMPATH\CodeIgniter.php(502): CodeIgniter\CodeIgniter->runController(Object(App\Controllers\Aduan))
18 SYSTEMPATH\CodeIgniter.php(361): CodeIgniter\CodeIgniter->handleRequest(null, Object(Config\Cache), false)
19 FCPATH\index.php(79): CodeIgniter\CodeIgniter->run()
20 SYSTEMPATH\Commands\Server\rewrite.php(47): require_once('C:\\2023project\\aparus3\\public\\index.php')
INFO - 2025-02-13 04:27:23 --> Session: Class initialized using 'CodeIgniter\Session\Handlers\FileHandler' driver.
WARNING - 2025-02-13 04:27:23 --> [DEPRECATED] Creation of dynamic property App\Controllers\Aduan::$session is deprecated in APPPATH\Controllers\BaseController.php on line 56.
 1 SYSTEMPATH\CodeIgniter.php(915): App\Controllers\BaseController->initController(Object(CodeIgniter\HTTP\IncomingRequest), Object(CodeIgniter\HTTP\Response), Object(CodeIgniter\Log\Logger))
 2 SYSTEMPATH\CodeIgniter.php(493): CodeIgniter\CodeIgniter->createController()
 3 SYSTEMPATH\CodeIgniter.php(361): CodeIgniter\CodeIgniter->handleRequest(null, Object(Config\Cache), false)
 4 FCPATH\index.php(79): CodeIgniter\CodeIgniter->run()
 5 SYSTEMPATH\Commands\Server\rewrite.php(47): require_once('C:\\2023project\\aparus3\\public\\index.php')
INFO - 2025-02-13 04:27:29 --> Session: Class initialized using 'CodeIgniter\Session\Handlers\FileHandler' driver.
WARNING - 2025-02-13 04:27:29 --> [DEPRECATED] Creation of dynamic property App\Controllers\Aduan::$session is deprecated in APPPATH\Controllers\BaseController.php on line 56.
 1 SYSTEMPATH\CodeIgniter.php(915): App\Controllers\BaseController->initController(Object(CodeIgniter\HTTP\IncomingRequest), Object(CodeIgniter\HTTP\Response), Object(CodeIgniter\Log\Logger))
 2 SYSTEMPATH\CodeIgniter.php(493): CodeIgniter\CodeIgniter->createController()
 3 SYSTEMPATH\CodeIgniter.php(361): CodeIgniter\CodeIgniter->handleRequest(null, Object(Config\Cache), false)
 4 FCPATH\index.php(79): CodeIgniter\CodeIgniter->run()
 5 SYSTEMPATH\Commands\Server\rewrite.php(47): require_once('C:\\2023project\\aparus3\\public\\index.php')
WARNING - 2025-02-13 04:27:29 --> [DEPRECATED] Creation of dynamic property App\Controllers\Shortcut::$session is deprecated in APPPATH\Controllers\BaseController.php on line 56.
 1 SYSTEMPATH\View\Cell.php(96): App\Controllers\BaseController->initController(Object(CodeIgniter\HTTP\IncomingRequest), Object(CodeIgniter\HTTP\Response), Object(CodeIgniter\Log\Logger))
 2 SYSTEMPATH\Common.php(1206): CodeIgniter\View\Cell->render('App\\Controllers\\Shortcut::loadShortcut', [], 0, 'AppControllersShortcutloadShortcut40cd750bba9870f18aada2478b24840a')
 3 APPPATH\Views\partials\topbar.php(157): view_cell('App\\Controllers\\Shortcut::loadShortcut')
 4 SYSTEMPATH\View\View.php(228): include('C:\\2023project\\aparus3\\app\\Views\\partials\\topbar.php')
 5 SYSTEMPATH\View\View.php(231): CodeIgniter\View\View->CodeIgniter\View\{closure}()
 6 SYSTEMPATH\View\View.php(469): CodeIgniter\View\View->render('partials/topbar', null, true)
 7 APPPATH\Views\partials\menu.php(1): CodeIgniter\View\View->include('partials/topbar')
 8 SYSTEMPATH\View\View.php(228): include('C:\\2023project\\aparus3\\app\\Views\\partials\\menu.php')
 9 SYSTEMPATH\View\View.php(231): CodeIgniter\View\View->CodeIgniter\View\{closure}()
10 SYSTEMPATH\View\View.php(469): CodeIgniter\View\View->render('partials/menu', null, true)
11 APPPATH\Views\aduan\list.php(16): CodeIgniter\View\View->include('partials/menu')
12 SYSTEMPATH\View\View.php(228): include('C:\\2023project\\aparus3\\app\\Views\\aduan\\list.php')
13 SYSTEMPATH\View\View.php(231): CodeIgniter\View\View->CodeIgniter\View\{closure}()
14 SYSTEMPATH\Common.php(1190): CodeIgniter\View\View->render('aduan/list', [], true)
15 APPPATH\Controllers\Aduan.php(29): view('aduan/list', [...])
16 SYSTEMPATH\CodeIgniter.php(942): App\Controllers\Aduan->list()
17 SYSTEMPATH\CodeIgniter.php(502): CodeIgniter\CodeIgniter->runController(Object(App\Controllers\Aduan))
18 SYSTEMPATH\CodeIgniter.php(361): CodeIgniter\CodeIgniter->handleRequest(null, Object(Config\Cache), false)
19 FCPATH\index.php(79): CodeIgniter\CodeIgniter->run()
20 SYSTEMPATH\Commands\Server\rewrite.php(47): require_once('C:\\2023project\\aparus3\\public\\index.php')
INFO - 2025-02-13 04:27:33 --> Session: Class initialized using 'CodeIgniter\Session\Handlers\FileHandler' driver.
INFO - 2025-02-13 04:27:36 --> Session: Class initialized using 'CodeIgniter\Session\Handlers\FileHandler' driver.
WARNING - 2025-02-13 04:27:36 --> [DEPRECATED] Creation of dynamic property App\Controllers\Aduan::$session is deprecated in APPPATH\Controllers\BaseController.php on line 56.
 1 SYSTEMPATH\CodeIgniter.php(915): App\Controllers\BaseController->initController(Object(CodeIgniter\HTTP\IncomingRequest), Object(CodeIgniter\HTTP\Response), Object(CodeIgniter\Log\Logger))
 2 SYSTEMPATH\CodeIgniter.php(493): CodeIgniter\CodeIgniter->createController()
 3 SYSTEMPATH\CodeIgniter.php(361): CodeIgniter\CodeIgniter->handleRequest(null, Object(Config\Cache), false)
 4 FCPATH\index.php(79): CodeIgniter\CodeIgniter->run()
 5 SYSTEMPATH\Commands\Server\rewrite.php(47): require_once('C:\\2023project\\aparus3\\public\\index.php')
WARNING - 2025-02-13 04:27:36 --> [DEPRECATED] Creation of dynamic property App\Controllers\Shortcut::$session is deprecated in APPPATH\Controllers\BaseController.php on line 56.
 1 SYSTEMPATH\View\Cell.php(96): App\Controllers\BaseController->initController(Object(CodeIgniter\HTTP\IncomingRequest), Object(CodeIgniter\HTTP\Response), Object(CodeIgniter\Log\Logger))
 2 SYSTEMPATH\Common.php(1206): CodeIgniter\View\Cell->render('App\\Controllers\\Shortcut::loadShortcut', [], 0, 'AppControllersShortcutloadShortcut40cd750bba9870f18aada2478b24840a')
 3 APPPATH\Views\partials\topbar.php(157): view_cell('App\\Controllers\\Shortcut::loadShortcut')
 4 SYSTEMPATH\View\View.php(228): include('C:\\2023project\\aparus3\\app\\Views\\partials\\topbar.php')
 5 SYSTEMPATH\View\View.php(231): CodeIgniter\View\View->CodeIgniter\View\{closure}()
 6 SYSTEMPATH\View\View.php(469): CodeIgniter\View\View->render('partials/topbar', null, true)
 7 APPPATH\Views\partials\menu.php(1): CodeIgniter\View\View->include('partials/topbar')
 8 SYSTEMPATH\View\View.php(228): include('C:\\2023project\\aparus3\\app\\Views\\partials\\menu.php')
 9 SYSTEMPATH\View\View.php(231): CodeIgniter\View\View->CodeIgniter\View\{closure}()
10 SYSTEMPATH\View\View.php(469): CodeIgniter\View\View->render('partials/menu', null, true)
11 APPPATH\Views\aduan\list.php(16): CodeIgniter\View\View->include('partials/menu')
12 SYSTEMPATH\View\View.php(228): include('C:\\2023project\\aparus3\\app\\Views\\aduan\\list.php')
13 SYSTEMPATH\View\View.php(231): CodeIgniter\View\View->CodeIgniter\View\{closure}()
14 SYSTEMPATH\Common.php(1190): CodeIgniter\View\View->render('aduan/list', [], true)
15 APPPATH\Controllers\Aduan.php(29): view('aduan/list', [...])
16 SYSTEMPATH\CodeIgniter.php(942): App\Controllers\Aduan->list()
17 SYSTEMPATH\CodeIgniter.php(502): CodeIgniter\CodeIgniter->runController(Object(App\Controllers\Aduan))
18 SYSTEMPATH\CodeIgniter.php(361): CodeIgniter\CodeIgniter->handleRequest(null, Object(Config\Cache), false)
19 FCPATH\index.php(79): CodeIgniter\CodeIgniter->run()
20 SYSTEMPATH\Commands\Server\rewrite.php(47): require_once('C:\\2023project\\aparus3\\public\\index.php')
INFO - 2025-02-13 04:27:44 --> Session: Class initialized using 'CodeIgniter\Session\Handlers\FileHandler' driver.
WARNING - 2025-02-13 04:27:44 --> [DEPRECATED] Creation of dynamic property App\Controllers\ReportHunian::$session is deprecated in APPPATH\Controllers\BaseController.php on line 56.
 1 SYSTEMPATH\CodeIgniter.php(915): App\Controllers\BaseController->initController(Object(CodeIgniter\HTTP\IncomingRequest), Object(CodeIgniter\HTTP\Response), Object(CodeIgniter\Log\Logger))
 2 SYSTEMPATH\CodeIgniter.php(493): CodeIgniter\CodeIgniter->createController()
 3 SYSTEMPATH\CodeIgniter.php(361): CodeIgniter\CodeIgniter->handleRequest(null, Object(Config\Cache), false)
 4 FCPATH\index.php(79): CodeIgniter\CodeIgniter->run()
 5 SYSTEMPATH\Commands\Server\rewrite.php(47): require_once('C:\\2023project\\aparus3\\public\\index.php')
WARNING - 2025-02-13 04:27:44 --> [DEPRECATED] Creation of dynamic property App\Controllers\Shortcut::$session is deprecated in APPPATH\Controllers\BaseController.php on line 56.
 1 SYSTEMPATH\View\Cell.php(96): App\Controllers\BaseController->initController(Object(CodeIgniter\HTTP\IncomingRequest), Object(CodeIgniter\HTTP\Response), Object(CodeIgniter\Log\Logger))
 2 SYSTEMPATH\Common.php(1206): CodeIgniter\View\Cell->render('App\\Controllers\\Shortcut::loadShortcut', [], 0, 'AppControllersShortcutloadShortcut40cd750bba9870f18aada2478b24840a')
 3 APPPATH\Views\partials\topbar.php(157): view_cell('App\\Controllers\\Shortcut::loadShortcut')
 4 SYSTEMPATH\View\View.php(228): include('C:\\2023project\\aparus3\\app\\Views\\partials\\topbar.php')
 5 SYSTEMPATH\View\View.php(231): CodeIgniter\View\View->CodeIgniter\View\{closure}()
 6 SYSTEMPATH\View\View.php(469): CodeIgniter\View\View->render('partials/topbar', null, true)
 7 APPPATH\Views\partials\menu.php(1): CodeIgniter\View\View->include('partials/topbar')
 8 SYSTEMPATH\View\View.php(228): include('C:\\2023project\\aparus3\\app\\Views\\partials\\menu.php')
 9 SYSTEMPATH\View\View.php(231): CodeIgniter\View\View->CodeIgniter\View\{closure}()
10 SYSTEMPATH\View\View.php(469): CodeIgniter\View\View->render('partials/menu', null, true)
11 APPPATH\Views\report\penghuni.php(18): CodeIgniter\View\View->include('partials/menu')
12 SYSTEMPATH\View\View.php(228): include('C:\\2023project\\aparus3\\app\\Views\\report\\penghuni.php')
13 SYSTEMPATH\View\View.php(231): CodeIgniter\View\View->CodeIgniter\View\{closure}()
14 SYSTEMPATH\Common.php(1190): CodeIgniter\View\View->render('report/penghuni', [], true)
15 APPPATH\Controllers\ReportHunian.php(69): view('report/penghuni', [...])
16 SYSTEMPATH\CodeIgniter.php(942): App\Controllers\ReportHunian->penghuni()
17 SYSTEMPATH\CodeIgniter.php(502): CodeIgniter\CodeIgniter->runController(Object(App\Controllers\ReportHunian))
18 SYSTEMPATH\CodeIgniter.php(361): CodeIgniter\CodeIgniter->handleRequest(null, Object(Config\Cache), false)
19 FCPATH\index.php(79): CodeIgniter\CodeIgniter->run()
20 SYSTEMPATH\Commands\Server\rewrite.php(47): require_once('C:\\2023project\\aparus3\\public\\index.php')
INFO - 2025-02-13 04:30:10 --> Session: Class initialized using 'CodeIgniter\Session\Handlers\FileHandler' driver.
WARNING - 2025-02-13 04:30:10 --> [DEPRECATED] Creation of dynamic property App\Controllers\ReportHunian::$session is deprecated in APPPATH\Controllers\BaseController.php on line 56.
 1 SYSTEMPATH\CodeIgniter.php(915): App\Controllers\BaseController->initController(Object(CodeIgniter\HTTP\IncomingRequest), Object(CodeIgniter\HTTP\Response), Object(CodeIgniter\Log\Logger))
 2 SYSTEMPATH\CodeIgniter.php(493): CodeIgniter\CodeIgniter->createController()
 3 SYSTEMPATH\CodeIgniter.php(361): CodeIgniter\CodeIgniter->handleRequest(null, Object(Config\Cache), false)
 4 FCPATH\index.php(79): CodeIgniter\CodeIgniter->run()
 5 SYSTEMPATH\Commands\Server\rewrite.php(47): require_once('C:\\2023project\\aparus3\\public\\index.php')
WARNING - 2025-02-13 04:30:10 --> [DEPRECATED] Creation of dynamic property App\Controllers\Shortcut::$session is deprecated in APPPATH\Controllers\BaseController.php on line 56.
 1 SYSTEMPATH\View\Cell.php(96): App\Controllers\BaseController->initController(Object(CodeIgniter\HTTP\IncomingRequest), Object(CodeIgniter\HTTP\Response), Object(CodeIgniter\Log\Logger))
 2 SYSTEMPATH\Common.php(1206): CodeIgniter\View\Cell->render('App\\Controllers\\Shortcut::loadShortcut', [], 0, 'AppControllersShortcutloadShortcut40cd750bba9870f18aada2478b24840a')
 3 APPPATH\Views\partials\topbar.php(157): view_cell('App\\Controllers\\Shortcut::loadShortcut')
 4 SYSTEMPATH\View\View.php(228): include('C:\\2023project\\aparus3\\app\\Views\\partials\\topbar.php')
 5 SYSTEMPATH\View\View.php(231): CodeIgniter\View\View->CodeIgniter\View\{closure}()
 6 SYSTEMPATH\View\View.php(469): CodeIgniter\View\View->render('partials/topbar', null, true)
 7 APPPATH\Views\partials\menu.php(1): CodeIgniter\View\View->include('partials/topbar')
 8 SYSTEMPATH\View\View.php(228): include('C:\\2023project\\aparus3\\app\\Views\\partials\\menu.php')
 9 SYSTEMPATH\View\View.php(231): CodeIgniter\View\View->CodeIgniter\View\{closure}()
10 SYSTEMPATH\View\View.php(469): CodeIgniter\View\View->render('partials/menu', null, true)
11 APPPATH\Views\report\penghuni.php(18): CodeIgniter\View\View->include('partials/menu')
12 SYSTEMPATH\View\View.php(228): include('C:\\2023project\\aparus3\\app\\Views\\report\\penghuni.php')
13 SYSTEMPATH\View\View.php(231): CodeIgniter\View\View->CodeIgniter\View\{closure}()
14 SYSTEMPATH\Common.php(1190): CodeIgniter\View\View->render('report/penghuni', [], true)
15 APPPATH\Controllers\ReportHunian.php(69): view('report/penghuni', [...])
16 SYSTEMPATH\CodeIgniter.php(942): App\Controllers\ReportHunian->penghuni()
17 SYSTEMPATH\CodeIgniter.php(502): CodeIgniter\CodeIgniter->runController(Object(App\Controllers\ReportHunian))
18 SYSTEMPATH\CodeIgniter.php(361): CodeIgniter\CodeIgniter->handleRequest(null, Object(Config\Cache), false)
19 FCPATH\index.php(79): CodeIgniter\CodeIgniter->run()
20 SYSTEMPATH\Commands\Server\rewrite.php(47): require_once('C:\\2023project\\aparus3\\public\\index.php')
INFO - 2025-02-13 04:30:12 --> Session: Class initialized using 'CodeIgniter\Session\Handlers\FileHandler' driver.
WARNING - 2025-02-13 04:30:12 --> [DEPRECATED] Creation of dynamic property App\Controllers\ReportHunian::$session is deprecated in APPPATH\Controllers\BaseController.php on line 56.
 1 SYSTEMPATH\CodeIgniter.php(915): App\Controllers\BaseController->initController(Object(CodeIgniter\HTTP\IncomingRequest), Object(CodeIgniter\HTTP\Response), Object(CodeIgniter\Log\Logger))
 2 SYSTEMPATH\CodeIgniter.php(493): CodeIgniter\CodeIgniter->createController()
 3 SYSTEMPATH\CodeIgniter.php(361): CodeIgniter\CodeIgniter->handleRequest(null, Object(Config\Cache), false)
 4 FCPATH\index.php(79): CodeIgniter\CodeIgniter->run()
 5 SYSTEMPATH\Commands\Server\rewrite.php(47): require_once('C:\\2023project\\aparus3\\public\\index.php')
WARNING - 2025-02-13 04:30:12 --> [DEPRECATED] Creation of dynamic property App\Controllers\Shortcut::$session is deprecated in APPPATH\Controllers\BaseController.php on line 56.
 1 SYSTEMPATH\View\Cell.php(96): App\Controllers\BaseController->initController(Object(CodeIgniter\HTTP\IncomingRequest), Object(CodeIgniter\HTTP\Response), Object(CodeIgniter\Log\Logger))
 2 SYSTEMPATH\Common.php(1206): CodeIgniter\View\Cell->render('App\\Controllers\\Shortcut::loadShortcut', [], 0, 'AppControllersShortcutloadShortcut40cd750bba9870f18aada2478b24840a')
 3 APPPATH\Views\partials\topbar.php(157): view_cell('App\\Controllers\\Shortcut::loadShortcut')
 4 SYSTEMPATH\View\View.php(228): include('C:\\2023project\\aparus3\\app\\Views\\partials\\topbar.php')
 5 SYSTEMPATH\View\View.php(231): CodeIgniter\View\View->CodeIgniter\View\{closure}()
 6 SYSTEMPATH\View\View.php(469): CodeIgniter\View\View->render('partials/topbar', null, true)
 7 APPPATH\Views\partials\menu.php(1): CodeIgniter\View\View->include('partials/topbar')
 8 SYSTEMPATH\View\View.php(228): include('C:\\2023project\\aparus3\\app\\Views\\partials\\menu.php')
 9 SYSTEMPATH\View\View.php(231): CodeIgniter\View\View->CodeIgniter\View\{closure}()
10 SYSTEMPATH\View\View.php(469): CodeIgniter\View\View->render('partials/menu', null, true)
11 APPPATH\Views\report\penghuni.php(18): CodeIgniter\View\View->include('partials/menu')
12 SYSTEMPATH\View\View.php(228): include('C:\\2023project\\aparus3\\app\\Views\\report\\penghuni.php')
13 SYSTEMPATH\View\View.php(231): CodeIgniter\View\View->CodeIgniter\View\{closure}()
14 SYSTEMPATH\Common.php(1190): CodeIgniter\View\View->render('report/penghuni', [], true)
15 APPPATH\Controllers\ReportHunian.php(69): view('report/penghuni', [...])
16 SYSTEMPATH\CodeIgniter.php(942): App\Controllers\ReportHunian->penghuni()
17 SYSTEMPATH\CodeIgniter.php(502): CodeIgniter\CodeIgniter->runController(Object(App\Controllers\ReportHunian))
18 SYSTEMPATH\CodeIgniter.php(361): CodeIgniter\CodeIgniter->handleRequest(null, Object(Config\Cache), false)
19 FCPATH\index.php(79): CodeIgniter\CodeIgniter->run()
20 SYSTEMPATH\Commands\Server\rewrite.php(47): require_once('C:\\2023project\\aparus3\\public\\index.php')
INFO - 2025-02-13 04:30:15 --> Session: Class initialized using 'CodeIgniter\Session\Handlers\FileHandler' driver.
WARNING - 2025-02-13 04:30:15 --> [DEPRECATED] Creation of dynamic property App\Controllers\ReportHunian::$session is deprecated in APPPATH\Controllers\BaseController.php on line 56.
 1 SYSTEMPATH\CodeIgniter.php(915): App\Controllers\BaseController->initController(Object(CodeIgniter\HTTP\IncomingRequest), Object(CodeIgniter\HTTP\Response), Object(CodeIgniter\Log\Logger))
 2 SYSTEMPATH\CodeIgniter.php(493): CodeIgniter\CodeIgniter->createController()
 3 SYSTEMPATH\CodeIgniter.php(361): CodeIgniter\CodeIgniter->handleRequest(null, Object(Config\Cache), false)
 4 FCPATH\index.php(79): CodeIgniter\CodeIgniter->run()
 5 SYSTEMPATH\Commands\Server\rewrite.php(47): require_once('C:\\2023project\\aparus3\\public\\index.php')
WARNING - 2025-02-13 04:30:15 --> [DEPRECATED] Creation of dynamic property App\Controllers\Shortcut::$session is deprecated in APPPATH\Controllers\BaseController.php on line 56.
 1 SYSTEMPATH\View\Cell.php(96): App\Controllers\BaseController->initController(Object(CodeIgniter\HTTP\IncomingRequest), Object(CodeIgniter\HTTP\Response), Object(CodeIgniter\Log\Logger))
 2 SYSTEMPATH\Common.php(1206): CodeIgniter\View\Cell->render('App\\Controllers\\Shortcut::loadShortcut', [], 0, 'AppControllersShortcutloadShortcut40cd750bba9870f18aada2478b24840a')
 3 APPPATH\Views\partials\topbar.php(157): view_cell('App\\Controllers\\Shortcut::loadShortcut')
 4 SYSTEMPATH\View\View.php(228): include('C:\\2023project\\aparus3\\app\\Views\\partials\\topbar.php')
 5 SYSTEMPATH\View\View.php(231): CodeIgniter\View\View->CodeIgniter\View\{closure}()
 6 SYSTEMPATH\View\View.php(469): CodeIgniter\View\View->render('partials/topbar', null, true)
 7 APPPATH\Views\partials\menu.php(1): CodeIgniter\View\View->include('partials/topbar')
 8 SYSTEMPATH\View\View.php(228): include('C:\\2023project\\aparus3\\app\\Views\\partials\\menu.php')
 9 SYSTEMPATH\View\View.php(231): CodeIgniter\View\View->CodeIgniter\View\{closure}()
10 SYSTEMPATH\View\View.php(469): CodeIgniter\View\View->render('partials/menu', null, true)
11 APPPATH\Views\report\penghuni.php(18): CodeIgniter\View\View->include('partials/menu')
12 SYSTEMPATH\View\View.php(228): include('C:\\2023project\\aparus3\\app\\Views\\report\\penghuni.php')
13 SYSTEMPATH\View\View.php(231): CodeIgniter\View\View->CodeIgniter\View\{closure}()
14 SYSTEMPATH\Common.php(1190): CodeIgniter\View\View->render('report/penghuni', [], true)
15 APPPATH\Controllers\ReportHunian.php(69): view('report/penghuni', [...])
16 SYSTEMPATH\CodeIgniter.php(942): App\Controllers\ReportHunian->penghuni()
17 SYSTEMPATH\CodeIgniter.php(502): CodeIgniter\CodeIgniter->runController(Object(App\Controllers\ReportHunian))
18 SYSTEMPATH\CodeIgniter.php(361): CodeIgniter\CodeIgniter->handleRequest(null, Object(Config\Cache), false)
19 FCPATH\index.php(79): CodeIgniter\CodeIgniter->run()
20 SYSTEMPATH\Commands\Server\rewrite.php(47): require_once('C:\\2023project\\aparus3\\public\\index.php')
INFO - 2025-02-13 04:30:28 --> Session: Class initialized using 'CodeIgniter\Session\Handlers\FileHandler' driver.
WARNING - 2025-02-13 04:30:28 --> [DEPRECATED] Creation of dynamic property App\Controllers\Penghuni::$session is deprecated in APPPATH\Controllers\BaseController.php on line 56.
 1 SYSTEMPATH\CodeIgniter.php(915): App\Controllers\BaseController->initController(Object(CodeIgniter\HTTP\IncomingRequest), Object(CodeIgniter\HTTP\Response), Object(CodeIgniter\Log\Logger))
 2 SYSTEMPATH\CodeIgniter.php(493): CodeIgniter\CodeIgniter->createController()
 3 SYSTEMPATH\CodeIgniter.php(361): CodeIgniter\CodeIgniter->handleRequest(null, Object(Config\Cache), false)
 4 FCPATH\index.php(79): CodeIgniter\CodeIgniter->run()
 5 SYSTEMPATH\Commands\Server\rewrite.php(47): require_once('C:\\2023project\\aparus3\\public\\index.php')
WARNING - 2025-02-13 04:30:28 --> [DEPRECATED] Creation of dynamic property App\Controllers\Shortcut::$session is deprecated in APPPATH\Controllers\BaseController.php on line 56.
 1 SYSTEMPATH\View\Cell.php(96): App\Controllers\BaseController->initController(Object(CodeIgniter\HTTP\IncomingRequest), Object(CodeIgniter\HTTP\Response), Object(CodeIgniter\Log\Logger))
 2 SYSTEMPATH\Common.php(1206): CodeIgniter\View\Cell->render('App\\Controllers\\Shortcut::loadShortcut', [], 0, 'AppControllersShortcutloadShortcut40cd750bba9870f18aada2478b24840a')
 3 APPPATH\Views\partials\topbar.php(157): view_cell('App\\Controllers\\Shortcut::loadShortcut')
 4 SYSTEMPATH\View\View.php(228): include('C:\\2023project\\aparus3\\app\\Views\\partials\\topbar.php')
 5 SYSTEMPATH\View\View.php(231): CodeIgniter\View\View->CodeIgniter\View\{closure}()
 6 SYSTEMPATH\View\View.php(469): CodeIgniter\View\View->render('partials/topbar', null, true)
 7 APPPATH\Views\partials\menu.php(1): CodeIgniter\View\View->include('partials/topbar')
 8 SYSTEMPATH\View\View.php(228): include('C:\\2023project\\aparus3\\app\\Views\\partials\\menu.php')
 9 SYSTEMPATH\View\View.php(231): CodeIgniter\View\View->CodeIgniter\View\{closure}()
10 SYSTEMPATH\View\View.php(469): CodeIgniter\View\View->render('partials/menu', null, true)
11 APPPATH\Views\penghuni\list.php(18): CodeIgniter\View\View->include('partials/menu')
12 SYSTEMPATH\View\View.php(228): include('C:\\2023project\\aparus3\\app\\Views\\penghuni\\list.php')
13 SYSTEMPATH\View\View.php(231): CodeIgniter\View\View->CodeIgniter\View\{closure}()
14 SYSTEMPATH\Common.php(1190): CodeIgniter\View\View->render('penghuni/list', [], true)
15 APPPATH\Controllers\Penghuni.php(229): view('penghuni/list', [...])
16 SYSTEMPATH\CodeIgniter.php(942): App\Controllers\Penghuni->list()
17 SYSTEMPATH\CodeIgniter.php(502): CodeIgniter\CodeIgniter->runController(Object(App\Controllers\Penghuni))
18 SYSTEMPATH\CodeIgniter.php(361): CodeIgniter\CodeIgniter->handleRequest(null, Object(Config\Cache), false)
19 FCPATH\index.php(79): CodeIgniter\CodeIgniter->run()
20 SYSTEMPATH\Commands\Server\rewrite.php(47): require_once('C:\\2023project\\aparus3\\public\\index.php')
INFO - 2025-02-13 04:30:32 --> Session: Class initialized using 'CodeIgniter\Session\Handlers\FileHandler' driver.
WARNING - 2025-02-13 04:30:32 --> [DEPRECATED] Creation of dynamic property App\Controllers\Penghuni::$session is deprecated in APPPATH\Controllers\BaseController.php on line 56.
 1 SYSTEMPATH\CodeIgniter.php(915): App\Controllers\BaseController->initController(Object(CodeIgniter\HTTP\IncomingRequest), Object(CodeIgniter\HTTP\Response), Object(CodeIgniter\Log\Logger))
 2 SYSTEMPATH\CodeIgniter.php(493): CodeIgniter\CodeIgniter->createController()
 3 SYSTEMPATH\CodeIgniter.php(361): CodeIgniter\CodeIgniter->handleRequest(null, Object(Config\Cache), false)
 4 FCPATH\index.php(79): CodeIgniter\CodeIgniter->run()
 5 SYSTEMPATH\Commands\Server\rewrite.php(47): require_once('C:\\2023project\\aparus3\\public\\index.php')
WARNING - 2025-02-13 04:30:32 --> [DEPRECATED] Creation of dynamic property App\Controllers\Shortcut::$session is deprecated in APPPATH\Controllers\BaseController.php on line 56.
 1 SYSTEMPATH\View\Cell.php(96): App\Controllers\BaseController->initController(Object(CodeIgniter\HTTP\IncomingRequest), Object(CodeIgniter\HTTP\Response), Object(CodeIgniter\Log\Logger))
 2 SYSTEMPATH\Common.php(1206): CodeIgniter\View\Cell->render('App\\Controllers\\Shortcut::loadShortcut', [], 0, 'AppControllersShortcutloadShortcut40cd750bba9870f18aada2478b24840a')
 3 APPPATH\Views\partials\topbar.php(157): view_cell('App\\Controllers\\Shortcut::loadShortcut')
 4 SYSTEMPATH\View\View.php(228): include('C:\\2023project\\aparus3\\app\\Views\\partials\\topbar.php')
 5 SYSTEMPATH\View\View.php(231): CodeIgniter\View\View->CodeIgniter\View\{closure}()
 6 SYSTEMPATH\View\View.php(469): CodeIgniter\View\View->render('partials/topbar', null, true)
 7 APPPATH\Views\partials\menu.php(1): CodeIgniter\View\View->include('partials/topbar')
 8 SYSTEMPATH\View\View.php(228): include('C:\\2023project\\aparus3\\app\\Views\\partials\\menu.php')
 9 SYSTEMPATH\View\View.php(231): CodeIgniter\View\View->CodeIgniter\View\{closure}()
10 SYSTEMPATH\View\View.php(469): CodeIgniter\View\View->render('partials/menu', null, true)
11 APPPATH\Views\penghuni\tambah.php(18): CodeIgniter\View\View->include('partials/menu')
12 SYSTEMPATH\View\View.php(228): include('C:\\2023project\\aparus3\\app\\Views\\penghuni\\tambah.php')
13 SYSTEMPATH\View\View.php(231): CodeIgniter\View\View->CodeIgniter\View\{closure}()
14 SYSTEMPATH\Common.php(1190): CodeIgniter\View\View->render('penghuni/tambah', [], true)
15 APPPATH\Controllers\Penghuni.php(238): view('penghuni/tambah', [...])
16 SYSTEMPATH\CodeIgniter.php(942): App\Controllers\Penghuni->baru()
17 SYSTEMPATH\CodeIgniter.php(502): CodeIgniter\CodeIgniter->runController(Object(App\Controllers\Penghuni))
18 SYSTEMPATH\CodeIgniter.php(361): CodeIgniter\CodeIgniter->handleRequest(null, Object(Config\Cache), false)
19 FCPATH\index.php(79): CodeIgniter\CodeIgniter->run()
20 SYSTEMPATH\Commands\Server\rewrite.php(47): require_once('C:\\2023project\\aparus3\\public\\index.php')
INFO - 2025-02-13 04:30:42 --> Session: Class initialized using 'CodeIgniter\Session\Handlers\FileHandler' driver.
WARNING - 2025-02-13 04:30:42 --> [DEPRECATED] Creation of dynamic property App\Controllers\ReportHunian::$session is deprecated in APPPATH\Controllers\BaseController.php on line 56.
 1 SYSTEMPATH\CodeIgniter.php(915): App\Controllers\BaseController->initController(Object(CodeIgniter\HTTP\IncomingRequest), Object(CodeIgniter\HTTP\Response), Object(CodeIgniter\Log\Logger))
 2 SYSTEMPATH\CodeIgniter.php(493): CodeIgniter\CodeIgniter->createController()
 3 SYSTEMPATH\CodeIgniter.php(361): CodeIgniter\CodeIgniter->handleRequest(null, Object(Config\Cache), false)
 4 FCPATH\index.php(79): CodeIgniter\CodeIgniter->run()
 5 SYSTEMPATH\Commands\Server\rewrite.php(47): require_once('C:\\2023project\\aparus3\\public\\index.php')
WARNING - 2025-02-13 04:30:42 --> [DEPRECATED] Creation of dynamic property App\Controllers\Shortcut::$session is deprecated in APPPATH\Controllers\BaseController.php on line 56.
 1 SYSTEMPATH\View\Cell.php(96): App\Controllers\BaseController->initController(Object(CodeIgniter\HTTP\IncomingRequest), Object(CodeIgniter\HTTP\Response), Object(CodeIgniter\Log\Logger))
 2 SYSTEMPATH\Common.php(1206): CodeIgniter\View\Cell->render('App\\Controllers\\Shortcut::loadShortcut', [], 0, 'AppControllersShortcutloadShortcut40cd750bba9870f18aada2478b24840a')
 3 APPPATH\Views\partials\topbar.php(157): view_cell('App\\Controllers\\Shortcut::loadShortcut')
 4 SYSTEMPATH\View\View.php(228): include('C:\\2023project\\aparus3\\app\\Views\\partials\\topbar.php')
 5 SYSTEMPATH\View\View.php(231): CodeIgniter\View\View->CodeIgniter\View\{closure}()
 6 SYSTEMPATH\View\View.php(469): CodeIgniter\View\View->render('partials/topbar', null, true)
 7 APPPATH\Views\partials\menu.php(1): CodeIgniter\View\View->include('partials/topbar')
 8 SYSTEMPATH\View\View.php(228): include('C:\\2023project\\aparus3\\app\\Views\\partials\\menu.php')
 9 SYSTEMPATH\View\View.php(231): CodeIgniter\View\View->CodeIgniter\View\{closure}()
10 SYSTEMPATH\View\View.php(469): CodeIgniter\View\View->render('partials/menu', null, true)
11 APPPATH\Views\report\penghuni.php(18): CodeIgniter\View\View->include('partials/menu')
12 SYSTEMPATH\View\View.php(228): include('C:\\2023project\\aparus3\\app\\Views\\report\\penghuni.php')
13 SYSTEMPATH\View\View.php(231): CodeIgniter\View\View->CodeIgniter\View\{closure}()
14 SYSTEMPATH\Common.php(1190): CodeIgniter\View\View->render('report/penghuni', [], true)
15 APPPATH\Controllers\ReportHunian.php(69): view('report/penghuni', [...])
16 SYSTEMPATH\CodeIgniter.php(942): App\Controllers\ReportHunian->penghuni()
17 SYSTEMPATH\CodeIgniter.php(502): CodeIgniter\CodeIgniter->runController(Object(App\Controllers\ReportHunian))
18 SYSTEMPATH\CodeIgniter.php(361): CodeIgniter\CodeIgniter->handleRequest(null, Object(Config\Cache), false)
19 FCPATH\index.php(79): CodeIgniter\CodeIgniter->run()
20 SYSTEMPATH\Commands\Server\rewrite.php(47): require_once('C:\\2023project\\aparus3\\public\\index.php')
INFO - 2025-02-13 04:31:12 --> Session: Class initialized using 'CodeIgniter\Session\Handlers\FileHandler' driver.
WARNING - 2025-02-13 04:31:12 --> [DEPRECATED] Creation of dynamic property App\Controllers\ReportHunian::$session is deprecated in APPPATH\Controllers\BaseController.php on line 56.
 1 SYSTEMPATH\CodeIgniter.php(915): App\Controllers\BaseController->initController(Object(CodeIgniter\HTTP\IncomingRequest), Object(CodeIgniter\HTTP\Response), Object(CodeIgniter\Log\Logger))
 2 SYSTEMPATH\CodeIgniter.php(493): CodeIgniter\CodeIgniter->createController()
 3 SYSTEMPATH\CodeIgniter.php(361): CodeIgniter\CodeIgniter->handleRequest(null, Object(Config\Cache), false)
 4 FCPATH\index.php(79): CodeIgniter\CodeIgniter->run()
 5 SYSTEMPATH\Commands\Server\rewrite.php(47): require_once('C:\\2023project\\aparus3\\public\\index.php')
WARNING - 2025-02-13 04:31:12 --> [DEPRECATED] Creation of dynamic property App\Controllers\Shortcut::$session is deprecated in APPPATH\Controllers\BaseController.php on line 56.
 1 SYSTEMPATH\View\Cell.php(96): App\Controllers\BaseController->initController(Object(CodeIgniter\HTTP\IncomingRequest), Object(CodeIgniter\HTTP\Response), Object(CodeIgniter\Log\Logger))
 2 SYSTEMPATH\Common.php(1206): CodeIgniter\View\Cell->render('App\\Controllers\\Shortcut::loadShortcut', [], 0, 'AppControllersShortcutloadShortcut40cd750bba9870f18aada2478b24840a')
 3 APPPATH\Views\partials\topbar.php(157): view_cell('App\\Controllers\\Shortcut::loadShortcut')
 4 SYSTEMPATH\View\View.php(228): include('C:\\2023project\\aparus3\\app\\Views\\partials\\topbar.php')
 5 SYSTEMPATH\View\View.php(231): CodeIgniter\View\View->CodeIgniter\View\{closure}()
 6 SYSTEMPATH\View\View.php(469): CodeIgniter\View\View->render('partials/topbar', null, true)
 7 APPPATH\Views\partials\menu.php(1): CodeIgniter\View\View->include('partials/topbar')
 8 SYSTEMPATH\View\View.php(228): include('C:\\2023project\\aparus3\\app\\Views\\partials\\menu.php')
 9 SYSTEMPATH\View\View.php(231): CodeIgniter\View\View->CodeIgniter\View\{closure}()
10 SYSTEMPATH\View\View.php(469): CodeIgniter\View\View->render('partials/menu', null, true)
11 APPPATH\Views\report\penghuni.php(18): CodeIgniter\View\View->include('partials/menu')
12 SYSTEMPATH\View\View.php(228): include('C:\\2023project\\aparus3\\app\\Views\\report\\penghuni.php')
13 SYSTEMPATH\View\View.php(231): CodeIgniter\View\View->CodeIgniter\View\{closure}()
14 SYSTEMPATH\Common.php(1190): CodeIgniter\View\View->render('report/penghuni', [], true)
15 APPPATH\Controllers\ReportHunian.php(69): view('report/penghuni', [...])
16 SYSTEMPATH\CodeIgniter.php(942): App\Controllers\ReportHunian->penghuni()
17 SYSTEMPATH\CodeIgniter.php(502): CodeIgniter\CodeIgniter->runController(Object(App\Controllers\ReportHunian))
18 SYSTEMPATH\CodeIgniter.php(361): CodeIgniter\CodeIgniter->handleRequest(null, Object(Config\Cache), false)
19 FCPATH\index.php(79): CodeIgniter\CodeIgniter->run()
20 SYSTEMPATH\Commands\Server\rewrite.php(47): require_once('C:\\2023project\\aparus3\\public\\index.php')
INFO - 2025-02-13 04:32:12 --> Session: Class initialized using 'CodeIgniter\Session\Handlers\FileHandler' driver.
WARNING - 2025-02-13 04:32:12 --> [DEPRECATED] Creation of dynamic property App\Controllers\ReportHunian::$session is deprecated in APPPATH\Controllers\BaseController.php on line 56.
 1 SYSTEMPATH\CodeIgniter.php(915): App\Controllers\BaseController->initController(Object(CodeIgniter\HTTP\IncomingRequest), Object(CodeIgniter\HTTP\Response), Object(CodeIgniter\Log\Logger))
 2 SYSTEMPATH\CodeIgniter.php(493): CodeIgniter\CodeIgniter->createController()
 3 SYSTEMPATH\CodeIgniter.php(361): CodeIgniter\CodeIgniter->handleRequest(null, Object(Config\Cache), false)
 4 FCPATH\index.php(79): CodeIgniter\CodeIgniter->run()
 5 SYSTEMPATH\Commands\Server\rewrite.php(47): require_once('C:\\2023project\\aparus3\\public\\index.php')
WARNING - 2025-02-13 04:32:12 --> [DEPRECATED] Creation of dynamic property App\Controllers\Shortcut::$session is deprecated in APPPATH\Controllers\BaseController.php on line 56.
 1 SYSTEMPATH\View\Cell.php(96): App\Controllers\BaseController->initController(Object(CodeIgniter\HTTP\IncomingRequest), Object(CodeIgniter\HTTP\Response), Object(CodeIgniter\Log\Logger))
 2 SYSTEMPATH\Common.php(1206): CodeIgniter\View\Cell->render('App\\Controllers\\Shortcut::loadShortcut', [], 0, 'AppControllersShortcutloadShortcut40cd750bba9870f18aada2478b24840a')
 3 APPPATH\Views\partials\topbar.php(157): view_cell('App\\Controllers\\Shortcut::loadShortcut')
 4 SYSTEMPATH\View\View.php(228): include('C:\\2023project\\aparus3\\app\\Views\\partials\\topbar.php')
 5 SYSTEMPATH\View\View.php(231): CodeIgniter\View\View->CodeIgniter\View\{closure}()
 6 SYSTEMPATH\View\View.php(469): CodeIgniter\View\View->render('partials/topbar', null, true)
 7 APPPATH\Views\partials\menu.php(1): CodeIgniter\View\View->include('partials/topbar')
 8 SYSTEMPATH\View\View.php(228): include('C:\\2023project\\aparus3\\app\\Views\\partials\\menu.php')
 9 SYSTEMPATH\View\View.php(231): CodeIgniter\View\View->CodeIgniter\View\{closure}()
10 SYSTEMPATH\View\View.php(469): CodeIgniter\View\View->render('partials/menu', null, true)
11 APPPATH\Views\report\penghuni.php(18): CodeIgniter\View\View->include('partials/menu')
12 SYSTEMPATH\View\View.php(228): include('C:\\2023project\\aparus3\\app\\Views\\report\\penghuni.php')
13 SYSTEMPATH\View\View.php(231): CodeIgniter\View\View->CodeIgniter\View\{closure}()
14 SYSTEMPATH\Common.php(1190): CodeIgniter\View\View->render('report/penghuni', [], true)
15 APPPATH\Controllers\ReportHunian.php(69): view('report/penghuni', [...])
16 SYSTEMPATH\CodeIgniter.php(942): App\Controllers\ReportHunian->penghuni()
17 SYSTEMPATH\CodeIgniter.php(502): CodeIgniter\CodeIgniter->runController(Object(App\Controllers\ReportHunian))
18 SYSTEMPATH\CodeIgniter.php(361): CodeIgniter\CodeIgniter->handleRequest(null, Object(Config\Cache), false)
19 FCPATH\index.php(79): CodeIgniter\CodeIgniter->run()
20 SYSTEMPATH\Commands\Server\rewrite.php(47): require_once('C:\\2023project\\aparus3\\public\\index.php')
INFO - 2025-02-13 04:32:47 --> Session: Class initialized using 'CodeIgniter\Session\Handlers\FileHandler' driver.
WARNING - 2025-02-13 04:32:47 --> [DEPRECATED] Creation of dynamic property App\Controllers\ReportHunian::$session is deprecated in APPPATH\Controllers\BaseController.php on line 56.
 1 SYSTEMPATH\CodeIgniter.php(915): App\Controllers\BaseController->initController(Object(CodeIgniter\HTTP\IncomingRequest), Object(CodeIgniter\HTTP\Response), Object(CodeIgniter\Log\Logger))
 2 SYSTEMPATH\CodeIgniter.php(493): CodeIgniter\CodeIgniter->createController()
 3 SYSTEMPATH\CodeIgniter.php(361): CodeIgniter\CodeIgniter->handleRequest(null, Object(Config\Cache), false)
 4 FCPATH\index.php(79): CodeIgniter\CodeIgniter->run()
 5 SYSTEMPATH\Commands\Server\rewrite.php(47): require_once('C:\\2023project\\aparus3\\public\\index.php')
WARNING - 2025-02-13 04:32:47 --> [DEPRECATED] Creation of dynamic property App\Controllers\Shortcut::$session is deprecated in APPPATH\Controllers\BaseController.php on line 56.
 1 SYSTEMPATH\View\Cell.php(96): App\Controllers\BaseController->initController(Object(CodeIgniter\HTTP\IncomingRequest), Object(CodeIgniter\HTTP\Response), Object(CodeIgniter\Log\Logger))
 2 SYSTEMPATH\Common.php(1206): CodeIgniter\View\Cell->render('App\\Controllers\\Shortcut::loadShortcut', [], 0, 'AppControllersShortcutloadShortcut40cd750bba9870f18aada2478b24840a')
 3 APPPATH\Views\partials\topbar.php(157): view_cell('App\\Controllers\\Shortcut::loadShortcut')
 4 SYSTEMPATH\View\View.php(228): include('C:\\2023project\\aparus3\\app\\Views\\partials\\topbar.php')
 5 SYSTEMPATH\View\View.php(231): CodeIgniter\View\View->CodeIgniter\View\{closure}()
 6 SYSTEMPATH\View\View.php(469): CodeIgniter\View\View->render('partials/topbar', null, true)
 7 APPPATH\Views\partials\menu.php(1): CodeIgniter\View\View->include('partials/topbar')
 8 SYSTEMPATH\View\View.php(228): include('C:\\2023project\\aparus3\\app\\Views\\partials\\menu.php')
 9 SYSTEMPATH\View\View.php(231): CodeIgniter\View\View->CodeIgniter\View\{closure}()
10 SYSTEMPATH\View\View.php(469): CodeIgniter\View\View->render('partials/menu', null, true)
11 APPPATH\Views\report\penghuni.php(18): CodeIgniter\View\View->include('partials/menu')
12 SYSTEMPATH\View\View.php(228): include('C:\\2023project\\aparus3\\app\\Views\\report\\penghuni.php')
13 SYSTEMPATH\View\View.php(231): CodeIgniter\View\View->CodeIgniter\View\{closure}()
14 SYSTEMPATH\Common.php(1190): CodeIgniter\View\View->render('report/penghuni', [], true)
15 APPPATH\Controllers\ReportHunian.php(69): view('report/penghuni', [...])
16 SYSTEMPATH\CodeIgniter.php(942): App\Controllers\ReportHunian->penghuni()
17 SYSTEMPATH\CodeIgniter.php(502): CodeIgniter\CodeIgniter->runController(Object(App\Controllers\ReportHunian))
18 SYSTEMPATH\CodeIgniter.php(361): CodeIgniter\CodeIgniter->handleRequest(null, Object(Config\Cache), false)
19 FCPATH\index.php(79): CodeIgniter\CodeIgniter->run()
20 SYSTEMPATH\Commands\Server\rewrite.php(47): require_once('C:\\2023project\\aparus3\\public\\index.php')
INFO - 2025-02-13 04:32:49 --> Session: Class initialized using 'CodeIgniter\Session\Handlers\FileHandler' driver.
WARNING - 2025-02-13 04:32:49 --> [DEPRECATED] Creation of dynamic property App\Controllers\Penghuni::$session is deprecated in APPPATH\Controllers\BaseController.php on line 56.
 1 SYSTEMPATH\CodeIgniter.php(915): App\Controllers\BaseController->initController(Object(CodeIgniter\HTTP\IncomingRequest), Object(CodeIgniter\HTTP\Response), Object(CodeIgniter\Log\Logger))
 2 SYSTEMPATH\CodeIgniter.php(493): CodeIgniter\CodeIgniter->createController()
 3 SYSTEMPATH\CodeIgniter.php(361): CodeIgniter\CodeIgniter->handleRequest(null, Object(Config\Cache), false)
 4 FCPATH\index.php(79): CodeIgniter\CodeIgniter->run()
 5 SYSTEMPATH\Commands\Server\rewrite.php(47): require_once('C:\\2023project\\aparus3\\public\\index.php')
WARNING - 2025-02-13 04:32:49 --> [DEPRECATED] Creation of dynamic property App\Controllers\Shortcut::$session is deprecated in APPPATH\Controllers\BaseController.php on line 56.
 1 SYSTEMPATH\View\Cell.php(96): App\Controllers\BaseController->initController(Object(CodeIgniter\HTTP\IncomingRequest), Object(CodeIgniter\HTTP\Response), Object(CodeIgniter\Log\Logger))
 2 SYSTEMPATH\Common.php(1206): CodeIgniter\View\Cell->render('App\\Controllers\\Shortcut::loadShortcut', [], 0, 'AppControllersShortcutloadShortcut40cd750bba9870f18aada2478b24840a')
 3 APPPATH\Views\partials\topbar.php(157): view_cell('App\\Controllers\\Shortcut::loadShortcut')
 4 SYSTEMPATH\View\View.php(228): include('C:\\2023project\\aparus3\\app\\Views\\partials\\topbar.php')
 5 SYSTEMPATH\View\View.php(231): CodeIgniter\View\View->CodeIgniter\View\{closure}()
 6 SYSTEMPATH\View\View.php(469): CodeIgniter\View\View->render('partials/topbar', null, true)
 7 APPPATH\Views\partials\menu.php(1): CodeIgniter\View\View->include('partials/topbar')
 8 SYSTEMPATH\View\View.php(228): include('C:\\2023project\\aparus3\\app\\Views\\partials\\menu.php')
 9 SYSTEMPATH\View\View.php(231): CodeIgniter\View\View->CodeIgniter\View\{closure}()
10 SYSTEMPATH\View\View.php(469): CodeIgniter\View\View->render('partials/menu', null, true)
11 APPPATH\Views\penghuni\list.php(18): CodeIgniter\View\View->include('partials/menu')
12 SYSTEMPATH\View\View.php(228): include('C:\\2023project\\aparus3\\app\\Views\\penghuni\\list.php')
13 SYSTEMPATH\View\View.php(231): CodeIgniter\View\View->CodeIgniter\View\{closure}()
14 SYSTEMPATH\Common.php(1190): CodeIgniter\View\View->render('penghuni/list', [], true)
15 APPPATH\Controllers\Penghuni.php(229): view('penghuni/list', [...])
16 SYSTEMPATH\CodeIgniter.php(942): App\Controllers\Penghuni->list()
17 SYSTEMPATH\CodeIgniter.php(502): CodeIgniter\CodeIgniter->runController(Object(App\Controllers\Penghuni))
18 SYSTEMPATH\CodeIgniter.php(361): CodeIgniter\CodeIgniter->handleRequest(null, Object(Config\Cache), false)
19 FCPATH\index.php(79): CodeIgniter\CodeIgniter->run()
20 SYSTEMPATH\Commands\Server\rewrite.php(47): require_once('C:\\2023project\\aparus3\\public\\index.php')
INFO - 2025-02-13 04:33:01 --> Session: Class initialized using 'CodeIgniter\Session\Handlers\FileHandler' driver.
WARNING - 2025-02-13 04:33:01 --> [DEPRECATED] Creation of dynamic property App\Controllers\ReportHunian::$session is deprecated in APPPATH\Controllers\BaseController.php on line 56.
 1 SYSTEMPATH\CodeIgniter.php(915): App\Controllers\BaseController->initController(Object(CodeIgniter\HTTP\IncomingRequest), Object(CodeIgniter\HTTP\Response), Object(CodeIgniter\Log\Logger))
 2 SYSTEMPATH\CodeIgniter.php(493): CodeIgniter\CodeIgniter->createController()
 3 SYSTEMPATH\CodeIgniter.php(361): CodeIgniter\CodeIgniter->handleRequest(null, Object(Config\Cache), false)
 4 FCPATH\index.php(79): CodeIgniter\CodeIgniter->run()
 5 SYSTEMPATH\Commands\Server\rewrite.php(47): require_once('C:\\2023project\\aparus3\\public\\index.php')
WARNING - 2025-02-13 04:33:01 --> [DEPRECATED] Creation of dynamic property App\Controllers\Shortcut::$session is deprecated in APPPATH\Controllers\BaseController.php on line 56.
 1 SYSTEMPATH\View\Cell.php(96): App\Controllers\BaseController->initController(Object(CodeIgniter\HTTP\IncomingRequest), Object(CodeIgniter\HTTP\Response), Object(CodeIgniter\Log\Logger))
 2 SYSTEMPATH\Common.php(1206): CodeIgniter\View\Cell->render('App\\Controllers\\Shortcut::loadShortcut', [], 0, 'AppControllersShortcutloadShortcut40cd750bba9870f18aada2478b24840a')
 3 APPPATH\Views\partials\topbar.php(157): view_cell('App\\Controllers\\Shortcut::loadShortcut')
 4 SYSTEMPATH\View\View.php(228): include('C:\\2023project\\aparus3\\app\\Views\\partials\\topbar.php')
 5 SYSTEMPATH\View\View.php(231): CodeIgniter\View\View->CodeIgniter\View\{closure}()
 6 SYSTEMPATH\View\View.php(469): CodeIgniter\View\View->render('partials/topbar', null, true)
 7 APPPATH\Views\partials\menu.php(1): CodeIgniter\View\View->include('partials/topbar')
 8 SYSTEMPATH\View\View.php(228): include('C:\\2023project\\aparus3\\app\\Views\\partials\\menu.php')
 9 SYSTEMPATH\View\View.php(231): CodeIgniter\View\View->CodeIgniter\View\{closure}()
10 SYSTEMPATH\View\View.php(469): CodeIgniter\View\View->render('partials/menu', null, true)
11 APPPATH\Views\report\penghuni.php(18): CodeIgniter\View\View->include('partials/menu')
12 SYSTEMPATH\View\View.php(228): include('C:\\2023project\\aparus3\\app\\Views\\report\\penghuni.php')
13 SYSTEMPATH\View\View.php(231): CodeIgniter\View\View->CodeIgniter\View\{closure}()
14 SYSTEMPATH\Common.php(1190): CodeIgniter\View\View->render('report/penghuni', [], true)
15 APPPATH\Controllers\ReportHunian.php(69): view('report/penghuni', [...])
16 SYSTEMPATH\CodeIgniter.php(942): App\Controllers\ReportHunian->penghuni()
17 SYSTEMPATH\CodeIgniter.php(502): CodeIgniter\CodeIgniter->runController(Object(App\Controllers\ReportHunian))
18 SYSTEMPATH\CodeIgniter.php(361): CodeIgniter\CodeIgniter->handleRequest(null, Object(Config\Cache), false)
19 FCPATH\index.php(79): CodeIgniter\CodeIgniter->run()
20 SYSTEMPATH\Commands\Server\rewrite.php(47): require_once('C:\\2023project\\aparus3\\public\\index.php')
INFO - 2025-02-13 04:33:36 --> Session: Class initialized using 'CodeIgniter\Session\Handlers\FileHandler' driver.
WARNING - 2025-02-13 04:33:36 --> [DEPRECATED] Creation of dynamic property App\Controllers\ReportHunian::$session is deprecated in APPPATH\Controllers\BaseController.php on line 56.
 1 SYSTEMPATH\CodeIgniter.php(915): App\Controllers\BaseController->initController(Object(CodeIgniter\HTTP\IncomingRequest), Object(CodeIgniter\HTTP\Response), Object(CodeIgniter\Log\Logger))
 2 SYSTEMPATH\CodeIgniter.php(493): CodeIgniter\CodeIgniter->createController()
 3 SYSTEMPATH\CodeIgniter.php(361): CodeIgniter\CodeIgniter->handleRequest(null, Object(Config\Cache), false)
 4 FCPATH\index.php(79): CodeIgniter\CodeIgniter->run()
 5 SYSTEMPATH\Commands\Server\rewrite.php(47): require_once('C:\\2023project\\aparus3\\public\\index.php')
WARNING - 2025-02-13 04:33:36 --> [DEPRECATED] Creation of dynamic property App\Controllers\Shortcut::$session is deprecated in APPPATH\Controllers\BaseController.php on line 56.
 1 SYSTEMPATH\View\Cell.php(96): App\Controllers\BaseController->initController(Object(CodeIgniter\HTTP\IncomingRequest), Object(CodeIgniter\HTTP\Response), Object(CodeIgniter\Log\Logger))
 2 SYSTEMPATH\Common.php(1206): CodeIgniter\View\Cell->render('App\\Controllers\\Shortcut::loadShortcut', [], 0, 'AppControllersShortcutloadShortcut40cd750bba9870f18aada2478b24840a')
 3 APPPATH\Views\partials\topbar.php(157): view_cell('App\\Controllers\\Shortcut::loadShortcut')
 4 SYSTEMPATH\View\View.php(228): include('C:\\2023project\\aparus3\\app\\Views\\partials\\topbar.php')
 5 SYSTEMPATH\View\View.php(231): CodeIgniter\View\View->CodeIgniter\View\{closure}()
 6 SYSTEMPATH\View\View.php(469): CodeIgniter\View\View->render('partials/topbar', null, true)
 7 APPPATH\Views\partials\menu.php(1): CodeIgniter\View\View->include('partials/topbar')
 8 SYSTEMPATH\View\View.php(228): include('C:\\2023project\\aparus3\\app\\Views\\partials\\menu.php')
 9 SYSTEMPATH\View\View.php(231): CodeIgniter\View\View->CodeIgniter\View\{closure}()
10 SYSTEMPATH\View\View.php(469): CodeIgniter\View\View->render('partials/menu', null, true)
11 APPPATH\Views\report\penghuni.php(18): CodeIgniter\View\View->include('partials/menu')
12 SYSTEMPATH\View\View.php(228): include('C:\\2023project\\aparus3\\app\\Views\\report\\penghuni.php')
13 SYSTEMPATH\View\View.php(231): CodeIgniter\View\View->CodeIgniter\View\{closure}()
14 SYSTEMPATH\Common.php(1190): CodeIgniter\View\View->render('report/penghuni', [], true)
15 APPPATH\Controllers\ReportHunian.php(69): view('report/penghuni', [...])
16 SYSTEMPATH\CodeIgniter.php(942): App\Controllers\ReportHunian->penghuni()
17 SYSTEMPATH\CodeIgniter.php(502): CodeIgniter\CodeIgniter->runController(Object(App\Controllers\ReportHunian))
18 SYSTEMPATH\CodeIgniter.php(361): CodeIgniter\CodeIgniter->handleRequest(null, Object(Config\Cache), false)
19 FCPATH\index.php(79): CodeIgniter\CodeIgniter->run()
20 SYSTEMPATH\Commands\Server\rewrite.php(47): require_once('C:\\2023project\\aparus3\\public\\index.php')
INFO - 2025-02-13 04:37:34 --> Session: Class initialized using 'CodeIgniter\Session\Handlers\FileHandler' driver.
WARNING - 2025-02-13 04:37:34 --> [DEPRECATED] Creation of dynamic property App\Controllers\ReportHunian::$session is deprecated in APPPATH\Controllers\BaseController.php on line 56.
 1 SYSTEMPATH\CodeIgniter.php(915): App\Controllers\BaseController->initController(Object(CodeIgniter\HTTP\IncomingRequest), Object(CodeIgniter\HTTP\Response), Object(CodeIgniter\Log\Logger))
 2 SYSTEMPATH\CodeIgniter.php(493): CodeIgniter\CodeIgniter->createController()
 3 SYSTEMPATH\CodeIgniter.php(361): CodeIgniter\CodeIgniter->handleRequest(null, Object(Config\Cache), false)
 4 FCPATH\index.php(79): CodeIgniter\CodeIgniter->run()
 5 SYSTEMPATH\Commands\Server\rewrite.php(47): require_once('C:\\2023project\\aparus3\\public\\index.php')
WARNING - 2025-02-13 04:37:34 --> [DEPRECATED] Creation of dynamic property App\Controllers\Shortcut::$session is deprecated in APPPATH\Controllers\BaseController.php on line 56.
 1 SYSTEMPATH\View\Cell.php(96): App\Controllers\BaseController->initController(Object(CodeIgniter\HTTP\IncomingRequest), Object(CodeIgniter\HTTP\Response), Object(CodeIgniter\Log\Logger))
 2 SYSTEMPATH\Common.php(1206): CodeIgniter\View\Cell->render('App\\Controllers\\Shortcut::loadShortcut', [], 0, 'AppControllersShortcutloadShortcut40cd750bba9870f18aada2478b24840a')
 3 APPPATH\Views\partials\topbar.php(157): view_cell('App\\Controllers\\Shortcut::loadShortcut')
 4 SYSTEMPATH\View\View.php(228): include('C:\\2023project\\aparus3\\app\\Views\\partials\\topbar.php')
 5 SYSTEMPATH\View\View.php(231): CodeIgniter\View\View->CodeIgniter\View\{closure}()
 6 SYSTEMPATH\View\View.php(469): CodeIgniter\View\View->render('partials/topbar', null, true)
 7 APPPATH\Views\partials\menu.php(1): CodeIgniter\View\View->include('partials/topbar')
 8 SYSTEMPATH\View\View.php(228): include('C:\\2023project\\aparus3\\app\\Views\\partials\\menu.php')
 9 SYSTEMPATH\View\View.php(231): CodeIgniter\View\View->CodeIgniter\View\{closure}()
10 SYSTEMPATH\View\View.php(469): CodeIgniter\View\View->render('partials/menu', null, true)
11 APPPATH\Views\report\penghuni.php(11): CodeIgniter\View\View->include('partials/menu')
12 SYSTEMPATH\View\View.php(228): include('C:\\2023project\\aparus3\\app\\Views\\report\\penghuni.php')
13 SYSTEMPATH\View\View.php(231): CodeIgniter\View\View->CodeIgniter\View\{closure}()
14 SYSTEMPATH\Common.php(1190): CodeIgniter\View\View->render('report/penghuni', [], true)
15 APPPATH\Controllers\ReportHunian.php(69): view('report/penghuni', [...])
16 SYSTEMPATH\CodeIgniter.php(942): App\Controllers\ReportHunian->penghuni()
17 SYSTEMPATH\CodeIgniter.php(502): CodeIgniter\CodeIgniter->runController(Object(App\Controllers\ReportHunian))
18 SYSTEMPATH\CodeIgniter.php(361): CodeIgniter\CodeIgniter->handleRequest(null, Object(Config\Cache), false)
19 FCPATH\index.php(79): CodeIgniter\CodeIgniter->run()
20 SYSTEMPATH\Commands\Server\rewrite.php(47): require_once('C:\\2023project\\aparus3\\public\\index.php')
CRITICAL - 2025-02-13 04:37:34 --> Undefined variable $statistik
in APPPATH\Views\report\penghuni.php on line 35.
 1 APPPATH\Views\report\penghuni.php(35): CodeIgniter\Debug\Exceptions->errorHandler(2, 'Undefined variable $statistik', 'C:\\2023project\\aparus3\\app\\Views\\report\\penghuni.php', 35)
 2 SYSTEMPATH\View\View.php(228): include('C:\\2023project\\aparus3\\app\\Views\\report\\penghuni.php')
 3 SYSTEMPATH\View\View.php(231): CodeIgniter\View\View->CodeIgniter\View\{closure}()
 4 SYSTEMPATH\Common.php(1190): CodeIgniter\View\View->render('report/penghuni', [], true)
 5 APPPATH\Controllers\ReportHunian.php(69): view('report/penghuni', [...])
 6 SYSTEMPATH\CodeIgniter.php(942): App\Controllers\ReportHunian->penghuni()
 7 SYSTEMPATH\CodeIgniter.php(502): CodeIgniter\CodeIgniter->runController(Object(App\Controllers\ReportHunian))
 8 SYSTEMPATH\CodeIgniter.php(361): CodeIgniter\CodeIgniter->handleRequest(null, Object(Config\Cache), false)
 9 FCPATH\index.php(79): CodeIgniter\CodeIgniter->run()
10 SYSTEMPATH\Commands\Server\rewrite.php(47): require_once('C:\\2023project\\aparus3\\public\\index.php')
INFO - 2025-02-13 04:38:07 --> Session: Class initialized using 'CodeIgniter\Session\Handlers\FileHandler' driver.
WARNING - 2025-02-13 04:38:07 --> [DEPRECATED] Creation of dynamic property App\Controllers\ReportHunian::$session is deprecated in APPPATH\Controllers\BaseController.php on line 56.
 1 SYSTEMPATH\CodeIgniter.php(915): App\Controllers\BaseController->initController(Object(CodeIgniter\HTTP\IncomingRequest), Object(CodeIgniter\HTTP\Response), Object(CodeIgniter\Log\Logger))
 2 SYSTEMPATH\CodeIgniter.php(493): CodeIgniter\CodeIgniter->createController()
 3 SYSTEMPATH\CodeIgniter.php(361): CodeIgniter\CodeIgniter->handleRequest(null, Object(Config\Cache), false)
 4 FCPATH\index.php(79): CodeIgniter\CodeIgniter->run()
 5 SYSTEMPATH\Commands\Server\rewrite.php(47): require_once('C:\\2023project\\aparus3\\public\\index.php')
WARNING - 2025-02-13 04:38:07 --> [DEPRECATED] Creation of dynamic property App\Controllers\Shortcut::$session is deprecated in APPPATH\Controllers\BaseController.php on line 56.
 1 SYSTEMPATH\View\Cell.php(96): App\Controllers\BaseController->initController(Object(CodeIgniter\HTTP\IncomingRequest), Object(CodeIgniter\HTTP\Response), Object(CodeIgniter\Log\Logger))
 2 SYSTEMPATH\Common.php(1206): CodeIgniter\View\Cell->render('App\\Controllers\\Shortcut::loadShortcut', [], 0, 'AppControllersShortcutloadShortcut40cd750bba9870f18aada2478b24840a')
 3 APPPATH\Views\partials\topbar.php(157): view_cell('App\\Controllers\\Shortcut::loadShortcut')
 4 SYSTEMPATH\View\View.php(228): include('C:\\2023project\\aparus3\\app\\Views\\partials\\topbar.php')
 5 SYSTEMPATH\View\View.php(231): CodeIgniter\View\View->CodeIgniter\View\{closure}()
 6 SYSTEMPATH\View\View.php(469): CodeIgniter\View\View->render('partials/topbar', null, true)
 7 APPPATH\Views\partials\menu.php(1): CodeIgniter\View\View->include('partials/topbar')
 8 SYSTEMPATH\View\View.php(228): include('C:\\2023project\\aparus3\\app\\Views\\partials\\menu.php')
 9 SYSTEMPATH\View\View.php(231): CodeIgniter\View\View->CodeIgniter\View\{closure}()
10 SYSTEMPATH\View\View.php(469): CodeIgniter\View\View->render('partials/menu', null, true)
11 APPPATH\Views\report\penghuni.php(11): CodeIgniter\View\View->include('partials/menu')
12 SYSTEMPATH\View\View.php(228): include('C:\\2023project\\aparus3\\app\\Views\\report\\penghuni.php')
13 SYSTEMPATH\View\View.php(231): CodeIgniter\View\View->CodeIgniter\View\{closure}()
14 SYSTEMPATH\Common.php(1190): CodeIgniter\View\View->render('report/penghuni', [], true)
15 APPPATH\Controllers\ReportHunian.php(69): view('report/penghuni', [...])
16 SYSTEMPATH\CodeIgniter.php(942): App\Controllers\ReportHunian->penghuni()
17 SYSTEMPATH\CodeIgniter.php(502): CodeIgniter\CodeIgniter->runController(Object(App\Controllers\ReportHunian))
18 SYSTEMPATH\CodeIgniter.php(361): CodeIgniter\CodeIgniter->handleRequest(null, Object(Config\Cache), false)
19 FCPATH\index.php(79): CodeIgniter\CodeIgniter->run()
20 SYSTEMPATH\Commands\Server\rewrite.php(47): require_once('C:\\2023project\\aparus3\\public\\index.php')
CRITICAL - 2025-02-13 04:38:07 --> Undefined variable $statistik
in APPPATH\Views\report\penghuni.php on line 35.
 1 APPPATH\Views\report\penghuni.php(35): CodeIgniter\Debug\Exceptions->errorHandler(2, 'Undefined variable $statistik', 'C:\\2023project\\aparus3\\app\\Views\\report\\penghuni.php', 35)
 2 SYSTEMPATH\View\View.php(228): include('C:\\2023project\\aparus3\\app\\Views\\report\\penghuni.php')
 3 SYSTEMPATH\View\View.php(231): CodeIgniter\View\View->CodeIgniter\View\{closure}()
 4 SYSTEMPATH\Common.php(1190): CodeIgniter\View\View->render('report/penghuni', [], true)
 5 APPPATH\Controllers\ReportHunian.php(69): view('report/penghuni', [...])
 6 SYSTEMPATH\CodeIgniter.php(942): App\Controllers\ReportHunian->penghuni()
 7 SYSTEMPATH\CodeIgniter.php(502): CodeIgniter\CodeIgniter->runController(Object(App\Controllers\ReportHunian))
 8 SYSTEMPATH\CodeIgniter.php(361): CodeIgniter\CodeIgniter->handleRequest(null, Object(Config\Cache), false)
 9 FCPATH\index.php(79): CodeIgniter\CodeIgniter->run()
10 SYSTEMPATH\Commands\Server\rewrite.php(47): require_once('C:\\2023project\\aparus3\\public\\index.php')
INFO - 2025-02-13 04:38:10 --> Session: Class initialized using 'CodeIgniter\Session\Handlers\FileHandler' driver.
WARNING - 2025-02-13 04:38:10 --> [DEPRECATED] Creation of dynamic property App\Controllers\ReportHunian::$session is deprecated in APPPATH\Controllers\BaseController.php on line 56.
 1 SYSTEMPATH\CodeIgniter.php(915): App\Controllers\BaseController->initController(Object(CodeIgniter\HTTP\IncomingRequest), Object(CodeIgniter\HTTP\Response), Object(CodeIgniter\Log\Logger))
 2 SYSTEMPATH\CodeIgniter.php(493): CodeIgniter\CodeIgniter->createController()
 3 SYSTEMPATH\CodeIgniter.php(361): CodeIgniter\CodeIgniter->handleRequest(null, Object(Config\Cache), false)
 4 FCPATH\index.php(79): CodeIgniter\CodeIgniter->run()
 5 SYSTEMPATH\Commands\Server\rewrite.php(47): require_once('C:\\2023project\\aparus3\\public\\index.php')
WARNING - 2025-02-13 04:38:10 --> [DEPRECATED] Creation of dynamic property App\Controllers\Shortcut::$session is deprecated in APPPATH\Controllers\BaseController.php on line 56.
 1 SYSTEMPATH\View\Cell.php(96): App\Controllers\BaseController->initController(Object(CodeIgniter\HTTP\IncomingRequest), Object(CodeIgniter\HTTP\Response), Object(CodeIgniter\Log\Logger))
 2 SYSTEMPATH\Common.php(1206): CodeIgniter\View\Cell->render('App\\Controllers\\Shortcut::loadShortcut', [], 0, 'AppControllersShortcutloadShortcut40cd750bba9870f18aada2478b24840a')
 3 APPPATH\Views\partials\topbar.php(157): view_cell('App\\Controllers\\Shortcut::loadShortcut')
 4 SYSTEMPATH\View\View.php(228): include('C:\\2023project\\aparus3\\app\\Views\\partials\\topbar.php')
 5 SYSTEMPATH\View\View.php(231): CodeIgniter\View\View->CodeIgniter\View\{closure}()
 6 SYSTEMPATH\View\View.php(469): CodeIgniter\View\View->render('partials/topbar', null, true)
 7 APPPATH\Views\partials\menu.php(1): CodeIgniter\View\View->include('partials/topbar')
 8 SYSTEMPATH\View\View.php(228): include('C:\\2023project\\aparus3\\app\\Views\\partials\\menu.php')
 9 SYSTEMPATH\View\View.php(231): CodeIgniter\View\View->CodeIgniter\View\{closure}()
10 SYSTEMPATH\View\View.php(469): CodeIgniter\View\View->render('partials/menu', null, true)
11 APPPATH\Views\report\penghuni.php(11): CodeIgniter\View\View->include('partials/menu')
12 SYSTEMPATH\View\View.php(228): include('C:\\2023project\\aparus3\\app\\Views\\report\\penghuni.php')
13 SYSTEMPATH\View\View.php(231): CodeIgniter\View\View->CodeIgniter\View\{closure}()
14 SYSTEMPATH\Common.php(1190): CodeIgniter\View\View->render('report/penghuni', [], true)
15 APPPATH\Controllers\ReportHunian.php(69): view('report/penghuni', [...])
16 SYSTEMPATH\CodeIgniter.php(942): App\Controllers\ReportHunian->penghuni()
17 SYSTEMPATH\CodeIgniter.php(502): CodeIgniter\CodeIgniter->runController(Object(App\Controllers\ReportHunian))
18 SYSTEMPATH\CodeIgniter.php(361): CodeIgniter\CodeIgniter->handleRequest(null, Object(Config\Cache), false)
19 FCPATH\index.php(79): CodeIgniter\CodeIgniter->run()
20 SYSTEMPATH\Commands\Server\rewrite.php(47): require_once('C:\\2023project\\aparus3\\public\\index.php')
CRITICAL - 2025-02-13 04:38:10 --> Undefined variable $statistik
in APPPATH\Views\report\penghuni.php on line 35.
 1 APPPATH\Views\report\penghuni.php(35): CodeIgniter\Debug\Exceptions->errorHandler(2, 'Undefined variable $statistik', 'C:\\2023project\\aparus3\\app\\Views\\report\\penghuni.php', 35)
 2 SYSTEMPATH\View\View.php(228): include('C:\\2023project\\aparus3\\app\\Views\\report\\penghuni.php')
 3 SYSTEMPATH\View\View.php(231): CodeIgniter\View\View->CodeIgniter\View\{closure}()
 4 SYSTEMPATH\Common.php(1190): CodeIgniter\View\View->render('report/penghuni', [], true)
 5 APPPATH\Controllers\ReportHunian.php(69): view('report/penghuni', [...])
 6 SYSTEMPATH\CodeIgniter.php(942): App\Controllers\ReportHunian->penghuni()
 7 SYSTEMPATH\CodeIgniter.php(502): CodeIgniter\CodeIgniter->runController(Object(App\Controllers\ReportHunian))
 8 SYSTEMPATH\CodeIgniter.php(361): CodeIgniter\CodeIgniter->handleRequest(null, Object(Config\Cache), false)
 9 FCPATH\index.php(79): CodeIgniter\CodeIgniter->run()
10 SYSTEMPATH\Commands\Server\rewrite.php(47): require_once('C:\\2023project\\aparus3\\public\\index.php')
INFO - 2025-02-13 04:39:21 --> Session: Class initialized using 'CodeIgniter\Session\Handlers\FileHandler' driver.
WARNING - 2025-02-13 04:39:21 --> [DEPRECATED] Creation of dynamic property App\Controllers\ReportHunian::$session is deprecated in APPPATH\Controllers\BaseController.php on line 56.
 1 SYSTEMPATH\CodeIgniter.php(915): App\Controllers\BaseController->initController(Object(CodeIgniter\HTTP\IncomingRequest), Object(CodeIgniter\HTTP\Response), Object(CodeIgniter\Log\Logger))
 2 SYSTEMPATH\CodeIgniter.php(493): CodeIgniter\CodeIgniter->createController()
 3 SYSTEMPATH\CodeIgniter.php(361): CodeIgniter\CodeIgniter->handleRequest(null, Object(Config\Cache), false)
 4 FCPATH\index.php(79): CodeIgniter\CodeIgniter->run()
 5 SYSTEMPATH\Commands\Server\rewrite.php(47): require_once('C:\\2023project\\aparus3\\public\\index.php')
CRITICAL - 2025-02-13 04:39:21 --> Call to undefined method App\Models\ReportHunian_model::getStatistikPenghuni
in SYSTEMPATH\Model.php on line 873.
 1 APPPATH\Controllers\ReportHunian.php(26): CodeIgniter\Model->__call('getStatistikPenghuni', [])
 2 SYSTEMPATH\CodeIgniter.php(942): App\Controllers\ReportHunian->penghuni()
 3 SYSTEMPATH\CodeIgniter.php(502): CodeIgniter\CodeIgniter->runController(Object(App\Controllers\ReportHunian))
 4 SYSTEMPATH\CodeIgniter.php(361): CodeIgniter\CodeIgniter->handleRequest(null, Object(Config\Cache), false)
 5 FCPATH\index.php(79): CodeIgniter\CodeIgniter->run()
 6 SYSTEMPATH\Commands\Server\rewrite.php(47): require_once('C:\\2023project\\aparus3\\public\\index.php')
INFO - 2025-02-13 04:41:30 --> Session: Class initialized using 'CodeIgniter\Session\Handlers\FileHandler' driver.
WARNING - 2025-02-13 04:41:30 --> [DEPRECATED] Creation of dynamic property App\Controllers\ReportHunian::$session is deprecated in APPPATH\Controllers\BaseController.php on line 56.
 1 SYSTEMPATH\CodeIgniter.php(915): App\Controllers\BaseController->initController(Object(CodeIgniter\HTTP\IncomingRequest), Object(CodeIgniter\HTTP\Response), Object(CodeIgniter\Log\Logger))
 2 SYSTEMPATH\CodeIgniter.php(493): CodeIgniter\CodeIgniter->createController()
 3 SYSTEMPATH\CodeIgniter.php(361): CodeIgniter\CodeIgniter->handleRequest(null, Object(Config\Cache), false)
 4 FCPATH\index.php(79): CodeIgniter\CodeIgniter->run()
 5 SYSTEMPATH\Commands\Server\rewrite.php(47): require_once('C:\\2023project\\aparus3\\public\\index.php')
CRITICAL - 2025-02-13 04:41:30 --> Call to undefined method App\Models\ReportHunian_model::getStatistikPenghuni
in SYSTEMPATH\Model.php on line 873.
 1 APPPATH\Controllers\ReportHunian.php(53): CodeIgniter\Model->__call('getStatistikPenghuni', [])
 2 SYSTEMPATH\CodeIgniter.php(942): App\Controllers\ReportHunian->penghuni()
 3 SYSTEMPATH\CodeIgniter.php(502): CodeIgniter\CodeIgniter->runController(Object(App\Controllers\ReportHunian))
 4 SYSTEMPATH\CodeIgniter.php(361): CodeIgniter\CodeIgniter->handleRequest(null, Object(Config\Cache), false)
 5 FCPATH\index.php(79): CodeIgniter\CodeIgniter->run()
 6 SYSTEMPATH\Commands\Server\rewrite.php(47): require_once('C:\\2023project\\aparus3\\public\\index.php')
INFO - 2025-02-13 04:41:33 --> Session: Class initialized using 'CodeIgniter\Session\Handlers\FileHandler' driver.
WARNING - 2025-02-13 04:41:33 --> [DEPRECATED] Creation of dynamic property App\Controllers\ReportHunian::$session is deprecated in APPPATH\Controllers\BaseController.php on line 56.
 1 SYSTEMPATH\CodeIgniter.php(915): App\Controllers\BaseController->initController(Object(CodeIgniter\HTTP\IncomingRequest), Object(CodeIgniter\HTTP\Response), Object(CodeIgniter\Log\Logger))
 2 SYSTEMPATH\CodeIgniter.php(493): CodeIgniter\CodeIgniter->createController()
 3 SYSTEMPATH\CodeIgniter.php(361): CodeIgniter\CodeIgniter->handleRequest(null, Object(Config\Cache), false)
 4 FCPATH\index.php(79): CodeIgniter\CodeIgniter->run()
 5 SYSTEMPATH\Commands\Server\rewrite.php(47): require_once('C:\\2023project\\aparus3\\public\\index.php')
CRITICAL - 2025-02-13 04:41:33 --> Call to undefined method App\Models\ReportHunian_model::getStatistikPenghuni
in SYSTEMPATH\Model.php on line 873.
 1 APPPATH\Controllers\ReportHunian.php(53): CodeIgniter\Model->__call('getStatistikPenghuni', [])
 2 SYSTEMPATH\CodeIgniter.php(942): App\Controllers\ReportHunian->penghuni()
 3 SYSTEMPATH\CodeIgniter.php(502): CodeIgniter\CodeIgniter->runController(Object(App\Controllers\ReportHunian))
 4 SYSTEMPATH\CodeIgniter.php(361): CodeIgniter\CodeIgniter->handleRequest(null, Object(Config\Cache), false)
 5 FCPATH\index.php(79): CodeIgniter\CodeIgniter->run()
 6 SYSTEMPATH\Commands\Server\rewrite.php(47): require_once('C:\\2023project\\aparus3\\public\\index.php')
INFO - 2025-02-13 04:42:17 --> Session: Class initialized using 'CodeIgniter\Session\Handlers\FileHandler' driver.
WARNING - 2025-02-13 04:42:17 --> [DEPRECATED] Creation of dynamic property App\Controllers\ReportHunian::$session is deprecated in APPPATH\Controllers\BaseController.php on line 56.
 1 SYSTEMPATH\CodeIgniter.php(915): App\Controllers\BaseController->initController(Object(CodeIgniter\HTTP\IncomingRequest), Object(CodeIgniter\HTTP\Response), Object(CodeIgniter\Log\Logger))
 2 SYSTEMPATH\CodeIgniter.php(493): CodeIgniter\CodeIgniter->createController()
 3 SYSTEMPATH\CodeIgniter.php(361): CodeIgniter\CodeIgniter->handleRequest(null, Object(Config\Cache), false)
 4 FCPATH\index.php(79): CodeIgniter\CodeIgniter->run()
 5 SYSTEMPATH\Commands\Server\rewrite.php(47): require_once('C:\\2023project\\aparus3\\public\\index.php')
CRITICAL - 2025-02-13 04:42:17 --> Call to undefined method App\Models\ReportHunian_model::getStatistikPenghuni
in SYSTEMPATH\Model.php on line 873.
 1 APPPATH\Controllers\ReportHunian.php(53): CodeIgniter\Model->__call('getStatistikPenghuni', [])
 2 SYSTEMPATH\CodeIgniter.php(942): App\Controllers\ReportHunian->penghuni()
 3 SYSTEMPATH\CodeIgniter.php(502): CodeIgniter\CodeIgniter->runController(Object(App\Controllers\ReportHunian))
 4 SYSTEMPATH\CodeIgniter.php(361): CodeIgniter\CodeIgniter->handleRequest(null, Object(Config\Cache), false)
 5 FCPATH\index.php(79): CodeIgniter\CodeIgniter->run()
 6 SYSTEMPATH\Commands\Server\rewrite.php(47): require_once('C:\\2023project\\aparus3\\public\\index.php')
INFO - 2025-02-13 04:42:33 --> Session: Class initialized using 'CodeIgniter\Session\Handlers\FileHandler' driver.
WARNING - 2025-02-13 04:42:33 --> [DEPRECATED] Creation of dynamic property App\Controllers\ReportHunian::$session is deprecated in APPPATH\Controllers\BaseController.php on line 56.
 1 SYSTEMPATH\CodeIgniter.php(915): App\Controllers\BaseController->initController(Object(CodeIgniter\HTTP\IncomingRequest), Object(CodeIgniter\HTTP\Response), Object(CodeIgniter\Log\Logger))
 2 SYSTEMPATH\CodeIgniter.php(493): CodeIgniter\CodeIgniter->createController()
 3 SYSTEMPATH\CodeIgniter.php(361): CodeIgniter\CodeIgniter->handleRequest(null, Object(Config\Cache), false)
 4 FCPATH\index.php(79): CodeIgniter\CodeIgniter->run()
 5 SYSTEMPATH\Commands\Server\rewrite.php(47): require_once('C:\\2023project\\aparus3\\public\\index.php')
CRITICAL - 2025-02-13 04:42:33 --> Call to undefined method App\Models\ReportHunian_model::getStatistikPenghuni
in SYSTEMPATH\Model.php on line 873.
 1 APPPATH\Controllers\ReportHunian.php(53): CodeIgniter\Model->__call('getStatistikPenghuni', [])
 2 SYSTEMPATH\CodeIgniter.php(942): App\Controllers\ReportHunian->penghuni()
 3 SYSTEMPATH\CodeIgniter.php(502): CodeIgniter\CodeIgniter->runController(Object(App\Controllers\ReportHunian))
 4 SYSTEMPATH\CodeIgniter.php(361): CodeIgniter\CodeIgniter->handleRequest(null, Object(Config\Cache), false)
 5 FCPATH\index.php(79): CodeIgniter\CodeIgniter->run()
 6 SYSTEMPATH\Commands\Server\rewrite.php(47): require_once('C:\\2023project\\aparus3\\public\\index.php')
INFO - 2025-02-13 04:42:42 --> Session: Class initialized using 'CodeIgniter\Session\Handlers\FileHandler' driver.
WARNING - 2025-02-13 04:42:42 --> [DEPRECATED] Creation of dynamic property App\Controllers\ReportHunian::$session is deprecated in APPPATH\Controllers\BaseController.php on line 56.
 1 SYSTEMPATH\CodeIgniter.php(915): App\Controllers\BaseController->initController(Object(CodeIgniter\HTTP\IncomingRequest), Object(CodeIgniter\HTTP\Response), Object(CodeIgniter\Log\Logger))
 2 SYSTEMPATH\CodeIgniter.php(493): CodeIgniter\CodeIgniter->createController()
 3 SYSTEMPATH\CodeIgniter.php(361): CodeIgniter\CodeIgniter->handleRequest(null, Object(Config\Cache), false)
 4 FCPATH\index.php(79): CodeIgniter\CodeIgniter->run()
 5 SYSTEMPATH\Commands\Server\rewrite.php(47): require_once('C:\\2023project\\aparus3\\public\\index.php')
ERROR - 2025-02-13 04:42:42 --> mysqli_sql_exception: Table 'aparus3.aprs_kamar' doesn't exist in C:\2023project\aparus3\system\Database\MySQLi\Connection.php:306
Stack trace:
#0 C:\2023project\aparus3\system\Database\MySQLi\Connection.php(306): mysqli->query('SELECT `aprs_pe...', 0)
#1 C:\2023project\aparus3\system\Database\BaseConnection.php(693): CodeIgniter\Database\MySQLi\Connection->execute('SELECT `aprs_pe...')
#2 C:\2023project\aparus3\system\Database\BaseConnection.php(607): CodeIgniter\Database\BaseConnection->simpleQuery('SELECT `aprs_pe...')
#3 C:\2023project\aparus3\system\Database\BaseBuilder.php(1615): CodeIgniter\Database\BaseConnection->query('SELECT `aprs_pe...', Array, false)
#4 C:\2023project\aparus3\app\Models\ReportHunian_model.php(32): CodeIgniter\Database\BaseBuilder->get()
#5 C:\2023project\aparus3\app\Controllers\ReportHunian.php(52): App\Models\ReportHunian_model->getPenghuni(NULL)
#6 C:\2023project\aparus3\system\CodeIgniter.php(942): App\Controllers\ReportHunian->penghuni()
#7 C:\2023project\aparus3\system\CodeIgniter.php(502): CodeIgniter\CodeIgniter->runController(Object(App\Controllers\ReportHunian))
#8 C:\2023project\aparus3\system\CodeIgniter.php(361): CodeIgniter\CodeIgniter->handleRequest(NULL, Object(Config\Cache), false)
#9 C:\2023project\aparus3\public\index.php(79): CodeIgniter\CodeIgniter->run()
#10 C:\2023project\aparus3\system\Commands\Server\rewrite.php(47): require_once('C:\\2023project\\...')
#11 {main}
CRITICAL - 2025-02-13 04:42:42 --> Table 'aparus3.aprs_kamar' doesn't exist
in SYSTEMPATH\Database\BaseConnection.php on line 647.
 1 SYSTEMPATH\Database\BaseBuilder.php(1615): CodeIgniter\Database\BaseConnection->query('SELECT `aprs_penghuni`.*, `aprs_master_rusun`.`nama_rusun`, `aprs_kamar`.`nomor_kamar`, `aprs_kontrak`.`tgl_awal_kontrak`, `aprs_kontrak`.`tgl_akhir_kontrak`, `aprs_kontrak`.`status_kontrak`
FROM `aprs_penghuni`
LEFT JOIN `aprs_master_rusun` ON `aprs_penghuni`.`rusuntujuan` = `aprs_master_rusun`.`rusun_id`
LEFT JOIN `aprs_kontrak` ON `aprs_penghuni`.`kode_penghuni` = `aprs_kontrak`.`penghuni`
LEFT JOIN `aprs_kamar` ON `aprs_kontrak`.`kamar` = `aprs_kamar`.`kamar_id`', [], false)
 2 APPPATH\Models\ReportHunian_model.php(32): CodeIgniter\Database\BaseBuilder->get()
 3 APPPATH\Controllers\ReportHunian.php(52): App\Models\ReportHunian_model->getPenghuni(null)
 4 SYSTEMPATH\CodeIgniter.php(942): App\Controllers\ReportHunian->penghuni()
 5 SYSTEMPATH\CodeIgniter.php(502): CodeIgniter\CodeIgniter->runController(Object(App\Controllers\ReportHunian))
 6 SYSTEMPATH\CodeIgniter.php(361): CodeIgniter\CodeIgniter->handleRequest(null, Object(Config\Cache), false)
 7 FCPATH\index.php(79): CodeIgniter\CodeIgniter->run()
 8 SYSTEMPATH\Commands\Server\rewrite.php(47): require_once('C:\\2023project\\aparus3\\public\\index.php')
INFO - 2025-02-13 04:45:04 --> Session: Class initialized using 'CodeIgniter\Session\Handlers\FileHandler' driver.
WARNING - 2025-02-13 04:45:04 --> [DEPRECATED] Creation of dynamic property App\Controllers\ReportHunian::$session is deprecated in APPPATH\Controllers\BaseController.php on line 56.
 1 SYSTEMPATH\CodeIgniter.php(915): App\Controllers\BaseController->initController(Object(CodeIgniter\HTTP\IncomingRequest), Object(CodeIgniter\HTTP\Response), Object(CodeIgniter\Log\Logger))
 2 SYSTEMPATH\CodeIgniter.php(493): CodeIgniter\CodeIgniter->createController()
 3 SYSTEMPATH\CodeIgniter.php(361): CodeIgniter\CodeIgniter->handleRequest(null, Object(Config\Cache), false)
 4 FCPATH\index.php(79): CodeIgniter\CodeIgniter->run()
 5 SYSTEMPATH\Commands\Server\rewrite.php(47): require_once('C:\\2023project\\aparus3\\public\\index.php')
ERROR - 2025-02-13 04:45:04 --> mysqli_sql_exception: Table 'aparus3.aprs_kamar' doesn't exist in C:\2023project\aparus3\system\Database\MySQLi\Connection.php:306
Stack trace:
#0 C:\2023project\aparus3\system\Database\MySQLi\Connection.php(306): mysqli->query('SELECT `aprs_pe...', 0)
#1 C:\2023project\aparus3\system\Database\BaseConnection.php(693): CodeIgniter\Database\MySQLi\Connection->execute('SELECT `aprs_pe...')
#2 C:\2023project\aparus3\system\Database\BaseConnection.php(607): CodeIgniter\Database\BaseConnection->simpleQuery('SELECT `aprs_pe...')
#3 C:\2023project\aparus3\system\Database\BaseBuilder.php(1615): CodeIgniter\Database\BaseConnection->query('SELECT `aprs_pe...', Array, false)
#4 C:\2023project\aparus3\app\Models\ReportHunian_model.php(32): CodeIgniter\Database\BaseBuilder->get()
#5 C:\2023project\aparus3\app\Controllers\ReportHunian.php(52): App\Models\ReportHunian_model->getPenghuni(NULL)
#6 C:\2023project\aparus3\system\CodeIgniter.php(942): App\Controllers\ReportHunian->penghuni()
#7 C:\2023project\aparus3\system\CodeIgniter.php(502): CodeIgniter\CodeIgniter->runController(Object(App\Controllers\ReportHunian))
#8 C:\2023project\aparus3\system\CodeIgniter.php(361): CodeIgniter\CodeIgniter->handleRequest(NULL, Object(Config\Cache), false)
#9 C:\2023project\aparus3\public\index.php(79): CodeIgniter\CodeIgniter->run()
#10 C:\2023project\aparus3\system\Commands\Server\rewrite.php(47): require_once('C:\\2023project\\...')
#11 {main}
CRITICAL - 2025-02-13 04:45:04 --> Table 'aparus3.aprs_kamar' doesn't exist
in SYSTEMPATH\Database\BaseConnection.php on line 647.
 1 SYSTEMPATH\Database\BaseBuilder.php(1615): CodeIgniter\Database\BaseConnection->query('SELECT `aprs_penghuni`.*, `aprs_master_rusun`.`nama_rusun`, `aprs_kamar`.`nomor_kamar`, `aprs_kontrak`.`tgl_awal_kontrak`, `aprs_kontrak`.`tgl_akhir_kontrak`, `aprs_kontrak`.`status_kontrak`
FROM `aprs_penghuni`
LEFT JOIN `aprs_master_rusun` ON `aprs_penghuni`.`rusuntujuan` = `aprs_master_rusun`.`rusun_id`
LEFT JOIN `aprs_kontrak` ON `aprs_penghuni`.`kode_penghuni` = `aprs_kontrak`.`penghuni`
LEFT JOIN `aprs_kamar` ON `aprs_kontrak`.`kamar` = `aprs_kamar`.`kamar_id`', [], false)
 2 APPPATH\Models\ReportHunian_model.php(32): CodeIgniter\Database\BaseBuilder->get()
 3 APPPATH\Controllers\ReportHunian.php(52): App\Models\ReportHunian_model->getPenghuni(null)
 4 SYSTEMPATH\CodeIgniter.php(942): App\Controllers\ReportHunian->penghuni()
 5 SYSTEMPATH\CodeIgniter.php(502): CodeIgniter\CodeIgniter->runController(Object(App\Controllers\ReportHunian))
 6 SYSTEMPATH\CodeIgniter.php(361): CodeIgniter\CodeIgniter->handleRequest(null, Object(Config\Cache), false)
 7 FCPATH\index.php(79): CodeIgniter\CodeIgniter->run()
 8 SYSTEMPATH\Commands\Server\rewrite.php(47): require_once('C:\\2023project\\aparus3\\public\\index.php')
INFO - 2025-02-13 04:45:06 --> Session: Class initialized using 'CodeIgniter\Session\Handlers\FileHandler' driver.
WARNING - 2025-02-13 04:45:06 --> [DEPRECATED] Creation of dynamic property App\Controllers\ReportHunian::$session is deprecated in APPPATH\Controllers\BaseController.php on line 56.
 1 SYSTEMPATH\CodeIgniter.php(915): App\Controllers\BaseController->initController(Object(CodeIgniter\HTTP\IncomingRequest), Object(CodeIgniter\HTTP\Response), Object(CodeIgniter\Log\Logger))
 2 SYSTEMPATH\CodeIgniter.php(493): CodeIgniter\CodeIgniter->createController()
 3 SYSTEMPATH\CodeIgniter.php(361): CodeIgniter\CodeIgniter->handleRequest(null, Object(Config\Cache), false)
 4 FCPATH\index.php(79): CodeIgniter\CodeIgniter->run()
 5 SYSTEMPATH\Commands\Server\rewrite.php(47): require_once('C:\\2023project\\aparus3\\public\\index.php')
ERROR - 2025-02-13 04:45:06 --> mysqli_sql_exception: Table 'aparus3.aprs_kamar' doesn't exist in C:\2023project\aparus3\system\Database\MySQLi\Connection.php:306
Stack trace:
#0 C:\2023project\aparus3\system\Database\MySQLi\Connection.php(306): mysqli->query('SELECT `aprs_pe...', 0)
#1 C:\2023project\aparus3\system\Database\BaseConnection.php(693): CodeIgniter\Database\MySQLi\Connection->execute('SELECT `aprs_pe...')
#2 C:\2023project\aparus3\system\Database\BaseConnection.php(607): CodeIgniter\Database\BaseConnection->simpleQuery('SELECT `aprs_pe...')
#3 C:\2023project\aparus3\system\Database\BaseBuilder.php(1615): CodeIgniter\Database\BaseConnection->query('SELECT `aprs_pe...', Array, false)
#4 C:\2023project\aparus3\app\Models\ReportHunian_model.php(32): CodeIgniter\Database\BaseBuilder->get()
#5 C:\2023project\aparus3\app\Controllers\ReportHunian.php(52): App\Models\ReportHunian_model->getPenghuni(NULL)
#6 C:\2023project\aparus3\system\CodeIgniter.php(942): App\Controllers\ReportHunian->penghuni()
#7 C:\2023project\aparus3\system\CodeIgniter.php(502): CodeIgniter\CodeIgniter->runController(Object(App\Controllers\ReportHunian))
#8 C:\2023project\aparus3\system\CodeIgniter.php(361): CodeIgniter\CodeIgniter->handleRequest(NULL, Object(Config\Cache), false)
#9 C:\2023project\aparus3\public\index.php(79): CodeIgniter\CodeIgniter->run()
#10 C:\2023project\aparus3\system\Commands\Server\rewrite.php(47): require_once('C:\\2023project\\...')
#11 {main}
CRITICAL - 2025-02-13 04:45:06 --> Table 'aparus3.aprs_kamar' doesn't exist
in SYSTEMPATH\Database\BaseConnection.php on line 647.
 1 SYSTEMPATH\Database\BaseBuilder.php(1615): CodeIgniter\Database\BaseConnection->query('SELECT `aprs_penghuni`.*, `aprs_master_rusun`.`nama_rusun`, `aprs_kamar`.`nomor_kamar`, `aprs_kontrak`.`tgl_awal_kontrak`, `aprs_kontrak`.`tgl_akhir_kontrak`, `aprs_kontrak`.`status_kontrak`
FROM `aprs_penghuni`
LEFT JOIN `aprs_master_rusun` ON `aprs_penghuni`.`rusuntujuan` = `aprs_master_rusun`.`rusun_id`
LEFT JOIN `aprs_kontrak` ON `aprs_penghuni`.`kode_penghuni` = `aprs_kontrak`.`penghuni`
LEFT JOIN `aprs_kamar` ON `aprs_kontrak`.`kamar` = `aprs_kamar`.`kamar_id`', [], false)
 2 APPPATH\Models\ReportHunian_model.php(32): CodeIgniter\Database\BaseBuilder->get()
 3 APPPATH\Controllers\ReportHunian.php(52): App\Models\ReportHunian_model->getPenghuni(null)
 4 SYSTEMPATH\CodeIgniter.php(942): App\Controllers\ReportHunian->penghuni()
 5 SYSTEMPATH\CodeIgniter.php(502): CodeIgniter\CodeIgniter->runController(Object(App\Controllers\ReportHunian))
 6 SYSTEMPATH\CodeIgniter.php(361): CodeIgniter\CodeIgniter->handleRequest(null, Object(Config\Cache), false)
 7 FCPATH\index.php(79): CodeIgniter\CodeIgniter->run()
 8 SYSTEMPATH\Commands\Server\rewrite.php(47): require_once('C:\\2023project\\aparus3\\public\\index.php')
INFO - 2025-02-13 04:47:11 --> Session: Class initialized using 'CodeIgniter\Session\Handlers\FileHandler' driver.
WARNING - 2025-02-13 04:47:11 --> [DEPRECATED] Creation of dynamic property App\Controllers\ReportHunian::$session is deprecated in APPPATH\Controllers\BaseController.php on line 56.
 1 SYSTEMPATH\CodeIgniter.php(915): App\Controllers\BaseController->initController(Object(CodeIgniter\HTTP\IncomingRequest), Object(CodeIgniter\HTTP\Response), Object(CodeIgniter\Log\Logger))
 2 SYSTEMPATH\CodeIgniter.php(493): CodeIgniter\CodeIgniter->createController()
 3 SYSTEMPATH\CodeIgniter.php(361): CodeIgniter\CodeIgniter->handleRequest(null, Object(Config\Cache), false)
 4 FCPATH\index.php(79): CodeIgniter\CodeIgniter->run()
 5 SYSTEMPATH\Commands\Server\rewrite.php(47): require_once('C:\\2023project\\aparus3\\public\\index.php')
ERROR - 2025-02-13 04:47:11 --> mysqli_sql_exception: Table 'aparus3.aprs_kamar' doesn't exist in C:\2023project\aparus3\system\Database\MySQLi\Connection.php:306
Stack trace:
#0 C:\2023project\aparus3\system\Database\MySQLi\Connection.php(306): mysqli->query('SELECT `aprs_pe...', 0)
#1 C:\2023project\aparus3\system\Database\BaseConnection.php(693): CodeIgniter\Database\MySQLi\Connection->execute('SELECT `aprs_pe...')
#2 C:\2023project\aparus3\system\Database\BaseConnection.php(607): CodeIgniter\Database\BaseConnection->simpleQuery('SELECT `aprs_pe...')
#3 C:\2023project\aparus3\system\Database\BaseBuilder.php(1615): CodeIgniter\Database\BaseConnection->query('SELECT `aprs_pe...', Array, false)
#4 C:\2023project\aparus3\app\Models\ReportHunian_model.php(32): CodeIgniter\Database\BaseBuilder->get()
#5 C:\2023project\aparus3\app\Controllers\ReportHunian.php(52): App\Models\ReportHunian_model->getPenghuni(NULL)
#6 C:\2023project\aparus3\system\CodeIgniter.php(942): App\Controllers\ReportHunian->penghuni()
#7 C:\2023project\aparus3\system\CodeIgniter.php(502): CodeIgniter\CodeIgniter->runController(Object(App\Controllers\ReportHunian))
#8 C:\2023project\aparus3\system\CodeIgniter.php(361): CodeIgniter\CodeIgniter->handleRequest(NULL, Object(Config\Cache), false)
#9 C:\2023project\aparus3\public\index.php(79): CodeIgniter\CodeIgniter->run()
#10 C:\2023project\aparus3\system\Commands\Server\rewrite.php(47): require_once('C:\\2023project\\...')
#11 {main}
CRITICAL - 2025-02-13 04:47:11 --> Table 'aparus3.aprs_kamar' doesn't exist
in SYSTEMPATH\Database\BaseConnection.php on line 647.
 1 SYSTEMPATH\Database\BaseBuilder.php(1615): CodeIgniter\Database\BaseConnection->query('SELECT `aprs_penghuni`.*, `aprs_master_rusun`.`nama_rusun`, `aprs_kamar`.`nomor_kamar`, `aprs_kontrak`.`tgl_awal_kontrak`, `aprs_kontrak`.`tgl_akhir_kontrak`, `aprs_kontrak`.`status_kontrak`
FROM `aprs_penghuni`
LEFT JOIN `aprs_master_rusun` ON `aprs_penghuni`.`rusuntujuan` = `aprs_master_rusun`.`rusun_id`
LEFT JOIN `aprs_kontrak` ON `aprs_penghuni`.`kode_penghuni` = `aprs_kontrak`.`penghuni`
LEFT JOIN `aprs_kamar` ON `aprs_kontrak`.`kamar` = `aprs_kamar`.`kamar_id`', [], false)
 2 APPPATH\Models\ReportHunian_model.php(32): CodeIgniter\Database\BaseBuilder->get()
 3 APPPATH\Controllers\ReportHunian.php(52): App\Models\ReportHunian_model->getPenghuni(null)
 4 SYSTEMPATH\CodeIgniter.php(942): App\Controllers\ReportHunian->penghuni()
 5 SYSTEMPATH\CodeIgniter.php(502): CodeIgniter\CodeIgniter->runController(Object(App\Controllers\ReportHunian))
 6 SYSTEMPATH\CodeIgniter.php(361): CodeIgniter\CodeIgniter->handleRequest(null, Object(Config\Cache), false)
 7 FCPATH\index.php(79): CodeIgniter\CodeIgniter->run()
 8 SYSTEMPATH\Commands\Server\rewrite.php(47): require_once('C:\\2023project\\aparus3\\public\\index.php')
INFO - 2025-02-13 04:48:49 --> Session: Class initialized using 'CodeIgniter\Session\Handlers\FileHandler' driver.
WARNING - 2025-02-13 04:48:49 --> [DEPRECATED] Creation of dynamic property App\Controllers\ReportHunian::$session is deprecated in APPPATH\Controllers\BaseController.php on line 56.
 1 SYSTEMPATH\CodeIgniter.php(915): App\Controllers\BaseController->initController(Object(CodeIgniter\HTTP\IncomingRequest), Object(CodeIgniter\HTTP\Response), Object(CodeIgniter\Log\Logger))
 2 SYSTEMPATH\CodeIgniter.php(493): CodeIgniter\CodeIgniter->createController()
 3 SYSTEMPATH\CodeIgniter.php(361): CodeIgniter\CodeIgniter->handleRequest(null, Object(Config\Cache), false)
 4 FCPATH\index.php(79): CodeIgniter\CodeIgniter->run()
 5 SYSTEMPATH\Commands\Server\rewrite.php(47): require_once('C:\\2023project\\aparus3\\public\\index.php')
ERROR - 2025-02-13 04:48:49 --> mysqli_sql_exception: Unknown column 'aprs_master_rusun.nama_rusun' in 'field list' in C:\2023project\aparus3\system\Database\MySQLi\Connection.php:306
Stack trace:
#0 C:\2023project\aparus3\system\Database\MySQLi\Connection.php(306): mysqli->query('SELECT `aprs_pe...', 0)
#1 C:\2023project\aparus3\system\Database\BaseConnection.php(693): CodeIgniter\Database\MySQLi\Connection->execute('SELECT `aprs_pe...')
#2 C:\2023project\aparus3\system\Database\BaseConnection.php(607): CodeIgniter\Database\BaseConnection->simpleQuery('SELECT `aprs_pe...')
#3 C:\2023project\aparus3\system\Database\BaseBuilder.php(1615): CodeIgniter\Database\BaseConnection->query('SELECT `aprs_pe...', Array, false)
#4 C:\2023project\aparus3\app\Models\ReportHunian_model.php(32): CodeIgniter\Database\BaseBuilder->get()
#5 C:\2023project\aparus3\app\Controllers\ReportHunian.php(52): App\Models\ReportHunian_model->getPenghuni(NULL)
#6 C:\2023project\aparus3\system\CodeIgniter.php(942): App\Controllers\ReportHunian->penghuni()
#7 C:\2023project\aparus3\system\CodeIgniter.php(502): CodeIgniter\CodeIgniter->runController(Object(App\Controllers\ReportHunian))
#8 C:\2023project\aparus3\system\CodeIgniter.php(361): CodeIgniter\CodeIgniter->handleRequest(NULL, Object(Config\Cache), false)
#9 C:\2023project\aparus3\public\index.php(79): CodeIgniter\CodeIgniter->run()
#10 C:\2023project\aparus3\system\Commands\Server\rewrite.php(47): require_once('C:\\2023project\\...')
#11 {main}
CRITICAL - 2025-02-13 04:48:49 --> Unknown column 'aprs_master_rusun.nama_rusun' in 'field list'
in SYSTEMPATH\Database\BaseConnection.php on line 647.
 1 SYSTEMPATH\Database\BaseBuilder.php(1615): CodeIgniter\Database\BaseConnection->query('SELECT `aprs_penghuni`.*, `aprs_master_rusun`.`nama_rusun`, `aprs_master_kamar`.`nomor_kamar`, `aprs_kontrak`.`tgl_awal_kontrak`, `aprs_kontrak`.`tgl_akhir_kontrak`, `aprs_kontrak`.`status_kontrak`
FROM `aprs_penghuni`
LEFT JOIN `aprs_master_rusun` ON `aprs_penghuni`.`rusuntujuan` = `aprs_master_rusun`.`rusun_id`
LEFT JOIN `aprs_kontrak` ON `aprs_penghuni`.`kode_penghuni` = `aprs_kontrak`.`penghuni`
LEFT JOIN `aprs_master_kamar` ON `aprs_kontrak`.`kamar` = `aprs_master_kamar`.`kamar_id`', [], false)
 2 APPPATH\Models\ReportHunian_model.php(32): CodeIgniter\Database\BaseBuilder->get()
 3 APPPATH\Controllers\ReportHunian.php(52): App\Models\ReportHunian_model->getPenghuni(null)
 4 SYSTEMPATH\CodeIgniter.php(942): App\Controllers\ReportHunian->penghuni()
 5 SYSTEMPATH\CodeIgniter.php(502): CodeIgniter\CodeIgniter->runController(Object(App\Controllers\ReportHunian))
 6 SYSTEMPATH\CodeIgniter.php(361): CodeIgniter\CodeIgniter->handleRequest(null, Object(Config\Cache), false)
 7 FCPATH\index.php(79): CodeIgniter\CodeIgniter->run()
 8 SYSTEMPATH\Commands\Server\rewrite.php(47): require_once('C:\\2023project\\aparus3\\public\\index.php')
INFO - 2025-02-13 04:53:54 --> Session: Class initialized using 'CodeIgniter\Session\Handlers\FileHandler' driver.
WARNING - 2025-02-13 04:53:54 --> [DEPRECATED] Creation of dynamic property App\Controllers\ReportHunian::$session is deprecated in APPPATH\Controllers\BaseController.php on line 56.
 1 SYSTEMPATH\CodeIgniter.php(915): App\Controllers\BaseController->initController(Object(CodeIgniter\HTTP\IncomingRequest), Object(CodeIgniter\HTTP\Response), Object(CodeIgniter\Log\Logger))
 2 SYSTEMPATH\CodeIgniter.php(493): CodeIgniter\CodeIgniter->createController()
 3 SYSTEMPATH\CodeIgniter.php(361): CodeIgniter\CodeIgniter->handleRequest(null, Object(Config\Cache), false)
 4 FCPATH\index.php(79): CodeIgniter\CodeIgniter->run()
 5 SYSTEMPATH\Commands\Server\rewrite.php(47): require_once('C:\\2023project\\aparus3\\public\\index.php')
ERROR - 2025-02-13 04:53:54 --> mysqli_sql_exception: Unknown column 'penghuni.kode_penghuni' in 'field list' in C:\2023project\aparus3\system\Database\MySQLi\Connection.php:306
Stack trace:
#0 C:\2023project\aparus3\system\Database\MySQLi\Connection.php(306): mysqli->query('SELECT `aprs_ma...', 0)
#1 C:\2023project\aparus3\system\Database\BaseConnection.php(693): CodeIgniter\Database\MySQLi\Connection->execute('SELECT `aprs_ma...')
#2 C:\2023project\aparus3\system\Database\BaseConnection.php(607): CodeIgniter\Database\BaseConnection->simpleQuery('SELECT `aprs_ma...')
#3 C:\2023project\aparus3\system\Database\BaseBuilder.php(1615): CodeIgniter\Database\BaseConnection->query('SELECT `aprs_ma...', Array, false)
#4 C:\2023project\aparus3\app\Models\ReportHunian_model.php(49): CodeIgniter\Database\BaseBuilder->get()
#5 C:\2023project\aparus3\app\Controllers\ReportHunian.php(53): App\Models\ReportHunian_model->getStatistikPenghuni()
#6 C:\2023project\aparus3\system\CodeIgniter.php(942): App\Controllers\ReportHunian->penghuni()
#7 C:\2023project\aparus3\system\CodeIgniter.php(502): CodeIgniter\CodeIgniter->runController(Object(App\Controllers\ReportHunian))
#8 C:\2023project\aparus3\system\CodeIgniter.php(361): CodeIgniter\CodeIgniter->handleRequest(NULL, Object(Config\Cache), false)
#9 C:\2023project\aparus3\public\index.php(79): CodeIgniter\CodeIgniter->run()
#10 C:\2023project\aparus3\system\Commands\Server\rewrite.php(47): require_once('C:\\2023project\\...')
#11 {main}
CRITICAL - 2025-02-13 04:53:54 --> Unknown column 'penghuni.kode_penghuni' in 'field list'
in SYSTEMPATH\Database\BaseConnection.php on line 647.
 1 SYSTEMPATH\Database\BaseBuilder.php(1615): CodeIgniter\Database\BaseConnection->query('SELECT `aprs_master_rusun`.`rusun_id`, `aprs_master_rusun`.`rusun_nama` as `nama_rusun`, COUNT(DISTINCT penghuni.kode_penghuni) as total_penghuni, SUM(CASE WHEN kontrak.status_kontrak = "ACTIVE" THEN 1 ELSE 0 END) as aktif, SUM(CASE WHEN kontrak.status_kontrak != "ACTIVE" OR kontrak.status_kontrak IS NULL THEN 1 ELSE 0 END) as nonaktif
FROM `aprs_master_rusun`
LEFT JOIN `aprs_penghuni` ON `aprs_master_rusun`.`rusun_id` = `aprs_penghuni`.`rusuntujuan`
LEFT JOIN `aprs_kontrak` ON `aprs_penghuni`.`kode_penghuni` = `aprs_kontrak`.`penghuni`
GROUP BY `aprs_master_rusun`.`rusun_id`, `aprs_master_rusun`.`rusun_nama`', [], false)
 2 APPPATH\Models\ReportHunian_model.php(49): CodeIgniter\Database\BaseBuilder->get()
 3 APPPATH\Controllers\ReportHunian.php(53): App\Models\ReportHunian_model->getStatistikPenghuni()
 4 SYSTEMPATH\CodeIgniter.php(942): App\Controllers\ReportHunian->penghuni()
 5 SYSTEMPATH\CodeIgniter.php(502): CodeIgniter\CodeIgniter->runController(Object(App\Controllers\ReportHunian))
 6 SYSTEMPATH\CodeIgniter.php(361): CodeIgniter\CodeIgniter->handleRequest(null, Object(Config\Cache), false)
 7 FCPATH\index.php(79): CodeIgniter\CodeIgniter->run()
 8 SYSTEMPATH\Commands\Server\rewrite.php(47): require_once('C:\\2023project\\aparus3\\public\\index.php')
INFO - 2025-02-13 04:53:56 --> Session: Class initialized using 'CodeIgniter\Session\Handlers\FileHandler' driver.
WARNING - 2025-02-13 04:53:56 --> [DEPRECATED] Creation of dynamic property App\Controllers\ReportHunian::$session is deprecated in APPPATH\Controllers\BaseController.php on line 56.
 1 SYSTEMPATH\CodeIgniter.php(915): App\Controllers\BaseController->initController(Object(CodeIgniter\HTTP\IncomingRequest), Object(CodeIgniter\HTTP\Response), Object(CodeIgniter\Log\Logger))
 2 SYSTEMPATH\CodeIgniter.php(493): CodeIgniter\CodeIgniter->createController()
 3 SYSTEMPATH\CodeIgniter.php(361): CodeIgniter\CodeIgniter->handleRequest(null, Object(Config\Cache), false)
 4 FCPATH\index.php(79): CodeIgniter\CodeIgniter->run()
 5 SYSTEMPATH\Commands\Server\rewrite.php(47): require_once('C:\\2023project\\aparus3\\public\\index.php')
ERROR - 2025-02-13 04:53:56 --> mysqli_sql_exception: Unknown column 'penghuni.kode_penghuni' in 'field list' in C:\2023project\aparus3\system\Database\MySQLi\Connection.php:306
Stack trace:
#0 C:\2023project\aparus3\system\Database\MySQLi\Connection.php(306): mysqli->query('SELECT `aprs_ma...', 0)
#1 C:\2023project\aparus3\system\Database\BaseConnection.php(693): CodeIgniter\Database\MySQLi\Connection->execute('SELECT `aprs_ma...')
#2 C:\2023project\aparus3\system\Database\BaseConnection.php(607): CodeIgniter\Database\BaseConnection->simpleQuery('SELECT `aprs_ma...')
#3 C:\2023project\aparus3\system\Database\BaseBuilder.php(1615): CodeIgniter\Database\BaseConnection->query('SELECT `aprs_ma...', Array, false)
#4 C:\2023project\aparus3\app\Models\ReportHunian_model.php(49): CodeIgniter\Database\BaseBuilder->get()
#5 C:\2023project\aparus3\app\Controllers\ReportHunian.php(53): App\Models\ReportHunian_model->getStatistikPenghuni()
#6 C:\2023project\aparus3\system\CodeIgniter.php(942): App\Controllers\ReportHunian->penghuni()
#7 C:\2023project\aparus3\system\CodeIgniter.php(502): CodeIgniter\CodeIgniter->runController(Object(App\Controllers\ReportHunian))
#8 C:\2023project\aparus3\system\CodeIgniter.php(361): CodeIgniter\CodeIgniter->handleRequest(NULL, Object(Config\Cache), false)
#9 C:\2023project\aparus3\public\index.php(79): CodeIgniter\CodeIgniter->run()
#10 C:\2023project\aparus3\system\Commands\Server\rewrite.php(47): require_once('C:\\2023project\\...')
#11 {main}
CRITICAL - 2025-02-13 04:53:56 --> Unknown column 'penghuni.kode_penghuni' in 'field list'
in SYSTEMPATH\Database\BaseConnection.php on line 647.
 1 SYSTEMPATH\Database\BaseBuilder.php(1615): CodeIgniter\Database\BaseConnection->query('SELECT `aprs_master_rusun`.`rusun_id`, `aprs_master_rusun`.`rusun_nama` as `nama_rusun`, COUNT(DISTINCT penghuni.kode_penghuni) as total_penghuni, SUM(CASE WHEN kontrak.status_kontrak = "ACTIVE" THEN 1 ELSE 0 END) as aktif, SUM(CASE WHEN kontrak.status_kontrak != "ACTIVE" OR kontrak.status_kontrak IS NULL THEN 1 ELSE 0 END) as nonaktif
FROM `aprs_master_rusun`
LEFT JOIN `aprs_penghuni` ON `aprs_master_rusun`.`rusun_id` = `aprs_penghuni`.`rusuntujuan`
LEFT JOIN `aprs_kontrak` ON `aprs_penghuni`.`kode_penghuni` = `aprs_kontrak`.`penghuni`
GROUP BY `aprs_master_rusun`.`rusun_id`, `aprs_master_rusun`.`rusun_nama`', [], false)
 2 APPPATH\Models\ReportHunian_model.php(49): CodeIgniter\Database\BaseBuilder->get()
 3 APPPATH\Controllers\ReportHunian.php(53): App\Models\ReportHunian_model->getStatistikPenghuni()
 4 SYSTEMPATH\CodeIgniter.php(942): App\Controllers\ReportHunian->penghuni()
 5 SYSTEMPATH\CodeIgniter.php(502): CodeIgniter\CodeIgniter->runController(Object(App\Controllers\ReportHunian))
 6 SYSTEMPATH\CodeIgniter.php(361): CodeIgniter\CodeIgniter->handleRequest(null, Object(Config\Cache), false)
 7 FCPATH\index.php(79): CodeIgniter\CodeIgniter->run()
 8 SYSTEMPATH\Commands\Server\rewrite.php(47): require_once('C:\\2023project\\aparus3\\public\\index.php')
INFO - 2025-02-13 04:54:40 --> Session: Class initialized using 'CodeIgniter\Session\Handlers\FileHandler' driver.
WARNING - 2025-02-13 04:54:40 --> [DEPRECATED] Creation of dynamic property App\Controllers\ReportHunian::$session is deprecated in APPPATH\Controllers\BaseController.php on line 56.
 1 SYSTEMPATH\CodeIgniter.php(915): App\Controllers\BaseController->initController(Object(CodeIgniter\HTTP\IncomingRequest), Object(CodeIgniter\HTTP\Response), Object(CodeIgniter\Log\Logger))
 2 SYSTEMPATH\CodeIgniter.php(493): CodeIgniter\CodeIgniter->createController()
 3 SYSTEMPATH\CodeIgniter.php(361): CodeIgniter\CodeIgniter->handleRequest(null, Object(Config\Cache), false)
 4 FCPATH\index.php(79): CodeIgniter\CodeIgniter->run()
 5 SYSTEMPATH\Commands\Server\rewrite.php(47): require_once('C:\\2023project\\aparus3\\public\\index.php')
ERROR - 2025-02-13 04:54:40 --> mysqli_sql_exception: Unknown column 'kontrak.status_kontrak' in 'field list' in C:\2023project\aparus3\system\Database\MySQLi\Connection.php:306
Stack trace:
#0 C:\2023project\aparus3\system\Database\MySQLi\Connection.php(306): mysqli->query('SELECT `aprs_ma...', 0)
#1 C:\2023project\aparus3\system\Database\BaseConnection.php(693): CodeIgniter\Database\MySQLi\Connection->execute('SELECT `aprs_ma...')
#2 C:\2023project\aparus3\system\Database\BaseConnection.php(607): CodeIgniter\Database\BaseConnection->simpleQuery('SELECT `aprs_ma...')
#3 C:\2023project\aparus3\system\Database\BaseBuilder.php(1615): CodeIgniter\Database\BaseConnection->query('SELECT `aprs_ma...', Array, false)
#4 C:\2023project\aparus3\app\Models\ReportHunian_model.php(49): CodeIgniter\Database\BaseBuilder->get()
#5 C:\2023project\aparus3\app\Controllers\ReportHunian.php(53): App\Models\ReportHunian_model->getStatistikPenghuni()
#6 C:\2023project\aparus3\system\CodeIgniter.php(942): App\Controllers\ReportHunian->penghuni()
#7 C:\2023project\aparus3\system\CodeIgniter.php(502): CodeIgniter\CodeIgniter->runController(Object(App\Controllers\ReportHunian))
#8 C:\2023project\aparus3\system\CodeIgniter.php(361): CodeIgniter\CodeIgniter->handleRequest(NULL, Object(Config\Cache), false)
#9 C:\2023project\aparus3\public\index.php(79): CodeIgniter\CodeIgniter->run()
#10 C:\2023project\aparus3\system\Commands\Server\rewrite.php(47): require_once('C:\\2023project\\...')
#11 {main}
CRITICAL - 2025-02-13 04:54:40 --> Unknown column 'kontrak.status_kontrak' in 'field list'
in SYSTEMPATH\Database\BaseConnection.php on line 647.
 1 SYSTEMPATH\Database\BaseBuilder.php(1615): CodeIgniter\Database\BaseConnection->query('SELECT `aprs_master_rusun`.`rusun_id`, `aprs_master_rusun`.`rusun_nama` as `nama_rusun`, COUNT(DISTINCT aprs_penghuni.kode_penghuni) as total_penghuni, SUM(CASE WHEN kontrak.status_kontrak = "ACTIVE" THEN 1 ELSE 0 END) as aktif, SUM(CASE WHEN kontrak.status_kontrak != "ACTIVE" OR kontrak.status_kontrak IS NULL THEN 1 ELSE 0 END) as nonaktif
FROM `aprs_master_rusun`
LEFT JOIN `aprs_penghuni` ON `aprs_master_rusun`.`rusun_id` = `aprs_penghuni`.`rusuntujuan`
LEFT JOIN `aprs_kontrak` ON `aprs_penghuni`.`kode_penghuni` = `aprs_kontrak`.`penghuni`
GROUP BY `aprs_master_rusun`.`rusun_id`, `aprs_master_rusun`.`rusun_nama`', [], false)
 2 APPPATH\Models\ReportHunian_model.php(49): CodeIgniter\Database\BaseBuilder->get()
 3 APPPATH\Controllers\ReportHunian.php(53): App\Models\ReportHunian_model->getStatistikPenghuni()
 4 SYSTEMPATH\CodeIgniter.php(942): App\Controllers\ReportHunian->penghuni()
 5 SYSTEMPATH\CodeIgniter.php(502): CodeIgniter\CodeIgniter->runController(Object(App\Controllers\ReportHunian))
 6 SYSTEMPATH\CodeIgniter.php(361): CodeIgniter\CodeIgniter->handleRequest(null, Object(Config\Cache), false)
 7 FCPATH\index.php(79): CodeIgniter\CodeIgniter->run()
 8 SYSTEMPATH\Commands\Server\rewrite.php(47): require_once('C:\\2023project\\aparus3\\public\\index.php')
INFO - 2025-02-13 04:55:24 --> Session: Class initialized using 'CodeIgniter\Session\Handlers\FileHandler' driver.
WARNING - 2025-02-13 04:55:24 --> [DEPRECATED] Creation of dynamic property App\Controllers\ReportHunian::$session is deprecated in APPPATH\Controllers\BaseController.php on line 56.
 1 SYSTEMPATH\CodeIgniter.php(915): App\Controllers\BaseController->initController(Object(CodeIgniter\HTTP\IncomingRequest), Object(CodeIgniter\HTTP\Response), Object(CodeIgniter\Log\Logger))
 2 SYSTEMPATH\CodeIgniter.php(493): CodeIgniter\CodeIgniter->createController()
 3 SYSTEMPATH\CodeIgniter.php(361): CodeIgniter\CodeIgniter->handleRequest(null, Object(Config\Cache), false)
 4 FCPATH\index.php(79): CodeIgniter\CodeIgniter->run()
 5 SYSTEMPATH\Commands\Server\rewrite.php(47): require_once('C:\\2023project\\aparus3\\public\\index.php')
WARNING - 2025-02-13 04:55:24 --> [DEPRECATED] Creation of dynamic property App\Controllers\Shortcut::$session is deprecated in APPPATH\Controllers\BaseController.php on line 56.
 1 SYSTEMPATH\View\Cell.php(96): App\Controllers\BaseController->initController(Object(CodeIgniter\HTTP\IncomingRequest), Object(CodeIgniter\HTTP\Response), Object(CodeIgniter\Log\Logger))
 2 SYSTEMPATH\Common.php(1206): CodeIgniter\View\Cell->render('App\\Controllers\\Shortcut::loadShortcut', [], 0, 'AppControllersShortcutloadShortcut40cd750bba9870f18aada2478b24840a')
 3 APPPATH\Views\partials\topbar.php(157): view_cell('App\\Controllers\\Shortcut::loadShortcut')
 4 SYSTEMPATH\View\View.php(228): include('C:\\2023project\\aparus3\\app\\Views\\partials\\topbar.php')
 5 SYSTEMPATH\View\View.php(231): CodeIgniter\View\View->CodeIgniter\View\{closure}()
 6 SYSTEMPATH\View\View.php(469): CodeIgniter\View\View->render('partials/topbar', null, true)
 7 APPPATH\Views\partials\menu.php(1): CodeIgniter\View\View->include('partials/topbar')
 8 SYSTEMPATH\View\View.php(228): include('C:\\2023project\\aparus3\\app\\Views\\partials\\menu.php')
 9 SYSTEMPATH\View\View.php(231): CodeIgniter\View\View->CodeIgniter\View\{closure}()
10 SYSTEMPATH\View\View.php(469): CodeIgniter\View\View->render('partials/menu', null, true)
11 APPPATH\Views\report\penghuni.php(11): CodeIgniter\View\View->include('partials/menu')
12 SYSTEMPATH\View\View.php(228): include('C:\\2023project\\aparus3\\app\\Views\\report\\penghuni.php')
13 SYSTEMPATH\View\View.php(231): CodeIgniter\View\View->CodeIgniter\View\{closure}()
14 SYSTEMPATH\Common.php(1190): CodeIgniter\View\View->render('report/penghuni', [], true)
15 APPPATH\Controllers\ReportHunian.php(58): view('report/penghuni', [...])
16 SYSTEMPATH\CodeIgniter.php(942): App\Controllers\ReportHunian->penghuni()
17 SYSTEMPATH\CodeIgniter.php(502): CodeIgniter\CodeIgniter->runController(Object(App\Controllers\ReportHunian))
18 SYSTEMPATH\CodeIgniter.php(361): CodeIgniter\CodeIgniter->handleRequest(null, Object(Config\Cache), false)
19 FCPATH\index.php(79): CodeIgniter\CodeIgniter->run()
20 SYSTEMPATH\Commands\Server\rewrite.php(47): require_once('C:\\2023project\\aparus3\\public\\index.php')
CRITICAL - 2025-02-13 04:55:24 --> Undefined array key "nama_rusun"
in APPPATH\Views\report\penghuni.php on line 69.
 1 APPPATH\Views\report\penghuni.php(69): CodeIgniter\Debug\Exceptions->errorHandler(2, 'Undefined array key "nama_rusun"', 'C:\\2023project\\aparus3\\app\\Views\\report\\penghuni.php', 69)
 2 SYSTEMPATH\View\View.php(228): include('C:\\2023project\\aparus3\\app\\Views\\report\\penghuni.php')
 3 SYSTEMPATH\View\View.php(231): CodeIgniter\View\View->CodeIgniter\View\{closure}()
 4 SYSTEMPATH\Common.php(1190): CodeIgniter\View\View->render('report/penghuni', [], true)
 5 APPPATH\Controllers\ReportHunian.php(58): view('report/penghuni', [...])
 6 SYSTEMPATH\CodeIgniter.php(942): App\Controllers\ReportHunian->penghuni()
 7 SYSTEMPATH\CodeIgniter.php(502): CodeIgniter\CodeIgniter->runController(Object(App\Controllers\ReportHunian))
 8 SYSTEMPATH\CodeIgniter.php(361): CodeIgniter\CodeIgniter->handleRequest(null, Object(Config\Cache), false)
 9 FCPATH\index.php(79): CodeIgniter\CodeIgniter->run()
10 SYSTEMPATH\Commands\Server\rewrite.php(47): require_once('C:\\2023project\\aparus3\\public\\index.php')
INFO - 2025-02-13 04:56:09 --> Session: Class initialized using 'CodeIgniter\Session\Handlers\FileHandler' driver.
WARNING - 2025-02-13 04:56:09 --> [DEPRECATED] Creation of dynamic property App\Controllers\ReportHunian::$session is deprecated in APPPATH\Controllers\BaseController.php on line 56.
 1 SYSTEMPATH\CodeIgniter.php(915): App\Controllers\BaseController->initController(Object(CodeIgniter\HTTP\IncomingRequest), Object(CodeIgniter\HTTP\Response), Object(CodeIgniter\Log\Logger))
 2 SYSTEMPATH\CodeIgniter.php(493): CodeIgniter\CodeIgniter->createController()
 3 SYSTEMPATH\CodeIgniter.php(361): CodeIgniter\CodeIgniter->handleRequest(null, Object(Config\Cache), false)
 4 FCPATH\index.php(79): CodeIgniter\CodeIgniter->run()
 5 SYSTEMPATH\Commands\Server\rewrite.php(47): require_once('C:\\2023project\\aparus3\\public\\index.php')
WARNING - 2025-02-13 04:56:09 --> [DEPRECATED] Creation of dynamic property App\Controllers\Shortcut::$session is deprecated in APPPATH\Controllers\BaseController.php on line 56.
 1 SYSTEMPATH\View\Cell.php(96): App\Controllers\BaseController->initController(Object(CodeIgniter\HTTP\IncomingRequest), Object(CodeIgniter\HTTP\Response), Object(CodeIgniter\Log\Logger))
 2 SYSTEMPATH\Common.php(1206): CodeIgniter\View\Cell->render('App\\Controllers\\Shortcut::loadShortcut', [], 0, 'AppControllersShortcutloadShortcut40cd750bba9870f18aada2478b24840a')
 3 APPPATH\Views\partials\topbar.php(157): view_cell('App\\Controllers\\Shortcut::loadShortcut')
 4 SYSTEMPATH\View\View.php(228): include('C:\\2023project\\aparus3\\app\\Views\\partials\\topbar.php')
 5 SYSTEMPATH\View\View.php(231): CodeIgniter\View\View->CodeIgniter\View\{closure}()
 6 SYSTEMPATH\View\View.php(469): CodeIgniter\View\View->render('partials/topbar', null, true)
 7 APPPATH\Views\partials\menu.php(1): CodeIgniter\View\View->include('partials/topbar')
 8 SYSTEMPATH\View\View.php(228): include('C:\\2023project\\aparus3\\app\\Views\\partials\\menu.php')
 9 SYSTEMPATH\View\View.php(231): CodeIgniter\View\View->CodeIgniter\View\{closure}()
10 SYSTEMPATH\View\View.php(469): CodeIgniter\View\View->render('partials/menu', null, true)
11 APPPATH\Views\report\penghuni.php(11): CodeIgniter\View\View->include('partials/menu')
12 SYSTEMPATH\View\View.php(228): include('C:\\2023project\\aparus3\\app\\Views\\report\\penghuni.php')
13 SYSTEMPATH\View\View.php(231): CodeIgniter\View\View->CodeIgniter\View\{closure}()
14 SYSTEMPATH\Common.php(1190): CodeIgniter\View\View->render('report/penghuni', [], true)
15 APPPATH\Controllers\ReportHunian.php(58): view('report/penghuni', [...])
16 SYSTEMPATH\CodeIgniter.php(942): App\Controllers\ReportHunian->penghuni()
17 SYSTEMPATH\CodeIgniter.php(502): CodeIgniter\CodeIgniter->runController(Object(App\Controllers\ReportHunian))
18 SYSTEMPATH\CodeIgniter.php(361): CodeIgniter\CodeIgniter->handleRequest(null, Object(Config\Cache), false)
19 FCPATH\index.php(79): CodeIgniter\CodeIgniter->run()
20 SYSTEMPATH\Commands\Server\rewrite.php(47): require_once('C:\\2023project\\aparus3\\public\\index.php')
CRITICAL - 2025-02-13 04:56:09 --> Undefined array key "nama_rusun"
in APPPATH\Views\report\penghuni.php on line 69.
 1 APPPATH\Views\report\penghuni.php(69): CodeIgniter\Debug\Exceptions->errorHandler(2, 'Undefined array key "nama_rusun"', 'C:\\2023project\\aparus3\\app\\Views\\report\\penghuni.php', 69)
 2 SYSTEMPATH\View\View.php(228): include('C:\\2023project\\aparus3\\app\\Views\\report\\penghuni.php')
 3 SYSTEMPATH\View\View.php(231): CodeIgniter\View\View->CodeIgniter\View\{closure}()
 4 SYSTEMPATH\Common.php(1190): CodeIgniter\View\View->render('report/penghuni', [], true)
 5 APPPATH\Controllers\ReportHunian.php(58): view('report/penghuni', [...])
 6 SYSTEMPATH\CodeIgniter.php(942): App\Controllers\ReportHunian->penghuni()
 7 SYSTEMPATH\CodeIgniter.php(502): CodeIgniter\CodeIgniter->runController(Object(App\Controllers\ReportHunian))
 8 SYSTEMPATH\CodeIgniter.php(361): CodeIgniter\CodeIgniter->handleRequest(null, Object(Config\Cache), false)
 9 FCPATH\index.php(79): CodeIgniter\CodeIgniter->run()
10 SYSTEMPATH\Commands\Server\rewrite.php(47): require_once('C:\\2023project\\aparus3\\public\\index.php')
INFO - 2025-02-13 04:56:12 --> Session: Class initialized using 'CodeIgniter\Session\Handlers\FileHandler' driver.
WARNING - 2025-02-13 04:56:12 --> [DEPRECATED] Creation of dynamic property App\Controllers\ReportHunian::$session is deprecated in APPPATH\Controllers\BaseController.php on line 56.
 1 SYSTEMPATH\CodeIgniter.php(915): App\Controllers\BaseController->initController(Object(CodeIgniter\HTTP\IncomingRequest), Object(CodeIgniter\HTTP\Response), Object(CodeIgniter\Log\Logger))
 2 SYSTEMPATH\CodeIgniter.php(493): CodeIgniter\CodeIgniter->createController()
 3 SYSTEMPATH\CodeIgniter.php(361): CodeIgniter\CodeIgniter->handleRequest(null, Object(Config\Cache), false)
 4 FCPATH\index.php(79): CodeIgniter\CodeIgniter->run()
 5 SYSTEMPATH\Commands\Server\rewrite.php(47): require_once('C:\\2023project\\aparus3\\public\\index.php')
WARNING - 2025-02-13 04:56:12 --> [DEPRECATED] Creation of dynamic property App\Controllers\Shortcut::$session is deprecated in APPPATH\Controllers\BaseController.php on line 56.
 1 SYSTEMPATH\View\Cell.php(96): App\Controllers\BaseController->initController(Object(CodeIgniter\HTTP\IncomingRequest), Object(CodeIgniter\HTTP\Response), Object(CodeIgniter\Log\Logger))
 2 SYSTEMPATH\Common.php(1206): CodeIgniter\View\Cell->render('App\\Controllers\\Shortcut::loadShortcut', [], 0, 'AppControllersShortcutloadShortcut40cd750bba9870f18aada2478b24840a')
 3 APPPATH\Views\partials\topbar.php(157): view_cell('App\\Controllers\\Shortcut::loadShortcut')
 4 SYSTEMPATH\View\View.php(228): include('C:\\2023project\\aparus3\\app\\Views\\partials\\topbar.php')
 5 SYSTEMPATH\View\View.php(231): CodeIgniter\View\View->CodeIgniter\View\{closure}()
 6 SYSTEMPATH\View\View.php(469): CodeIgniter\View\View->render('partials/topbar', null, true)
 7 APPPATH\Views\partials\menu.php(1): CodeIgniter\View\View->include('partials/topbar')
 8 SYSTEMPATH\View\View.php(228): include('C:\\2023project\\aparus3\\app\\Views\\partials\\menu.php')
 9 SYSTEMPATH\View\View.php(231): CodeIgniter\View\View->CodeIgniter\View\{closure}()
10 SYSTEMPATH\View\View.php(469): CodeIgniter\View\View->render('partials/menu', null, true)
11 APPPATH\Views\report\penghuni.php(11): CodeIgniter\View\View->include('partials/menu')
12 SYSTEMPATH\View\View.php(228): include('C:\\2023project\\aparus3\\app\\Views\\report\\penghuni.php')
13 SYSTEMPATH\View\View.php(231): CodeIgniter\View\View->CodeIgniter\View\{closure}()
14 SYSTEMPATH\Common.php(1190): CodeIgniter\View\View->render('report/penghuni', [], true)
15 APPPATH\Controllers\ReportHunian.php(58): view('report/penghuni', [...])
16 SYSTEMPATH\CodeIgniter.php(942): App\Controllers\ReportHunian->penghuni()
17 SYSTEMPATH\CodeIgniter.php(502): CodeIgniter\CodeIgniter->runController(Object(App\Controllers\ReportHunian))
18 SYSTEMPATH\CodeIgniter.php(361): CodeIgniter\CodeIgniter->handleRequest(null, Object(Config\Cache), false)
19 FCPATH\index.php(79): CodeIgniter\CodeIgniter->run()
20 SYSTEMPATH\Commands\Server\rewrite.php(47): require_once('C:\\2023project\\aparus3\\public\\index.php')
CRITICAL - 2025-02-13 04:56:12 --> Undefined array key "nama_rusun"
in APPPATH\Views\report\penghuni.php on line 69.
 1 APPPATH\Views\report\penghuni.php(69): CodeIgniter\Debug\Exceptions->errorHandler(2, 'Undefined array key "nama_rusun"', 'C:\\2023project\\aparus3\\app\\Views\\report\\penghuni.php', 69)
 2 SYSTEMPATH\View\View.php(228): include('C:\\2023project\\aparus3\\app\\Views\\report\\penghuni.php')
 3 SYSTEMPATH\View\View.php(231): CodeIgniter\View\View->CodeIgniter\View\{closure}()
 4 SYSTEMPATH\Common.php(1190): CodeIgniter\View\View->render('report/penghuni', [], true)
 5 APPPATH\Controllers\ReportHunian.php(58): view('report/penghuni', [...])
 6 SYSTEMPATH\CodeIgniter.php(942): App\Controllers\ReportHunian->penghuni()
 7 SYSTEMPATH\CodeIgniter.php(502): CodeIgniter\CodeIgniter->runController(Object(App\Controllers\ReportHunian))
 8 SYSTEMPATH\CodeIgniter.php(361): CodeIgniter\CodeIgniter->handleRequest(null, Object(Config\Cache), false)
 9 FCPATH\index.php(79): CodeIgniter\CodeIgniter->run()
10 SYSTEMPATH\Commands\Server\rewrite.php(47): require_once('C:\\2023project\\aparus3\\public\\index.php')
INFO - 2025-02-13 04:56:14 --> Session: Class initialized using 'CodeIgniter\Session\Handlers\FileHandler' driver.
WARNING - 2025-02-13 04:56:14 --> [DEPRECATED] Creation of dynamic property App\Controllers\ReportHunian::$session is deprecated in APPPATH\Controllers\BaseController.php on line 56.
 1 SYSTEMPATH\CodeIgniter.php(915): App\Controllers\BaseController->initController(Object(CodeIgniter\HTTP\IncomingRequest), Object(CodeIgniter\HTTP\Response), Object(CodeIgniter\Log\Logger))
 2 SYSTEMPATH\CodeIgniter.php(493): CodeIgniter\CodeIgniter->createController()
 3 SYSTEMPATH\CodeIgniter.php(361): CodeIgniter\CodeIgniter->handleRequest(null, Object(Config\Cache), false)
 4 FCPATH\index.php(79): CodeIgniter\CodeIgniter->run()
 5 SYSTEMPATH\Commands\Server\rewrite.php(47): require_once('C:\\2023project\\aparus3\\public\\index.php')
WARNING - 2025-02-13 04:56:14 --> [DEPRECATED] Creation of dynamic property App\Controllers\Shortcut::$session is deprecated in APPPATH\Controllers\BaseController.php on line 56.
 1 SYSTEMPATH\View\Cell.php(96): App\Controllers\BaseController->initController(Object(CodeIgniter\HTTP\IncomingRequest), Object(CodeIgniter\HTTP\Response), Object(CodeIgniter\Log\Logger))
 2 SYSTEMPATH\Common.php(1206): CodeIgniter\View\Cell->render('App\\Controllers\\Shortcut::loadShortcut', [], 0, 'AppControllersShortcutloadShortcut40cd750bba9870f18aada2478b24840a')
 3 APPPATH\Views\partials\topbar.php(157): view_cell('App\\Controllers\\Shortcut::loadShortcut')
 4 SYSTEMPATH\View\View.php(228): include('C:\\2023project\\aparus3\\app\\Views\\partials\\topbar.php')
 5 SYSTEMPATH\View\View.php(231): CodeIgniter\View\View->CodeIgniter\View\{closure}()
 6 SYSTEMPATH\View\View.php(469): CodeIgniter\View\View->render('partials/topbar', null, true)
 7 APPPATH\Views\partials\menu.php(1): CodeIgniter\View\View->include('partials/topbar')
 8 SYSTEMPATH\View\View.php(228): include('C:\\2023project\\aparus3\\app\\Views\\partials\\menu.php')
 9 SYSTEMPATH\View\View.php(231): CodeIgniter\View\View->CodeIgniter\View\{closure}()
10 SYSTEMPATH\View\View.php(469): CodeIgniter\View\View->render('partials/menu', null, true)
11 APPPATH\Views\report\penghuni.php(11): CodeIgniter\View\View->include('partials/menu')
12 SYSTEMPATH\View\View.php(228): include('C:\\2023project\\aparus3\\app\\Views\\report\\penghuni.php')
13 SYSTEMPATH\View\View.php(231): CodeIgniter\View\View->CodeIgniter\View\{closure}()
14 SYSTEMPATH\Common.php(1190): CodeIgniter\View\View->render('report/penghuni', [], true)
15 APPPATH\Controllers\ReportHunian.php(58): view('report/penghuni', [...])
16 SYSTEMPATH\CodeIgniter.php(942): App\Controllers\ReportHunian->penghuni()
17 SYSTEMPATH\CodeIgniter.php(502): CodeIgniter\CodeIgniter->runController(Object(App\Controllers\ReportHunian))
18 SYSTEMPATH\CodeIgniter.php(361): CodeIgniter\CodeIgniter->handleRequest(null, Object(Config\Cache), false)
19 FCPATH\index.php(79): CodeIgniter\CodeIgniter->run()
20 SYSTEMPATH\Commands\Server\rewrite.php(47): require_once('C:\\2023project\\aparus3\\public\\index.php')
CRITICAL - 2025-02-13 04:56:14 --> Undefined array key "nama_rusun"
in APPPATH\Views\report\penghuni.php on line 69.
 1 APPPATH\Views\report\penghuni.php(69): CodeIgniter\Debug\Exceptions->errorHandler(2, 'Undefined array key "nama_rusun"', 'C:\\2023project\\aparus3\\app\\Views\\report\\penghuni.php', 69)
 2 SYSTEMPATH\View\View.php(228): include('C:\\2023project\\aparus3\\app\\Views\\report\\penghuni.php')
 3 SYSTEMPATH\View\View.php(231): CodeIgniter\View\View->CodeIgniter\View\{closure}()
 4 SYSTEMPATH\Common.php(1190): CodeIgniter\View\View->render('report/penghuni', [], true)
 5 APPPATH\Controllers\ReportHunian.php(58): view('report/penghuni', [...])
 6 SYSTEMPATH\CodeIgniter.php(942): App\Controllers\ReportHunian->penghuni()
 7 SYSTEMPATH\CodeIgniter.php(502): CodeIgniter\CodeIgniter->runController(Object(App\Controllers\ReportHunian))
 8 SYSTEMPATH\CodeIgniter.php(361): CodeIgniter\CodeIgniter->handleRequest(null, Object(Config\Cache), false)
 9 FCPATH\index.php(79): CodeIgniter\CodeIgniter->run()
10 SYSTEMPATH\Commands\Server\rewrite.php(47): require_once('C:\\2023project\\aparus3\\public\\index.php')
INFO - 2025-02-13 04:56:45 --> Session: Class initialized using 'CodeIgniter\Session\Handlers\FileHandler' driver.
WARNING - 2025-02-13 04:56:45 --> [DEPRECATED] Creation of dynamic property App\Controllers\ReportHunian::$session is deprecated in APPPATH\Controllers\BaseController.php on line 56.
 1 SYSTEMPATH\CodeIgniter.php(915): App\Controllers\BaseController->initController(Object(CodeIgniter\HTTP\IncomingRequest), Object(CodeIgniter\HTTP\Response), Object(CodeIgniter\Log\Logger))
 2 SYSTEMPATH\CodeIgniter.php(493): CodeIgniter\CodeIgniter->createController()
 3 SYSTEMPATH\CodeIgniter.php(361): CodeIgniter\CodeIgniter->handleRequest(null, Object(Config\Cache), false)
 4 FCPATH\index.php(79): CodeIgniter\CodeIgniter->run()
 5 SYSTEMPATH\Commands\Server\rewrite.php(47): require_once('C:\\2023project\\aparus3\\public\\index.php')
WARNING - 2025-02-13 04:56:45 --> [DEPRECATED] Creation of dynamic property App\Controllers\Shortcut::$session is deprecated in APPPATH\Controllers\BaseController.php on line 56.
 1 SYSTEMPATH\View\Cell.php(96): App\Controllers\BaseController->initController(Object(CodeIgniter\HTTP\IncomingRequest), Object(CodeIgniter\HTTP\Response), Object(CodeIgniter\Log\Logger))
 2 SYSTEMPATH\Common.php(1206): CodeIgniter\View\Cell->render('App\\Controllers\\Shortcut::loadShortcut', [], 0, 'AppControllersShortcutloadShortcut40cd750bba9870f18aada2478b24840a')
 3 APPPATH\Views\partials\topbar.php(157): view_cell('App\\Controllers\\Shortcut::loadShortcut')
 4 SYSTEMPATH\View\View.php(228): include('C:\\2023project\\aparus3\\app\\Views\\partials\\topbar.php')
 5 SYSTEMPATH\View\View.php(231): CodeIgniter\View\View->CodeIgniter\View\{closure}()
 6 SYSTEMPATH\View\View.php(469): CodeIgniter\View\View->render('partials/topbar', null, true)
 7 APPPATH\Views\partials\menu.php(1): CodeIgniter\View\View->include('partials/topbar')
 8 SYSTEMPATH\View\View.php(228): include('C:\\2023project\\aparus3\\app\\Views\\partials\\menu.php')
 9 SYSTEMPATH\View\View.php(231): CodeIgniter\View\View->CodeIgniter\View\{closure}()
10 SYSTEMPATH\View\View.php(469): CodeIgniter\View\View->render('partials/menu', null, true)
11 APPPATH\Views\report\penghuni.php(11): CodeIgniter\View\View->include('partials/menu')
12 SYSTEMPATH\View\View.php(228): include('C:\\2023project\\aparus3\\app\\Views\\report\\penghuni.php')
13 SYSTEMPATH\View\View.php(231): CodeIgniter\View\View->CodeIgniter\View\{closure}()
14 SYSTEMPATH\Common.php(1190): CodeIgniter\View\View->render('report/penghuni', [], true)
15 APPPATH\Controllers\ReportHunian.php(58): view('report/penghuni', [...])
16 SYSTEMPATH\CodeIgniter.php(942): App\Controllers\ReportHunian->penghuni()
17 SYSTEMPATH\CodeIgniter.php(502): CodeIgniter\CodeIgniter->runController(Object(App\Controllers\ReportHunian))
18 SYSTEMPATH\CodeIgniter.php(361): CodeIgniter\CodeIgniter->handleRequest(null, Object(Config\Cache), false)
19 FCPATH\index.php(79): CodeIgniter\CodeIgniter->run()
20 SYSTEMPATH\Commands\Server\rewrite.php(47): require_once('C:\\2023project\\aparus3\\public\\index.php')
INFO - 2025-02-13 04:56:45 --> Session: Class initialized using 'CodeIgniter\Session\Handlers\FileHandler' driver.
INFO - 2025-02-13 04:56:45 --> Session: Class initialized using 'CodeIgniter\Session\Handlers\FileHandler' driver.
INFO - 2025-02-13 04:56:58 --> Session: Class initialized using 'CodeIgniter\Session\Handlers\FileHandler' driver.
WARNING - 2025-02-13 04:56:58 --> [DEPRECATED] Creation of dynamic property App\Controllers\ReportHunian::$session is deprecated in APPPATH\Controllers\BaseController.php on line 56.
 1 SYSTEMPATH\CodeIgniter.php(915): App\Controllers\BaseController->initController(Object(CodeIgniter\HTTP\IncomingRequest), Object(CodeIgniter\HTTP\Response), Object(CodeIgniter\Log\Logger))
 2 SYSTEMPATH\CodeIgniter.php(493): CodeIgniter\CodeIgniter->createController()
 3 SYSTEMPATH\CodeIgniter.php(361): CodeIgniter\CodeIgniter->handleRequest(null, Object(Config\Cache), false)
 4 FCPATH\index.php(79): CodeIgniter\CodeIgniter->run()
 5 SYSTEMPATH\Commands\Server\rewrite.php(47): require_once('C:\\2023project\\aparus3\\public\\index.php')
WARNING - 2025-02-13 04:56:58 --> [DEPRECATED] Creation of dynamic property App\Controllers\Shortcut::$session is deprecated in APPPATH\Controllers\BaseController.php on line 56.
 1 SYSTEMPATH\View\Cell.php(96): App\Controllers\BaseController->initController(Object(CodeIgniter\HTTP\IncomingRequest), Object(CodeIgniter\HTTP\Response), Object(CodeIgniter\Log\Logger))
 2 SYSTEMPATH\Common.php(1206): CodeIgniter\View\Cell->render('App\\Controllers\\Shortcut::loadShortcut', [], 0, 'AppControllersShortcutloadShortcut40cd750bba9870f18aada2478b24840a')
 3 APPPATH\Views\partials\topbar.php(157): view_cell('App\\Controllers\\Shortcut::loadShortcut')
 4 SYSTEMPATH\View\View.php(228): include('C:\\2023project\\aparus3\\app\\Views\\partials\\topbar.php')
 5 SYSTEMPATH\View\View.php(231): CodeIgniter\View\View->CodeIgniter\View\{closure}()
 6 SYSTEMPATH\View\View.php(469): CodeIgniter\View\View->render('partials/topbar', null, true)
 7 APPPATH\Views\partials\menu.php(1): CodeIgniter\View\View->include('partials/topbar')
 8 SYSTEMPATH\View\View.php(228): include('C:\\2023project\\aparus3\\app\\Views\\partials\\menu.php')
 9 SYSTEMPATH\View\View.php(231): CodeIgniter\View\View->CodeIgniter\View\{closure}()
10 SYSTEMPATH\View\View.php(469): CodeIgniter\View\View->render('partials/menu', null, true)
11 APPPATH\Views\report\penghuni.php(11): CodeIgniter\View\View->include('partials/menu')
12 SYSTEMPATH\View\View.php(228): include('C:\\2023project\\aparus3\\app\\Views\\report\\penghuni.php')
13 SYSTEMPATH\View\View.php(231): CodeIgniter\View\View->CodeIgniter\View\{closure}()
14 SYSTEMPATH\Common.php(1190): CodeIgniter\View\View->render('report/penghuni', [], true)
15 APPPATH\Controllers\ReportHunian.php(58): view('report/penghuni', [...])
16 SYSTEMPATH\CodeIgniter.php(942): App\Controllers\ReportHunian->penghuni()
17 SYSTEMPATH\CodeIgniter.php(502): CodeIgniter\CodeIgniter->runController(Object(App\Controllers\ReportHunian))
18 SYSTEMPATH\CodeIgniter.php(361): CodeIgniter\CodeIgniter->handleRequest(null, Object(Config\Cache), false)
19 FCPATH\index.php(79): CodeIgniter\CodeIgniter->run()
20 SYSTEMPATH\Commands\Server\rewrite.php(47): require_once('C:\\2023project\\aparus3\\public\\index.php')
INFO - 2025-02-13 04:56:59 --> Session: Class initialized using 'CodeIgniter\Session\Handlers\FileHandler' driver.
INFO - 2025-02-13 04:56:59 --> Session: Class initialized using 'CodeIgniter\Session\Handlers\FileHandler' driver.
INFO - 2025-02-13 04:57:01 --> Session: Class initialized using 'CodeIgniter\Session\Handlers\FileHandler' driver.
WARNING - 2025-02-13 04:57:01 --> [DEPRECATED] Creation of dynamic property App\Controllers\ReportHunian::$session is deprecated in APPPATH\Controllers\BaseController.php on line 56.
 1 SYSTEMPATH\CodeIgniter.php(915): App\Controllers\BaseController->initController(Object(CodeIgniter\HTTP\IncomingRequest), Object(CodeIgniter\HTTP\Response), Object(CodeIgniter\Log\Logger))
 2 SYSTEMPATH\CodeIgniter.php(493): CodeIgniter\CodeIgniter->createController()
 3 SYSTEMPATH\CodeIgniter.php(361): CodeIgniter\CodeIgniter->handleRequest(null, Object(Config\Cache), false)
 4 FCPATH\index.php(79): CodeIgniter\CodeIgniter->run()
 5 SYSTEMPATH\Commands\Server\rewrite.php(47): require_once('C:\\2023project\\aparus3\\public\\index.php')
WARNING - 2025-02-13 04:57:01 --> [DEPRECATED] Creation of dynamic property App\Controllers\Shortcut::$session is deprecated in APPPATH\Controllers\BaseController.php on line 56.
 1 SYSTEMPATH\View\Cell.php(96): App\Controllers\BaseController->initController(Object(CodeIgniter\HTTP\IncomingRequest), Object(CodeIgniter\HTTP\Response), Object(CodeIgniter\Log\Logger))
 2 SYSTEMPATH\Common.php(1206): CodeIgniter\View\Cell->render('App\\Controllers\\Shortcut::loadShortcut', [], 0, 'AppControllersShortcutloadShortcut40cd750bba9870f18aada2478b24840a')
 3 APPPATH\Views\partials\topbar.php(157): view_cell('App\\Controllers\\Shortcut::loadShortcut')
 4 SYSTEMPATH\View\View.php(228): include('C:\\2023project\\aparus3\\app\\Views\\partials\\topbar.php')
 5 SYSTEMPATH\View\View.php(231): CodeIgniter\View\View->CodeIgniter\View\{closure}()
 6 SYSTEMPATH\View\View.php(469): CodeIgniter\View\View->render('partials/topbar', null, true)
 7 APPPATH\Views\partials\menu.php(1): CodeIgniter\View\View->include('partials/topbar')
 8 SYSTEMPATH\View\View.php(228): include('C:\\2023project\\aparus3\\app\\Views\\partials\\menu.php')
 9 SYSTEMPATH\View\View.php(231): CodeIgniter\View\View->CodeIgniter\View\{closure}()
10 SYSTEMPATH\View\View.php(469): CodeIgniter\View\View->render('partials/menu', null, true)
11 APPPATH\Views\report\penghuni.php(11): CodeIgniter\View\View->include('partials/menu')
12 SYSTEMPATH\View\View.php(228): include('C:\\2023project\\aparus3\\app\\Views\\report\\penghuni.php')
13 SYSTEMPATH\View\View.php(231): CodeIgniter\View\View->CodeIgniter\View\{closure}()
14 SYSTEMPATH\Common.php(1190): CodeIgniter\View\View->render('report/penghuni', [], true)
15 APPPATH\Controllers\ReportHunian.php(58): view('report/penghuni', [...])
16 SYSTEMPATH\CodeIgniter.php(942): App\Controllers\ReportHunian->penghuni()
17 SYSTEMPATH\CodeIgniter.php(502): CodeIgniter\CodeIgniter->runController(Object(App\Controllers\ReportHunian))
18 SYSTEMPATH\CodeIgniter.php(361): CodeIgniter\CodeIgniter->handleRequest(null, Object(Config\Cache), false)
19 FCPATH\index.php(79): CodeIgniter\CodeIgniter->run()
20 SYSTEMPATH\Commands\Server\rewrite.php(47): require_once('C:\\2023project\\aparus3\\public\\index.php')
INFO - 2025-02-13 04:57:01 --> Session: Class initialized using 'CodeIgniter\Session\Handlers\FileHandler' driver.
INFO - 2025-02-13 04:57:01 --> Session: Class initialized using 'CodeIgniter\Session\Handlers\FileHandler' driver.
INFO - 2025-02-13 04:57:03 --> Session: Class initialized using 'CodeIgniter\Session\Handlers\FileHandler' driver.
WARNING - 2025-02-13 04:57:03 --> [DEPRECATED] Creation of dynamic property App\Controllers\ReportHunian::$session is deprecated in APPPATH\Controllers\BaseController.php on line 56.
 1 SYSTEMPATH\CodeIgniter.php(915): App\Controllers\BaseController->initController(Object(CodeIgniter\HTTP\IncomingRequest), Object(CodeIgniter\HTTP\Response), Object(CodeIgniter\Log\Logger))
 2 SYSTEMPATH\CodeIgniter.php(493): CodeIgniter\CodeIgniter->createController()
 3 SYSTEMPATH\CodeIgniter.php(361): CodeIgniter\CodeIgniter->handleRequest(null, Object(Config\Cache), false)
 4 FCPATH\index.php(79): CodeIgniter\CodeIgniter->run()
 5 SYSTEMPATH\Commands\Server\rewrite.php(47): require_once('C:\\2023project\\aparus3\\public\\index.php')
WARNING - 2025-02-13 04:57:03 --> [DEPRECATED] Creation of dynamic property App\Controllers\Shortcut::$session is deprecated in APPPATH\Controllers\BaseController.php on line 56.
 1 SYSTEMPATH\View\Cell.php(96): App\Controllers\BaseController->initController(Object(CodeIgniter\HTTP\IncomingRequest), Object(CodeIgniter\HTTP\Response), Object(CodeIgniter\Log\Logger))
 2 SYSTEMPATH\Common.php(1206): CodeIgniter\View\Cell->render('App\\Controllers\\Shortcut::loadShortcut', [], 0, 'AppControllersShortcutloadShortcut40cd750bba9870f18aada2478b24840a')
 3 APPPATH\Views\partials\topbar.php(157): view_cell('App\\Controllers\\Shortcut::loadShortcut')
 4 SYSTEMPATH\View\View.php(228): include('C:\\2023project\\aparus3\\app\\Views\\partials\\topbar.php')
 5 SYSTEMPATH\View\View.php(231): CodeIgniter\View\View->CodeIgniter\View\{closure}()
 6 SYSTEMPATH\View\View.php(469): CodeIgniter\View\View->render('partials/topbar', null, true)
 7 APPPATH\Views\partials\menu.php(1): CodeIgniter\View\View->include('partials/topbar')
 8 SYSTEMPATH\View\View.php(228): include('C:\\2023project\\aparus3\\app\\Views\\partials\\menu.php')
 9 SYSTEMPATH\View\View.php(231): CodeIgniter\View\View->CodeIgniter\View\{closure}()
10 SYSTEMPATH\View\View.php(469): CodeIgniter\View\View->render('partials/menu', null, true)
11 APPPATH\Views\report\penghuni.php(11): CodeIgniter\View\View->include('partials/menu')
12 SYSTEMPATH\View\View.php(228): include('C:\\2023project\\aparus3\\app\\Views\\report\\penghuni.php')
13 SYSTEMPATH\View\View.php(231): CodeIgniter\View\View->CodeIgniter\View\{closure}()
14 SYSTEMPATH\Common.php(1190): CodeIgniter\View\View->render('report/penghuni', [], true)
15 APPPATH\Controllers\ReportHunian.php(58): view('report/penghuni', [...])
16 SYSTEMPATH\CodeIgniter.php(942): App\Controllers\ReportHunian->penghuni()
17 SYSTEMPATH\CodeIgniter.php(502): CodeIgniter\CodeIgniter->runController(Object(App\Controllers\ReportHunian))
18 SYSTEMPATH\CodeIgniter.php(361): CodeIgniter\CodeIgniter->handleRequest(null, Object(Config\Cache), false)
19 FCPATH\index.php(79): CodeIgniter\CodeIgniter->run()
20 SYSTEMPATH\Commands\Server\rewrite.php(47): require_once('C:\\2023project\\aparus3\\public\\index.php')
INFO - 2025-02-13 04:57:03 --> Session: Class initialized using 'CodeIgniter\Session\Handlers\FileHandler' driver.
INFO - 2025-02-13 04:57:03 --> Session: Class initialized using 'CodeIgniter\Session\Handlers\FileHandler' driver.
INFO - 2025-02-13 04:57:29 --> Session: Class initialized using 'CodeIgniter\Session\Handlers\FileHandler' driver.
WARNING - 2025-02-13 04:57:29 --> [DEPRECATED] Creation of dynamic property App\Controllers\Penghuni::$session is deprecated in APPPATH\Controllers\BaseController.php on line 56.
 1 SYSTEMPATH\CodeIgniter.php(915): App\Controllers\BaseController->initController(Object(CodeIgniter\HTTP\IncomingRequest), Object(CodeIgniter\HTTP\Response), Object(CodeIgniter\Log\Logger))
 2 SYSTEMPATH\CodeIgniter.php(493): CodeIgniter\CodeIgniter->createController()
 3 SYSTEMPATH\CodeIgniter.php(361): CodeIgniter\CodeIgniter->handleRequest(null, Object(Config\Cache), false)
 4 FCPATH\index.php(79): CodeIgniter\CodeIgniter->run()
 5 SYSTEMPATH\Commands\Server\rewrite.php(47): require_once('C:\\2023project\\aparus3\\public\\index.php')
WARNING - 2025-02-13 04:57:29 --> [DEPRECATED] Creation of dynamic property App\Controllers\Shortcut::$session is deprecated in APPPATH\Controllers\BaseController.php on line 56.
 1 SYSTEMPATH\View\Cell.php(96): App\Controllers\BaseController->initController(Object(CodeIgniter\HTTP\IncomingRequest), Object(CodeIgniter\HTTP\Response), Object(CodeIgniter\Log\Logger))
 2 SYSTEMPATH\Common.php(1206): CodeIgniter\View\Cell->render('App\\Controllers\\Shortcut::loadShortcut', [], 0, 'AppControllersShortcutloadShortcut40cd750bba9870f18aada2478b24840a')
 3 APPPATH\Views\partials\topbar.php(157): view_cell('App\\Controllers\\Shortcut::loadShortcut')
 4 SYSTEMPATH\View\View.php(228): include('C:\\2023project\\aparus3\\app\\Views\\partials\\topbar.php')
 5 SYSTEMPATH\View\View.php(231): CodeIgniter\View\View->CodeIgniter\View\{closure}()
 6 SYSTEMPATH\View\View.php(469): CodeIgniter\View\View->render('partials/topbar', null, true)
 7 APPPATH\Views\partials\menu.php(1): CodeIgniter\View\View->include('partials/topbar')
 8 SYSTEMPATH\View\View.php(228): include('C:\\2023project\\aparus3\\app\\Views\\partials\\menu.php')
 9 SYSTEMPATH\View\View.php(231): CodeIgniter\View\View->CodeIgniter\View\{closure}()
10 SYSTEMPATH\View\View.php(469): CodeIgniter\View\View->render('partials/menu', null, true)
11 APPPATH\Views\penghuni\list.php(18): CodeIgniter\View\View->include('partials/menu')
12 SYSTEMPATH\View\View.php(228): include('C:\\2023project\\aparus3\\app\\Views\\penghuni\\list.php')
13 SYSTEMPATH\View\View.php(231): CodeIgniter\View\View->CodeIgniter\View\{closure}()
14 SYSTEMPATH\Common.php(1190): CodeIgniter\View\View->render('penghuni/list', [], true)
15 APPPATH\Controllers\Penghuni.php(229): view('penghuni/list', [...])
16 SYSTEMPATH\CodeIgniter.php(942): App\Controllers\Penghuni->list()
17 SYSTEMPATH\CodeIgniter.php(502): CodeIgniter\CodeIgniter->runController(Object(App\Controllers\Penghuni))
18 SYSTEMPATH\CodeIgniter.php(361): CodeIgniter\CodeIgniter->handleRequest(null, Object(Config\Cache), false)
19 FCPATH\index.php(79): CodeIgniter\CodeIgniter->run()
20 SYSTEMPATH\Commands\Server\rewrite.php(47): require_once('C:\\2023project\\aparus3\\public\\index.php')
INFO - 2025-02-13 04:57:36 --> Session: Class initialized using 'CodeIgniter\Session\Handlers\FileHandler' driver.
WARNING - 2025-02-13 04:57:36 --> [DEPRECATED] Creation of dynamic property App\Controllers\Kontrak::$session is deprecated in APPPATH\Controllers\BaseController.php on line 56.
 1 SYSTEMPATH\CodeIgniter.php(915): App\Controllers\BaseController->initController(Object(CodeIgniter\HTTP\IncomingRequest), Object(CodeIgniter\HTTP\Response), Object(CodeIgniter\Log\Logger))
 2 SYSTEMPATH\CodeIgniter.php(493): CodeIgniter\CodeIgniter->createController()
 3 SYSTEMPATH\CodeIgniter.php(361): CodeIgniter\CodeIgniter->handleRequest(null, Object(Config\Cache), false)
 4 FCPATH\index.php(79): CodeIgniter\CodeIgniter->run()
 5 SYSTEMPATH\Commands\Server\rewrite.php(47): require_once('C:\\2023project\\aparus3\\public\\index.php')
WARNING - 2025-02-13 04:57:36 --> [DEPRECATED] Creation of dynamic property App\Controllers\Shortcut::$session is deprecated in APPPATH\Controllers\BaseController.php on line 56.
 1 SYSTEMPATH\View\Cell.php(96): App\Controllers\BaseController->initController(Object(CodeIgniter\HTTP\IncomingRequest), Object(CodeIgniter\HTTP\Response), Object(CodeIgniter\Log\Logger))
 2 SYSTEMPATH\Common.php(1206): CodeIgniter\View\Cell->render('App\\Controllers\\Shortcut::loadShortcut', [], 0, 'AppControllersShortcutloadShortcut40cd750bba9870f18aada2478b24840a')
 3 APPPATH\Views\partials\topbar.php(157): view_cell('App\\Controllers\\Shortcut::loadShortcut')
 4 SYSTEMPATH\View\View.php(228): include('C:\\2023project\\aparus3\\app\\Views\\partials\\topbar.php')
 5 SYSTEMPATH\View\View.php(231): CodeIgniter\View\View->CodeIgniter\View\{closure}()
 6 SYSTEMPATH\View\View.php(469): CodeIgniter\View\View->render('partials/topbar', null, true)
 7 APPPATH\Views\partials\menu.php(1): CodeIgniter\View\View->include('partials/topbar')
 8 SYSTEMPATH\View\View.php(228): include('C:\\2023project\\aparus3\\app\\Views\\partials\\menu.php')
 9 SYSTEMPATH\View\View.php(231): CodeIgniter\View\View->CodeIgniter\View\{closure}()
10 SYSTEMPATH\View\View.php(469): CodeIgniter\View\View->render('partials/menu', null, true)
11 APPPATH\Views\kontrak\permohonan-masuk.php(18): CodeIgniter\View\View->include('partials/menu')
12 SYSTEMPATH\View\View.php(228): include('C:\\2023project\\aparus3\\app\\Views\\kontrak\\permohonan-masuk.php')
13 SYSTEMPATH\View\View.php(231): CodeIgniter\View\View->CodeIgniter\View\{closure}()
14 SYSTEMPATH\Common.php(1190): CodeIgniter\View\View->render('kontrak/permohonan-masuk', [], true)
15 APPPATH\Controllers\Kontrak.php(60): view('kontrak/permohonan-masuk', [...])
16 SYSTEMPATH\CodeIgniter.php(942): App\Controllers\Kontrak->permohonanMasuk()
17 SYSTEMPATH\CodeIgniter.php(502): CodeIgniter\CodeIgniter->runController(Object(App\Controllers\Kontrak))
18 SYSTEMPATH\CodeIgniter.php(361): CodeIgniter\CodeIgniter->handleRequest(null, Object(Config\Cache), false)
19 FCPATH\index.php(79): CodeIgniter\CodeIgniter->run()
20 SYSTEMPATH\Commands\Server\rewrite.php(47): require_once('C:\\2023project\\aparus3\\public\\index.php')
INFO - 2025-02-13 04:57:38 --> Session: Class initialized using 'CodeIgniter\Session\Handlers\FileHandler' driver.
WARNING - 2025-02-13 04:57:38 --> [DEPRECATED] Creation of dynamic property App\Controllers\Kontrak::$session is deprecated in APPPATH\Controllers\BaseController.php on line 56.
 1 SYSTEMPATH\CodeIgniter.php(915): App\Controllers\BaseController->initController(Object(CodeIgniter\HTTP\IncomingRequest), Object(CodeIgniter\HTTP\Response), Object(CodeIgniter\Log\Logger))
 2 SYSTEMPATH\CodeIgniter.php(493): CodeIgniter\CodeIgniter->createController()
 3 SYSTEMPATH\CodeIgniter.php(361): CodeIgniter\CodeIgniter->handleRequest(null, Object(Config\Cache), false)
 4 FCPATH\index.php(79): CodeIgniter\CodeIgniter->run()
 5 SYSTEMPATH\Commands\Server\rewrite.php(47): require_once('C:\\2023project\\aparus3\\public\\index.php')
WARNING - 2025-02-13 04:57:38 --> [DEPRECATED] Creation of dynamic property App\Controllers\Shortcut::$session is deprecated in APPPATH\Controllers\BaseController.php on line 56.
 1 SYSTEMPATH\View\Cell.php(96): App\Controllers\BaseController->initController(Object(CodeIgniter\HTTP\IncomingRequest), Object(CodeIgniter\HTTP\Response), Object(CodeIgniter\Log\Logger))
 2 SYSTEMPATH\Common.php(1206): CodeIgniter\View\Cell->render('App\\Controllers\\Shortcut::loadShortcut', [], 0, 'AppControllersShortcutloadShortcut40cd750bba9870f18aada2478b24840a')
 3 APPPATH\Views\partials\topbar.php(157): view_cell('App\\Controllers\\Shortcut::loadShortcut')
 4 SYSTEMPATH\View\View.php(228): include('C:\\2023project\\aparus3\\app\\Views\\partials\\topbar.php')
 5 SYSTEMPATH\View\View.php(231): CodeIgniter\View\View->CodeIgniter\View\{closure}()
 6 SYSTEMPATH\View\View.php(469): CodeIgniter\View\View->render('partials/topbar', null, true)
 7 APPPATH\Views\partials\menu.php(1): CodeIgniter\View\View->include('partials/topbar')
 8 SYSTEMPATH\View\View.php(228): include('C:\\2023project\\aparus3\\app\\Views\\partials\\menu.php')
 9 SYSTEMPATH\View\View.php(231): CodeIgniter\View\View->CodeIgniter\View\{closure}()
10 SYSTEMPATH\View\View.php(469): CodeIgniter\View\View->render('partials/menu', null, true)
11 APPPATH\Views\kontrak\daftartunggu.php(18): CodeIgniter\View\View->include('partials/menu')
12 SYSTEMPATH\View\View.php(228): include('C:\\2023project\\aparus3\\app\\Views\\kontrak\\daftartunggu.php')
13 SYSTEMPATH\View\View.php(231): CodeIgniter\View\View->CodeIgniter\View\{closure}()
14 SYSTEMPATH\Common.php(1190): CodeIgniter\View\View->render('kontrak/daftartunggu', [], true)
15 APPPATH\Controllers\Kontrak.php(146): view('kontrak/daftartunggu', [...])
16 SYSTEMPATH\CodeIgniter.php(942): App\Controllers\Kontrak->daftarTunggu()
17 SYSTEMPATH\CodeIgniter.php(502): CodeIgniter\CodeIgniter->runController(Object(App\Controllers\Kontrak))
18 SYSTEMPATH\CodeIgniter.php(361): CodeIgniter\CodeIgniter->handleRequest(null, Object(Config\Cache), false)
19 FCPATH\index.php(79): CodeIgniter\CodeIgniter->run()
20 SYSTEMPATH\Commands\Server\rewrite.php(47): require_once('C:\\2023project\\aparus3\\public\\index.php')
INFO - 2025-02-13 04:57:55 --> Session: Class initialized using 'CodeIgniter\Session\Handlers\FileHandler' driver.
WARNING - 2025-02-13 04:57:55 --> [DEPRECATED] Creation of dynamic property App\Controllers\ReportHunian::$session is deprecated in APPPATH\Controllers\BaseController.php on line 56.
 1 SYSTEMPATH\CodeIgniter.php(915): App\Controllers\BaseController->initController(Object(CodeIgniter\HTTP\IncomingRequest), Object(CodeIgniter\HTTP\Response), Object(CodeIgniter\Log\Logger))
 2 SYSTEMPATH\CodeIgniter.php(493): CodeIgniter\CodeIgniter->createController()
 3 SYSTEMPATH\CodeIgniter.php(361): CodeIgniter\CodeIgniter->handleRequest(null, Object(Config\Cache), false)
 4 FCPATH\index.php(79): CodeIgniter\CodeIgniter->run()
 5 SYSTEMPATH\Commands\Server\rewrite.php(47): require_once('C:\\2023project\\aparus3\\public\\index.php')
WARNING - 2025-02-13 04:57:55 --> [DEPRECATED] Creation of dynamic property App\Controllers\Shortcut::$session is deprecated in APPPATH\Controllers\BaseController.php on line 56.
 1 SYSTEMPATH\View\Cell.php(96): App\Controllers\BaseController->initController(Object(CodeIgniter\HTTP\IncomingRequest), Object(CodeIgniter\HTTP\Response), Object(CodeIgniter\Log\Logger))
 2 SYSTEMPATH\Common.php(1206): CodeIgniter\View\Cell->render('App\\Controllers\\Shortcut::loadShortcut', [], 0, 'AppControllersShortcutloadShortcut40cd750bba9870f18aada2478b24840a')
 3 APPPATH\Views\partials\topbar.php(157): view_cell('App\\Controllers\\Shortcut::loadShortcut')
 4 SYSTEMPATH\View\View.php(228): include('C:\\2023project\\aparus3\\app\\Views\\partials\\topbar.php')
 5 SYSTEMPATH\View\View.php(231): CodeIgniter\View\View->CodeIgniter\View\{closure}()
 6 SYSTEMPATH\View\View.php(469): CodeIgniter\View\View->render('partials/topbar', null, true)
 7 APPPATH\Views\partials\menu.php(1): CodeIgniter\View\View->include('partials/topbar')
 8 SYSTEMPATH\View\View.php(228): include('C:\\2023project\\aparus3\\app\\Views\\partials\\menu.php')
 9 SYSTEMPATH\View\View.php(231): CodeIgniter\View\View->CodeIgniter\View\{closure}()
10 SYSTEMPATH\View\View.php(469): CodeIgniter\View\View->render('partials/menu', null, true)
11 APPPATH\Views\report\penghuni.php(11): CodeIgniter\View\View->include('partials/menu')
12 SYSTEMPATH\View\View.php(228): include('C:\\2023project\\aparus3\\app\\Views\\report\\penghuni.php')
13 SYSTEMPATH\View\View.php(231): CodeIgniter\View\View->CodeIgniter\View\{closure}()
14 SYSTEMPATH\Common.php(1190): CodeIgniter\View\View->render('report/penghuni', [], true)
15 APPPATH\Controllers\ReportHunian.php(58): view('report/penghuni', [...])
16 SYSTEMPATH\CodeIgniter.php(942): App\Controllers\ReportHunian->penghuni()
17 SYSTEMPATH\CodeIgniter.php(502): CodeIgniter\CodeIgniter->runController(Object(App\Controllers\ReportHunian))
18 SYSTEMPATH\CodeIgniter.php(361): CodeIgniter\CodeIgniter->handleRequest(null, Object(Config\Cache), false)
19 FCPATH\index.php(79): CodeIgniter\CodeIgniter->run()
20 SYSTEMPATH\Commands\Server\rewrite.php(47): require_once('C:\\2023project\\aparus3\\public\\index.php')
INFO - 2025-02-13 04:57:55 --> Session: Class initialized using 'CodeIgniter\Session\Handlers\FileHandler' driver.
INFO - 2025-02-13 04:57:55 --> Session: Class initialized using 'CodeIgniter\Session\Handlers\FileHandler' driver.
INFO - 2025-02-13 05:01:04 --> Session: Class initialized using 'CodeIgniter\Session\Handlers\FileHandler' driver.
WARNING - 2025-02-13 05:01:04 --> [DEPRECATED] Creation of dynamic property App\Controllers\ReportHunian::$session is deprecated in APPPATH\Controllers\BaseController.php on line 56.
 1 SYSTEMPATH\CodeIgniter.php(915): App\Controllers\BaseController->initController(Object(CodeIgniter\HTTP\IncomingRequest), Object(CodeIgniter\HTTP\Response), Object(CodeIgniter\Log\Logger))
 2 SYSTEMPATH\CodeIgniter.php(493): CodeIgniter\CodeIgniter->createController()
 3 SYSTEMPATH\CodeIgniter.php(361): CodeIgniter\CodeIgniter->handleRequest(null, Object(Config\Cache), false)
 4 FCPATH\index.php(79): CodeIgniter\CodeIgniter->run()
 5 SYSTEMPATH\Commands\Server\rewrite.php(47): require_once('C:\\2023project\\aparus3\\public\\index.php')
WARNING - 2025-02-13 05:01:04 --> [DEPRECATED] Creation of dynamic property App\Controllers\Shortcut::$session is deprecated in APPPATH\Controllers\BaseController.php on line 56.
 1 SYSTEMPATH\View\Cell.php(96): App\Controllers\BaseController->initController(Object(CodeIgniter\HTTP\IncomingRequest), Object(CodeIgniter\HTTP\Response), Object(CodeIgniter\Log\Logger))
 2 SYSTEMPATH\Common.php(1206): CodeIgniter\View\Cell->render('App\\Controllers\\Shortcut::loadShortcut', [], 0, 'AppControllersShortcutloadShortcut40cd750bba9870f18aada2478b24840a')
 3 APPPATH\Views\partials\topbar.php(157): view_cell('App\\Controllers\\Shortcut::loadShortcut')
 4 SYSTEMPATH\View\View.php(228): include('C:\\2023project\\aparus3\\app\\Views\\partials\\topbar.php')
 5 SYSTEMPATH\View\View.php(231): CodeIgniter\View\View->CodeIgniter\View\{closure}()
 6 SYSTEMPATH\View\View.php(469): CodeIgniter\View\View->render('partials/topbar', null, true)
 7 APPPATH\Views\partials\menu.php(1): CodeIgniter\View\View->include('partials/topbar')
 8 SYSTEMPATH\View\View.php(228): include('C:\\2023project\\aparus3\\app\\Views\\partials\\menu.php')
 9 SYSTEMPATH\View\View.php(231): CodeIgniter\View\View->CodeIgniter\View\{closure}()
10 SYSTEMPATH\View\View.php(469): CodeIgniter\View\View->render('partials/menu', null, true)
11 APPPATH\Views\report\penghuni.php(11): CodeIgniter\View\View->include('partials/menu')
12 SYSTEMPATH\View\View.php(228): include('C:\\2023project\\aparus3\\app\\Views\\report\\penghuni.php')
13 SYSTEMPATH\View\View.php(231): CodeIgniter\View\View->CodeIgniter\View\{closure}()
14 SYSTEMPATH\Common.php(1190): CodeIgniter\View\View->render('report/penghuni', [], true)
15 APPPATH\Controllers\ReportHunian.php(58): view('report/penghuni', [...])
16 SYSTEMPATH\CodeIgniter.php(942): App\Controllers\ReportHunian->penghuni()
17 SYSTEMPATH\CodeIgniter.php(502): CodeIgniter\CodeIgniter->runController(Object(App\Controllers\ReportHunian))
18 SYSTEMPATH\CodeIgniter.php(361): CodeIgniter\CodeIgniter->handleRequest(null, Object(Config\Cache), false)
19 FCPATH\index.php(79): CodeIgniter\CodeIgniter->run()
20 SYSTEMPATH\Commands\Server\rewrite.php(47): require_once('C:\\2023project\\aparus3\\public\\index.php')
INFO - 2025-02-13 05:01:05 --> Session: Class initialized using 'CodeIgniter\Session\Handlers\FileHandler' driver.
INFO - 2025-02-13 05:01:05 --> Session: Class initialized using 'CodeIgniter\Session\Handlers\FileHandler' driver.
INFO - 2025-02-13 05:01:56 --> Session: Class initialized using 'CodeIgniter\Session\Handlers\FileHandler' driver.
WARNING - 2025-02-13 05:01:56 --> [DEPRECATED] Creation of dynamic property App\Controllers\ReportHunian::$session is deprecated in APPPATH\Controllers\BaseController.php on line 56.
 1 SYSTEMPATH\CodeIgniter.php(915): App\Controllers\BaseController->initController(Object(CodeIgniter\HTTP\IncomingRequest), Object(CodeIgniter\HTTP\Response), Object(CodeIgniter\Log\Logger))
 2 SYSTEMPATH\CodeIgniter.php(493): CodeIgniter\CodeIgniter->createController()
 3 SYSTEMPATH\CodeIgniter.php(361): CodeIgniter\CodeIgniter->handleRequest(null, Object(Config\Cache), false)
 4 FCPATH\index.php(79): CodeIgniter\CodeIgniter->run()
 5 SYSTEMPATH\Commands\Server\rewrite.php(47): require_once('C:\\2023project\\aparus3\\public\\index.php')
WARNING - 2025-02-13 05:01:56 --> [DEPRECATED] Creation of dynamic property App\Controllers\Shortcut::$session is deprecated in APPPATH\Controllers\BaseController.php on line 56.
 1 SYSTEMPATH\View\Cell.php(96): App\Controllers\BaseController->initController(Object(CodeIgniter\HTTP\IncomingRequest), Object(CodeIgniter\HTTP\Response), Object(CodeIgniter\Log\Logger))
 2 SYSTEMPATH\Common.php(1206): CodeIgniter\View\Cell->render('App\\Controllers\\Shortcut::loadShortcut', [], 0, 'AppControllersShortcutloadShortcut40cd750bba9870f18aada2478b24840a')
 3 APPPATH\Views\partials\topbar.php(157): view_cell('App\\Controllers\\Shortcut::loadShortcut')
 4 SYSTEMPATH\View\View.php(228): include('C:\\2023project\\aparus3\\app\\Views\\partials\\topbar.php')
 5 SYSTEMPATH\View\View.php(231): CodeIgniter\View\View->CodeIgniter\View\{closure}()
 6 SYSTEMPATH\View\View.php(469): CodeIgniter\View\View->render('partials/topbar', null, true)
 7 APPPATH\Views\partials\menu.php(1): CodeIgniter\View\View->include('partials/topbar')
 8 SYSTEMPATH\View\View.php(228): include('C:\\2023project\\aparus3\\app\\Views\\partials\\menu.php')
 9 SYSTEMPATH\View\View.php(231): CodeIgniter\View\View->CodeIgniter\View\{closure}()
10 SYSTEMPATH\View\View.php(469): CodeIgniter\View\View->render('partials/menu', null, true)
11 APPPATH\Views\report\penghuni.php(11): CodeIgniter\View\View->include('partials/menu')
12 SYSTEMPATH\View\View.php(228): include('C:\\2023project\\aparus3\\app\\Views\\report\\penghuni.php')
13 SYSTEMPATH\View\View.php(231): CodeIgniter\View\View->CodeIgniter\View\{closure}()
14 SYSTEMPATH\Common.php(1190): CodeIgniter\View\View->render('report/penghuni', [], true)
15 APPPATH\Controllers\ReportHunian.php(58): view('report/penghuni', [...])
16 SYSTEMPATH\CodeIgniter.php(942): App\Controllers\ReportHunian->penghuni()
17 SYSTEMPATH\CodeIgniter.php(502): CodeIgniter\CodeIgniter->runController(Object(App\Controllers\ReportHunian))
18 SYSTEMPATH\CodeIgniter.php(361): CodeIgniter\CodeIgniter->handleRequest(null, Object(Config\Cache), false)
19 FCPATH\index.php(79): CodeIgniter\CodeIgniter->run()
20 SYSTEMPATH\Commands\Server\rewrite.php(47): require_once('C:\\2023project\\aparus3\\public\\index.php')
INFO - 2025-02-13 05:01:57 --> Session: Class initialized using 'CodeIgniter\Session\Handlers\FileHandler' driver.
INFO - 2025-02-13 05:01:57 --> Session: Class initialized using 'CodeIgniter\Session\Handlers\FileHandler' driver.
INFO - 2025-02-13 05:02:16 --> Session: Class initialized using 'CodeIgniter\Session\Handlers\FileHandler' driver.
WARNING - 2025-02-13 05:02:16 --> [DEPRECATED] Creation of dynamic property App\Controllers\ReportHunian::$session is deprecated in APPPATH\Controllers\BaseController.php on line 56.
 1 SYSTEMPATH\CodeIgniter.php(915): App\Controllers\BaseController->initController(Object(CodeIgniter\HTTP\IncomingRequest), Object(CodeIgniter\HTTP\Response), Object(CodeIgniter\Log\Logger))
 2 SYSTEMPATH\CodeIgniter.php(493): CodeIgniter\CodeIgniter->createController()
 3 SYSTEMPATH\CodeIgniter.php(361): CodeIgniter\CodeIgniter->handleRequest(null, Object(Config\Cache), false)
 4 FCPATH\index.php(79): CodeIgniter\CodeIgniter->run()
 5 SYSTEMPATH\Commands\Server\rewrite.php(47): require_once('C:\\2023project\\aparus3\\public\\index.php')
WARNING - 2025-02-13 05:02:16 --> [DEPRECATED] Creation of dynamic property App\Controllers\Shortcut::$session is deprecated in APPPATH\Controllers\BaseController.php on line 56.
 1 SYSTEMPATH\View\Cell.php(96): App\Controllers\BaseController->initController(Object(CodeIgniter\HTTP\IncomingRequest), Object(CodeIgniter\HTTP\Response), Object(CodeIgniter\Log\Logger))
 2 SYSTEMPATH\Common.php(1206): CodeIgniter\View\Cell->render('App\\Controllers\\Shortcut::loadShortcut', [], 0, 'AppControllersShortcutloadShortcut40cd750bba9870f18aada2478b24840a')
 3 APPPATH\Views\partials\topbar.php(157): view_cell('App\\Controllers\\Shortcut::loadShortcut')
 4 SYSTEMPATH\View\View.php(228): include('C:\\2023project\\aparus3\\app\\Views\\partials\\topbar.php')
 5 SYSTEMPATH\View\View.php(231): CodeIgniter\View\View->CodeIgniter\View\{closure}()
 6 SYSTEMPATH\View\View.php(469): CodeIgniter\View\View->render('partials/topbar', null, true)
 7 APPPATH\Views\partials\menu.php(1): CodeIgniter\View\View->include('partials/topbar')
 8 SYSTEMPATH\View\View.php(228): include('C:\\2023project\\aparus3\\app\\Views\\partials\\menu.php')
 9 SYSTEMPATH\View\View.php(231): CodeIgniter\View\View->CodeIgniter\View\{closure}()
10 SYSTEMPATH\View\View.php(469): CodeIgniter\View\View->render('partials/menu', null, true)
11 APPPATH\Views\report\penghuni.php(11): CodeIgniter\View\View->include('partials/menu')
12 SYSTEMPATH\View\View.php(228): include('C:\\2023project\\aparus3\\app\\Views\\report\\penghuni.php')
13 SYSTEMPATH\View\View.php(231): CodeIgniter\View\View->CodeIgniter\View\{closure}()
14 SYSTEMPATH\Common.php(1190): CodeIgniter\View\View->render('report/penghuni', [], true)
15 APPPATH\Controllers\ReportHunian.php(58): view('report/penghuni', [...])
16 SYSTEMPATH\CodeIgniter.php(942): App\Controllers\ReportHunian->penghuni()
17 SYSTEMPATH\CodeIgniter.php(502): CodeIgniter\CodeIgniter->runController(Object(App\Controllers\ReportHunian))
18 SYSTEMPATH\CodeIgniter.php(361): CodeIgniter\CodeIgniter->handleRequest(null, Object(Config\Cache), false)
19 FCPATH\index.php(79): CodeIgniter\CodeIgniter->run()
20 SYSTEMPATH\Commands\Server\rewrite.php(47): require_once('C:\\2023project\\aparus3\\public\\index.php')
INFO - 2025-02-13 05:02:16 --> Session: Class initialized using 'CodeIgniter\Session\Handlers\FileHandler' driver.
INFO - 2025-02-13 05:02:16 --> Session: Class initialized using 'CodeIgniter\Session\Handlers\FileHandler' driver.
INFO - 2025-02-13 05:02:23 --> Session: Class initialized using 'CodeIgniter\Session\Handlers\FileHandler' driver.
INFO - 2025-02-13 05:02:24 --> Session: Class initialized using 'CodeIgniter\Session\Handlers\FileHandler' driver.
INFO - 2025-02-13 05:02:24 --> Session: Class initialized using 'CodeIgniter\Session\Handlers\FileHandler' driver.
INFO - 2025-02-13 05:02:48 --> Session: Class initialized using 'CodeIgniter\Session\Handlers\FileHandler' driver.
WARNING - 2025-02-13 05:02:48 --> [DEPRECATED] Creation of dynamic property App\Controllers\ReportHunian::$session is deprecated in APPPATH\Controllers\BaseController.php on line 56.
 1 SYSTEMPATH\CodeIgniter.php(915): App\Controllers\BaseController->initController(Object(CodeIgniter\HTTP\IncomingRequest), Object(CodeIgniter\HTTP\Response), Object(CodeIgniter\Log\Logger))
 2 SYSTEMPATH\CodeIgniter.php(493): CodeIgniter\CodeIgniter->createController()
 3 SYSTEMPATH\CodeIgniter.php(361): CodeIgniter\CodeIgniter->handleRequest(null, Object(Config\Cache), false)
 4 FCPATH\index.php(79): CodeIgniter\CodeIgniter->run()
 5 SYSTEMPATH\Commands\Server\rewrite.php(47): require_once('C:\\2023project\\aparus3\\public\\index.php')
WARNING - 2025-02-13 05:02:49 --> [DEPRECATED] Creation of dynamic property App\Controllers\Shortcut::$session is deprecated in APPPATH\Controllers\BaseController.php on line 56.
 1 SYSTEMPATH\View\Cell.php(96): App\Controllers\BaseController->initController(Object(CodeIgniter\HTTP\IncomingRequest), Object(CodeIgniter\HTTP\Response), Object(CodeIgniter\Log\Logger))
 2 SYSTEMPATH\Common.php(1206): CodeIgniter\View\Cell->render('App\\Controllers\\Shortcut::loadShortcut', [], 0, 'AppControllersShortcutloadShortcut40cd750bba9870f18aada2478b24840a')
 3 APPPATH\Views\partials\topbar.php(157): view_cell('App\\Controllers\\Shortcut::loadShortcut')
 4 SYSTEMPATH\View\View.php(228): include('C:\\2023project\\aparus3\\app\\Views\\partials\\topbar.php')
 5 SYSTEMPATH\View\View.php(231): CodeIgniter\View\View->CodeIgniter\View\{closure}()
 6 SYSTEMPATH\View\View.php(469): CodeIgniter\View\View->render('partials/topbar', null, true)
 7 APPPATH\Views\partials\menu.php(1): CodeIgniter\View\View->include('partials/topbar')
 8 SYSTEMPATH\View\View.php(228): include('C:\\2023project\\aparus3\\app\\Views\\partials\\menu.php')
 9 SYSTEMPATH\View\View.php(231): CodeIgniter\View\View->CodeIgniter\View\{closure}()
10 SYSTEMPATH\View\View.php(469): CodeIgniter\View\View->render('partials/menu', null, true)
11 APPPATH\Views\report\penghuni.php(11): CodeIgniter\View\View->include('partials/menu')
12 SYSTEMPATH\View\View.php(228): include('C:\\2023project\\aparus3\\app\\Views\\report\\penghuni.php')
13 SYSTEMPATH\View\View.php(231): CodeIgniter\View\View->CodeIgniter\View\{closure}()
14 SYSTEMPATH\Common.php(1190): CodeIgniter\View\View->render('report/penghuni', [], true)
15 APPPATH\Controllers\ReportHunian.php(58): view('report/penghuni', [...])
16 SYSTEMPATH\CodeIgniter.php(942): App\Controllers\ReportHunian->penghuni()
17 SYSTEMPATH\CodeIgniter.php(502): CodeIgniter\CodeIgniter->runController(Object(App\Controllers\ReportHunian))
18 SYSTEMPATH\CodeIgniter.php(361): CodeIgniter\CodeIgniter->handleRequest(null, Object(Config\Cache), false)
19 FCPATH\index.php(79): CodeIgniter\CodeIgniter->run()
20 SYSTEMPATH\Commands\Server\rewrite.php(47): require_once('C:\\2023project\\aparus3\\public\\index.php')
INFO - 2025-02-13 05:02:49 --> Session: Class initialized using 'CodeIgniter\Session\Handlers\FileHandler' driver.
INFO - 2025-02-13 05:02:49 --> Session: Class initialized using 'CodeIgniter\Session\Handlers\FileHandler' driver.
INFO - 2025-02-13 05:02:50 --> Session: Class initialized using 'CodeIgniter\Session\Handlers\FileHandler' driver.
INFO - 2025-02-13 05:02:50 --> Session: Class initialized using 'CodeIgniter\Session\Handlers\FileHandler' driver.
INFO - 2025-02-13 05:02:51 --> Session: Class initialized using 'CodeIgniter\Session\Handlers\FileHandler' driver.
INFO - 2025-02-13 05:02:57 --> Session: Class initialized using 'CodeIgniter\Session\Handlers\FileHandler' driver.
WARNING - 2025-02-13 05:02:57 --> [DEPRECATED] Creation of dynamic property App\Controllers\ReportHunian::$session is deprecated in APPPATH\Controllers\BaseController.php on line 56.
 1 SYSTEMPATH\CodeIgniter.php(915): App\Controllers\BaseController->initController(Object(CodeIgniter\HTTP\IncomingRequest), Object(CodeIgniter\HTTP\Response), Object(CodeIgniter\Log\Logger))
 2 SYSTEMPATH\CodeIgniter.php(493): CodeIgniter\CodeIgniter->createController()
 3 SYSTEMPATH\CodeIgniter.php(361): CodeIgniter\CodeIgniter->handleRequest(null, Object(Config\Cache), false)
 4 FCPATH\index.php(79): CodeIgniter\CodeIgniter->run()
 5 SYSTEMPATH\Commands\Server\rewrite.php(47): require_once('C:\\2023project\\aparus3\\public\\index.php')
INFO - 2025-02-13 05:03:09 --> Session: Class initialized using 'CodeIgniter\Session\Handlers\FileHandler' driver.
WARNING - 2025-02-13 05:03:09 --> [DEPRECATED] Creation of dynamic property App\Controllers\ReportHunian::$session is deprecated in APPPATH\Controllers\BaseController.php on line 56.
 1 SYSTEMPATH\CodeIgniter.php(915): App\Controllers\BaseController->initController(Object(CodeIgniter\HTTP\IncomingRequest), Object(CodeIgniter\HTTP\Response), Object(CodeIgniter\Log\Logger))
 2 SYSTEMPATH\CodeIgniter.php(493): CodeIgniter\CodeIgniter->createController()
 3 SYSTEMPATH\CodeIgniter.php(361): CodeIgniter\CodeIgniter->handleRequest(null, Object(Config\Cache), false)
 4 FCPATH\index.php(79): CodeIgniter\CodeIgniter->run()
 5 SYSTEMPATH\Commands\Server\rewrite.php(47): require_once('C:\\2023project\\aparus3\\public\\index.php')
WARNING - 2025-02-13 05:03:09 --> [DEPRECATED] Creation of dynamic property App\Controllers\Shortcut::$session is deprecated in APPPATH\Controllers\BaseController.php on line 56.
 1 SYSTEMPATH\View\Cell.php(96): App\Controllers\BaseController->initController(Object(CodeIgniter\HTTP\IncomingRequest), Object(CodeIgniter\HTTP\Response), Object(CodeIgniter\Log\Logger))
 2 SYSTEMPATH\Common.php(1206): CodeIgniter\View\Cell->render('App\\Controllers\\Shortcut::loadShortcut', [], 0, 'AppControllersShortcutloadShortcut40cd750bba9870f18aada2478b24840a')
 3 APPPATH\Views\partials\topbar.php(157): view_cell('App\\Controllers\\Shortcut::loadShortcut')
 4 SYSTEMPATH\View\View.php(228): include('C:\\2023project\\aparus3\\app\\Views\\partials\\topbar.php')
 5 SYSTEMPATH\View\View.php(231): CodeIgniter\View\View->CodeIgniter\View\{closure}()
 6 SYSTEMPATH\View\View.php(469): CodeIgniter\View\View->render('partials/topbar', null, true)
 7 APPPATH\Views\partials\menu.php(1): CodeIgniter\View\View->include('partials/topbar')
 8 SYSTEMPATH\View\View.php(228): include('C:\\2023project\\aparus3\\app\\Views\\partials\\menu.php')
 9 SYSTEMPATH\View\View.php(231): CodeIgniter\View\View->CodeIgniter\View\{closure}()
10 SYSTEMPATH\View\View.php(469): CodeIgniter\View\View->render('partials/menu', null, true)
11 APPPATH\Views\report\penghuni.php(11): CodeIgniter\View\View->include('partials/menu')
12 SYSTEMPATH\View\View.php(228): include('C:\\2023project\\aparus3\\app\\Views\\report\\penghuni.php')
13 SYSTEMPATH\View\View.php(231): CodeIgniter\View\View->CodeIgniter\View\{closure}()
14 SYSTEMPATH\Common.php(1190): CodeIgniter\View\View->render('report/penghuni', [], true)
15 APPPATH\Controllers\ReportHunian.php(58): view('report/penghuni', [...])
16 SYSTEMPATH\CodeIgniter.php(942): App\Controllers\ReportHunian->penghuni()
17 SYSTEMPATH\CodeIgniter.php(502): CodeIgniter\CodeIgniter->runController(Object(App\Controllers\ReportHunian))
18 SYSTEMPATH\CodeIgniter.php(361): CodeIgniter\CodeIgniter->handleRequest(null, Object(Config\Cache), false)
19 FCPATH\index.php(79): CodeIgniter\CodeIgniter->run()
20 SYSTEMPATH\Commands\Server\rewrite.php(47): require_once('C:\\2023project\\aparus3\\public\\index.php')
INFO - 2025-02-13 05:03:10 --> Session: Class initialized using 'CodeIgniter\Session\Handlers\FileHandler' driver.
INFO - 2025-02-13 05:03:10 --> Session: Class initialized using 'CodeIgniter\Session\Handlers\FileHandler' driver.
INFO - 2025-02-13 05:03:50 --> Session: Class initialized using 'CodeIgniter\Session\Handlers\FileHandler' driver.
WARNING - 2025-02-13 05:03:50 --> [DEPRECATED] Creation of dynamic property App\Controllers\Aduan::$session is deprecated in APPPATH\Controllers\BaseController.php on line 56.
 1 SYSTEMPATH\CodeIgniter.php(915): App\Controllers\BaseController->initController(Object(CodeIgniter\HTTP\IncomingRequest), Object(CodeIgniter\HTTP\Response), Object(CodeIgniter\Log\Logger))
 2 SYSTEMPATH\CodeIgniter.php(493): CodeIgniter\CodeIgniter->createController()
 3 SYSTEMPATH\CodeIgniter.php(361): CodeIgniter\CodeIgniter->handleRequest(null, Object(Config\Cache), false)
 4 FCPATH\index.php(79): CodeIgniter\CodeIgniter->run()
 5 SYSTEMPATH\Commands\Server\rewrite.php(47): require_once('C:\\2023project\\aparus3\\public\\index.php')
WARNING - 2025-02-13 05:03:50 --> [DEPRECATED] Creation of dynamic property App\Controllers\Shortcut::$session is deprecated in APPPATH\Controllers\BaseController.php on line 56.
 1 SYSTEMPATH\View\Cell.php(96): App\Controllers\BaseController->initController(Object(CodeIgniter\HTTP\IncomingRequest), Object(CodeIgniter\HTTP\Response), Object(CodeIgniter\Log\Logger))
 2 SYSTEMPATH\Common.php(1206): CodeIgniter\View\Cell->render('App\\Controllers\\Shortcut::loadShortcut', [], 0, 'AppControllersShortcutloadShortcut40cd750bba9870f18aada2478b24840a')
 3 APPPATH\Views\partials\topbar.php(157): view_cell('App\\Controllers\\Shortcut::loadShortcut')
 4 SYSTEMPATH\View\View.php(228): include('C:\\2023project\\aparus3\\app\\Views\\partials\\topbar.php')
 5 SYSTEMPATH\View\View.php(231): CodeIgniter\View\View->CodeIgniter\View\{closure}()
 6 SYSTEMPATH\View\View.php(469): CodeIgniter\View\View->render('partials/topbar', null, true)
 7 APPPATH\Views\partials\menu.php(1): CodeIgniter\View\View->include('partials/topbar')
 8 SYSTEMPATH\View\View.php(228): include('C:\\2023project\\aparus3\\app\\Views\\partials\\menu.php')
 9 SYSTEMPATH\View\View.php(231): CodeIgniter\View\View->CodeIgniter\View\{closure}()
10 SYSTEMPATH\View\View.php(469): CodeIgniter\View\View->render('partials/menu', null, true)
11 APPPATH\Views\aduan\list.php(16): CodeIgniter\View\View->include('partials/menu')
12 SYSTEMPATH\View\View.php(228): include('C:\\2023project\\aparus3\\app\\Views\\aduan\\list.php')
13 SYSTEMPATH\View\View.php(231): CodeIgniter\View\View->CodeIgniter\View\{closure}()
14 SYSTEMPATH\Common.php(1190): CodeIgniter\View\View->render('aduan/list', [], true)
15 APPPATH\Controllers\Aduan.php(29): view('aduan/list', [...])
16 SYSTEMPATH\CodeIgniter.php(942): App\Controllers\Aduan->list()
17 SYSTEMPATH\CodeIgniter.php(502): CodeIgniter\CodeIgniter->runController(Object(App\Controllers\Aduan))
18 SYSTEMPATH\CodeIgniter.php(361): CodeIgniter\CodeIgniter->handleRequest(null, Object(Config\Cache), false)
19 FCPATH\index.php(79): CodeIgniter\CodeIgniter->run()
20 SYSTEMPATH\Commands\Server\rewrite.php(47): require_once('C:\\2023project\\aparus3\\public\\index.php')
INFO - 2025-02-13 05:03:58 --> Session: Class initialized using 'CodeIgniter\Session\Handlers\FileHandler' driver.
INFO - 2025-02-13 05:03:58 --> Session: Class initialized using 'CodeIgniter\Session\Handlers\FileHandler' driver.
INFO - 2025-02-13 05:03:58 --> Session: Class initialized using 'CodeIgniter\Session\Handlers\FileHandler' driver.
INFO - 2025-02-13 05:04:26 --> Session: Class initialized using 'CodeIgniter\Session\Handlers\FileHandler' driver.
WARNING - 2025-02-13 05:04:26 --> [DEPRECATED] Creation of dynamic property App\Controllers\ReportHunian::$session is deprecated in APPPATH\Controllers\BaseController.php on line 56.
 1 SYSTEMPATH\CodeIgniter.php(915): App\Controllers\BaseController->initController(Object(CodeIgniter\HTTP\IncomingRequest), Object(CodeIgniter\HTTP\Response), Object(CodeIgniter\Log\Logger))
 2 SYSTEMPATH\CodeIgniter.php(493): CodeIgniter\CodeIgniter->createController()
 3 SYSTEMPATH\CodeIgniter.php(361): CodeIgniter\CodeIgniter->handleRequest(null, Object(Config\Cache), false)
 4 FCPATH\index.php(79): CodeIgniter\CodeIgniter->run()
 5 SYSTEMPATH\Commands\Server\rewrite.php(47): require_once('C:\\2023project\\aparus3\\public\\index.php')
WARNING - 2025-02-13 05:04:26 --> [DEPRECATED] Creation of dynamic property App\Controllers\Shortcut::$session is deprecated in APPPATH\Controllers\BaseController.php on line 56.
 1 SYSTEMPATH\View\Cell.php(96): App\Controllers\BaseController->initController(Object(CodeIgniter\HTTP\IncomingRequest), Object(CodeIgniter\HTTP\Response), Object(CodeIgniter\Log\Logger))
 2 SYSTEMPATH\Common.php(1206): CodeIgniter\View\Cell->render('App\\Controllers\\Shortcut::loadShortcut', [], 0, 'AppControllersShortcutloadShortcut40cd750bba9870f18aada2478b24840a')
 3 APPPATH\Views\partials\topbar.php(157): view_cell('App\\Controllers\\Shortcut::loadShortcut')
 4 SYSTEMPATH\View\View.php(228): include('C:\\2023project\\aparus3\\app\\Views\\partials\\topbar.php')
 5 SYSTEMPATH\View\View.php(231): CodeIgniter\View\View->CodeIgniter\View\{closure}()
 6 SYSTEMPATH\View\View.php(469): CodeIgniter\View\View->render('partials/topbar', null, true)
 7 APPPATH\Views\partials\menu.php(1): CodeIgniter\View\View->include('partials/topbar')
 8 SYSTEMPATH\View\View.php(228): include('C:\\2023project\\aparus3\\app\\Views\\partials\\menu.php')
 9 SYSTEMPATH\View\View.php(231): CodeIgniter\View\View->CodeIgniter\View\{closure}()
10 SYSTEMPATH\View\View.php(469): CodeIgniter\View\View->render('partials/menu', null, true)
11 APPPATH\Views\report\penghuni.php(11): CodeIgniter\View\View->include('partials/menu')
12 SYSTEMPATH\View\View.php(228): include('C:\\2023project\\aparus3\\app\\Views\\report\\penghuni.php')
13 SYSTEMPATH\View\View.php(231): CodeIgniter\View\View->CodeIgniter\View\{closure}()
14 SYSTEMPATH\Common.php(1190): CodeIgniter\View\View->render('report/penghuni', [], true)
15 APPPATH\Controllers\ReportHunian.php(58): view('report/penghuni', [...])
16 SYSTEMPATH\CodeIgniter.php(942): App\Controllers\ReportHunian->penghuni()
17 SYSTEMPATH\CodeIgniter.php(502): CodeIgniter\CodeIgniter->runController(Object(App\Controllers\ReportHunian))
18 SYSTEMPATH\CodeIgniter.php(361): CodeIgniter\CodeIgniter->handleRequest(null, Object(Config\Cache), false)
19 FCPATH\index.php(79): CodeIgniter\CodeIgniter->run()
20 SYSTEMPATH\Commands\Server\rewrite.php(47): require_once('C:\\2023project\\aparus3\\public\\index.php')
INFO - 2025-02-13 05:04:27 --> Session: Class initialized using 'CodeIgniter\Session\Handlers\FileHandler' driver.
INFO - 2025-02-13 05:04:27 --> Session: Class initialized using 'CodeIgniter\Session\Handlers\FileHandler' driver.
INFO - 2025-02-13 05:04:28 --> Session: Class initialized using 'CodeIgniter\Session\Handlers\FileHandler' driver.
INFO - 2025-02-13 05:04:28 --> Session: Class initialized using 'CodeIgniter\Session\Handlers\FileHandler' driver.
INFO - 2025-02-13 05:04:28 --> Session: Class initialized using 'CodeIgniter\Session\Handlers\FileHandler' driver.
INFO - 2025-02-13 05:04:39 --> Session: Class initialized using 'CodeIgniter\Session\Handlers\FileHandler' driver.
WARNING - 2025-02-13 05:04:39 --> [DEPRECATED] Creation of dynamic property App\Controllers\Rusun::$session is deprecated in APPPATH\Controllers\BaseController.php on line 56.
 1 SYSTEMPATH\CodeIgniter.php(915): App\Controllers\BaseController->initController(Object(CodeIgniter\HTTP\IncomingRequest), Object(CodeIgniter\HTTP\Response), Object(CodeIgniter\Log\Logger))
 2 SYSTEMPATH\CodeIgniter.php(493): CodeIgniter\CodeIgniter->createController()
 3 SYSTEMPATH\CodeIgniter.php(361): CodeIgniter\CodeIgniter->handleRequest(null, Object(Config\Cache), false)
 4 FCPATH\index.php(79): CodeIgniter\CodeIgniter->run()
 5 SYSTEMPATH\Commands\Server\rewrite.php(47): require_once('C:\\2023project\\aparus3\\public\\index.php')
WARNING - 2025-02-13 05:04:39 --> [DEPRECATED] Creation of dynamic property App\Controllers\Shortcut::$session is deprecated in APPPATH\Controllers\BaseController.php on line 56.
 1 SYSTEMPATH\View\Cell.php(96): App\Controllers\BaseController->initController(Object(CodeIgniter\HTTP\IncomingRequest), Object(CodeIgniter\HTTP\Response), Object(CodeIgniter\Log\Logger))
 2 SYSTEMPATH\Common.php(1206): CodeIgniter\View\Cell->render('App\\Controllers\\Shortcut::loadShortcut', [], 0, 'AppControllersShortcutloadShortcut40cd750bba9870f18aada2478b24840a')
 3 APPPATH\Views\partials\topbar.php(157): view_cell('App\\Controllers\\Shortcut::loadShortcut')
 4 SYSTEMPATH\View\View.php(228): include('C:\\2023project\\aparus3\\app\\Views\\partials\\topbar.php')
 5 SYSTEMPATH\View\View.php(231): CodeIgniter\View\View->CodeIgniter\View\{closure}()
 6 SYSTEMPATH\View\View.php(469): CodeIgniter\View\View->render('partials/topbar', null, true)
 7 APPPATH\Views\partials\menu.php(1): CodeIgniter\View\View->include('partials/topbar')
 8 SYSTEMPATH\View\View.php(228): include('C:\\2023project\\aparus3\\app\\Views\\partials\\menu.php')
 9 SYSTEMPATH\View\View.php(231): CodeIgniter\View\View->CodeIgniter\View\{closure}()
10 SYSTEMPATH\View\View.php(469): CodeIgniter\View\View->render('partials/menu', null, true)
11 APPPATH\Views\rusun\lantai.php(17): CodeIgniter\View\View->include('partials/menu')
12 SYSTEMPATH\View\View.php(228): include('C:\\2023project\\aparus3\\app\\Views\\rusun\\lantai.php')
13 SYSTEMPATH\View\View.php(231): CodeIgniter\View\View->CodeIgniter\View\{closure}()
14 SYSTEMPATH\Common.php(1190): CodeIgniter\View\View->render('rusun/lantai', [], true)
15 APPPATH\Controllers\Rusun.php(173): view('rusun/lantai', [...])
16 SYSTEMPATH\CodeIgniter.php(942): App\Controllers\Rusun->lantai()
17 SYSTEMPATH\CodeIgniter.php(502): CodeIgniter\CodeIgniter->runController(Object(App\Controllers\Rusun))
18 SYSTEMPATH\CodeIgniter.php(361): CodeIgniter\CodeIgniter->handleRequest(null, Object(Config\Cache), false)
19 FCPATH\index.php(79): CodeIgniter\CodeIgniter->run()
20 SYSTEMPATH\Commands\Server\rewrite.php(47): require_once('C:\\2023project\\aparus3\\public\\index.php')
CRITICAL - 2025-02-13 05:04:39 --> Trying to access array offset on value of type null
in APPPATH\Views\rusun\lantai.php on line 55.
 1 APPPATH\Views\rusun\lantai.php(55): CodeIgniter\Debug\Exceptions->errorHandler(2, 'Trying to access array offset on value of type null', 'C:\\2023project\\aparus3\\app\\Views\\rusun\\lantai.php', 55)
 2 SYSTEMPATH\View\View.php(228): include('C:\\2023project\\aparus3\\app\\Views\\rusun\\lantai.php')
 3 SYSTEMPATH\View\View.php(231): CodeIgniter\View\View->CodeIgniter\View\{closure}()
 4 SYSTEMPATH\Common.php(1190): CodeIgniter\View\View->render('rusun/lantai', [], true)
 5 APPPATH\Controllers\Rusun.php(173): view('rusun/lantai', [...])
 6 SYSTEMPATH\CodeIgniter.php(942): App\Controllers\Rusun->lantai()
 7 SYSTEMPATH\CodeIgniter.php(502): CodeIgniter\CodeIgniter->runController(Object(App\Controllers\Rusun))
 8 SYSTEMPATH\CodeIgniter.php(361): CodeIgniter\CodeIgniter->handleRequest(null, Object(Config\Cache), false)
 9 FCPATH\index.php(79): CodeIgniter\CodeIgniter->run()
10 SYSTEMPATH\Commands\Server\rewrite.php(47): require_once('C:\\2023project\\aparus3\\public\\index.php')
INFO - 2025-02-13 05:04:43 --> Session: Class initialized using 'CodeIgniter\Session\Handlers\FileHandler' driver.
WARNING - 2025-02-13 05:04:43 --> [DEPRECATED] Creation of dynamic property App\Controllers\ReportHunian::$session is deprecated in APPPATH\Controllers\BaseController.php on line 56.
 1 SYSTEMPATH\CodeIgniter.php(915): App\Controllers\BaseController->initController(Object(CodeIgniter\HTTP\IncomingRequest), Object(CodeIgniter\HTTP\Response), Object(CodeIgniter\Log\Logger))
 2 SYSTEMPATH\CodeIgniter.php(493): CodeIgniter\CodeIgniter->createController()
 3 SYSTEMPATH\CodeIgniter.php(361): CodeIgniter\CodeIgniter->handleRequest(null, Object(Config\Cache), false)
 4 FCPATH\index.php(79): CodeIgniter\CodeIgniter->run()
 5 SYSTEMPATH\Commands\Server\rewrite.php(47): require_once('C:\\2023project\\aparus3\\public\\index.php')
WARNING - 2025-02-13 05:04:43 --> [DEPRECATED] Creation of dynamic property App\Controllers\Shortcut::$session is deprecated in APPPATH\Controllers\BaseController.php on line 56.
 1 SYSTEMPATH\View\Cell.php(96): App\Controllers\BaseController->initController(Object(CodeIgniter\HTTP\IncomingRequest), Object(CodeIgniter\HTTP\Response), Object(CodeIgniter\Log\Logger))
 2 SYSTEMPATH\Common.php(1206): CodeIgniter\View\Cell->render('App\\Controllers\\Shortcut::loadShortcut', [], 0, 'AppControllersShortcutloadShortcut40cd750bba9870f18aada2478b24840a')
 3 APPPATH\Views\partials\topbar.php(157): view_cell('App\\Controllers\\Shortcut::loadShortcut')
 4 SYSTEMPATH\View\View.php(228): include('C:\\2023project\\aparus3\\app\\Views\\partials\\topbar.php')
 5 SYSTEMPATH\View\View.php(231): CodeIgniter\View\View->CodeIgniter\View\{closure}()
 6 SYSTEMPATH\View\View.php(469): CodeIgniter\View\View->render('partials/topbar', null, true)
 7 APPPATH\Views\partials\menu.php(1): CodeIgniter\View\View->include('partials/topbar')
 8 SYSTEMPATH\View\View.php(228): include('C:\\2023project\\aparus3\\app\\Views\\partials\\menu.php')
 9 SYSTEMPATH\View\View.php(231): CodeIgniter\View\View->CodeIgniter\View\{closure}()
10 SYSTEMPATH\View\View.php(469): CodeIgniter\View\View->render('partials/menu', null, true)
11 APPPATH\Views\report\penghuni.php(11): CodeIgniter\View\View->include('partials/menu')
12 SYSTEMPATH\View\View.php(228): include('C:\\2023project\\aparus3\\app\\Views\\report\\penghuni.php')
13 SYSTEMPATH\View\View.php(231): CodeIgniter\View\View->CodeIgniter\View\{closure}()
14 SYSTEMPATH\Common.php(1190): CodeIgniter\View\View->render('report/penghuni', [], true)
15 APPPATH\Controllers\ReportHunian.php(58): view('report/penghuni', [...])
16 SYSTEMPATH\CodeIgniter.php(942): App\Controllers\ReportHunian->penghuni()
17 SYSTEMPATH\CodeIgniter.php(502): CodeIgniter\CodeIgniter->runController(Object(App\Controllers\ReportHunian))
18 SYSTEMPATH\CodeIgniter.php(361): CodeIgniter\CodeIgniter->handleRequest(null, Object(Config\Cache), false)
19 FCPATH\index.php(79): CodeIgniter\CodeIgniter->run()
20 SYSTEMPATH\Commands\Server\rewrite.php(47): require_once('C:\\2023project\\aparus3\\public\\index.php')
INFO - 2025-02-13 05:04:43 --> Session: Class initialized using 'CodeIgniter\Session\Handlers\FileHandler' driver.
INFO - 2025-02-13 05:04:43 --> Session: Class initialized using 'CodeIgniter\Session\Handlers\FileHandler' driver.
INFO - 2025-02-13 05:05:00 --> Session: Class initialized using 'CodeIgniter\Session\Handlers\FileHandler' driver.
WARNING - 2025-02-13 05:05:00 --> [DEPRECATED] Creation of dynamic property App\Controllers\ReportHunian::$session is deprecated in APPPATH\Controllers\BaseController.php on line 56.
 1 SYSTEMPATH\CodeIgniter.php(915): App\Controllers\BaseController->initController(Object(CodeIgniter\HTTP\IncomingRequest), Object(CodeIgniter\HTTP\Response), Object(CodeIgniter\Log\Logger))
 2 SYSTEMPATH\CodeIgniter.php(493): CodeIgniter\CodeIgniter->createController()
 3 SYSTEMPATH\CodeIgniter.php(361): CodeIgniter\CodeIgniter->handleRequest(null, Object(Config\Cache), false)
 4 FCPATH\index.php(79): CodeIgniter\CodeIgniter->run()
 5 SYSTEMPATH\Commands\Server\rewrite.php(47): require_once('C:\\2023project\\aparus3\\public\\index.php')
WARNING - 2025-02-13 05:05:00 --> [DEPRECATED] Creation of dynamic property App\Controllers\Shortcut::$session is deprecated in APPPATH\Controllers\BaseController.php on line 56.
 1 SYSTEMPATH\View\Cell.php(96): App\Controllers\BaseController->initController(Object(CodeIgniter\HTTP\IncomingRequest), Object(CodeIgniter\HTTP\Response), Object(CodeIgniter\Log\Logger))
 2 SYSTEMPATH\Common.php(1206): CodeIgniter\View\Cell->render('App\\Controllers\\Shortcut::loadShortcut', [], 0, 'AppControllersShortcutloadShortcut40cd750bba9870f18aada2478b24840a')
 3 APPPATH\Views\partials\topbar.php(157): view_cell('App\\Controllers\\Shortcut::loadShortcut')
 4 SYSTEMPATH\View\View.php(228): include('C:\\2023project\\aparus3\\app\\Views\\partials\\topbar.php')
 5 SYSTEMPATH\View\View.php(231): CodeIgniter\View\View->CodeIgniter\View\{closure}()
 6 SYSTEMPATH\View\View.php(469): CodeIgniter\View\View->render('partials/topbar', null, true)
 7 APPPATH\Views\partials\menu.php(1): CodeIgniter\View\View->include('partials/topbar')
 8 SYSTEMPATH\View\View.php(228): include('C:\\2023project\\aparus3\\app\\Views\\partials\\menu.php')
 9 SYSTEMPATH\View\View.php(231): CodeIgniter\View\View->CodeIgniter\View\{closure}()
10 SYSTEMPATH\View\View.php(469): CodeIgniter\View\View->render('partials/menu', null, true)
11 APPPATH\Views\report\penghuni.php(11): CodeIgniter\View\View->include('partials/menu')
12 SYSTEMPATH\View\View.php(228): include('C:\\2023project\\aparus3\\app\\Views\\report\\penghuni.php')
13 SYSTEMPATH\View\View.php(231): CodeIgniter\View\View->CodeIgniter\View\{closure}()
14 SYSTEMPATH\Common.php(1190): CodeIgniter\View\View->render('report/penghuni', [], true)
15 APPPATH\Controllers\ReportHunian.php(58): view('report/penghuni', [...])
16 SYSTEMPATH\CodeIgniter.php(942): App\Controllers\ReportHunian->penghuni()
17 SYSTEMPATH\CodeIgniter.php(502): CodeIgniter\CodeIgniter->runController(Object(App\Controllers\ReportHunian))
18 SYSTEMPATH\CodeIgniter.php(361): CodeIgniter\CodeIgniter->handleRequest(null, Object(Config\Cache), false)
19 FCPATH\index.php(79): CodeIgniter\CodeIgniter->run()
20 SYSTEMPATH\Commands\Server\rewrite.php(47): require_once('C:\\2023project\\aparus3\\public\\index.php')
INFO - 2025-02-13 05:05:01 --> Session: Class initialized using 'CodeIgniter\Session\Handlers\FileHandler' driver.
INFO - 2025-02-13 05:05:01 --> Session: Class initialized using 'CodeIgniter\Session\Handlers\FileHandler' driver.
INFO - 2025-02-13 05:08:58 --> Session: Class initialized using 'CodeIgniter\Session\Handlers\FileHandler' driver.
WARNING - 2025-02-13 05:08:58 --> [DEPRECATED] Creation of dynamic property App\Controllers\ReportHunian::$session is deprecated in APPPATH\Controllers\BaseController.php on line 56.
 1 SYSTEMPATH\CodeIgniter.php(915): App\Controllers\BaseController->initController(Object(CodeIgniter\HTTP\IncomingRequest), Object(CodeIgniter\HTTP\Response), Object(CodeIgniter\Log\Logger))
 2 SYSTEMPATH\CodeIgniter.php(493): CodeIgniter\CodeIgniter->createController()
 3 SYSTEMPATH\CodeIgniter.php(361): CodeIgniter\CodeIgniter->handleRequest(null, Object(Config\Cache), false)
 4 FCPATH\index.php(79): CodeIgniter\CodeIgniter->run()
 5 SYSTEMPATH\Commands\Server\rewrite.php(47): require_once('C:\\2023project\\aparus3\\public\\index.php')
WARNING - 2025-02-13 05:08:58 --> [DEPRECATED] Creation of dynamic property App\Controllers\Shortcut::$session is deprecated in APPPATH\Controllers\BaseController.php on line 56.
 1 SYSTEMPATH\View\Cell.php(96): App\Controllers\BaseController->initController(Object(CodeIgniter\HTTP\IncomingRequest), Object(CodeIgniter\HTTP\Response), Object(CodeIgniter\Log\Logger))
 2 SYSTEMPATH\Common.php(1206): CodeIgniter\View\Cell->render('App\\Controllers\\Shortcut::loadShortcut', [], 0, 'AppControllersShortcutloadShortcut40cd750bba9870f18aada2478b24840a')
 3 APPPATH\Views\partials\topbar.php(157): view_cell('App\\Controllers\\Shortcut::loadShortcut')
 4 SYSTEMPATH\View\View.php(228): include('C:\\2023project\\aparus3\\app\\Views\\partials\\topbar.php')
 5 SYSTEMPATH\View\View.php(231): CodeIgniter\View\View->CodeIgniter\View\{closure}()
 6 SYSTEMPATH\View\View.php(469): CodeIgniter\View\View->render('partials/topbar', null, true)
 7 APPPATH\Views\partials\menu.php(1): CodeIgniter\View\View->include('partials/topbar')
 8 SYSTEMPATH\View\View.php(228): include('C:\\2023project\\aparus3\\app\\Views\\partials\\menu.php')
 9 SYSTEMPATH\View\View.php(231): CodeIgniter\View\View->CodeIgniter\View\{closure}()
10 SYSTEMPATH\View\View.php(469): CodeIgniter\View\View->render('partials/menu', null, true)
11 APPPATH\Views\report\penghuni.php(11): CodeIgniter\View\View->include('partials/menu')
12 SYSTEMPATH\View\View.php(228): include('C:\\2023project\\aparus3\\app\\Views\\report\\penghuni.php')
13 SYSTEMPATH\View\View.php(231): CodeIgniter\View\View->CodeIgniter\View\{closure}()
14 SYSTEMPATH\Common.php(1190): CodeIgniter\View\View->render('report/penghuni', [], true)
15 APPPATH\Controllers\ReportHunian.php(58): view('report/penghuni', [...])
16 SYSTEMPATH\CodeIgniter.php(942): App\Controllers\ReportHunian->penghuni()
17 SYSTEMPATH\CodeIgniter.php(502): CodeIgniter\CodeIgniter->runController(Object(App\Controllers\ReportHunian))
18 SYSTEMPATH\CodeIgniter.php(361): CodeIgniter\CodeIgniter->handleRequest(null, Object(Config\Cache), false)
19 FCPATH\index.php(79): CodeIgniter\CodeIgniter->run()
20 SYSTEMPATH\Commands\Server\rewrite.php(47): require_once('C:\\2023project\\aparus3\\public\\index.php')
INFO - 2025-02-13 05:08:59 --> Session: Class initialized using 'CodeIgniter\Session\Handlers\FileHandler' driver.
INFO - 2025-02-13 05:08:59 --> Session: Class initialized using 'CodeIgniter\Session\Handlers\FileHandler' driver.
INFO - 2025-02-13 05:10:20 --> Session: Class initialized using 'CodeIgniter\Session\Handlers\FileHandler' driver.
WARNING - 2025-02-13 05:10:20 --> [DEPRECATED] Creation of dynamic property App\Controllers\ReportHunian::$session is deprecated in APPPATH\Controllers\BaseController.php on line 56.
 1 SYSTEMPATH\CodeIgniter.php(915): App\Controllers\BaseController->initController(Object(CodeIgniter\HTTP\IncomingRequest), Object(CodeIgniter\HTTP\Response), Object(CodeIgniter\Log\Logger))
 2 SYSTEMPATH\CodeIgniter.php(493): CodeIgniter\CodeIgniter->createController()
 3 SYSTEMPATH\CodeIgniter.php(361): CodeIgniter\CodeIgniter->handleRequest(null, Object(Config\Cache), false)
 4 FCPATH\index.php(79): CodeIgniter\CodeIgniter->run()
 5 SYSTEMPATH\Commands\Server\rewrite.php(47): require_once('C:\\2023project\\aparus3\\public\\index.php')
WARNING - 2025-02-13 05:10:20 --> [DEPRECATED] Creation of dynamic property App\Controllers\Shortcut::$session is deprecated in APPPATH\Controllers\BaseController.php on line 56.
 1 SYSTEMPATH\View\Cell.php(96): App\Controllers\BaseController->initController(Object(CodeIgniter\HTTP\IncomingRequest), Object(CodeIgniter\HTTP\Response), Object(CodeIgniter\Log\Logger))
 2 SYSTEMPATH\Common.php(1206): CodeIgniter\View\Cell->render('App\\Controllers\\Shortcut::loadShortcut', [], 0, 'AppControllersShortcutloadShortcut40cd750bba9870f18aada2478b24840a')
 3 APPPATH\Views\partials\topbar.php(157): view_cell('App\\Controllers\\Shortcut::loadShortcut')
 4 SYSTEMPATH\View\View.php(228): include('C:\\2023project\\aparus3\\app\\Views\\partials\\topbar.php')
 5 SYSTEMPATH\View\View.php(231): CodeIgniter\View\View->CodeIgniter\View\{closure}()
 6 SYSTEMPATH\View\View.php(469): CodeIgniter\View\View->render('partials/topbar', null, true)
 7 APPPATH\Views\partials\menu.php(1): CodeIgniter\View\View->include('partials/topbar')
 8 SYSTEMPATH\View\View.php(228): include('C:\\2023project\\aparus3\\app\\Views\\partials\\menu.php')
 9 SYSTEMPATH\View\View.php(231): CodeIgniter\View\View->CodeIgniter\View\{closure}()
10 SYSTEMPATH\View\View.php(469): CodeIgniter\View\View->render('partials/menu', null, true)
11 APPPATH\Views\report\penghuni.php(11): CodeIgniter\View\View->include('partials/menu')
12 SYSTEMPATH\View\View.php(228): include('C:\\2023project\\aparus3\\app\\Views\\report\\penghuni.php')
13 SYSTEMPATH\View\View.php(231): CodeIgniter\View\View->CodeIgniter\View\{closure}()
14 SYSTEMPATH\Common.php(1190): CodeIgniter\View\View->render('report/penghuni', [], true)
15 APPPATH\Controllers\ReportHunian.php(58): view('report/penghuni', [...])
16 SYSTEMPATH\CodeIgniter.php(942): App\Controllers\ReportHunian->penghuni()
17 SYSTEMPATH\CodeIgniter.php(502): CodeIgniter\CodeIgniter->runController(Object(App\Controllers\ReportHunian))
18 SYSTEMPATH\CodeIgniter.php(361): CodeIgniter\CodeIgniter->handleRequest(null, Object(Config\Cache), false)
19 FCPATH\index.php(79): CodeIgniter\CodeIgniter->run()
20 SYSTEMPATH\Commands\Server\rewrite.php(47): require_once('C:\\2023project\\aparus3\\public\\index.php')
INFO - 2025-02-13 05:10:20 --> Session: Class initialized using 'CodeIgniter\Session\Handlers\FileHandler' driver.
INFO - 2025-02-13 05:10:20 --> Session: Class initialized using 'CodeIgniter\Session\Handlers\FileHandler' driver.
INFO - 2025-02-13 05:10:25 --> Session: Class initialized using 'CodeIgniter\Session\Handlers\FileHandler' driver.
WARNING - 2025-02-13 05:10:25 --> [DEPRECATED] Creation of dynamic property App\Controllers\Penghuni::$session is deprecated in APPPATH\Controllers\BaseController.php on line 56.
 1 SYSTEMPATH\CodeIgniter.php(915): App\Controllers\BaseController->initController(Object(CodeIgniter\HTTP\IncomingRequest), Object(CodeIgniter\HTTP\Response), Object(CodeIgniter\Log\Logger))
 2 SYSTEMPATH\CodeIgniter.php(493): CodeIgniter\CodeIgniter->createController()
 3 SYSTEMPATH\CodeIgniter.php(361): CodeIgniter\CodeIgniter->handleRequest(null, Object(Config\Cache), false)
 4 FCPATH\index.php(79): CodeIgniter\CodeIgniter->run()
 5 SYSTEMPATH\Commands\Server\rewrite.php(47): require_once('C:\\2023project\\aparus3\\public\\index.php')
WARNING - 2025-02-13 05:10:25 --> [DEPRECATED] Creation of dynamic property App\Controllers\Shortcut::$session is deprecated in APPPATH\Controllers\BaseController.php on line 56.
 1 SYSTEMPATH\View\Cell.php(96): App\Controllers\BaseController->initController(Object(CodeIgniter\HTTP\IncomingRequest), Object(CodeIgniter\HTTP\Response), Object(CodeIgniter\Log\Logger))
 2 SYSTEMPATH\Common.php(1206): CodeIgniter\View\Cell->render('App\\Controllers\\Shortcut::loadShortcut', [], 0, 'AppControllersShortcutloadShortcut40cd750bba9870f18aada2478b24840a')
 3 APPPATH\Views\partials\topbar.php(157): view_cell('App\\Controllers\\Shortcut::loadShortcut')
 4 SYSTEMPATH\View\View.php(228): include('C:\\2023project\\aparus3\\app\\Views\\partials\\topbar.php')
 5 SYSTEMPATH\View\View.php(231): CodeIgniter\View\View->CodeIgniter\View\{closure}()
 6 SYSTEMPATH\View\View.php(469): CodeIgniter\View\View->render('partials/topbar', null, true)
 7 APPPATH\Views\partials\menu.php(1): CodeIgniter\View\View->include('partials/topbar')
 8 SYSTEMPATH\View\View.php(228): include('C:\\2023project\\aparus3\\app\\Views\\partials\\menu.php')
 9 SYSTEMPATH\View\View.php(231): CodeIgniter\View\View->CodeIgniter\View\{closure}()
10 SYSTEMPATH\View\View.php(469): CodeIgniter\View\View->render('partials/menu', null, true)
11 APPPATH\Views\penghuni\list.php(18): CodeIgniter\View\View->include('partials/menu')
12 SYSTEMPATH\View\View.php(228): include('C:\\2023project\\aparus3\\app\\Views\\penghuni\\list.php')
13 SYSTEMPATH\View\View.php(231): CodeIgniter\View\View->CodeIgniter\View\{closure}()
14 SYSTEMPATH\Common.php(1190): CodeIgniter\View\View->render('penghuni/list', [], true)
15 APPPATH\Controllers\Penghuni.php(229): view('penghuni/list', [...])
16 SYSTEMPATH\CodeIgniter.php(942): App\Controllers\Penghuni->list()
17 SYSTEMPATH\CodeIgniter.php(502): CodeIgniter\CodeIgniter->runController(Object(App\Controllers\Penghuni))
18 SYSTEMPATH\CodeIgniter.php(361): CodeIgniter\CodeIgniter->handleRequest(null, Object(Config\Cache), false)
19 FCPATH\index.php(79): CodeIgniter\CodeIgniter->run()
20 SYSTEMPATH\Commands\Server\rewrite.php(47): require_once('C:\\2023project\\aparus3\\public\\index.php')
INFO - 2025-02-13 05:11:31 --> Session: Class initialized using 'CodeIgniter\Session\Handlers\FileHandler' driver.
WARNING - 2025-02-13 05:11:31 --> [DEPRECATED] Creation of dynamic property App\Controllers\Penghuni::$session is deprecated in APPPATH\Controllers\BaseController.php on line 56.
 1 SYSTEMPATH\CodeIgniter.php(915): App\Controllers\BaseController->initController(Object(CodeIgniter\HTTP\IncomingRequest), Object(CodeIgniter\HTTP\Response), Object(CodeIgniter\Log\Logger))
 2 SYSTEMPATH\CodeIgniter.php(493): CodeIgniter\CodeIgniter->createController()
 3 SYSTEMPATH\CodeIgniter.php(361): CodeIgniter\CodeIgniter->handleRequest(null, Object(Config\Cache), false)
 4 FCPATH\index.php(79): CodeIgniter\CodeIgniter->run()
 5 SYSTEMPATH\Commands\Server\rewrite.php(47): require_once('C:\\2023project\\aparus3\\public\\index.php')
WARNING - 2025-02-13 05:11:31 --> [DEPRECATED] Creation of dynamic property App\Controllers\Shortcut::$session is deprecated in APPPATH\Controllers\BaseController.php on line 56.
 1 SYSTEMPATH\View\Cell.php(96): App\Controllers\BaseController->initController(Object(CodeIgniter\HTTP\IncomingRequest), Object(CodeIgniter\HTTP\Response), Object(CodeIgniter\Log\Logger))
 2 SYSTEMPATH\Common.php(1206): CodeIgniter\View\Cell->render('App\\Controllers\\Shortcut::loadShortcut', [], 0, 'AppControllersShortcutloadShortcut40cd750bba9870f18aada2478b24840a')
 3 APPPATH\Views\partials\topbar.php(157): view_cell('App\\Controllers\\Shortcut::loadShortcut')
 4 SYSTEMPATH\View\View.php(228): include('C:\\2023project\\aparus3\\app\\Views\\partials\\topbar.php')
 5 SYSTEMPATH\View\View.php(231): CodeIgniter\View\View->CodeIgniter\View\{closure}()
 6 SYSTEMPATH\View\View.php(469): CodeIgniter\View\View->render('partials/topbar', null, true)
 7 APPPATH\Views\partials\menu.php(1): CodeIgniter\View\View->include('partials/topbar')
 8 SYSTEMPATH\View\View.php(228): include('C:\\2023project\\aparus3\\app\\Views\\partials\\menu.php')
 9 SYSTEMPATH\View\View.php(231): CodeIgniter\View\View->CodeIgniter\View\{closure}()
10 SYSTEMPATH\View\View.php(469): CodeIgniter\View\View->render('partials/menu', null, true)
11 APPPATH\Views\penghuni\list.php(18): CodeIgniter\View\View->include('partials/menu')
12 SYSTEMPATH\View\View.php(228): include('C:\\2023project\\aparus3\\app\\Views\\penghuni\\list.php')
13 SYSTEMPATH\View\View.php(231): CodeIgniter\View\View->CodeIgniter\View\{closure}()
14 SYSTEMPATH\Common.php(1190): CodeIgniter\View\View->render('penghuni/list', [], true)
15 APPPATH\Controllers\Penghuni.php(229): view('penghuni/list', [...])
16 SYSTEMPATH\CodeIgniter.php(942): App\Controllers\Penghuni->list()
17 SYSTEMPATH\CodeIgniter.php(502): CodeIgniter\CodeIgniter->runController(Object(App\Controllers\Penghuni))
18 SYSTEMPATH\CodeIgniter.php(361): CodeIgniter\CodeIgniter->handleRequest(null, Object(Config\Cache), false)
19 FCPATH\index.php(79): CodeIgniter\CodeIgniter->run()
20 SYSTEMPATH\Commands\Server\rewrite.php(47): require_once('C:\\2023project\\aparus3\\public\\index.php')
INFO - 2025-02-13 05:11:37 --> Session: Class initialized using 'CodeIgniter\Session\Handlers\FileHandler' driver.
WARNING - 2025-02-13 05:11:37 --> [DEPRECATED] Creation of dynamic property App\Controllers\Rusun::$session is deprecated in APPPATH\Controllers\BaseController.php on line 56.
 1 SYSTEMPATH\CodeIgniter.php(915): App\Controllers\BaseController->initController(Object(CodeIgniter\HTTP\IncomingRequest), Object(CodeIgniter\HTTP\Response), Object(CodeIgniter\Log\Logger))
 2 SYSTEMPATH\CodeIgniter.php(493): CodeIgniter\CodeIgniter->createController()
 3 SYSTEMPATH\CodeIgniter.php(361): CodeIgniter\CodeIgniter->handleRequest(null, Object(Config\Cache), false)
 4 FCPATH\index.php(79): CodeIgniter\CodeIgniter->run()
 5 SYSTEMPATH\Commands\Server\rewrite.php(47): require_once('C:\\2023project\\aparus3\\public\\index.php')
WARNING - 2025-02-13 05:11:37 --> [DEPRECATED] Creation of dynamic property App\Controllers\Shortcut::$session is deprecated in APPPATH\Controllers\BaseController.php on line 56.
 1 SYSTEMPATH\View\Cell.php(96): App\Controllers\BaseController->initController(Object(CodeIgniter\HTTP\IncomingRequest), Object(CodeIgniter\HTTP\Response), Object(CodeIgniter\Log\Logger))
 2 SYSTEMPATH\Common.php(1206): CodeIgniter\View\Cell->render('App\\Controllers\\Shortcut::loadShortcut', [], 0, 'AppControllersShortcutloadShortcut40cd750bba9870f18aada2478b24840a')
 3 APPPATH\Views\partials\topbar.php(157): view_cell('App\\Controllers\\Shortcut::loadShortcut')
 4 SYSTEMPATH\View\View.php(228): include('C:\\2023project\\aparus3\\app\\Views\\partials\\topbar.php')
 5 SYSTEMPATH\View\View.php(231): CodeIgniter\View\View->CodeIgniter\View\{closure}()
 6 SYSTEMPATH\View\View.php(469): CodeIgniter\View\View->render('partials/topbar', null, true)
 7 APPPATH\Views\partials\menu.php(1): CodeIgniter\View\View->include('partials/topbar')
 8 SYSTEMPATH\View\View.php(228): include('C:\\2023project\\aparus3\\app\\Views\\partials\\menu.php')
 9 SYSTEMPATH\View\View.php(231): CodeIgniter\View\View->CodeIgniter\View\{closure}()
10 SYSTEMPATH\View\View.php(469): CodeIgniter\View\View->render('partials/menu', null, true)
11 APPPATH\Views\rusun\lantai.php(17): CodeIgniter\View\View->include('partials/menu')
12 SYSTEMPATH\View\View.php(228): include('C:\\2023project\\aparus3\\app\\Views\\rusun\\lantai.php')
13 SYSTEMPATH\View\View.php(231): CodeIgniter\View\View->CodeIgniter\View\{closure}()
14 SYSTEMPATH\Common.php(1190): CodeIgniter\View\View->render('rusun/lantai', [], true)
15 APPPATH\Controllers\Rusun.php(173): view('rusun/lantai', [...])
16 SYSTEMPATH\CodeIgniter.php(942): App\Controllers\Rusun->lantai()
17 SYSTEMPATH\CodeIgniter.php(502): CodeIgniter\CodeIgniter->runController(Object(App\Controllers\Rusun))
18 SYSTEMPATH\CodeIgniter.php(361): CodeIgniter\CodeIgniter->handleRequest(null, Object(Config\Cache), false)
19 FCPATH\index.php(79): CodeIgniter\CodeIgniter->run()
20 SYSTEMPATH\Commands\Server\rewrite.php(47): require_once('C:\\2023project\\aparus3\\public\\index.php')
CRITICAL - 2025-02-13 05:11:37 --> Trying to access array offset on value of type null
in APPPATH\Views\rusun\lantai.php on line 55.
 1 APPPATH\Views\rusun\lantai.php(55): CodeIgniter\Debug\Exceptions->errorHandler(2, 'Trying to access array offset on value of type null', 'C:\\2023project\\aparus3\\app\\Views\\rusun\\lantai.php', 55)
 2 SYSTEMPATH\View\View.php(228): include('C:\\2023project\\aparus3\\app\\Views\\rusun\\lantai.php')
 3 SYSTEMPATH\View\View.php(231): CodeIgniter\View\View->CodeIgniter\View\{closure}()
 4 SYSTEMPATH\Common.php(1190): CodeIgniter\View\View->render('rusun/lantai', [], true)
 5 APPPATH\Controllers\Rusun.php(173): view('rusun/lantai', [...])
 6 SYSTEMPATH\CodeIgniter.php(942): App\Controllers\Rusun->lantai()
 7 SYSTEMPATH\CodeIgniter.php(502): CodeIgniter\CodeIgniter->runController(Object(App\Controllers\Rusun))
 8 SYSTEMPATH\CodeIgniter.php(361): CodeIgniter\CodeIgniter->handleRequest(null, Object(Config\Cache), false)
 9 FCPATH\index.php(79): CodeIgniter\CodeIgniter->run()
10 SYSTEMPATH\Commands\Server\rewrite.php(47): require_once('C:\\2023project\\aparus3\\public\\index.php')
INFO - 2025-02-13 05:11:39 --> Session: Class initialized using 'CodeIgniter\Session\Handlers\FileHandler' driver.
WARNING - 2025-02-13 05:11:39 --> [DEPRECATED] Creation of dynamic property App\Controllers\Penghuni::$session is deprecated in APPPATH\Controllers\BaseController.php on line 56.
 1 SYSTEMPATH\CodeIgniter.php(915): App\Controllers\BaseController->initController(Object(CodeIgniter\HTTP\IncomingRequest), Object(CodeIgniter\HTTP\Response), Object(CodeIgniter\Log\Logger))
 2 SYSTEMPATH\CodeIgniter.php(493): CodeIgniter\CodeIgniter->createController()
 3 SYSTEMPATH\CodeIgniter.php(361): CodeIgniter\CodeIgniter->handleRequest(null, Object(Config\Cache), false)
 4 FCPATH\index.php(79): CodeIgniter\CodeIgniter->run()
 5 SYSTEMPATH\Commands\Server\rewrite.php(47): require_once('C:\\2023project\\aparus3\\public\\index.php')
WARNING - 2025-02-13 05:11:40 --> [DEPRECATED] Creation of dynamic property App\Controllers\Shortcut::$session is deprecated in APPPATH\Controllers\BaseController.php on line 56.
 1 SYSTEMPATH\View\Cell.php(96): App\Controllers\BaseController->initController(Object(CodeIgniter\HTTP\IncomingRequest), Object(CodeIgniter\HTTP\Response), Object(CodeIgniter\Log\Logger))
 2 SYSTEMPATH\Common.php(1206): CodeIgniter\View\Cell->render('App\\Controllers\\Shortcut::loadShortcut', [], 0, 'AppControllersShortcutloadShortcut40cd750bba9870f18aada2478b24840a')
 3 APPPATH\Views\partials\topbar.php(157): view_cell('App\\Controllers\\Shortcut::loadShortcut')
 4 SYSTEMPATH\View\View.php(228): include('C:\\2023project\\aparus3\\app\\Views\\partials\\topbar.php')
 5 SYSTEMPATH\View\View.php(231): CodeIgniter\View\View->CodeIgniter\View\{closure}()
 6 SYSTEMPATH\View\View.php(469): CodeIgniter\View\View->render('partials/topbar', null, true)
 7 APPPATH\Views\partials\menu.php(1): CodeIgniter\View\View->include('partials/topbar')
 8 SYSTEMPATH\View\View.php(228): include('C:\\2023project\\aparus3\\app\\Views\\partials\\menu.php')
 9 SYSTEMPATH\View\View.php(231): CodeIgniter\View\View->CodeIgniter\View\{closure}()
10 SYSTEMPATH\View\View.php(469): CodeIgniter\View\View->render('partials/menu', null, true)
11 APPPATH\Views\penghuni\list.php(18): CodeIgniter\View\View->include('partials/menu')
12 SYSTEMPATH\View\View.php(228): include('C:\\2023project\\aparus3\\app\\Views\\penghuni\\list.php')
13 SYSTEMPATH\View\View.php(231): CodeIgniter\View\View->CodeIgniter\View\{closure}()
14 SYSTEMPATH\Common.php(1190): CodeIgniter\View\View->render('penghuni/list', [], true)
15 APPPATH\Controllers\Penghuni.php(229): view('penghuni/list', [...])
16 SYSTEMPATH\CodeIgniter.php(942): App\Controllers\Penghuni->list()
17 SYSTEMPATH\CodeIgniter.php(502): CodeIgniter\CodeIgniter->runController(Object(App\Controllers\Penghuni))
18 SYSTEMPATH\CodeIgniter.php(361): CodeIgniter\CodeIgniter->handleRequest(null, Object(Config\Cache), false)
19 FCPATH\index.php(79): CodeIgniter\CodeIgniter->run()
20 SYSTEMPATH\Commands\Server\rewrite.php(47): require_once('C:\\2023project\\aparus3\\public\\index.php')
INFO - 2025-02-13 05:11:47 --> Session: Class initialized using 'CodeIgniter\Session\Handlers\FileHandler' driver.
WARNING - 2025-02-13 05:11:47 --> [DEPRECATED] Creation of dynamic property App\Controllers\ReportHunian::$session is deprecated in APPPATH\Controllers\BaseController.php on line 56.
 1 SYSTEMPATH\CodeIgniter.php(915): App\Controllers\BaseController->initController(Object(CodeIgniter\HTTP\IncomingRequest), Object(CodeIgniter\HTTP\Response), Object(CodeIgniter\Log\Logger))
 2 SYSTEMPATH\CodeIgniter.php(493): CodeIgniter\CodeIgniter->createController()
 3 SYSTEMPATH\CodeIgniter.php(361): CodeIgniter\CodeIgniter->handleRequest(null, Object(Config\Cache), false)
 4 FCPATH\index.php(79): CodeIgniter\CodeIgniter->run()
 5 SYSTEMPATH\Commands\Server\rewrite.php(47): require_once('C:\\2023project\\aparus3\\public\\index.php')
WARNING - 2025-02-13 05:11:47 --> [DEPRECATED] Creation of dynamic property App\Controllers\Shortcut::$session is deprecated in APPPATH\Controllers\BaseController.php on line 56.
 1 SYSTEMPATH\View\Cell.php(96): App\Controllers\BaseController->initController(Object(CodeIgniter\HTTP\IncomingRequest), Object(CodeIgniter\HTTP\Response), Object(CodeIgniter\Log\Logger))
 2 SYSTEMPATH\Common.php(1206): CodeIgniter\View\Cell->render('App\\Controllers\\Shortcut::loadShortcut', [], 0, 'AppControllersShortcutloadShortcut40cd750bba9870f18aada2478b24840a')
 3 APPPATH\Views\partials\topbar.php(157): view_cell('App\\Controllers\\Shortcut::loadShortcut')
 4 SYSTEMPATH\View\View.php(228): include('C:\\2023project\\aparus3\\app\\Views\\partials\\topbar.php')
 5 SYSTEMPATH\View\View.php(231): CodeIgniter\View\View->CodeIgniter\View\{closure}()
 6 SYSTEMPATH\View\View.php(469): CodeIgniter\View\View->render('partials/topbar', null, true)
 7 APPPATH\Views\partials\menu.php(1): CodeIgniter\View\View->include('partials/topbar')
 8 SYSTEMPATH\View\View.php(228): include('C:\\2023project\\aparus3\\app\\Views\\partials\\menu.php')
 9 SYSTEMPATH\View\View.php(231): CodeIgniter\View\View->CodeIgniter\View\{closure}()
10 SYSTEMPATH\View\View.php(469): CodeIgniter\View\View->render('partials/menu', null, true)
11 APPPATH\Views\report\penghuni.php(11): CodeIgniter\View\View->include('partials/menu')
12 SYSTEMPATH\View\View.php(228): include('C:\\2023project\\aparus3\\app\\Views\\report\\penghuni.php')
13 SYSTEMPATH\View\View.php(231): CodeIgniter\View\View->CodeIgniter\View\{closure}()
14 SYSTEMPATH\Common.php(1190): CodeIgniter\View\View->render('report/penghuni', [], true)
15 APPPATH\Controllers\ReportHunian.php(58): view('report/penghuni', [...])
16 SYSTEMPATH\CodeIgniter.php(942): App\Controllers\ReportHunian->penghuni()
17 SYSTEMPATH\CodeIgniter.php(502): CodeIgniter\CodeIgniter->runController(Object(App\Controllers\ReportHunian))
18 SYSTEMPATH\CodeIgniter.php(361): CodeIgniter\CodeIgniter->handleRequest(null, Object(Config\Cache), false)
19 FCPATH\index.php(79): CodeIgniter\CodeIgniter->run()
20 SYSTEMPATH\Commands\Server\rewrite.php(47): require_once('C:\\2023project\\aparus3\\public\\index.php')
INFO - 2025-02-13 05:11:48 --> Session: Class initialized using 'CodeIgniter\Session\Handlers\FileHandler' driver.
INFO - 2025-02-13 05:11:48 --> Session: Class initialized using 'CodeIgniter\Session\Handlers\FileHandler' driver.
INFO - 2025-02-13 05:13:20 --> Session: Class initialized using 'CodeIgniter\Session\Handlers\FileHandler' driver.
WARNING - 2025-02-13 05:13:20 --> [DEPRECATED] Creation of dynamic property App\Controllers\ReportHunian::$session is deprecated in APPPATH\Controllers\BaseController.php on line 56.
 1 SYSTEMPATH\CodeIgniter.php(915): App\Controllers\BaseController->initController(Object(CodeIgniter\HTTP\IncomingRequest), Object(CodeIgniter\HTTP\Response), Object(CodeIgniter\Log\Logger))
 2 SYSTEMPATH\CodeIgniter.php(493): CodeIgniter\CodeIgniter->createController()
 3 SYSTEMPATH\CodeIgniter.php(361): CodeIgniter\CodeIgniter->handleRequest(null, Object(Config\Cache), false)
 4 FCPATH\index.php(79): CodeIgniter\CodeIgniter->run()
 5 SYSTEMPATH\Commands\Server\rewrite.php(47): require_once('C:\\2023project\\aparus3\\public\\index.php')
WARNING - 2025-02-13 05:13:20 --> [DEPRECATED] Creation of dynamic property App\Controllers\Shortcut::$session is deprecated in APPPATH\Controllers\BaseController.php on line 56.
 1 SYSTEMPATH\View\Cell.php(96): App\Controllers\BaseController->initController(Object(CodeIgniter\HTTP\IncomingRequest), Object(CodeIgniter\HTTP\Response), Object(CodeIgniter\Log\Logger))
 2 SYSTEMPATH\Common.php(1206): CodeIgniter\View\Cell->render('App\\Controllers\\Shortcut::loadShortcut', [], 0, 'AppControllersShortcutloadShortcut40cd750bba9870f18aada2478b24840a')
 3 APPPATH\Views\partials\topbar.php(157): view_cell('App\\Controllers\\Shortcut::loadShortcut')
 4 SYSTEMPATH\View\View.php(228): include('C:\\2023project\\aparus3\\app\\Views\\partials\\topbar.php')
 5 SYSTEMPATH\View\View.php(231): CodeIgniter\View\View->CodeIgniter\View\{closure}()
 6 SYSTEMPATH\View\View.php(469): CodeIgniter\View\View->render('partials/topbar', null, true)
 7 APPPATH\Views\partials\menu.php(1): CodeIgniter\View\View->include('partials/topbar')
 8 SYSTEMPATH\View\View.php(228): include('C:\\2023project\\aparus3\\app\\Views\\partials\\menu.php')
 9 SYSTEMPATH\View\View.php(231): CodeIgniter\View\View->CodeIgniter\View\{closure}()
10 SYSTEMPATH\View\View.php(469): CodeIgniter\View\View->render('partials/menu', null, true)
11 APPPATH\Views\report\penghuni.php(11): CodeIgniter\View\View->include('partials/menu')
12 SYSTEMPATH\View\View.php(228): include('C:\\2023project\\aparus3\\app\\Views\\report\\penghuni.php')
13 SYSTEMPATH\View\View.php(231): CodeIgniter\View\View->CodeIgniter\View\{closure}()
14 SYSTEMPATH\Common.php(1190): CodeIgniter\View\View->render('report/penghuni', [], true)
15 APPPATH\Controllers\ReportHunian.php(58): view('report/penghuni', [...])
16 SYSTEMPATH\CodeIgniter.php(942): App\Controllers\ReportHunian->penghuni()
17 SYSTEMPATH\CodeIgniter.php(502): CodeIgniter\CodeIgniter->runController(Object(App\Controllers\ReportHunian))
18 SYSTEMPATH\CodeIgniter.php(361): CodeIgniter\CodeIgniter->handleRequest(null, Object(Config\Cache), false)
19 FCPATH\index.php(79): CodeIgniter\CodeIgniter->run()
20 SYSTEMPATH\Commands\Server\rewrite.php(47): require_once('C:\\2023project\\aparus3\\public\\index.php')
INFO - 2025-02-13 05:13:21 --> Session: Class initialized using 'CodeIgniter\Session\Handlers\FileHandler' driver.
INFO - 2025-02-13 05:13:21 --> Session: Class initialized using 'CodeIgniter\Session\Handlers\FileHandler' driver.
INFO - 2025-02-13 05:13:24 --> Session: Class initialized using 'CodeIgniter\Session\Handlers\FileHandler' driver.
WARNING - 2025-02-13 05:13:24 --> [DEPRECATED] Creation of dynamic property App\Controllers\ReportHunian::$session is deprecated in APPPATH\Controllers\BaseController.php on line 56.
 1 SYSTEMPATH\CodeIgniter.php(915): App\Controllers\BaseController->initController(Object(CodeIgniter\HTTP\IncomingRequest), Object(CodeIgniter\HTTP\Response), Object(CodeIgniter\Log\Logger))
 2 SYSTEMPATH\CodeIgniter.php(493): CodeIgniter\CodeIgniter->createController()
 3 SYSTEMPATH\CodeIgniter.php(361): CodeIgniter\CodeIgniter->handleRequest(null, Object(Config\Cache), false)
 4 FCPATH\index.php(79): CodeIgniter\CodeIgniter->run()
 5 SYSTEMPATH\Commands\Server\rewrite.php(47): require_once('C:\\2023project\\aparus3\\public\\index.php')
INFO - 2025-02-13 05:13:31 --> Session: Class initialized using 'CodeIgniter\Session\Handlers\FileHandler' driver.
WARNING - 2025-02-13 05:13:31 --> [DEPRECATED] Creation of dynamic property App\Controllers\ReportHunian::$session is deprecated in APPPATH\Controllers\BaseController.php on line 56.
 1 SYSTEMPATH\CodeIgniter.php(915): App\Controllers\BaseController->initController(Object(CodeIgniter\HTTP\IncomingRequest), Object(CodeIgniter\HTTP\Response), Object(CodeIgniter\Log\Logger))
 2 SYSTEMPATH\CodeIgniter.php(493): CodeIgniter\CodeIgniter->createController()
 3 SYSTEMPATH\CodeIgniter.php(361): CodeIgniter\CodeIgniter->handleRequest(null, Object(Config\Cache), false)
 4 FCPATH\index.php(79): CodeIgniter\CodeIgniter->run()
 5 SYSTEMPATH\Commands\Server\rewrite.php(47): require_once('C:\\2023project\\aparus3\\public\\index.php')
WARNING - 2025-02-13 05:13:31 --> [DEPRECATED] Creation of dynamic property App\Controllers\Shortcut::$session is deprecated in APPPATH\Controllers\BaseController.php on line 56.
 1 SYSTEMPATH\View\Cell.php(96): App\Controllers\BaseController->initController(Object(CodeIgniter\HTTP\IncomingRequest), Object(CodeIgniter\HTTP\Response), Object(CodeIgniter\Log\Logger))
 2 SYSTEMPATH\Common.php(1206): CodeIgniter\View\Cell->render('App\\Controllers\\Shortcut::loadShortcut', [], 0, 'AppControllersShortcutloadShortcut40cd750bba9870f18aada2478b24840a')
 3 APPPATH\Views\partials\topbar.php(157): view_cell('App\\Controllers\\Shortcut::loadShortcut')
 4 SYSTEMPATH\View\View.php(228): include('C:\\2023project\\aparus3\\app\\Views\\partials\\topbar.php')
 5 SYSTEMPATH\View\View.php(231): CodeIgniter\View\View->CodeIgniter\View\{closure}()
 6 SYSTEMPATH\View\View.php(469): CodeIgniter\View\View->render('partials/topbar', null, true)
 7 APPPATH\Views\partials\menu.php(1): CodeIgniter\View\View->include('partials/topbar')
 8 SYSTEMPATH\View\View.php(228): include('C:\\2023project\\aparus3\\app\\Views\\partials\\menu.php')
 9 SYSTEMPATH\View\View.php(231): CodeIgniter\View\View->CodeIgniter\View\{closure}()
10 SYSTEMPATH\View\View.php(469): CodeIgniter\View\View->render('partials/menu', null, true)
11 APPPATH\Views\report\penghuni.php(11): CodeIgniter\View\View->include('partials/menu')
12 SYSTEMPATH\View\View.php(228): include('C:\\2023project\\aparus3\\app\\Views\\report\\penghuni.php')
13 SYSTEMPATH\View\View.php(231): CodeIgniter\View\View->CodeIgniter\View\{closure}()
14 SYSTEMPATH\Common.php(1190): CodeIgniter\View\View->render('report/penghuni', [], true)
15 APPPATH\Controllers\ReportHunian.php(58): view('report/penghuni', [...])
16 SYSTEMPATH\CodeIgniter.php(942): App\Controllers\ReportHunian->penghuni()
17 SYSTEMPATH\CodeIgniter.php(502): CodeIgniter\CodeIgniter->runController(Object(App\Controllers\ReportHunian))
18 SYSTEMPATH\CodeIgniter.php(361): CodeIgniter\CodeIgniter->handleRequest(null, Object(Config\Cache), false)
19 FCPATH\index.php(79): CodeIgniter\CodeIgniter->run()
20 SYSTEMPATH\Commands\Server\rewrite.php(47): require_once('C:\\2023project\\aparus3\\public\\index.php')
INFO - 2025-02-13 05:13:32 --> Session: Class initialized using 'CodeIgniter\Session\Handlers\FileHandler' driver.
INFO - 2025-02-13 05:13:32 --> Session: Class initialized using 'CodeIgniter\Session\Handlers\FileHandler' driver.
INFO - 2025-02-13 05:13:48 --> Session: Class initialized using 'CodeIgniter\Session\Handlers\FileHandler' driver.
WARNING - 2025-02-13 05:13:48 --> [DEPRECATED] Creation of dynamic property App\Controllers\ReportHunian::$session is deprecated in APPPATH\Controllers\BaseController.php on line 56.
 1 SYSTEMPATH\CodeIgniter.php(915): App\Controllers\BaseController->initController(Object(CodeIgniter\HTTP\IncomingRequest), Object(CodeIgniter\HTTP\Response), Object(CodeIgniter\Log\Logger))
 2 SYSTEMPATH\CodeIgniter.php(493): CodeIgniter\CodeIgniter->createController()
 3 SYSTEMPATH\CodeIgniter.php(361): CodeIgniter\CodeIgniter->handleRequest(null, Object(Config\Cache), false)
 4 FCPATH\index.php(79): CodeIgniter\CodeIgniter->run()
 5 SYSTEMPATH\Commands\Server\rewrite.php(47): require_once('C:\\2023project\\aparus3\\public\\index.php')
INFO - 2025-02-13 05:16:14 --> Session: Class initialized using 'CodeIgniter\Session\Handlers\FileHandler' driver.
WARNING - 2025-02-13 05:16:14 --> [DEPRECATED] Creation of dynamic property App\Controllers\ReportHunian::$session is deprecated in APPPATH\Controllers\BaseController.php on line 56.
 1 SYSTEMPATH\CodeIgniter.php(915): App\Controllers\BaseController->initController(Object(CodeIgniter\HTTP\IncomingRequest), Object(CodeIgniter\HTTP\Response), Object(CodeIgniter\Log\Logger))
 2 SYSTEMPATH\CodeIgniter.php(493): CodeIgniter\CodeIgniter->createController()
 3 SYSTEMPATH\CodeIgniter.php(361): CodeIgniter\CodeIgniter->handleRequest(null, Object(Config\Cache), false)
 4 FCPATH\index.php(79): CodeIgniter\CodeIgniter->run()
 5 SYSTEMPATH\Commands\Server\rewrite.php(47): require_once('C:\\2023project\\aparus3\\public\\index.php')
WARNING - 2025-02-13 05:16:14 --> [DEPRECATED] Creation of dynamic property App\Controllers\Shortcut::$session is deprecated in APPPATH\Controllers\BaseController.php on line 56.
 1 SYSTEMPATH\View\Cell.php(96): App\Controllers\BaseController->initController(Object(CodeIgniter\HTTP\IncomingRequest), Object(CodeIgniter\HTTP\Response), Object(CodeIgniter\Log\Logger))
 2 SYSTEMPATH\Common.php(1206): CodeIgniter\View\Cell->render('App\\Controllers\\Shortcut::loadShortcut', [], 0, 'AppControllersShortcutloadShortcut40cd750bba9870f18aada2478b24840a')
 3 APPPATH\Views\partials\topbar.php(157): view_cell('App\\Controllers\\Shortcut::loadShortcut')
 4 SYSTEMPATH\View\View.php(228): include('C:\\2023project\\aparus3\\app\\Views\\partials\\topbar.php')
 5 SYSTEMPATH\View\View.php(231): CodeIgniter\View\View->CodeIgniter\View\{closure}()
 6 SYSTEMPATH\View\View.php(469): CodeIgniter\View\View->render('partials/topbar', null, true)
 7 APPPATH\Views\partials\menu.php(1): CodeIgniter\View\View->include('partials/topbar')
 8 SYSTEMPATH\View\View.php(228): include('C:\\2023project\\aparus3\\app\\Views\\partials\\menu.php')
 9 SYSTEMPATH\View\View.php(231): CodeIgniter\View\View->CodeIgniter\View\{closure}()
10 SYSTEMPATH\View\View.php(469): CodeIgniter\View\View->render('partials/menu', null, true)
11 APPPATH\Views\report\penghuni.php(11): CodeIgniter\View\View->include('partials/menu')
12 SYSTEMPATH\View\View.php(228): include('C:\\2023project\\aparus3\\app\\Views\\report\\penghuni.php')
13 SYSTEMPATH\View\View.php(231): CodeIgniter\View\View->CodeIgniter\View\{closure}()
14 SYSTEMPATH\Common.php(1190): CodeIgniter\View\View->render('report/penghuni', [], true)
15 APPPATH\Controllers\ReportHunian.php(58): view('report/penghuni', [...])
16 SYSTEMPATH\CodeIgniter.php(942): App\Controllers\ReportHunian->penghuni()
17 SYSTEMPATH\CodeIgniter.php(502): CodeIgniter\CodeIgniter->runController(Object(App\Controllers\ReportHunian))
18 SYSTEMPATH\CodeIgniter.php(361): CodeIgniter\CodeIgniter->handleRequest(null, Object(Config\Cache), false)
19 FCPATH\index.php(79): CodeIgniter\CodeIgniter->run()
20 SYSTEMPATH\Commands\Server\rewrite.php(47): require_once('C:\\2023project\\aparus3\\public\\index.php')
INFO - 2025-02-13 05:16:15 --> Session: Class initialized using 'CodeIgniter\Session\Handlers\FileHandler' driver.
INFO - 2025-02-13 05:16:15 --> Session: Class initialized using 'CodeIgniter\Session\Handlers\FileHandler' driver.
INFO - 2025-02-13 05:16:17 --> Session: Class initialized using 'CodeIgniter\Session\Handlers\FileHandler' driver.
WARNING - 2025-02-13 05:16:17 --> [DEPRECATED] Creation of dynamic property App\Controllers\ReportHunian::$session is deprecated in APPPATH\Controllers\BaseController.php on line 56.
 1 SYSTEMPATH\CodeIgniter.php(915): App\Controllers\BaseController->initController(Object(CodeIgniter\HTTP\IncomingRequest), Object(CodeIgniter\HTTP\Response), Object(CodeIgniter\Log\Logger))
 2 SYSTEMPATH\CodeIgniter.php(493): CodeIgniter\CodeIgniter->createController()
 3 SYSTEMPATH\CodeIgniter.php(361): CodeIgniter\CodeIgniter->handleRequest(null, Object(Config\Cache), false)
 4 FCPATH\index.php(79): CodeIgniter\CodeIgniter->run()
 5 SYSTEMPATH\Commands\Server\rewrite.php(47): require_once('C:\\2023project\\aparus3\\public\\index.php')
WARNING - 2025-02-13 05:16:17 --> [DEPRECATED] Creation of dynamic property App\Controllers\Shortcut::$session is deprecated in APPPATH\Controllers\BaseController.php on line 56.
 1 SYSTEMPATH\View\Cell.php(96): App\Controllers\BaseController->initController(Object(CodeIgniter\HTTP\IncomingRequest), Object(CodeIgniter\HTTP\Response), Object(CodeIgniter\Log\Logger))
 2 SYSTEMPATH\Common.php(1206): CodeIgniter\View\Cell->render('App\\Controllers\\Shortcut::loadShortcut', [], 0, 'AppControllersShortcutloadShortcut40cd750bba9870f18aada2478b24840a')
 3 APPPATH\Views\partials\topbar.php(157): view_cell('App\\Controllers\\Shortcut::loadShortcut')
 4 SYSTEMPATH\View\View.php(228): include('C:\\2023project\\aparus3\\app\\Views\\partials\\topbar.php')
 5 SYSTEMPATH\View\View.php(231): CodeIgniter\View\View->CodeIgniter\View\{closure}()
 6 SYSTEMPATH\View\View.php(469): CodeIgniter\View\View->render('partials/topbar', null, true)
 7 APPPATH\Views\partials\menu.php(1): CodeIgniter\View\View->include('partials/topbar')
 8 SYSTEMPATH\View\View.php(228): include('C:\\2023project\\aparus3\\app\\Views\\partials\\menu.php')
 9 SYSTEMPATH\View\View.php(231): CodeIgniter\View\View->CodeIgniter\View\{closure}()
10 SYSTEMPATH\View\View.php(469): CodeIgniter\View\View->render('partials/menu', null, true)
11 APPPATH\Views\report\penghuni.php(11): CodeIgniter\View\View->include('partials/menu')
12 SYSTEMPATH\View\View.php(228): include('C:\\2023project\\aparus3\\app\\Views\\report\\penghuni.php')
13 SYSTEMPATH\View\View.php(231): CodeIgniter\View\View->CodeIgniter\View\{closure}()
14 SYSTEMPATH\Common.php(1190): CodeIgniter\View\View->render('report/penghuni', [], true)
15 APPPATH\Controllers\ReportHunian.php(58): view('report/penghuni', [...])
16 SYSTEMPATH\CodeIgniter.php(942): App\Controllers\ReportHunian->penghuni()
17 SYSTEMPATH\CodeIgniter.php(502): CodeIgniter\CodeIgniter->runController(Object(App\Controllers\ReportHunian))
18 SYSTEMPATH\CodeIgniter.php(361): CodeIgniter\CodeIgniter->handleRequest(null, Object(Config\Cache), false)
19 FCPATH\index.php(79): CodeIgniter\CodeIgniter->run()
20 SYSTEMPATH\Commands\Server\rewrite.php(47): require_once('C:\\2023project\\aparus3\\public\\index.php')
INFO - 2025-02-13 05:16:18 --> Session: Class initialized using 'CodeIgniter\Session\Handlers\FileHandler' driver.
INFO - 2025-02-13 05:16:18 --> Session: Class initialized using 'CodeIgniter\Session\Handlers\FileHandler' driver.
INFO - 2025-02-13 05:16:37 --> Session: Class initialized using 'CodeIgniter\Session\Handlers\FileHandler' driver.
WARNING - 2025-02-13 05:16:37 --> [DEPRECATED] Creation of dynamic property App\Controllers\ReportHunian::$session is deprecated in APPPATH\Controllers\BaseController.php on line 56.
 1 SYSTEMPATH\CodeIgniter.php(915): App\Controllers\BaseController->initController(Object(CodeIgniter\HTTP\IncomingRequest), Object(CodeIgniter\HTTP\Response), Object(CodeIgniter\Log\Logger))
 2 SYSTEMPATH\CodeIgniter.php(493): CodeIgniter\CodeIgniter->createController()
 3 SYSTEMPATH\CodeIgniter.php(361): CodeIgniter\CodeIgniter->handleRequest(null, Object(Config\Cache), false)
 4 FCPATH\index.php(79): CodeIgniter\CodeIgniter->run()
 5 SYSTEMPATH\Commands\Server\rewrite.php(47): require_once('C:\\2023project\\aparus3\\public\\index.php')
WARNING - 2025-02-13 05:16:37 --> [DEPRECATED] Creation of dynamic property App\Controllers\Shortcut::$session is deprecated in APPPATH\Controllers\BaseController.php on line 56.
 1 SYSTEMPATH\View\Cell.php(96): App\Controllers\BaseController->initController(Object(CodeIgniter\HTTP\IncomingRequest), Object(CodeIgniter\HTTP\Response), Object(CodeIgniter\Log\Logger))
 2 SYSTEMPATH\Common.php(1206): CodeIgniter\View\Cell->render('App\\Controllers\\Shortcut::loadShortcut', [], 0, 'AppControllersShortcutloadShortcut40cd750bba9870f18aada2478b24840a')
 3 APPPATH\Views\partials\topbar.php(157): view_cell('App\\Controllers\\Shortcut::loadShortcut')
 4 SYSTEMPATH\View\View.php(228): include('C:\\2023project\\aparus3\\app\\Views\\partials\\topbar.php')
 5 SYSTEMPATH\View\View.php(231): CodeIgniter\View\View->CodeIgniter\View\{closure}()
 6 SYSTEMPATH\View\View.php(469): CodeIgniter\View\View->render('partials/topbar', null, true)
 7 APPPATH\Views\partials\menu.php(1): CodeIgniter\View\View->include('partials/topbar')
 8 SYSTEMPATH\View\View.php(228): include('C:\\2023project\\aparus3\\app\\Views\\partials\\menu.php')
 9 SYSTEMPATH\View\View.php(231): CodeIgniter\View\View->CodeIgniter\View\{closure}()
10 SYSTEMPATH\View\View.php(469): CodeIgniter\View\View->render('partials/menu', null, true)
11 APPPATH\Views\report\penghuni.php(11): CodeIgniter\View\View->include('partials/menu')
12 SYSTEMPATH\View\View.php(228): include('C:\\2023project\\aparus3\\app\\Views\\report\\penghuni.php')
13 SYSTEMPATH\View\View.php(231): CodeIgniter\View\View->CodeIgniter\View\{closure}()
14 SYSTEMPATH\Common.php(1190): CodeIgniter\View\View->render('report/penghuni', [], true)
15 APPPATH\Controllers\ReportHunian.php(58): view('report/penghuni', [...])
16 SYSTEMPATH\CodeIgniter.php(942): App\Controllers\ReportHunian->penghuni()
17 SYSTEMPATH\CodeIgniter.php(502): CodeIgniter\CodeIgniter->runController(Object(App\Controllers\ReportHunian))
18 SYSTEMPATH\CodeIgniter.php(361): CodeIgniter\CodeIgniter->handleRequest(null, Object(Config\Cache), false)
19 FCPATH\index.php(79): CodeIgniter\CodeIgniter->run()
20 SYSTEMPATH\Commands\Server\rewrite.php(47): require_once('C:\\2023project\\aparus3\\public\\index.php')
INFO - 2025-02-13 05:16:38 --> Session: Class initialized using 'CodeIgniter\Session\Handlers\FileHandler' driver.
INFO - 2025-02-13 05:16:38 --> Session: Class initialized using 'CodeIgniter\Session\Handlers\FileHandler' driver.
INFO - 2025-02-13 05:16:40 --> Session: Class initialized using 'CodeIgniter\Session\Handlers\FileHandler' driver.
WARNING - 2025-02-13 05:16:40 --> [DEPRECATED] Creation of dynamic property App\Controllers\ReportHunian::$session is deprecated in APPPATH\Controllers\BaseController.php on line 56.
 1 SYSTEMPATH\CodeIgniter.php(915): App\Controllers\BaseController->initController(Object(CodeIgniter\HTTP\IncomingRequest), Object(CodeIgniter\HTTP\Response), Object(CodeIgniter\Log\Logger))
 2 SYSTEMPATH\CodeIgniter.php(493): CodeIgniter\CodeIgniter->createController()
 3 SYSTEMPATH\CodeIgniter.php(361): CodeIgniter\CodeIgniter->handleRequest(null, Object(Config\Cache), false)
 4 FCPATH\index.php(79): CodeIgniter\CodeIgniter->run()
 5 SYSTEMPATH\Commands\Server\rewrite.php(47): require_once('C:\\2023project\\aparus3\\public\\index.php')
INFO - 2025-02-13 05:16:42 --> Session: Class initialized using 'CodeIgniter\Session\Handlers\FileHandler' driver.
WARNING - 2025-02-13 05:16:42 --> [DEPRECATED] Creation of dynamic property App\Controllers\ReportHunian::$session is deprecated in APPPATH\Controllers\BaseController.php on line 56.
 1 SYSTEMPATH\CodeIgniter.php(915): App\Controllers\BaseController->initController(Object(CodeIgniter\HTTP\IncomingRequest), Object(CodeIgniter\HTTP\Response), Object(CodeIgniter\Log\Logger))
 2 SYSTEMPATH\CodeIgniter.php(493): CodeIgniter\CodeIgniter->createController()
 3 SYSTEMPATH\CodeIgniter.php(361): CodeIgniter\CodeIgniter->handleRequest(null, Object(Config\Cache), false)
 4 FCPATH\index.php(79): CodeIgniter\CodeIgniter->run()
 5 SYSTEMPATH\Commands\Server\rewrite.php(47): require_once('C:\\2023project\\aparus3\\public\\index.php')
INFO - 2025-02-13 05:16:56 --> Session: Class initialized using 'CodeIgniter\Session\Handlers\FileHandler' driver.
WARNING - 2025-02-13 05:16:56 --> [DEPRECATED] Creation of dynamic property App\Controllers\ReportHunian::$session is deprecated in APPPATH\Controllers\BaseController.php on line 56.
 1 SYSTEMPATH\CodeIgniter.php(915): App\Controllers\BaseController->initController(Object(CodeIgniter\HTTP\IncomingRequest), Object(CodeIgniter\HTTP\Response), Object(CodeIgniter\Log\Logger))
 2 SYSTEMPATH\CodeIgniter.php(493): CodeIgniter\CodeIgniter->createController()
 3 SYSTEMPATH\CodeIgniter.php(361): CodeIgniter\CodeIgniter->handleRequest(null, Object(Config\Cache), false)
 4 FCPATH\index.php(79): CodeIgniter\CodeIgniter->run()
 5 SYSTEMPATH\Commands\Server\rewrite.php(47): require_once('C:\\2023project\\aparus3\\public\\index.php')
ERROR - 2025-02-13 05:16:56 --> mysqli_sql_exception: Unknown column 'aprs_penghuni.jenis_kelamin' in 'field list' in C:\2023project\aparus3\system\Database\MySQLi\Connection.php:306
Stack trace:
#0 C:\2023project\aparus3\system\Database\MySQLi\Connection.php(306): mysqli->query('SELECT `aprs_ma...', 0)
#1 C:\2023project\aparus3\system\Database\BaseConnection.php(693): CodeIgniter\Database\MySQLi\Connection->execute('SELECT `aprs_ma...')
#2 C:\2023project\aparus3\system\Database\BaseConnection.php(607): CodeIgniter\Database\BaseConnection->simpleQuery('SELECT `aprs_ma...')
#3 C:\2023project\aparus3\system\Database\BaseBuilder.php(1615): CodeIgniter\Database\BaseConnection->query('SELECT `aprs_ma...', Array, false)
#4 C:\2023project\aparus3\app\Models\ReportHunian_model.php(69): CodeIgniter\Database\BaseBuilder->get()
#5 C:\2023project\aparus3\app\Controllers\ReportHunian.php(570): App\Models\ReportHunian_model->getStatistikGender(NULL)
#6 C:\2023project\aparus3\system\CodeIgniter.php(942): App\Controllers\ReportHunian->statistikGender()
#7 C:\2023project\aparus3\system\CodeIgniter.php(502): CodeIgniter\CodeIgniter->runController(Object(App\Controllers\ReportHunian))
#8 C:\2023project\aparus3\system\CodeIgniter.php(361): CodeIgniter\CodeIgniter->handleRequest(NULL, Object(Config\Cache), false)
#9 C:\2023project\aparus3\public\index.php(79): CodeIgniter\CodeIgniter->run()
#10 C:\2023project\aparus3\system\Commands\Server\rewrite.php(47): require_once('C:\\2023project\\...')
#11 {main}
CRITICAL - 2025-02-13 05:16:56 --> Unknown column 'aprs_penghuni.jenis_kelamin' in 'field list'
in SYSTEMPATH\Database\BaseConnection.php on line 647.
 1 SYSTEMPATH\Database\BaseBuilder.php(1615): CodeIgniter\Database\BaseConnection->query('SELECT `aprs_master_rusun`.`rusun_id`, `aprs_master_rusun`.`rusun_nama` as `nama_rusun`, SUM(CASE WHEN aprs_penghuni.jenis_kelamin = "L" THEN 1 ELSE 0 END) as laki_laki, SUM(CASE WHEN aprs_penghuni.jenis_kelamin = "P" THEN 1 ELSE 0 END) as perempuan, COUNT(aprs_penghuni.kode_penghuni) as total
FROM `aprs_master_rusun`
LEFT JOIN `aprs_penghuni` ON `aprs_master_rusun`.`rusun_id` = `aprs_penghuni`.`rusuntujuan`
GROUP BY `aprs_master_rusun`.`rusun_id`, `aprs_master_rusun`.`rusun_nama`', [], false)
 2 APPPATH\Models\ReportHunian_model.php(69): CodeIgniter\Database\BaseBuilder->get()
 3 APPPATH\Controllers\ReportHunian.php(570): App\Models\ReportHunian_model->getStatistikGender(null)
 4 SYSTEMPATH\CodeIgniter.php(942): App\Controllers\ReportHunian->statistikGender()
 5 SYSTEMPATH\CodeIgniter.php(502): CodeIgniter\CodeIgniter->runController(Object(App\Controllers\ReportHunian))
 6 SYSTEMPATH\CodeIgniter.php(361): CodeIgniter\CodeIgniter->handleRequest(null, Object(Config\Cache), false)
 7 FCPATH\index.php(79): CodeIgniter\CodeIgniter->run()
 8 SYSTEMPATH\Commands\Server\rewrite.php(47): require_once('C:\\2023project\\aparus3\\public\\index.php')
INFO - 2025-02-13 05:17:28 --> Session: Class initialized using 'CodeIgniter\Session\Handlers\FileHandler' driver.
WARNING - 2025-02-13 05:17:28 --> [DEPRECATED] Creation of dynamic property App\Controllers\ReportHunian::$session is deprecated in APPPATH\Controllers\BaseController.php on line 56.
 1 SYSTEMPATH\CodeIgniter.php(915): App\Controllers\BaseController->initController(Object(CodeIgniter\HTTP\IncomingRequest), Object(CodeIgniter\HTTP\Response), Object(CodeIgniter\Log\Logger))
 2 SYSTEMPATH\CodeIgniter.php(493): CodeIgniter\CodeIgniter->createController()
 3 SYSTEMPATH\CodeIgniter.php(361): CodeIgniter\CodeIgniter->handleRequest(null, Object(Config\Cache), false)
 4 FCPATH\index.php(79): CodeIgniter\CodeIgniter->run()
 5 SYSTEMPATH\Commands\Server\rewrite.php(47): require_once('C:\\2023project\\aparus3\\public\\index.php')
WARNING - 2025-02-13 05:17:28 --> [DEPRECATED] Creation of dynamic property App\Controllers\Shortcut::$session is deprecated in APPPATH\Controllers\BaseController.php on line 56.
 1 SYSTEMPATH\View\Cell.php(96): App\Controllers\BaseController->initController(Object(CodeIgniter\HTTP\IncomingRequest), Object(CodeIgniter\HTTP\Response), Object(CodeIgniter\Log\Logger))
 2 SYSTEMPATH\Common.php(1206): CodeIgniter\View\Cell->render('App\\Controllers\\Shortcut::loadShortcut', [], 0, 'AppControllersShortcutloadShortcut40cd750bba9870f18aada2478b24840a')
 3 APPPATH\Views\partials\topbar.php(157): view_cell('App\\Controllers\\Shortcut::loadShortcut')
 4 SYSTEMPATH\View\View.php(228): include('C:\\2023project\\aparus3\\app\\Views\\partials\\topbar.php')
 5 SYSTEMPATH\View\View.php(231): CodeIgniter\View\View->CodeIgniter\View\{closure}()
 6 SYSTEMPATH\View\View.php(469): CodeIgniter\View\View->render('partials/topbar', null, true)
 7 APPPATH\Views\partials\menu.php(1): CodeIgniter\View\View->include('partials/topbar')
 8 SYSTEMPATH\View\View.php(228): include('C:\\2023project\\aparus3\\app\\Views\\partials\\menu.php')
 9 SYSTEMPATH\View\View.php(231): CodeIgniter\View\View->CodeIgniter\View\{closure}()
10 SYSTEMPATH\View\View.php(469): CodeIgniter\View\View->render('partials/menu', null, true)
11 APPPATH\Views\report\statistik_gender.php(11): CodeIgniter\View\View->include('partials/menu')
12 SYSTEMPATH\View\View.php(228): include('C:\\2023project\\aparus3\\app\\Views\\report\\statistik_gender.php')
13 SYSTEMPATH\View\View.php(231): CodeIgniter\View\View->CodeIgniter\View\{closure}()
14 SYSTEMPATH\Common.php(1190): CodeIgniter\View\View->render('report/statistik_gender', [], true)
15 APPPATH\Controllers\ReportHunian.php(575): view('report/statistik_gender', [...])
16 SYSTEMPATH\CodeIgniter.php(942): App\Controllers\ReportHunian->statistikGender()
17 SYSTEMPATH\CodeIgniter.php(502): CodeIgniter\CodeIgniter->runController(Object(App\Controllers\ReportHunian))
18 SYSTEMPATH\CodeIgniter.php(361): CodeIgniter\CodeIgniter->handleRequest(null, Object(Config\Cache), false)
19 FCPATH\index.php(79): CodeIgniter\CodeIgniter->run()
20 SYSTEMPATH\Commands\Server\rewrite.php(47): require_once('C:\\2023project\\aparus3\\public\\index.php')
CRITICAL - 2025-02-13 05:17:28 --> Invalid file: "partials/foot-js.php"
in SYSTEMPATH\Exceptions\FrameworkException.php on line 39.
 1 SYSTEMPATH\View\View.php(216): CodeIgniter\Exceptions\FrameworkException::forInvalidFile('partials/foot-js.php')
 2 SYSTEMPATH\View\View.php(469): CodeIgniter\View\View->render('partials/foot-js', null, true)
 3 APPPATH\Views\report\statistik_gender.php(72): CodeIgniter\View\View->include('partials/foot-js')
 4 SYSTEMPATH\View\View.php(228): include('C:\\2023project\\aparus3\\app\\Views\\report\\statistik_gender.php')
 5 SYSTEMPATH\View\View.php(231): CodeIgniter\View\View->CodeIgniter\View\{closure}()
 6 SYSTEMPATH\Common.php(1190): CodeIgniter\View\View->render('report/statistik_gender', [], true)
 7 APPPATH\Controllers\ReportHunian.php(575): view('report/statistik_gender', [...])
 8 SYSTEMPATH\CodeIgniter.php(942): App\Controllers\ReportHunian->statistikGender()
 9 SYSTEMPATH\CodeIgniter.php(502): CodeIgniter\CodeIgniter->runController(Object(App\Controllers\ReportHunian))
10 SYSTEMPATH\CodeIgniter.php(361): CodeIgniter\CodeIgniter->handleRequest(null, Object(Config\Cache), false)
11 FCPATH\index.php(79): CodeIgniter\CodeIgniter->run()
12 SYSTEMPATH\Commands\Server\rewrite.php(47): require_once('C:\\2023project\\aparus3\\public\\index.php')
INFO - 2025-02-13 05:17:48 --> Session: Class initialized using 'CodeIgniter\Session\Handlers\FileHandler' driver.
WARNING - 2025-02-13 05:17:48 --> [DEPRECATED] Creation of dynamic property App\Controllers\ReportHunian::$session is deprecated in APPPATH\Controllers\BaseController.php on line 56.
 1 SYSTEMPATH\CodeIgniter.php(915): App\Controllers\BaseController->initController(Object(CodeIgniter\HTTP\IncomingRequest), Object(CodeIgniter\HTTP\Response), Object(CodeIgniter\Log\Logger))
 2 SYSTEMPATH\CodeIgniter.php(493): CodeIgniter\CodeIgniter->createController()
 3 SYSTEMPATH\CodeIgniter.php(361): CodeIgniter\CodeIgniter->handleRequest(null, Object(Config\Cache), false)
 4 FCPATH\index.php(79): CodeIgniter\CodeIgniter->run()
 5 SYSTEMPATH\Commands\Server\rewrite.php(47): require_once('C:\\2023project\\aparus3\\public\\index.php')
WARNING - 2025-02-13 05:17:48 --> [DEPRECATED] Creation of dynamic property App\Controllers\Shortcut::$session is deprecated in APPPATH\Controllers\BaseController.php on line 56.
 1 SYSTEMPATH\View\Cell.php(96): App\Controllers\BaseController->initController(Object(CodeIgniter\HTTP\IncomingRequest), Object(CodeIgniter\HTTP\Response), Object(CodeIgniter\Log\Logger))
 2 SYSTEMPATH\Common.php(1206): CodeIgniter\View\Cell->render('App\\Controllers\\Shortcut::loadShortcut', [], 0, 'AppControllersShortcutloadShortcut40cd750bba9870f18aada2478b24840a')
 3 APPPATH\Views\partials\topbar.php(157): view_cell('App\\Controllers\\Shortcut::loadShortcut')
 4 SYSTEMPATH\View\View.php(228): include('C:\\2023project\\aparus3\\app\\Views\\partials\\topbar.php')
 5 SYSTEMPATH\View\View.php(231): CodeIgniter\View\View->CodeIgniter\View\{closure}()
 6 SYSTEMPATH\View\View.php(469): CodeIgniter\View\View->render('partials/topbar', null, true)
 7 APPPATH\Views\partials\menu.php(1): CodeIgniter\View\View->include('partials/topbar')
 8 SYSTEMPATH\View\View.php(228): include('C:\\2023project\\aparus3\\app\\Views\\partials\\menu.php')
 9 SYSTEMPATH\View\View.php(231): CodeIgniter\View\View->CodeIgniter\View\{closure}()
10 SYSTEMPATH\View\View.php(469): CodeIgniter\View\View->render('partials/menu', null, true)
11 APPPATH\Views\report\statistik_gender.php(11): CodeIgniter\View\View->include('partials/menu')
12 SYSTEMPATH\View\View.php(228): include('C:\\2023project\\aparus3\\app\\Views\\report\\statistik_gender.php')
13 SYSTEMPATH\View\View.php(231): CodeIgniter\View\View->CodeIgniter\View\{closure}()
14 SYSTEMPATH\Common.php(1190): CodeIgniter\View\View->render('report/statistik_gender', [], true)
15 APPPATH\Controllers\ReportHunian.php(575): view('report/statistik_gender', [...])
16 SYSTEMPATH\CodeIgniter.php(942): App\Controllers\ReportHunian->statistikGender()
17 SYSTEMPATH\CodeIgniter.php(502): CodeIgniter\CodeIgniter->runController(Object(App\Controllers\ReportHunian))
18 SYSTEMPATH\CodeIgniter.php(361): CodeIgniter\CodeIgniter->handleRequest(null, Object(Config\Cache), false)
19 FCPATH\index.php(79): CodeIgniter\CodeIgniter->run()
20 SYSTEMPATH\Commands\Server\rewrite.php(47): require_once('C:\\2023project\\aparus3\\public\\index.php')
CRITICAL - 2025-02-13 05:17:48 --> Invalid file: "partials/foot-js.php"
in SYSTEMPATH\Exceptions\FrameworkException.php on line 39.
 1 SYSTEMPATH\View\View.php(216): CodeIgniter\Exceptions\FrameworkException::forInvalidFile('partials/foot-js.php')
 2 SYSTEMPATH\View\View.php(469): CodeIgniter\View\View->render('partials/foot-js', null, true)
 3 APPPATH\Views\report\statistik_gender.php(72): CodeIgniter\View\View->include('partials/foot-js')
 4 SYSTEMPATH\View\View.php(228): include('C:\\2023project\\aparus3\\app\\Views\\report\\statistik_gender.php')
 5 SYSTEMPATH\View\View.php(231): CodeIgniter\View\View->CodeIgniter\View\{closure}()
 6 SYSTEMPATH\Common.php(1190): CodeIgniter\View\View->render('report/statistik_gender', [], true)
 7 APPPATH\Controllers\ReportHunian.php(575): view('report/statistik_gender', [...])
 8 SYSTEMPATH\CodeIgniter.php(942): App\Controllers\ReportHunian->statistikGender()
 9 SYSTEMPATH\CodeIgniter.php(502): CodeIgniter\CodeIgniter->runController(Object(App\Controllers\ReportHunian))
10 SYSTEMPATH\CodeIgniter.php(361): CodeIgniter\CodeIgniter->handleRequest(null, Object(Config\Cache), false)
11 FCPATH\index.php(79): CodeIgniter\CodeIgniter->run()
12 SYSTEMPATH\Commands\Server\rewrite.php(47): require_once('C:\\2023project\\aparus3\\public\\index.php')
INFO - 2025-02-13 05:18:23 --> Session: Class initialized using 'CodeIgniter\Session\Handlers\FileHandler' driver.
WARNING - 2025-02-13 05:18:23 --> [DEPRECATED] Creation of dynamic property App\Controllers\ReportHunian::$session is deprecated in APPPATH\Controllers\BaseController.php on line 56.
 1 SYSTEMPATH\CodeIgniter.php(915): App\Controllers\BaseController->initController(Object(CodeIgniter\HTTP\IncomingRequest), Object(CodeIgniter\HTTP\Response), Object(CodeIgniter\Log\Logger))
 2 SYSTEMPATH\CodeIgniter.php(493): CodeIgniter\CodeIgniter->createController()
 3 SYSTEMPATH\CodeIgniter.php(361): CodeIgniter\CodeIgniter->handleRequest(null, Object(Config\Cache), false)
 4 FCPATH\index.php(79): CodeIgniter\CodeIgniter->run()
 5 SYSTEMPATH\Commands\Server\rewrite.php(47): require_once('C:\\2023project\\aparus3\\public\\index.php')
WARNING - 2025-02-13 05:18:23 --> [DEPRECATED] Creation of dynamic property App\Controllers\Shortcut::$session is deprecated in APPPATH\Controllers\BaseController.php on line 56.
 1 SYSTEMPATH\View\Cell.php(96): App\Controllers\BaseController->initController(Object(CodeIgniter\HTTP\IncomingRequest), Object(CodeIgniter\HTTP\Response), Object(CodeIgniter\Log\Logger))
 2 SYSTEMPATH\Common.php(1206): CodeIgniter\View\Cell->render('App\\Controllers\\Shortcut::loadShortcut', [], 0, 'AppControllersShortcutloadShortcut40cd750bba9870f18aada2478b24840a')
 3 APPPATH\Views\partials\topbar.php(157): view_cell('App\\Controllers\\Shortcut::loadShortcut')
 4 SYSTEMPATH\View\View.php(228): include('C:\\2023project\\aparus3\\app\\Views\\partials\\topbar.php')
 5 SYSTEMPATH\View\View.php(231): CodeIgniter\View\View->CodeIgniter\View\{closure}()
 6 SYSTEMPATH\View\View.php(469): CodeIgniter\View\View->render('partials/topbar', null, true)
 7 APPPATH\Views\partials\menu.php(1): CodeIgniter\View\View->include('partials/topbar')
 8 SYSTEMPATH\View\View.php(228): include('C:\\2023project\\aparus3\\app\\Views\\partials\\menu.php')
 9 SYSTEMPATH\View\View.php(231): CodeIgniter\View\View->CodeIgniter\View\{closure}()
10 SYSTEMPATH\View\View.php(469): CodeIgniter\View\View->render('partials/menu', null, true)
11 APPPATH\Views\report\statistik_gender.php(11): CodeIgniter\View\View->include('partials/menu')
12 SYSTEMPATH\View\View.php(228): include('C:\\2023project\\aparus3\\app\\Views\\report\\statistik_gender.php')
13 SYSTEMPATH\View\View.php(231): CodeIgniter\View\View->CodeIgniter\View\{closure}()
14 SYSTEMPATH\Common.php(1190): CodeIgniter\View\View->render('report/statistik_gender', [], true)
15 APPPATH\Controllers\ReportHunian.php(575): view('report/statistik_gender', [...])
16 SYSTEMPATH\CodeIgniter.php(942): App\Controllers\ReportHunian->statistikGender()
17 SYSTEMPATH\CodeIgniter.php(502): CodeIgniter\CodeIgniter->runController(Object(App\Controllers\ReportHunian))
18 SYSTEMPATH\CodeIgniter.php(361): CodeIgniter\CodeIgniter->handleRequest(null, Object(Config\Cache), false)
19 FCPATH\index.php(79): CodeIgniter\CodeIgniter->run()
20 SYSTEMPATH\Commands\Server\rewrite.php(47): require_once('C:\\2023project\\aparus3\\public\\index.php')
INFO - 2025-02-13 05:18:28 --> Session: Class initialized using 'CodeIgniter\Session\Handlers\FileHandler' driver.
WARNING - 2025-02-13 05:18:28 --> [DEPRECATED] Creation of dynamic property App\Controllers\ReportHunian::$session is deprecated in APPPATH\Controllers\BaseController.php on line 56.
 1 SYSTEMPATH\CodeIgniter.php(915): App\Controllers\BaseController->initController(Object(CodeIgniter\HTTP\IncomingRequest), Object(CodeIgniter\HTTP\Response), Object(CodeIgniter\Log\Logger))
 2 SYSTEMPATH\CodeIgniter.php(493): CodeIgniter\CodeIgniter->createController()
 3 SYSTEMPATH\CodeIgniter.php(361): CodeIgniter\CodeIgniter->handleRequest(null, Object(Config\Cache), false)
 4 FCPATH\index.php(79): CodeIgniter\CodeIgniter->run()
 5 SYSTEMPATH\Commands\Server\rewrite.php(47): require_once('C:\\2023project\\aparus3\\public\\index.php')
WARNING - 2025-02-13 05:18:28 --> [DEPRECATED] Creation of dynamic property App\Controllers\Shortcut::$session is deprecated in APPPATH\Controllers\BaseController.php on line 56.
 1 SYSTEMPATH\View\Cell.php(96): App\Controllers\BaseController->initController(Object(CodeIgniter\HTTP\IncomingRequest), Object(CodeIgniter\HTTP\Response), Object(CodeIgniter\Log\Logger))
 2 SYSTEMPATH\Common.php(1206): CodeIgniter\View\Cell->render('App\\Controllers\\Shortcut::loadShortcut', [], 0, 'AppControllersShortcutloadShortcut40cd750bba9870f18aada2478b24840a')
 3 APPPATH\Views\partials\topbar.php(157): view_cell('App\\Controllers\\Shortcut::loadShortcut')
 4 SYSTEMPATH\View\View.php(228): include('C:\\2023project\\aparus3\\app\\Views\\partials\\topbar.php')
 5 SYSTEMPATH\View\View.php(231): CodeIgniter\View\View->CodeIgniter\View\{closure}()
 6 SYSTEMPATH\View\View.php(469): CodeIgniter\View\View->render('partials/topbar', null, true)
 7 APPPATH\Views\partials\menu.php(1): CodeIgniter\View\View->include('partials/topbar')
 8 SYSTEMPATH\View\View.php(228): include('C:\\2023project\\aparus3\\app\\Views\\partials\\menu.php')
 9 SYSTEMPATH\View\View.php(231): CodeIgniter\View\View->CodeIgniter\View\{closure}()
10 SYSTEMPATH\View\View.php(469): CodeIgniter\View\View->render('partials/menu', null, true)
11 APPPATH\Views\report\statistik_gender.php(11): CodeIgniter\View\View->include('partials/menu')
12 SYSTEMPATH\View\View.php(228): include('C:\\2023project\\aparus3\\app\\Views\\report\\statistik_gender.php')
13 SYSTEMPATH\View\View.php(231): CodeIgniter\View\View->CodeIgniter\View\{closure}()
14 SYSTEMPATH\Common.php(1190): CodeIgniter\View\View->render('report/statistik_gender', [], true)
15 APPPATH\Controllers\ReportHunian.php(575): view('report/statistik_gender', [...])
16 SYSTEMPATH\CodeIgniter.php(942): App\Controllers\ReportHunian->statistikGender()
17 SYSTEMPATH\CodeIgniter.php(502): CodeIgniter\CodeIgniter->runController(Object(App\Controllers\ReportHunian))
18 SYSTEMPATH\CodeIgniter.php(361): CodeIgniter\CodeIgniter->handleRequest(null, Object(Config\Cache), false)
19 FCPATH\index.php(79): CodeIgniter\CodeIgniter->run()
20 SYSTEMPATH\Commands\Server\rewrite.php(47): require_once('C:\\2023project\\aparus3\\public\\index.php')
INFO - 2025-02-13 05:18:30 --> Session: Class initialized using 'CodeIgniter\Session\Handlers\FileHandler' driver.
WARNING - 2025-02-13 05:18:30 --> [DEPRECATED] Creation of dynamic property App\Controllers\ReportHunian::$session is deprecated in APPPATH\Controllers\BaseController.php on line 56.
 1 SYSTEMPATH\CodeIgniter.php(915): App\Controllers\BaseController->initController(Object(CodeIgniter\HTTP\IncomingRequest), Object(CodeIgniter\HTTP\Response), Object(CodeIgniter\Log\Logger))
 2 SYSTEMPATH\CodeIgniter.php(493): CodeIgniter\CodeIgniter->createController()
 3 SYSTEMPATH\CodeIgniter.php(361): CodeIgniter\CodeIgniter->handleRequest(null, Object(Config\Cache), false)
 4 FCPATH\index.php(79): CodeIgniter\CodeIgniter->run()
 5 SYSTEMPATH\Commands\Server\rewrite.php(47): require_once('C:\\2023project\\aparus3\\public\\index.php')
WARNING - 2025-02-13 05:18:30 --> [DEPRECATED] Creation of dynamic property App\Controllers\Shortcut::$session is deprecated in APPPATH\Controllers\BaseController.php on line 56.
 1 SYSTEMPATH\View\Cell.php(96): App\Controllers\BaseController->initController(Object(CodeIgniter\HTTP\IncomingRequest), Object(CodeIgniter\HTTP\Response), Object(CodeIgniter\Log\Logger))
 2 SYSTEMPATH\Common.php(1206): CodeIgniter\View\Cell->render('App\\Controllers\\Shortcut::loadShortcut', [], 0, 'AppControllersShortcutloadShortcut40cd750bba9870f18aada2478b24840a')
 3 APPPATH\Views\partials\topbar.php(157): view_cell('App\\Controllers\\Shortcut::loadShortcut')
 4 SYSTEMPATH\View\View.php(228): include('C:\\2023project\\aparus3\\app\\Views\\partials\\topbar.php')
 5 SYSTEMPATH\View\View.php(231): CodeIgniter\View\View->CodeIgniter\View\{closure}()
 6 SYSTEMPATH\View\View.php(469): CodeIgniter\View\View->render('partials/topbar', null, true)
 7 APPPATH\Views\partials\menu.php(1): CodeIgniter\View\View->include('partials/topbar')
 8 SYSTEMPATH\View\View.php(228): include('C:\\2023project\\aparus3\\app\\Views\\partials\\menu.php')
 9 SYSTEMPATH\View\View.php(231): CodeIgniter\View\View->CodeIgniter\View\{closure}()
10 SYSTEMPATH\View\View.php(469): CodeIgniter\View\View->render('partials/menu', null, true)
11 APPPATH\Views\report\statistik_gender.php(11): CodeIgniter\View\View->include('partials/menu')
12 SYSTEMPATH\View\View.php(228): include('C:\\2023project\\aparus3\\app\\Views\\report\\statistik_gender.php')
13 SYSTEMPATH\View\View.php(231): CodeIgniter\View\View->CodeIgniter\View\{closure}()
14 SYSTEMPATH\Common.php(1190): CodeIgniter\View\View->render('report/statistik_gender', [], true)
15 APPPATH\Controllers\ReportHunian.php(575): view('report/statistik_gender', [...])
16 SYSTEMPATH\CodeIgniter.php(942): App\Controllers\ReportHunian->statistikGender()
17 SYSTEMPATH\CodeIgniter.php(502): CodeIgniter\CodeIgniter->runController(Object(App\Controllers\ReportHunian))
18 SYSTEMPATH\CodeIgniter.php(361): CodeIgniter\CodeIgniter->handleRequest(null, Object(Config\Cache), false)
19 FCPATH\index.php(79): CodeIgniter\CodeIgniter->run()
20 SYSTEMPATH\Commands\Server\rewrite.php(47): require_once('C:\\2023project\\aparus3\\public\\index.php')
INFO - 2025-02-13 05:18:32 --> Session: Class initialized using 'CodeIgniter\Session\Handlers\FileHandler' driver.
WARNING - 2025-02-13 05:18:32 --> [DEPRECATED] Creation of dynamic property App\Controllers\ReportHunian::$session is deprecated in APPPATH\Controllers\BaseController.php on line 56.
 1 SYSTEMPATH\CodeIgniter.php(915): App\Controllers\BaseController->initController(Object(CodeIgniter\HTTP\IncomingRequest), Object(CodeIgniter\HTTP\Response), Object(CodeIgniter\Log\Logger))
 2 SYSTEMPATH\CodeIgniter.php(493): CodeIgniter\CodeIgniter->createController()
 3 SYSTEMPATH\CodeIgniter.php(361): CodeIgniter\CodeIgniter->handleRequest(null, Object(Config\Cache), false)
 4 FCPATH\index.php(79): CodeIgniter\CodeIgniter->run()
 5 SYSTEMPATH\Commands\Server\rewrite.php(47): require_once('C:\\2023project\\aparus3\\public\\index.php')
WARNING - 2025-02-13 05:18:32 --> [DEPRECATED] Creation of dynamic property App\Controllers\Shortcut::$session is deprecated in APPPATH\Controllers\BaseController.php on line 56.
 1 SYSTEMPATH\View\Cell.php(96): App\Controllers\BaseController->initController(Object(CodeIgniter\HTTP\IncomingRequest), Object(CodeIgniter\HTTP\Response), Object(CodeIgniter\Log\Logger))
 2 SYSTEMPATH\Common.php(1206): CodeIgniter\View\Cell->render('App\\Controllers\\Shortcut::loadShortcut', [], 0, 'AppControllersShortcutloadShortcut40cd750bba9870f18aada2478b24840a')
 3 APPPATH\Views\partials\topbar.php(157): view_cell('App\\Controllers\\Shortcut::loadShortcut')
 4 SYSTEMPATH\View\View.php(228): include('C:\\2023project\\aparus3\\app\\Views\\partials\\topbar.php')
 5 SYSTEMPATH\View\View.php(231): CodeIgniter\View\View->CodeIgniter\View\{closure}()
 6 SYSTEMPATH\View\View.php(469): CodeIgniter\View\View->render('partials/topbar', null, true)
 7 APPPATH\Views\partials\menu.php(1): CodeIgniter\View\View->include('partials/topbar')
 8 SYSTEMPATH\View\View.php(228): include('C:\\2023project\\aparus3\\app\\Views\\partials\\menu.php')
 9 SYSTEMPATH\View\View.php(231): CodeIgniter\View\View->CodeIgniter\View\{closure}()
10 SYSTEMPATH\View\View.php(469): CodeIgniter\View\View->render('partials/menu', null, true)
11 APPPATH\Views\report\statistik_gender.php(11): CodeIgniter\View\View->include('partials/menu')
12 SYSTEMPATH\View\View.php(228): include('C:\\2023project\\aparus3\\app\\Views\\report\\statistik_gender.php')
13 SYSTEMPATH\View\View.php(231): CodeIgniter\View\View->CodeIgniter\View\{closure}()
14 SYSTEMPATH\Common.php(1190): CodeIgniter\View\View->render('report/statistik_gender', [], true)
15 APPPATH\Controllers\ReportHunian.php(575): view('report/statistik_gender', [...])
16 SYSTEMPATH\CodeIgniter.php(942): App\Controllers\ReportHunian->statistikGender()
17 SYSTEMPATH\CodeIgniter.php(502): CodeIgniter\CodeIgniter->runController(Object(App\Controllers\ReportHunian))
18 SYSTEMPATH\CodeIgniter.php(361): CodeIgniter\CodeIgniter->handleRequest(null, Object(Config\Cache), false)
19 FCPATH\index.php(79): CodeIgniter\CodeIgniter->run()
20 SYSTEMPATH\Commands\Server\rewrite.php(47): require_once('C:\\2023project\\aparus3\\public\\index.php')
INFO - 2025-02-13 05:19:05 --> Session: Class initialized using 'CodeIgniter\Session\Handlers\FileHandler' driver.
WARNING - 2025-02-13 05:19:05 --> [DEPRECATED] Creation of dynamic property App\Controllers\ReportHunian::$session is deprecated in APPPATH\Controllers\BaseController.php on line 56.
 1 SYSTEMPATH\CodeIgniter.php(915): App\Controllers\BaseController->initController(Object(CodeIgniter\HTTP\IncomingRequest), Object(CodeIgniter\HTTP\Response), Object(CodeIgniter\Log\Logger))
 2 SYSTEMPATH\CodeIgniter.php(493): CodeIgniter\CodeIgniter->createController()
 3 SYSTEMPATH\CodeIgniter.php(361): CodeIgniter\CodeIgniter->handleRequest(null, Object(Config\Cache), false)
 4 FCPATH\index.php(79): CodeIgniter\CodeIgniter->run()
 5 SYSTEMPATH\Commands\Server\rewrite.php(47): require_once('C:\\2023project\\aparus3\\public\\index.php')
WARNING - 2025-02-13 05:19:05 --> [DEPRECATED] Creation of dynamic property App\Controllers\Shortcut::$session is deprecated in APPPATH\Controllers\BaseController.php on line 56.
 1 SYSTEMPATH\View\Cell.php(96): App\Controllers\BaseController->initController(Object(CodeIgniter\HTTP\IncomingRequest), Object(CodeIgniter\HTTP\Response), Object(CodeIgniter\Log\Logger))
 2 SYSTEMPATH\Common.php(1206): CodeIgniter\View\Cell->render('App\\Controllers\\Shortcut::loadShortcut', [], 0, 'AppControllersShortcutloadShortcut40cd750bba9870f18aada2478b24840a')
 3 APPPATH\Views\partials\topbar.php(157): view_cell('App\\Controllers\\Shortcut::loadShortcut')
 4 SYSTEMPATH\View\View.php(228): include('C:\\2023project\\aparus3\\app\\Views\\partials\\topbar.php')
 5 SYSTEMPATH\View\View.php(231): CodeIgniter\View\View->CodeIgniter\View\{closure}()
 6 SYSTEMPATH\View\View.php(469): CodeIgniter\View\View->render('partials/topbar', null, true)
 7 APPPATH\Views\partials\menu.php(1): CodeIgniter\View\View->include('partials/topbar')
 8 SYSTEMPATH\View\View.php(228): include('C:\\2023project\\aparus3\\app\\Views\\partials\\menu.php')
 9 SYSTEMPATH\View\View.php(231): CodeIgniter\View\View->CodeIgniter\View\{closure}()
10 SYSTEMPATH\View\View.php(469): CodeIgniter\View\View->render('partials/menu', null, true)
11 APPPATH\Views\report\statistik_gender.php(11): CodeIgniter\View\View->include('partials/menu')
12 SYSTEMPATH\View\View.php(228): include('C:\\2023project\\aparus3\\app\\Views\\report\\statistik_gender.php')
13 SYSTEMPATH\View\View.php(231): CodeIgniter\View\View->CodeIgniter\View\{closure}()
14 SYSTEMPATH\Common.php(1190): CodeIgniter\View\View->render('report/statistik_gender', [], true)
15 APPPATH\Controllers\ReportHunian.php(575): view('report/statistik_gender', [...])
16 SYSTEMPATH\CodeIgniter.php(942): App\Controllers\ReportHunian->statistikGender()
17 SYSTEMPATH\CodeIgniter.php(502): CodeIgniter\CodeIgniter->runController(Object(App\Controllers\ReportHunian))
18 SYSTEMPATH\CodeIgniter.php(361): CodeIgniter\CodeIgniter->handleRequest(null, Object(Config\Cache), false)
19 FCPATH\index.php(79): CodeIgniter\CodeIgniter->run()
20 SYSTEMPATH\Commands\Server\rewrite.php(47): require_once('C:\\2023project\\aparus3\\public\\index.php')
INFO - 2025-02-13 05:23:40 --> Session: Class initialized using 'CodeIgniter\Session\Handlers\FileHandler' driver.
WARNING - 2025-02-13 05:23:40 --> [DEPRECATED] Creation of dynamic property App\Controllers\ReportHunian::$session is deprecated in APPPATH\Controllers\BaseController.php on line 56.
 1 SYSTEMPATH\CodeIgniter.php(915): App\Controllers\BaseController->initController(Object(CodeIgniter\HTTP\IncomingRequest), Object(CodeIgniter\HTTP\Response), Object(CodeIgniter\Log\Logger))
 2 SYSTEMPATH\CodeIgniter.php(493): CodeIgniter\CodeIgniter->createController()
 3 SYSTEMPATH\CodeIgniter.php(361): CodeIgniter\CodeIgniter->handleRequest(null, Object(Config\Cache), false)
 4 FCPATH\index.php(79): CodeIgniter\CodeIgniter->run()
 5 SYSTEMPATH\Commands\Server\rewrite.php(47): require_once('C:\\2023project\\aparus3\\public\\index.php')
WARNING - 2025-02-13 05:23:40 --> [DEPRECATED] Creation of dynamic property App\Controllers\Shortcut::$session is deprecated in APPPATH\Controllers\BaseController.php on line 56.
 1 SYSTEMPATH\View\Cell.php(96): App\Controllers\BaseController->initController(Object(CodeIgniter\HTTP\IncomingRequest), Object(CodeIgniter\HTTP\Response), Object(CodeIgniter\Log\Logger))
 2 SYSTEMPATH\Common.php(1206): CodeIgniter\View\Cell->render('App\\Controllers\\Shortcut::loadShortcut', [], 0, 'AppControllersShortcutloadShortcut40cd750bba9870f18aada2478b24840a')
 3 APPPATH\Views\partials\topbar.php(157): view_cell('App\\Controllers\\Shortcut::loadShortcut')
 4 SYSTEMPATH\View\View.php(228): include('C:\\2023project\\aparus3\\app\\Views\\partials\\topbar.php')
 5 SYSTEMPATH\View\View.php(231): CodeIgniter\View\View->CodeIgniter\View\{closure}()
 6 SYSTEMPATH\View\View.php(469): CodeIgniter\View\View->render('partials/topbar', null, true)
 7 APPPATH\Views\partials\menu.php(1): CodeIgniter\View\View->include('partials/topbar')
 8 SYSTEMPATH\View\View.php(228): include('C:\\2023project\\aparus3\\app\\Views\\partials\\menu.php')
 9 SYSTEMPATH\View\View.php(231): CodeIgniter\View\View->CodeIgniter\View\{closure}()
10 SYSTEMPATH\View\View.php(469): CodeIgniter\View\View->render('partials/menu', null, true)
11 APPPATH\Views\report\statistik_gender.php(11): CodeIgniter\View\View->include('partials/menu')
12 SYSTEMPATH\View\View.php(228): include('C:\\2023project\\aparus3\\app\\Views\\report\\statistik_gender.php')
13 SYSTEMPATH\View\View.php(231): CodeIgniter\View\View->CodeIgniter\View\{closure}()
14 SYSTEMPATH\Common.php(1190): CodeIgniter\View\View->render('report/statistik_gender', [], true)
15 APPPATH\Controllers\ReportHunian.php(102): view('report/statistik_gender', [...])
16 SYSTEMPATH\CodeIgniter.php(942): App\Controllers\ReportHunian->statistikGender()
17 SYSTEMPATH\CodeIgniter.php(502): CodeIgniter\CodeIgniter->runController(Object(App\Controllers\ReportHunian))
18 SYSTEMPATH\CodeIgniter.php(361): CodeIgniter\CodeIgniter->handleRequest(null, Object(Config\Cache), false)
19 FCPATH\index.php(79): CodeIgniter\CodeIgniter->run()
20 SYSTEMPATH\Commands\Server\rewrite.php(47): require_once('C:\\2023project\\aparus3\\public\\index.php')
INFO - 2025-02-13 05:23:42 --> Session: Class initialized using 'CodeIgniter\Session\Handlers\FileHandler' driver.
WARNING - 2025-02-13 05:23:42 --> [DEPRECATED] Creation of dynamic property App\Controllers\Penghuni::$session is deprecated in APPPATH\Controllers\BaseController.php on line 56.
 1 SYSTEMPATH\CodeIgniter.php(915): App\Controllers\BaseController->initController(Object(CodeIgniter\HTTP\IncomingRequest), Object(CodeIgniter\HTTP\Response), Object(CodeIgniter\Log\Logger))
 2 SYSTEMPATH\CodeIgniter.php(493): CodeIgniter\CodeIgniter->createController()
 3 SYSTEMPATH\CodeIgniter.php(361): CodeIgniter\CodeIgniter->handleRequest(null, Object(Config\Cache), false)
 4 FCPATH\index.php(79): CodeIgniter\CodeIgniter->run()
 5 SYSTEMPATH\Commands\Server\rewrite.php(47): require_once('C:\\2023project\\aparus3\\public\\index.php')
WARNING - 2025-02-13 05:23:42 --> [DEPRECATED] Creation of dynamic property App\Controllers\Shortcut::$session is deprecated in APPPATH\Controllers\BaseController.php on line 56.
 1 SYSTEMPATH\View\Cell.php(96): App\Controllers\BaseController->initController(Object(CodeIgniter\HTTP\IncomingRequest), Object(CodeIgniter\HTTP\Response), Object(CodeIgniter\Log\Logger))
 2 SYSTEMPATH\Common.php(1206): CodeIgniter\View\Cell->render('App\\Controllers\\Shortcut::loadShortcut', [], 0, 'AppControllersShortcutloadShortcut40cd750bba9870f18aada2478b24840a')
 3 APPPATH\Views\partials\topbar.php(157): view_cell('App\\Controllers\\Shortcut::loadShortcut')
 4 SYSTEMPATH\View\View.php(228): include('C:\\2023project\\aparus3\\app\\Views\\partials\\topbar.php')
 5 SYSTEMPATH\View\View.php(231): CodeIgniter\View\View->CodeIgniter\View\{closure}()
 6 SYSTEMPATH\View\View.php(469): CodeIgniter\View\View->render('partials/topbar', null, true)
 7 APPPATH\Views\partials\menu.php(1): CodeIgniter\View\View->include('partials/topbar')
 8 SYSTEMPATH\View\View.php(228): include('C:\\2023project\\aparus3\\app\\Views\\partials\\menu.php')
 9 SYSTEMPATH\View\View.php(231): CodeIgniter\View\View->CodeIgniter\View\{closure}()
10 SYSTEMPATH\View\View.php(469): CodeIgniter\View\View->render('partials/menu', null, true)
11 APPPATH\Views\penghuni\list.php(18): CodeIgniter\View\View->include('partials/menu')
12 SYSTEMPATH\View\View.php(228): include('C:\\2023project\\aparus3\\app\\Views\\penghuni\\list.php')
13 SYSTEMPATH\View\View.php(231): CodeIgniter\View\View->CodeIgniter\View\{closure}()
14 SYSTEMPATH\Common.php(1190): CodeIgniter\View\View->render('penghuni/list', [], true)
15 APPPATH\Controllers\Penghuni.php(229): view('penghuni/list', [...])
16 SYSTEMPATH\CodeIgniter.php(942): App\Controllers\Penghuni->list()
17 SYSTEMPATH\CodeIgniter.php(502): CodeIgniter\CodeIgniter->runController(Object(App\Controllers\Penghuni))
18 SYSTEMPATH\CodeIgniter.php(361): CodeIgniter\CodeIgniter->handleRequest(null, Object(Config\Cache), false)
19 FCPATH\index.php(79): CodeIgniter\CodeIgniter->run()
20 SYSTEMPATH\Commands\Server\rewrite.php(47): require_once('C:\\2023project\\aparus3\\public\\index.php')
INFO - 2025-02-13 05:23:48 --> Session: Class initialized using 'CodeIgniter\Session\Handlers\FileHandler' driver.
WARNING - 2025-02-13 05:23:48 --> [DEPRECATED] Creation of dynamic property App\Controllers\Penghuni::$session is deprecated in APPPATH\Controllers\BaseController.php on line 56.
 1 SYSTEMPATH\CodeIgniter.php(915): App\Controllers\BaseController->initController(Object(CodeIgniter\HTTP\IncomingRequest), Object(CodeIgniter\HTTP\Response), Object(CodeIgniter\Log\Logger))
 2 SYSTEMPATH\CodeIgniter.php(493): CodeIgniter\CodeIgniter->createController()
 3 SYSTEMPATH\CodeIgniter.php(361): CodeIgniter\CodeIgniter->handleRequest(null, Object(Config\Cache), false)
 4 FCPATH\index.php(79): CodeIgniter\CodeIgniter->run()
 5 SYSTEMPATH\Commands\Server\rewrite.php(47): require_once('C:\\2023project\\aparus3\\public\\index.php')
WARNING - 2025-02-13 05:23:48 --> [DEPRECATED] Creation of dynamic property App\Controllers\Shortcut::$session is deprecated in APPPATH\Controllers\BaseController.php on line 56.
 1 SYSTEMPATH\View\Cell.php(96): App\Controllers\BaseController->initController(Object(CodeIgniter\HTTP\IncomingRequest), Object(CodeIgniter\HTTP\Response), Object(CodeIgniter\Log\Logger))
 2 SYSTEMPATH\Common.php(1206): CodeIgniter\View\Cell->render('App\\Controllers\\Shortcut::loadShortcut', [], 0, 'AppControllersShortcutloadShortcut40cd750bba9870f18aada2478b24840a')
 3 APPPATH\Views\partials\topbar.php(157): view_cell('App\\Controllers\\Shortcut::loadShortcut')
 4 SYSTEMPATH\View\View.php(228): include('C:\\2023project\\aparus3\\app\\Views\\partials\\topbar.php')
 5 SYSTEMPATH\View\View.php(231): CodeIgniter\View\View->CodeIgniter\View\{closure}()
 6 SYSTEMPATH\View\View.php(469): CodeIgniter\View\View->render('partials/topbar', null, true)
 7 APPPATH\Views\partials\menu.php(1): CodeIgniter\View\View->include('partials/topbar')
 8 SYSTEMPATH\View\View.php(228): include('C:\\2023project\\aparus3\\app\\Views\\partials\\menu.php')
 9 SYSTEMPATH\View\View.php(231): CodeIgniter\View\View->CodeIgniter\View\{closure}()
10 SYSTEMPATH\View\View.php(469): CodeIgniter\View\View->render('partials/menu', null, true)
11 APPPATH\Views\penghuni\detail.php(18): CodeIgniter\View\View->include('partials/menu')
12 SYSTEMPATH\View\View.php(228): include('C:\\2023project\\aparus3\\app\\Views\\penghuni\\detail.php')
13 SYSTEMPATH\View\View.php(231): CodeIgniter\View\View->CodeIgniter\View\{closure}()
14 SYSTEMPATH\Common.php(1190): CodeIgniter\View\View->render('penghuni/detail', [], true)
15 APPPATH\Controllers\Penghuni.php(264): view('penghuni/detail', [...])
16 SYSTEMPATH\CodeIgniter.php(942): App\Controllers\Penghuni->detail('3d3efd21fe')
17 SYSTEMPATH\CodeIgniter.php(502): CodeIgniter\CodeIgniter->runController(Object(App\Controllers\Penghuni))
18 SYSTEMPATH\CodeIgniter.php(361): CodeIgniter\CodeIgniter->handleRequest(null, Object(Config\Cache), false)
19 FCPATH\index.php(79): CodeIgniter\CodeIgniter->run()
20 SYSTEMPATH\Commands\Server\rewrite.php(47): require_once('C:\\2023project\\aparus3\\public\\index.php')
INFO - 2025-02-13 05:23:51 --> Session: Class initialized using 'CodeIgniter\Session\Handlers\FileHandler' driver.
WARNING - 2025-02-13 05:23:51 --> [DEPRECATED] Creation of dynamic property App\Controllers\Penghuni::$session is deprecated in APPPATH\Controllers\BaseController.php on line 56.
 1 SYSTEMPATH\CodeIgniter.php(915): App\Controllers\BaseController->initController(Object(CodeIgniter\HTTP\IncomingRequest), Object(CodeIgniter\HTTP\Response), Object(CodeIgniter\Log\Logger))
 2 SYSTEMPATH\CodeIgniter.php(493): CodeIgniter\CodeIgniter->createController()
 3 SYSTEMPATH\CodeIgniter.php(361): CodeIgniter\CodeIgniter->handleRequest(null, Object(Config\Cache), false)
 4 FCPATH\index.php(79): CodeIgniter\CodeIgniter->run()
 5 SYSTEMPATH\Commands\Server\rewrite.php(47): require_once('C:\\2023project\\aparus3\\public\\index.php')
WARNING - 2025-02-13 05:23:51 --> [DEPRECATED] Creation of dynamic property App\Controllers\Shortcut::$session is deprecated in APPPATH\Controllers\BaseController.php on line 56.
 1 SYSTEMPATH\View\Cell.php(96): App\Controllers\BaseController->initController(Object(CodeIgniter\HTTP\IncomingRequest), Object(CodeIgniter\HTTP\Response), Object(CodeIgniter\Log\Logger))
 2 SYSTEMPATH\Common.php(1206): CodeIgniter\View\Cell->render('App\\Controllers\\Shortcut::loadShortcut', [], 0, 'AppControllersShortcutloadShortcut40cd750bba9870f18aada2478b24840a')
 3 APPPATH\Views\partials\topbar.php(157): view_cell('App\\Controllers\\Shortcut::loadShortcut')
 4 SYSTEMPATH\View\View.php(228): include('C:\\2023project\\aparus3\\app\\Views\\partials\\topbar.php')
 5 SYSTEMPATH\View\View.php(231): CodeIgniter\View\View->CodeIgniter\View\{closure}()
 6 SYSTEMPATH\View\View.php(469): CodeIgniter\View\View->render('partials/topbar', null, true)
 7 APPPATH\Views\partials\menu.php(1): CodeIgniter\View\View->include('partials/topbar')
 8 SYSTEMPATH\View\View.php(228): include('C:\\2023project\\aparus3\\app\\Views\\partials\\menu.php')
 9 SYSTEMPATH\View\View.php(231): CodeIgniter\View\View->CodeIgniter\View\{closure}()
10 SYSTEMPATH\View\View.php(469): CodeIgniter\View\View->render('partials/menu', null, true)
11 APPPATH\Views\penghuni\anggotakeluarga.php(18): CodeIgniter\View\View->include('partials/menu')
12 SYSTEMPATH\View\View.php(228): include('C:\\2023project\\aparus3\\app\\Views\\penghuni\\anggotakeluarga.php')
13 SYSTEMPATH\View\View.php(231): CodeIgniter\View\View->CodeIgniter\View\{closure}()
14 SYSTEMPATH\Common.php(1190): CodeIgniter\View\View->render('penghuni/anggotakeluarga', [], true)
15 APPPATH\Controllers\Penghuni.php(278): view('penghuni/anggotakeluarga', [...])
16 SYSTEMPATH\CodeIgniter.php(942): App\Controllers\Penghuni->anggotaKeluarga('3d3efd21fe')
17 SYSTEMPATH\CodeIgniter.php(502): CodeIgniter\CodeIgniter->runController(Object(App\Controllers\Penghuni))
18 SYSTEMPATH\CodeIgniter.php(361): CodeIgniter\CodeIgniter->handleRequest(null, Object(Config\Cache), false)
19 FCPATH\index.php(79): CodeIgniter\CodeIgniter->run()
20 SYSTEMPATH\Commands\Server\rewrite.php(47): require_once('C:\\2023project\\aparus3\\public\\index.php')
INFO - 2025-02-13 05:23:53 --> Session: Class initialized using 'CodeIgniter\Session\Handlers\FileHandler' driver.
WARNING - 2025-02-13 05:23:53 --> [DEPRECATED] Creation of dynamic property App\Controllers\Penghuni::$session is deprecated in APPPATH\Controllers\BaseController.php on line 56.
 1 SYSTEMPATH\CodeIgniter.php(915): App\Controllers\BaseController->initController(Object(CodeIgniter\HTTP\IncomingRequest), Object(CodeIgniter\HTTP\Response), Object(CodeIgniter\Log\Logger))
 2 SYSTEMPATH\CodeIgniter.php(493): CodeIgniter\CodeIgniter->createController()
 3 SYSTEMPATH\CodeIgniter.php(361): CodeIgniter\CodeIgniter->handleRequest(null, Object(Config\Cache), false)
 4 FCPATH\index.php(79): CodeIgniter\CodeIgniter->run()
 5 SYSTEMPATH\Commands\Server\rewrite.php(47): require_once('C:\\2023project\\aparus3\\public\\index.php')
WARNING - 2025-02-13 05:23:53 --> [DEPRECATED] Creation of dynamic property App\Controllers\Shortcut::$session is deprecated in APPPATH\Controllers\BaseController.php on line 56.
 1 SYSTEMPATH\View\Cell.php(96): App\Controllers\BaseController->initController(Object(CodeIgniter\HTTP\IncomingRequest), Object(CodeIgniter\HTTP\Response), Object(CodeIgniter\Log\Logger))
 2 SYSTEMPATH\Common.php(1206): CodeIgniter\View\Cell->render('App\\Controllers\\Shortcut::loadShortcut', [], 0, 'AppControllersShortcutloadShortcut40cd750bba9870f18aada2478b24840a')
 3 APPPATH\Views\partials\topbar.php(157): view_cell('App\\Controllers\\Shortcut::loadShortcut')
 4 SYSTEMPATH\View\View.php(228): include('C:\\2023project\\aparus3\\app\\Views\\partials\\topbar.php')
 5 SYSTEMPATH\View\View.php(231): CodeIgniter\View\View->CodeIgniter\View\{closure}()
 6 SYSTEMPATH\View\View.php(469): CodeIgniter\View\View->render('partials/topbar', null, true)
 7 APPPATH\Views\partials\menu.php(1): CodeIgniter\View\View->include('partials/topbar')
 8 SYSTEMPATH\View\View.php(228): include('C:\\2023project\\aparus3\\app\\Views\\partials\\menu.php')
 9 SYSTEMPATH\View\View.php(231): CodeIgniter\View\View->CodeIgniter\View\{closure}()
10 SYSTEMPATH\View\View.php(469): CodeIgniter\View\View->render('partials/menu', null, true)
11 APPPATH\Views\penghuni\dokumen.php(18): CodeIgniter\View\View->include('partials/menu')
12 SYSTEMPATH\View\View.php(228): include('C:\\2023project\\aparus3\\app\\Views\\penghuni\\dokumen.php')
13 SYSTEMPATH\View\View.php(231): CodeIgniter\View\View->CodeIgniter\View\{closure}()
14 SYSTEMPATH\Common.php(1190): CodeIgniter\View\View->render('penghuni/dokumen', [], true)
15 APPPATH\Controllers\Penghuni.php(271): view('penghuni/dokumen', [...])
16 SYSTEMPATH\CodeIgniter.php(942): App\Controllers\Penghuni->dokumen('3d3efd21fe')
17 SYSTEMPATH\CodeIgniter.php(502): CodeIgniter\CodeIgniter->runController(Object(App\Controllers\Penghuni))
18 SYSTEMPATH\CodeIgniter.php(361): CodeIgniter\CodeIgniter->handleRequest(null, Object(Config\Cache), false)
19 FCPATH\index.php(79): CodeIgniter\CodeIgniter->run()
20 SYSTEMPATH\Commands\Server\rewrite.php(47): require_once('C:\\2023project\\aparus3\\public\\index.php')
INFO - 2025-02-13 05:24:03 --> Session: Class initialized using 'CodeIgniter\Session\Handlers\FileHandler' driver.
WARNING - 2025-02-13 05:24:03 --> [DEPRECATED] Creation of dynamic property App\Controllers\ReportHunian::$session is deprecated in APPPATH\Controllers\BaseController.php on line 56.
 1 SYSTEMPATH\CodeIgniter.php(915): App\Controllers\BaseController->initController(Object(CodeIgniter\HTTP\IncomingRequest), Object(CodeIgniter\HTTP\Response), Object(CodeIgniter\Log\Logger))
 2 SYSTEMPATH\CodeIgniter.php(493): CodeIgniter\CodeIgniter->createController()
 3 SYSTEMPATH\CodeIgniter.php(361): CodeIgniter\CodeIgniter->handleRequest(null, Object(Config\Cache), false)
 4 FCPATH\index.php(79): CodeIgniter\CodeIgniter->run()
 5 SYSTEMPATH\Commands\Server\rewrite.php(47): require_once('C:\\2023project\\aparus3\\public\\index.php')
WARNING - 2025-02-13 05:24:03 --> [DEPRECATED] Creation of dynamic property App\Controllers\Shortcut::$session is deprecated in APPPATH\Controllers\BaseController.php on line 56.
 1 SYSTEMPATH\View\Cell.php(96): App\Controllers\BaseController->initController(Object(CodeIgniter\HTTP\IncomingRequest), Object(CodeIgniter\HTTP\Response), Object(CodeIgniter\Log\Logger))
 2 SYSTEMPATH\Common.php(1206): CodeIgniter\View\Cell->render('App\\Controllers\\Shortcut::loadShortcut', [], 0, 'AppControllersShortcutloadShortcut40cd750bba9870f18aada2478b24840a')
 3 APPPATH\Views\partials\topbar.php(157): view_cell('App\\Controllers\\Shortcut::loadShortcut')
 4 SYSTEMPATH\View\View.php(228): include('C:\\2023project\\aparus3\\app\\Views\\partials\\topbar.php')
 5 SYSTEMPATH\View\View.php(231): CodeIgniter\View\View->CodeIgniter\View\{closure}()
 6 SYSTEMPATH\View\View.php(469): CodeIgniter\View\View->render('partials/topbar', null, true)
 7 APPPATH\Views\partials\menu.php(1): CodeIgniter\View\View->include('partials/topbar')
 8 SYSTEMPATH\View\View.php(228): include('C:\\2023project\\aparus3\\app\\Views\\partials\\menu.php')
 9 SYSTEMPATH\View\View.php(231): CodeIgniter\View\View->CodeIgniter\View\{closure}()
10 SYSTEMPATH\View\View.php(469): CodeIgniter\View\View->render('partials/menu', null, true)
11 APPPATH\Views\report\penghuni.php(11): CodeIgniter\View\View->include('partials/menu')
12 SYSTEMPATH\View\View.php(228): include('C:\\2023project\\aparus3\\app\\Views\\report\\penghuni.php')
13 SYSTEMPATH\View\View.php(231): CodeIgniter\View\View->CodeIgniter\View\{closure}()
14 SYSTEMPATH\Common.php(1190): CodeIgniter\View\View->render('report/penghuni', [], true)
15 APPPATH\Controllers\ReportHunian.php(61): view('report/penghuni', [...])
16 SYSTEMPATH\CodeIgniter.php(942): App\Controllers\ReportHunian->penghuni()
17 SYSTEMPATH\CodeIgniter.php(502): CodeIgniter\CodeIgniter->runController(Object(App\Controllers\ReportHunian))
18 SYSTEMPATH\CodeIgniter.php(361): CodeIgniter\CodeIgniter->handleRequest(null, Object(Config\Cache), false)
19 FCPATH\index.php(79): CodeIgniter\CodeIgniter->run()
20 SYSTEMPATH\Commands\Server\rewrite.php(47): require_once('C:\\2023project\\aparus3\\public\\index.php')
INFO - 2025-02-13 05:24:04 --> Session: Class initialized using 'CodeIgniter\Session\Handlers\FileHandler' driver.
INFO - 2025-02-13 05:24:04 --> Session: Class initialized using 'CodeIgniter\Session\Handlers\FileHandler' driver.
INFO - 2025-02-13 05:24:06 --> Session: Class initialized using 'CodeIgniter\Session\Handlers\FileHandler' driver.
WARNING - 2025-02-13 05:24:06 --> [DEPRECATED] Creation of dynamic property App\Controllers\ReportHunian::$session is deprecated in APPPATH\Controllers\BaseController.php on line 56.
 1 SYSTEMPATH\CodeIgniter.php(915): App\Controllers\BaseController->initController(Object(CodeIgniter\HTTP\IncomingRequest), Object(CodeIgniter\HTTP\Response), Object(CodeIgniter\Log\Logger))
 2 SYSTEMPATH\CodeIgniter.php(493): CodeIgniter\CodeIgniter->createController()
 3 SYSTEMPATH\CodeIgniter.php(361): CodeIgniter\CodeIgniter->handleRequest(null, Object(Config\Cache), false)
 4 FCPATH\index.php(79): CodeIgniter\CodeIgniter->run()
 5 SYSTEMPATH\Commands\Server\rewrite.php(47): require_once('C:\\2023project\\aparus3\\public\\index.php')
WARNING - 2025-02-13 05:24:06 --> [DEPRECATED] Creation of dynamic property App\Controllers\Shortcut::$session is deprecated in APPPATH\Controllers\BaseController.php on line 56.
 1 SYSTEMPATH\View\Cell.php(96): App\Controllers\BaseController->initController(Object(CodeIgniter\HTTP\IncomingRequest), Object(CodeIgniter\HTTP\Response), Object(CodeIgniter\Log\Logger))
 2 SYSTEMPATH\Common.php(1206): CodeIgniter\View\Cell->render('App\\Controllers\\Shortcut::loadShortcut', [], 0, 'AppControllersShortcutloadShortcut40cd750bba9870f18aada2478b24840a')
 3 APPPATH\Views\partials\topbar.php(157): view_cell('App\\Controllers\\Shortcut::loadShortcut')
 4 SYSTEMPATH\View\View.php(228): include('C:\\2023project\\aparus3\\app\\Views\\partials\\topbar.php')
 5 SYSTEMPATH\View\View.php(231): CodeIgniter\View\View->CodeIgniter\View\{closure}()
 6 SYSTEMPATH\View\View.php(469): CodeIgniter\View\View->render('partials/topbar', null, true)
 7 APPPATH\Views\partials\menu.php(1): CodeIgniter\View\View->include('partials/topbar')
 8 SYSTEMPATH\View\View.php(228): include('C:\\2023project\\aparus3\\app\\Views\\partials\\menu.php')
 9 SYSTEMPATH\View\View.php(231): CodeIgniter\View\View->CodeIgniter\View\{closure}()
10 SYSTEMPATH\View\View.php(469): CodeIgniter\View\View->render('partials/menu', null, true)
11 APPPATH\Views\report\statistik_gender.php(11): CodeIgniter\View\View->include('partials/menu')
12 SYSTEMPATH\View\View.php(228): include('C:\\2023project\\aparus3\\app\\Views\\report\\statistik_gender.php')
13 SYSTEMPATH\View\View.php(231): CodeIgniter\View\View->CodeIgniter\View\{closure}()
14 SYSTEMPATH\Common.php(1190): CodeIgniter\View\View->render('report/statistik_gender', [], true)
15 APPPATH\Controllers\ReportHunian.php(102): view('report/statistik_gender', [...])
16 SYSTEMPATH\CodeIgniter.php(942): App\Controllers\ReportHunian->statistikGender()
17 SYSTEMPATH\CodeIgniter.php(502): CodeIgniter\CodeIgniter->runController(Object(App\Controllers\ReportHunian))
18 SYSTEMPATH\CodeIgniter.php(361): CodeIgniter\CodeIgniter->handleRequest(null, Object(Config\Cache), false)
19 FCPATH\index.php(79): CodeIgniter\CodeIgniter->run()
20 SYSTEMPATH\Commands\Server\rewrite.php(47): require_once('C:\\2023project\\aparus3\\public\\index.php')
INFO - 2025-02-13 05:25:27 --> Session: Class initialized using 'CodeIgniter\Session\Handlers\FileHandler' driver.
WARNING - 2025-02-13 05:25:27 --> [DEPRECATED] Creation of dynamic property App\Controllers\ReportHunian::$session is deprecated in APPPATH\Controllers\BaseController.php on line 56.
 1 SYSTEMPATH\CodeIgniter.php(915): App\Controllers\BaseController->initController(Object(CodeIgniter\HTTP\IncomingRequest), Object(CodeIgniter\HTTP\Response), Object(CodeIgniter\Log\Logger))
 2 SYSTEMPATH\CodeIgniter.php(493): CodeIgniter\CodeIgniter->createController()
 3 SYSTEMPATH\CodeIgniter.php(361): CodeIgniter\CodeIgniter->handleRequest(null, Object(Config\Cache), false)
 4 FCPATH\index.php(79): CodeIgniter\CodeIgniter->run()
 5 SYSTEMPATH\Commands\Server\rewrite.php(47): require_once('C:\\2023project\\aparus3\\public\\index.php')
WARNING - 2025-02-13 05:25:27 --> [DEPRECATED] Creation of dynamic property App\Controllers\Shortcut::$session is deprecated in APPPATH\Controllers\BaseController.php on line 56.
 1 SYSTEMPATH\View\Cell.php(96): App\Controllers\BaseController->initController(Object(CodeIgniter\HTTP\IncomingRequest), Object(CodeIgniter\HTTP\Response), Object(CodeIgniter\Log\Logger))
 2 SYSTEMPATH\Common.php(1206): CodeIgniter\View\Cell->render('App\\Controllers\\Shortcut::loadShortcut', [], 0, 'AppControllersShortcutloadShortcut40cd750bba9870f18aada2478b24840a')
 3 APPPATH\Views\partials\topbar.php(157): view_cell('App\\Controllers\\Shortcut::loadShortcut')
 4 SYSTEMPATH\View\View.php(228): include('C:\\2023project\\aparus3\\app\\Views\\partials\\topbar.php')
 5 SYSTEMPATH\View\View.php(231): CodeIgniter\View\View->CodeIgniter\View\{closure}()
 6 SYSTEMPATH\View\View.php(469): CodeIgniter\View\View->render('partials/topbar', null, true)
 7 APPPATH\Views\partials\menu.php(1): CodeIgniter\View\View->include('partials/topbar')
 8 SYSTEMPATH\View\View.php(228): include('C:\\2023project\\aparus3\\app\\Views\\partials\\menu.php')
 9 SYSTEMPATH\View\View.php(231): CodeIgniter\View\View->CodeIgniter\View\{closure}()
10 SYSTEMPATH\View\View.php(469): CodeIgniter\View\View->render('partials/menu', null, true)
11 APPPATH\Views\report\statistik_gender.php(11): CodeIgniter\View\View->include('partials/menu')
12 SYSTEMPATH\View\View.php(228): include('C:\\2023project\\aparus3\\app\\Views\\report\\statistik_gender.php')
13 SYSTEMPATH\View\View.php(231): CodeIgniter\View\View->CodeIgniter\View\{closure}()
14 SYSTEMPATH\Common.php(1190): CodeIgniter\View\View->render('report/statistik_gender', [], true)
15 APPPATH\Controllers\ReportHunian.php(102): view('report/statistik_gender', [...])
16 SYSTEMPATH\CodeIgniter.php(942): App\Controllers\ReportHunian->statistikGender()
17 SYSTEMPATH\CodeIgniter.php(502): CodeIgniter\CodeIgniter->runController(Object(App\Controllers\ReportHunian))
18 SYSTEMPATH\CodeIgniter.php(361): CodeIgniter\CodeIgniter->handleRequest(null, Object(Config\Cache), false)
19 FCPATH\index.php(79): CodeIgniter\CodeIgniter->run()
20 SYSTEMPATH\Commands\Server\rewrite.php(47): require_once('C:\\2023project\\aparus3\\public\\index.php')
INFO - 2025-02-13 05:32:25 --> Session: Class initialized using 'CodeIgniter\Session\Handlers\FileHandler' driver.
WARNING - 2025-02-13 05:32:25 --> [DEPRECATED] Creation of dynamic property App\Controllers\ReportHunian::$session is deprecated in APPPATH\Controllers\BaseController.php on line 56.
 1 SYSTEMPATH\CodeIgniter.php(915): App\Controllers\BaseController->initController(Object(CodeIgniter\HTTP\IncomingRequest), Object(CodeIgniter\HTTP\Response), Object(CodeIgniter\Log\Logger))
 2 SYSTEMPATH\CodeIgniter.php(493): CodeIgniter\CodeIgniter->createController()
 3 SYSTEMPATH\CodeIgniter.php(361): CodeIgniter\CodeIgniter->handleRequest(null, Object(Config\Cache), false)
 4 FCPATH\index.php(79): CodeIgniter\CodeIgniter->run()
 5 SYSTEMPATH\Commands\Server\rewrite.php(47): require_once('C:\\2023project\\aparus3\\public\\index.php')
WARNING - 2025-02-13 05:32:25 --> [DEPRECATED] Creation of dynamic property App\Controllers\Shortcut::$session is deprecated in APPPATH\Controllers\BaseController.php on line 56.
 1 SYSTEMPATH\View\Cell.php(96): App\Controllers\BaseController->initController(Object(CodeIgniter\HTTP\IncomingRequest), Object(CodeIgniter\HTTP\Response), Object(CodeIgniter\Log\Logger))
 2 SYSTEMPATH\Common.php(1206): CodeIgniter\View\Cell->render('App\\Controllers\\Shortcut::loadShortcut', [], 0, 'AppControllersShortcutloadShortcut40cd750bba9870f18aada2478b24840a')
 3 APPPATH\Views\partials\topbar.php(157): view_cell('App\\Controllers\\Shortcut::loadShortcut')
 4 SYSTEMPATH\View\View.php(228): include('C:\\2023project\\aparus3\\app\\Views\\partials\\topbar.php')
 5 SYSTEMPATH\View\View.php(231): CodeIgniter\View\View->CodeIgniter\View\{closure}()
 6 SYSTEMPATH\View\View.php(469): CodeIgniter\View\View->render('partials/topbar', null, true)
 7 APPPATH\Views\partials\menu.php(1): CodeIgniter\View\View->include('partials/topbar')
 8 SYSTEMPATH\View\View.php(228): include('C:\\2023project\\aparus3\\app\\Views\\partials\\menu.php')
 9 SYSTEMPATH\View\View.php(231): CodeIgniter\View\View->CodeIgniter\View\{closure}()
10 SYSTEMPATH\View\View.php(469): CodeIgniter\View\View->render('partials/menu', null, true)
11 APPPATH\Views\report\statistik_gender.php(11): CodeIgniter\View\View->include('partials/menu')
12 SYSTEMPATH\View\View.php(228): include('C:\\2023project\\aparus3\\app\\Views\\report\\statistik_gender.php')
13 SYSTEMPATH\View\View.php(231): CodeIgniter\View\View->CodeIgniter\View\{closure}()
14 SYSTEMPATH\Common.php(1190): CodeIgniter\View\View->render('report/statistik_gender', [], true)
15 APPPATH\Controllers\ReportHunian.php(102): view('report/statistik_gender', [...])
16 SYSTEMPATH\CodeIgniter.php(942): App\Controllers\ReportHunian->statistikGender()
17 SYSTEMPATH\CodeIgniter.php(502): CodeIgniter\CodeIgniter->runController(Object(App\Controllers\ReportHunian))
18 SYSTEMPATH\CodeIgniter.php(361): CodeIgniter\CodeIgniter->handleRequest(null, Object(Config\Cache), false)
19 FCPATH\index.php(79): CodeIgniter\CodeIgniter->run()
20 SYSTEMPATH\Commands\Server\rewrite.php(47): require_once('C:\\2023project\\aparus3\\public\\index.php')
INFO - 2025-02-13 05:38:32 --> Session: Class initialized using 'CodeIgniter\Session\Handlers\FileHandler' driver.
WARNING - 2025-02-13 05:38:33 --> [DEPRECATED] Creation of dynamic property App\Controllers\Penghuni::$session is deprecated in APPPATH\Controllers\BaseController.php on line 56.
 1 SYSTEMPATH\CodeIgniter.php(915): App\Controllers\BaseController->initController(Object(CodeIgniter\HTTP\IncomingRequest), Object(CodeIgniter\HTTP\Response), Object(CodeIgniter\Log\Logger))
 2 SYSTEMPATH\CodeIgniter.php(493): CodeIgniter\CodeIgniter->createController()
 3 SYSTEMPATH\CodeIgniter.php(361): CodeIgniter\CodeIgniter->handleRequest(null, Object(Config\Cache), false)
 4 FCPATH\index.php(79): CodeIgniter\CodeIgniter->run()
 5 SYSTEMPATH\Commands\Server\rewrite.php(47): require_once('C:\\2023project\\aparus3\\public\\index.php')
WARNING - 2025-02-13 05:38:33 --> [DEPRECATED] Creation of dynamic property App\Controllers\Shortcut::$session is deprecated in APPPATH\Controllers\BaseController.php on line 56.
 1 SYSTEMPATH\View\Cell.php(96): App\Controllers\BaseController->initController(Object(CodeIgniter\HTTP\IncomingRequest), Object(CodeIgniter\HTTP\Response), Object(CodeIgniter\Log\Logger))
 2 SYSTEMPATH\Common.php(1206): CodeIgniter\View\Cell->render('App\\Controllers\\Shortcut::loadShortcut', [], 0, 'AppControllersShortcutloadShortcut40cd750bba9870f18aada2478b24840a')
 3 APPPATH\Views\partials\topbar.php(157): view_cell('App\\Controllers\\Shortcut::loadShortcut')
 4 SYSTEMPATH\View\View.php(228): include('C:\\2023project\\aparus3\\app\\Views\\partials\\topbar.php')
 5 SYSTEMPATH\View\View.php(231): CodeIgniter\View\View->CodeIgniter\View\{closure}()
 6 SYSTEMPATH\View\View.php(469): CodeIgniter\View\View->render('partials/topbar', null, true)
 7 APPPATH\Views\partials\menu.php(1): CodeIgniter\View\View->include('partials/topbar')
 8 SYSTEMPATH\View\View.php(228): include('C:\\2023project\\aparus3\\app\\Views\\partials\\menu.php')
 9 SYSTEMPATH\View\View.php(231): CodeIgniter\View\View->CodeIgniter\View\{closure}()
10 SYSTEMPATH\View\View.php(469): CodeIgniter\View\View->render('partials/menu', null, true)
11 APPPATH\Views\penghuni\list.php(18): CodeIgniter\View\View->include('partials/menu')
12 SYSTEMPATH\View\View.php(228): include('C:\\2023project\\aparus3\\app\\Views\\penghuni\\list.php')
13 SYSTEMPATH\View\View.php(231): CodeIgniter\View\View->CodeIgniter\View\{closure}()
14 SYSTEMPATH\Common.php(1190): CodeIgniter\View\View->render('penghuni/list', [], true)
15 APPPATH\Controllers\Penghuni.php(229): view('penghuni/list', [...])
16 SYSTEMPATH\CodeIgniter.php(942): App\Controllers\Penghuni->list()
17 SYSTEMPATH\CodeIgniter.php(502): CodeIgniter\CodeIgniter->runController(Object(App\Controllers\Penghuni))
18 SYSTEMPATH\CodeIgniter.php(361): CodeIgniter\CodeIgniter->handleRequest(null, Object(Config\Cache), false)
19 FCPATH\index.php(79): CodeIgniter\CodeIgniter->run()
20 SYSTEMPATH\Commands\Server\rewrite.php(47): require_once('C:\\2023project\\aparus3\\public\\index.php')
INFO - 2025-02-13 05:38:35 --> Session: Class initialized using 'CodeIgniter\Session\Handlers\FileHandler' driver.
INFO - 2025-02-13 05:38:36 --> Session: Class initialized using 'CodeIgniter\Session\Handlers\FileHandler' driver.
INFO - 2025-02-13 05:38:36 --> Session: Class initialized using 'CodeIgniter\Session\Handlers\FileHandler' driver.
INFO - 2025-02-13 05:38:37 --> Session: Class initialized using 'CodeIgniter\Session\Handlers\FileHandler' driver.
WARNING - 2025-02-13 05:38:37 --> [DEPRECATED] Creation of dynamic property App\Controllers\Penghuni::$session is deprecated in APPPATH\Controllers\BaseController.php on line 56.
 1 SYSTEMPATH\CodeIgniter.php(915): App\Controllers\BaseController->initController(Object(CodeIgniter\HTTP\IncomingRequest), Object(CodeIgniter\HTTP\Response), Object(CodeIgniter\Log\Logger))
 2 SYSTEMPATH\CodeIgniter.php(493): CodeIgniter\CodeIgniter->createController()
 3 SYSTEMPATH\CodeIgniter.php(361): CodeIgniter\CodeIgniter->handleRequest(null, Object(Config\Cache), false)
 4 FCPATH\index.php(79): CodeIgniter\CodeIgniter->run()
 5 SYSTEMPATH\Commands\Server\rewrite.php(47): require_once('C:\\2023project\\aparus3\\public\\index.php')
WARNING - 2025-02-13 05:38:37 --> [DEPRECATED] Creation of dynamic property App\Controllers\Shortcut::$session is deprecated in APPPATH\Controllers\BaseController.php on line 56.
 1 SYSTEMPATH\View\Cell.php(96): App\Controllers\BaseController->initController(Object(CodeIgniter\HTTP\IncomingRequest), Object(CodeIgniter\HTTP\Response), Object(CodeIgniter\Log\Logger))
 2 SYSTEMPATH\Common.php(1206): CodeIgniter\View\Cell->render('App\\Controllers\\Shortcut::loadShortcut', [], 0, 'AppControllersShortcutloadShortcut40cd750bba9870f18aada2478b24840a')
 3 APPPATH\Views\partials\topbar.php(157): view_cell('App\\Controllers\\Shortcut::loadShortcut')
 4 SYSTEMPATH\View\View.php(228): include('C:\\2023project\\aparus3\\app\\Views\\partials\\topbar.php')
 5 SYSTEMPATH\View\View.php(231): CodeIgniter\View\View->CodeIgniter\View\{closure}()
 6 SYSTEMPATH\View\View.php(469): CodeIgniter\View\View->render('partials/topbar', null, true)
 7 APPPATH\Views\partials\menu.php(1): CodeIgniter\View\View->include('partials/topbar')
 8 SYSTEMPATH\View\View.php(228): include('C:\\2023project\\aparus3\\app\\Views\\partials\\menu.php')
 9 SYSTEMPATH\View\View.php(231): CodeIgniter\View\View->CodeIgniter\View\{closure}()
10 SYSTEMPATH\View\View.php(469): CodeIgniter\View\View->render('partials/menu', null, true)
11 APPPATH\Views\penghuni\tambah.php(18): CodeIgniter\View\View->include('partials/menu')
12 SYSTEMPATH\View\View.php(228): include('C:\\2023project\\aparus3\\app\\Views\\penghuni\\tambah.php')
13 SYSTEMPATH\View\View.php(231): CodeIgniter\View\View->CodeIgniter\View\{closure}()
14 SYSTEMPATH\Common.php(1190): CodeIgniter\View\View->render('penghuni/tambah', [], true)
15 APPPATH\Controllers\Penghuni.php(238): view('penghuni/tambah', [...])
16 SYSTEMPATH\CodeIgniter.php(942): App\Controllers\Penghuni->baru()
17 SYSTEMPATH\CodeIgniter.php(502): CodeIgniter\CodeIgniter->runController(Object(App\Controllers\Penghuni))
18 SYSTEMPATH\CodeIgniter.php(361): CodeIgniter\CodeIgniter->handleRequest(null, Object(Config\Cache), false)
19 FCPATH\index.php(79): CodeIgniter\CodeIgniter->run()
20 SYSTEMPATH\Commands\Server\rewrite.php(47): require_once('C:\\2023project\\aparus3\\public\\index.php')
INFO - 2025-02-13 05:38:37 --> Session: Class initialized using 'CodeIgniter\Session\Handlers\FileHandler' driver.
INFO - 2025-02-13 05:38:38 --> Session: Class initialized using 'CodeIgniter\Session\Handlers\FileHandler' driver.
INFO - 2025-02-13 05:38:38 --> Session: Class initialized using 'CodeIgniter\Session\Handlers\FileHandler' driver.
INFO - 2025-02-13 05:38:45 --> Session: Class initialized using 'CodeIgniter\Session\Handlers\FileHandler' driver.
WARNING - 2025-02-13 05:38:45 --> [DEPRECATED] Creation of dynamic property App\Controllers\Kontrak::$session is deprecated in APPPATH\Controllers\BaseController.php on line 56.
 1 SYSTEMPATH\CodeIgniter.php(915): App\Controllers\BaseController->initController(Object(CodeIgniter\HTTP\IncomingRequest), Object(CodeIgniter\HTTP\Response), Object(CodeIgniter\Log\Logger))
 2 SYSTEMPATH\CodeIgniter.php(493): CodeIgniter\CodeIgniter->createController()
 3 SYSTEMPATH\CodeIgniter.php(361): CodeIgniter\CodeIgniter->handleRequest(null, Object(Config\Cache), false)
 4 FCPATH\index.php(79): CodeIgniter\CodeIgniter->run()
 5 SYSTEMPATH\Commands\Server\rewrite.php(47): require_once('C:\\2023project\\aparus3\\public\\index.php')
WARNING - 2025-02-13 05:38:45 --> [DEPRECATED] Creation of dynamic property App\Controllers\Shortcut::$session is deprecated in APPPATH\Controllers\BaseController.php on line 56.
 1 SYSTEMPATH\View\Cell.php(96): App\Controllers\BaseController->initController(Object(CodeIgniter\HTTP\IncomingRequest), Object(CodeIgniter\HTTP\Response), Object(CodeIgniter\Log\Logger))
 2 SYSTEMPATH\Common.php(1206): CodeIgniter\View\Cell->render('App\\Controllers\\Shortcut::loadShortcut', [], 0, 'AppControllersShortcutloadShortcut40cd750bba9870f18aada2478b24840a')
 3 APPPATH\Views\partials\topbar.php(157): view_cell('App\\Controllers\\Shortcut::loadShortcut')
 4 SYSTEMPATH\View\View.php(228): include('C:\\2023project\\aparus3\\app\\Views\\partials\\topbar.php')
 5 SYSTEMPATH\View\View.php(231): CodeIgniter\View\View->CodeIgniter\View\{closure}()
 6 SYSTEMPATH\View\View.php(469): CodeIgniter\View\View->render('partials/topbar', null, true)
 7 APPPATH\Views\partials\menu.php(1): CodeIgniter\View\View->include('partials/topbar')
 8 SYSTEMPATH\View\View.php(228): include('C:\\2023project\\aparus3\\app\\Views\\partials\\menu.php')
 9 SYSTEMPATH\View\View.php(231): CodeIgniter\View\View->CodeIgniter\View\{closure}()
10 SYSTEMPATH\View\View.php(469): CodeIgniter\View\View->render('partials/menu', null, true)
11 APPPATH\Views\kontrak\permohonan-masuk.php(18): CodeIgniter\View\View->include('partials/menu')
12 SYSTEMPATH\View\View.php(228): include('C:\\2023project\\aparus3\\app\\Views\\kontrak\\permohonan-masuk.php')
13 SYSTEMPATH\View\View.php(231): CodeIgniter\View\View->CodeIgniter\View\{closure}()
14 SYSTEMPATH\Common.php(1190): CodeIgniter\View\View->render('kontrak/permohonan-masuk', [], true)
15 APPPATH\Controllers\Kontrak.php(60): view('kontrak/permohonan-masuk', [...])
16 SYSTEMPATH\CodeIgniter.php(942): App\Controllers\Kontrak->permohonanMasuk()
17 SYSTEMPATH\CodeIgniter.php(502): CodeIgniter\CodeIgniter->runController(Object(App\Controllers\Kontrak))
18 SYSTEMPATH\CodeIgniter.php(361): CodeIgniter\CodeIgniter->handleRequest(null, Object(Config\Cache), false)
19 FCPATH\index.php(79): CodeIgniter\CodeIgniter->run()
20 SYSTEMPATH\Commands\Server\rewrite.php(47): require_once('C:\\2023project\\aparus3\\public\\index.php')
INFO - 2025-02-13 05:38:46 --> Session: Class initialized using 'CodeIgniter\Session\Handlers\FileHandler' driver.
INFO - 2025-02-13 05:38:46 --> Session: Class initialized using 'CodeIgniter\Session\Handlers\FileHandler' driver.
INFO - 2025-02-13 05:38:46 --> Session: Class initialized using 'CodeIgniter\Session\Handlers\FileHandler' driver.
INFO - 2025-02-13 05:38:49 --> Session: Class initialized using 'CodeIgniter\Session\Handlers\FileHandler' driver.
WARNING - 2025-02-13 05:38:49 --> [DEPRECATED] Creation of dynamic property App\Controllers\Rusun::$session is deprecated in APPPATH\Controllers\BaseController.php on line 56.
 1 SYSTEMPATH\CodeIgniter.php(915): App\Controllers\BaseController->initController(Object(CodeIgniter\HTTP\IncomingRequest), Object(CodeIgniter\HTTP\Response), Object(CodeIgniter\Log\Logger))
 2 SYSTEMPATH\CodeIgniter.php(493): CodeIgniter\CodeIgniter->createController()
 3 SYSTEMPATH\CodeIgniter.php(361): CodeIgniter\CodeIgniter->handleRequest(null, Object(Config\Cache), false)
 4 FCPATH\index.php(79): CodeIgniter\CodeIgniter->run()
 5 SYSTEMPATH\Commands\Server\rewrite.php(47): require_once('C:\\2023project\\aparus3\\public\\index.php')
WARNING - 2025-02-13 05:38:50 --> [DEPRECATED] Creation of dynamic property App\Controllers\Shortcut::$session is deprecated in APPPATH\Controllers\BaseController.php on line 56.
 1 SYSTEMPATH\View\Cell.php(96): App\Controllers\BaseController->initController(Object(CodeIgniter\HTTP\IncomingRequest), Object(CodeIgniter\HTTP\Response), Object(CodeIgniter\Log\Logger))
 2 SYSTEMPATH\Common.php(1206): CodeIgniter\View\Cell->render('App\\Controllers\\Shortcut::loadShortcut', [], 0, 'AppControllersShortcutloadShortcut40cd750bba9870f18aada2478b24840a')
 3 APPPATH\Views\partials\topbar.php(157): view_cell('App\\Controllers\\Shortcut::loadShortcut')
 4 SYSTEMPATH\View\View.php(228): include('C:\\2023project\\aparus3\\app\\Views\\partials\\topbar.php')
 5 SYSTEMPATH\View\View.php(231): CodeIgniter\View\View->CodeIgniter\View\{closure}()
 6 SYSTEMPATH\View\View.php(469): CodeIgniter\View\View->render('partials/topbar', null, true)
 7 APPPATH\Views\partials\menu.php(1): CodeIgniter\View\View->include('partials/topbar')
 8 SYSTEMPATH\View\View.php(228): include('C:\\2023project\\aparus3\\app\\Views\\partials\\menu.php')
 9 SYSTEMPATH\View\View.php(231): CodeIgniter\View\View->CodeIgniter\View\{closure}()
10 SYSTEMPATH\View\View.php(469): CodeIgniter\View\View->render('partials/menu', null, true)
11 APPPATH\Views\rusun\list.php(24): CodeIgniter\View\View->include('partials/menu')
12 SYSTEMPATH\View\View.php(228): include('C:\\2023project\\aparus3\\app\\Views\\rusun\\list.php')
13 SYSTEMPATH\View\View.php(231): CodeIgniter\View\View->CodeIgniter\View\{closure}()
14 SYSTEMPATH\Common.php(1190): CodeIgniter\View\View->render('rusun/list', [], true)
15 APPPATH\Controllers\Rusun.php(27): view('rusun/list', [...])
16 SYSTEMPATH\CodeIgniter.php(942): App\Controllers\Rusun->index()
17 SYSTEMPATH\CodeIgniter.php(502): CodeIgniter\CodeIgniter->runController(Object(App\Controllers\Rusun))
18 SYSTEMPATH\CodeIgniter.php(361): CodeIgniter\CodeIgniter->handleRequest(null, Object(Config\Cache), false)
19 FCPATH\index.php(79): CodeIgniter\CodeIgniter->run()
20 SYSTEMPATH\Commands\Server\rewrite.php(47): require_once('C:\\2023project\\aparus3\\public\\index.php')
INFO - 2025-02-13 05:38:50 --> Session: Class initialized using 'CodeIgniter\Session\Handlers\FileHandler' driver.
INFO - 2025-02-13 05:38:50 --> Session: Class initialized using 'CodeIgniter\Session\Handlers\FileHandler' driver.
INFO - 2025-02-13 05:38:50 --> Session: Class initialized using 'CodeIgniter\Session\Handlers\FileHandler' driver.
WARNING - 2025-02-13 05:38:50 --> [DEPRECATED] Creation of dynamic property App\Controllers\Rusun::$session is deprecated in APPPATH\Controllers\BaseController.php on line 56.
 1 SYSTEMPATH\CodeIgniter.php(915): App\Controllers\BaseController->initController(Object(CodeIgniter\HTTP\IncomingRequest), Object(CodeIgniter\HTTP\Response), Object(CodeIgniter\Log\Logger))
 2 SYSTEMPATH\CodeIgniter.php(493): CodeIgniter\CodeIgniter->createController()
 3 SYSTEMPATH\CodeIgniter.php(361): CodeIgniter\CodeIgniter->handleRequest(null, Object(Config\Cache), false)
 4 FCPATH\index.php(79): CodeIgniter\CodeIgniter->run()
 5 SYSTEMPATH\Commands\Server\rewrite.php(47): require_once('C:\\2023project\\aparus3\\public\\index.php')
WARNING - 2025-02-13 05:38:50 --> [DEPRECATED] Creation of dynamic property App\Controllers\Shortcut::$session is deprecated in APPPATH\Controllers\BaseController.php on line 56.
 1 SYSTEMPATH\View\Cell.php(96): App\Controllers\BaseController->initController(Object(CodeIgniter\HTTP\IncomingRequest), Object(CodeIgniter\HTTP\Response), Object(CodeIgniter\Log\Logger))
 2 SYSTEMPATH\Common.php(1206): CodeIgniter\View\Cell->render('App\\Controllers\\Shortcut::loadShortcut', [], 0, 'AppControllersShortcutloadShortcut40cd750bba9870f18aada2478b24840a')
 3 APPPATH\Views\partials\topbar.php(157): view_cell('App\\Controllers\\Shortcut::loadShortcut')
 4 SYSTEMPATH\View\View.php(228): include('C:\\2023project\\aparus3\\app\\Views\\partials\\topbar.php')
 5 SYSTEMPATH\View\View.php(231): CodeIgniter\View\View->CodeIgniter\View\{closure}()
 6 SYSTEMPATH\View\View.php(469): CodeIgniter\View\View->render('partials/topbar', null, true)
 7 APPPATH\Views\partials\menu.php(1): CodeIgniter\View\View->include('partials/topbar')
 8 SYSTEMPATH\View\View.php(228): include('C:\\2023project\\aparus3\\app\\Views\\partials\\menu.php')
 9 SYSTEMPATH\View\View.php(231): CodeIgniter\View\View->CodeIgniter\View\{closure}()
10 SYSTEMPATH\View\View.php(469): CodeIgniter\View\View->render('partials/menu', null, true)
11 APPPATH\Views\rusun\list.php(24): CodeIgniter\View\View->include('partials/menu')
12 SYSTEMPATH\View\View.php(228): include('C:\\2023project\\aparus3\\app\\Views\\rusun\\list.php')
13 SYSTEMPATH\View\View.php(231): CodeIgniter\View\View->CodeIgniter\View\{closure}()
14 SYSTEMPATH\Common.php(1190): CodeIgniter\View\View->render('rusun/list', [], true)
15 APPPATH\Controllers\Rusun.php(27): view('rusun/list', [...])
16 SYSTEMPATH\CodeIgniter.php(942): App\Controllers\Rusun->index()
17 SYSTEMPATH\CodeIgniter.php(502): CodeIgniter\CodeIgniter->runController(Object(App\Controllers\Rusun))
18 SYSTEMPATH\CodeIgniter.php(361): CodeIgniter\CodeIgniter->handleRequest(null, Object(Config\Cache), false)
19 FCPATH\index.php(79): CodeIgniter\CodeIgniter->run()
20 SYSTEMPATH\Commands\Server\rewrite.php(47): require_once('C:\\2023project\\aparus3\\public\\index.php')
INFO - 2025-02-13 05:38:55 --> Session: Class initialized using 'CodeIgniter\Session\Handlers\FileHandler' driver.
WARNING - 2025-02-13 05:38:55 --> [DEPRECATED] Creation of dynamic property App\Controllers\Rusun::$session is deprecated in APPPATH\Controllers\BaseController.php on line 56.
 1 SYSTEMPATH\CodeIgniter.php(915): App\Controllers\BaseController->initController(Object(CodeIgniter\HTTP\IncomingRequest), Object(CodeIgniter\HTTP\Response), Object(CodeIgniter\Log\Logger))
 2 SYSTEMPATH\CodeIgniter.php(493): CodeIgniter\CodeIgniter->createController()
 3 SYSTEMPATH\CodeIgniter.php(361): CodeIgniter\CodeIgniter->handleRequest(null, Object(Config\Cache), false)
 4 FCPATH\index.php(79): CodeIgniter\CodeIgniter->run()
 5 SYSTEMPATH\Commands\Server\rewrite.php(47): require_once('C:\\2023project\\aparus3\\public\\index.php')
WARNING - 2025-02-13 05:38:55 --> [DEPRECATED] Creation of dynamic property App\Controllers\Shortcut::$session is deprecated in APPPATH\Controllers\BaseController.php on line 56.
 1 SYSTEMPATH\View\Cell.php(96): App\Controllers\BaseController->initController(Object(CodeIgniter\HTTP\IncomingRequest), Object(CodeIgniter\HTTP\Response), Object(CodeIgniter\Log\Logger))
 2 SYSTEMPATH\Common.php(1206): CodeIgniter\View\Cell->render('App\\Controllers\\Shortcut::loadShortcut', [], 0, 'AppControllersShortcutloadShortcut40cd750bba9870f18aada2478b24840a')
 3 APPPATH\Views\partials\topbar.php(157): view_cell('App\\Controllers\\Shortcut::loadShortcut')
 4 SYSTEMPATH\View\View.php(228): include('C:\\2023project\\aparus3\\app\\Views\\partials\\topbar.php')
 5 SYSTEMPATH\View\View.php(231): CodeIgniter\View\View->CodeIgniter\View\{closure}()
 6 SYSTEMPATH\View\View.php(469): CodeIgniter\View\View->render('partials/topbar', null, true)
 7 APPPATH\Views\partials\menu.php(1): CodeIgniter\View\View->include('partials/topbar')
 8 SYSTEMPATH\View\View.php(228): include('C:\\2023project\\aparus3\\app\\Views\\partials\\menu.php')
 9 SYSTEMPATH\View\View.php(231): CodeIgniter\View\View->CodeIgniter\View\{closure}()
10 SYSTEMPATH\View\View.php(469): CodeIgniter\View\View->render('partials/menu', null, true)
11 APPPATH\Views\rusun\lantai.php(17): CodeIgniter\View\View->include('partials/menu')
12 SYSTEMPATH\View\View.php(228): include('C:\\2023project\\aparus3\\app\\Views\\rusun\\lantai.php')
13 SYSTEMPATH\View\View.php(231): CodeIgniter\View\View->CodeIgniter\View\{closure}()
14 SYSTEMPATH\Common.php(1190): CodeIgniter\View\View->render('rusun/lantai', [], true)
15 APPPATH\Controllers\Rusun.php(173): view('rusun/lantai', [...])
16 SYSTEMPATH\CodeIgniter.php(942): App\Controllers\Rusun->lantai('1')
17 SYSTEMPATH\CodeIgniter.php(502): CodeIgniter\CodeIgniter->runController(Object(App\Controllers\Rusun))
18 SYSTEMPATH\CodeIgniter.php(361): CodeIgniter\CodeIgniter->handleRequest(null, Object(Config\Cache), false)
19 FCPATH\index.php(79): CodeIgniter\CodeIgniter->run()
20 SYSTEMPATH\Commands\Server\rewrite.php(47): require_once('C:\\2023project\\aparus3\\public\\index.php')
INFO - 2025-02-13 05:38:56 --> Session: Class initialized using 'CodeIgniter\Session\Handlers\FileHandler' driver.
INFO - 2025-02-13 05:38:56 --> Session: Class initialized using 'CodeIgniter\Session\Handlers\FileHandler' driver.
INFO - 2025-02-13 05:39:00 --> Session: Class initialized using 'CodeIgniter\Session\Handlers\FileHandler' driver.
WARNING - 2025-02-13 05:39:00 --> [DEPRECATED] Creation of dynamic property App\Controllers\Rusun::$session is deprecated in APPPATH\Controllers\BaseController.php on line 56.
 1 SYSTEMPATH\CodeIgniter.php(915): App\Controllers\BaseController->initController(Object(CodeIgniter\HTTP\IncomingRequest), Object(CodeIgniter\HTTP\Response), Object(CodeIgniter\Log\Logger))
 2 SYSTEMPATH\CodeIgniter.php(493): CodeIgniter\CodeIgniter->createController()
 3 SYSTEMPATH\CodeIgniter.php(361): CodeIgniter\CodeIgniter->handleRequest(null, Object(Config\Cache), false)
 4 FCPATH\index.php(79): CodeIgniter\CodeIgniter->run()
 5 SYSTEMPATH\Commands\Server\rewrite.php(47): require_once('C:\\2023project\\aparus3\\public\\index.php')
WARNING - 2025-02-13 05:39:00 --> [DEPRECATED] Creation of dynamic property App\Controllers\Shortcut::$session is deprecated in APPPATH\Controllers\BaseController.php on line 56.
 1 SYSTEMPATH\View\Cell.php(96): App\Controllers\BaseController->initController(Object(CodeIgniter\HTTP\IncomingRequest), Object(CodeIgniter\HTTP\Response), Object(CodeIgniter\Log\Logger))
 2 SYSTEMPATH\Common.php(1206): CodeIgniter\View\Cell->render('App\\Controllers\\Shortcut::loadShortcut', [], 0, 'AppControllersShortcutloadShortcut40cd750bba9870f18aada2478b24840a')
 3 APPPATH\Views\partials\topbar.php(157): view_cell('App\\Controllers\\Shortcut::loadShortcut')
 4 SYSTEMPATH\View\View.php(228): include('C:\\2023project\\aparus3\\app\\Views\\partials\\topbar.php')
 5 SYSTEMPATH\View\View.php(231): CodeIgniter\View\View->CodeIgniter\View\{closure}()
 6 SYSTEMPATH\View\View.php(469): CodeIgniter\View\View->render('partials/topbar', null, true)
 7 APPPATH\Views\partials\menu.php(1): CodeIgniter\View\View->include('partials/topbar')
 8 SYSTEMPATH\View\View.php(228): include('C:\\2023project\\aparus3\\app\\Views\\partials\\menu.php')
 9 SYSTEMPATH\View\View.php(231): CodeIgniter\View\View->CodeIgniter\View\{closure}()
10 SYSTEMPATH\View\View.php(469): CodeIgniter\View\View->render('partials/menu', null, true)
11 APPPATH\Views\rusun\kamar.php(24): CodeIgniter\View\View->include('partials/menu')
12 SYSTEMPATH\View\View.php(228): include('C:\\2023project\\aparus3\\app\\Views\\rusun\\kamar.php')
13 SYSTEMPATH\View\View.php(231): CodeIgniter\View\View->CodeIgniter\View\{closure}()
14 SYSTEMPATH\Common.php(1190): CodeIgniter\View\View->render('rusun/kamar', [], true)
15 APPPATH\Controllers\Rusun.php(277): view('rusun/kamar', [...])
16 SYSTEMPATH\CodeIgniter.php(942): App\Controllers\Rusun->kamar()
17 SYSTEMPATH\CodeIgniter.php(502): CodeIgniter\CodeIgniter->runController(Object(App\Controllers\Rusun))
18 SYSTEMPATH\CodeIgniter.php(361): CodeIgniter\CodeIgniter->handleRequest(null, Object(Config\Cache), false)
19 FCPATH\index.php(79): CodeIgniter\CodeIgniter->run()
20 SYSTEMPATH\Commands\Server\rewrite.php(47): require_once('C:\\2023project\\aparus3\\public\\index.php')
CRITICAL - 2025-02-13 05:39:00 --> Trying to access array offset on value of type null
in APPPATH\Views\rusun\kamar.php on line 48.
 1 APPPATH\Views\rusun\kamar.php(48): CodeIgniter\Debug\Exceptions->errorHandler(2, 'Trying to access array offset on value of type null', 'C:\\2023project\\aparus3\\app\\Views\\rusun\\kamar.php', 48)
 2 SYSTEMPATH\View\View.php(228): include('C:\\2023project\\aparus3\\app\\Views\\rusun\\kamar.php')
 3 SYSTEMPATH\View\View.php(231): CodeIgniter\View\View->CodeIgniter\View\{closure}()
 4 SYSTEMPATH\Common.php(1190): CodeIgniter\View\View->render('rusun/kamar', [], true)
 5 APPPATH\Controllers\Rusun.php(277): view('rusun/kamar', [...])
 6 SYSTEMPATH\CodeIgniter.php(942): App\Controllers\Rusun->kamar()
 7 SYSTEMPATH\CodeIgniter.php(502): CodeIgniter\CodeIgniter->runController(Object(App\Controllers\Rusun))
 8 SYSTEMPATH\CodeIgniter.php(361): CodeIgniter\CodeIgniter->handleRequest(null, Object(Config\Cache), false)
 9 FCPATH\index.php(79): CodeIgniter\CodeIgniter->run()
10 SYSTEMPATH\Commands\Server\rewrite.php(47): require_once('C:\\2023project\\aparus3\\public\\index.php')
INFO - 2025-02-13 05:39:04 --> Session: Class initialized using 'CodeIgniter\Session\Handlers\FileHandler' driver.
WARNING - 2025-02-13 05:39:04 --> [DEPRECATED] Creation of dynamic property App\Controllers\Rusun::$session is deprecated in APPPATH\Controllers\BaseController.php on line 56.
 1 SYSTEMPATH\CodeIgniter.php(915): App\Controllers\BaseController->initController(Object(CodeIgniter\HTTP\IncomingRequest), Object(CodeIgniter\HTTP\Response), Object(CodeIgniter\Log\Logger))
 2 SYSTEMPATH\CodeIgniter.php(493): CodeIgniter\CodeIgniter->createController()
 3 SYSTEMPATH\CodeIgniter.php(361): CodeIgniter\CodeIgniter->handleRequest(null, Object(Config\Cache), false)
 4 FCPATH\index.php(79): CodeIgniter\CodeIgniter->run()
 5 SYSTEMPATH\Commands\Server\rewrite.php(47): require_once('C:\\2023project\\aparus3\\public\\index.php')
WARNING - 2025-02-13 05:39:04 --> [DEPRECATED] Creation of dynamic property App\Controllers\Shortcut::$session is deprecated in APPPATH\Controllers\BaseController.php on line 56.
 1 SYSTEMPATH\View\Cell.php(96): App\Controllers\BaseController->initController(Object(CodeIgniter\HTTP\IncomingRequest), Object(CodeIgniter\HTTP\Response), Object(CodeIgniter\Log\Logger))
 2 SYSTEMPATH\Common.php(1206): CodeIgniter\View\Cell->render('App\\Controllers\\Shortcut::loadShortcut', [], 0, 'AppControllersShortcutloadShortcut40cd750bba9870f18aada2478b24840a')
 3 APPPATH\Views\partials\topbar.php(157): view_cell('App\\Controllers\\Shortcut::loadShortcut')
 4 SYSTEMPATH\View\View.php(228): include('C:\\2023project\\aparus3\\app\\Views\\partials\\topbar.php')
 5 SYSTEMPATH\View\View.php(231): CodeIgniter\View\View->CodeIgniter\View\{closure}()
 6 SYSTEMPATH\View\View.php(469): CodeIgniter\View\View->render('partials/topbar', null, true)
 7 APPPATH\Views\partials\menu.php(1): CodeIgniter\View\View->include('partials/topbar')
 8 SYSTEMPATH\View\View.php(228): include('C:\\2023project\\aparus3\\app\\Views\\partials\\menu.php')
 9 SYSTEMPATH\View\View.php(231): CodeIgniter\View\View->CodeIgniter\View\{closure}()
10 SYSTEMPATH\View\View.php(469): CodeIgniter\View\View->render('partials/menu', null, true)
11 APPPATH\Views\rusun\lantai.php(17): CodeIgniter\View\View->include('partials/menu')
12 SYSTEMPATH\View\View.php(228): include('C:\\2023project\\aparus3\\app\\Views\\rusun\\lantai.php')
13 SYSTEMPATH\View\View.php(231): CodeIgniter\View\View->CodeIgniter\View\{closure}()
14 SYSTEMPATH\Common.php(1190): CodeIgniter\View\View->render('rusun/lantai', [], true)
15 APPPATH\Controllers\Rusun.php(173): view('rusun/lantai', [...])
16 SYSTEMPATH\CodeIgniter.php(942): App\Controllers\Rusun->lantai('1')
17 SYSTEMPATH\CodeIgniter.php(502): CodeIgniter\CodeIgniter->runController(Object(App\Controllers\Rusun))
18 SYSTEMPATH\CodeIgniter.php(361): CodeIgniter\CodeIgniter->handleRequest(null, Object(Config\Cache), false)
19 FCPATH\index.php(79): CodeIgniter\CodeIgniter->run()
20 SYSTEMPATH\Commands\Server\rewrite.php(47): require_once('C:\\2023project\\aparus3\\public\\index.php')
INFO - 2025-02-13 05:39:04 --> Session: Class initialized using 'CodeIgniter\Session\Handlers\FileHandler' driver.
INFO - 2025-02-13 05:39:04 --> Session: Class initialized using 'CodeIgniter\Session\Handlers\FileHandler' driver.
INFO - 2025-02-13 05:39:08 --> Session: Class initialized using 'CodeIgniter\Session\Handlers\FileHandler' driver.
WARNING - 2025-02-13 05:39:08 --> [DEPRECATED] Creation of dynamic property App\Controllers\Rusun::$session is deprecated in APPPATH\Controllers\BaseController.php on line 56.
 1 SYSTEMPATH\CodeIgniter.php(915): App\Controllers\BaseController->initController(Object(CodeIgniter\HTTP\IncomingRequest), Object(CodeIgniter\HTTP\Response), Object(CodeIgniter\Log\Logger))
 2 SYSTEMPATH\CodeIgniter.php(493): CodeIgniter\CodeIgniter->createController()
 3 SYSTEMPATH\CodeIgniter.php(361): CodeIgniter\CodeIgniter->handleRequest(null, Object(Config\Cache), false)
 4 FCPATH\index.php(79): CodeIgniter\CodeIgniter->run()
 5 SYSTEMPATH\Commands\Server\rewrite.php(47): require_once('C:\\2023project\\aparus3\\public\\index.php')
WARNING - 2025-02-13 05:39:08 --> [DEPRECATED] Creation of dynamic property App\Controllers\Shortcut::$session is deprecated in APPPATH\Controllers\BaseController.php on line 56.
 1 SYSTEMPATH\View\Cell.php(96): App\Controllers\BaseController->initController(Object(CodeIgniter\HTTP\IncomingRequest), Object(CodeIgniter\HTTP\Response), Object(CodeIgniter\Log\Logger))
 2 SYSTEMPATH\Common.php(1206): CodeIgniter\View\Cell->render('App\\Controllers\\Shortcut::loadShortcut', [], 0, 'AppControllersShortcutloadShortcut40cd750bba9870f18aada2478b24840a')
 3 APPPATH\Views\partials\topbar.php(157): view_cell('App\\Controllers\\Shortcut::loadShortcut')
 4 SYSTEMPATH\View\View.php(228): include('C:\\2023project\\aparus3\\app\\Views\\partials\\topbar.php')
 5 SYSTEMPATH\View\View.php(231): CodeIgniter\View\View->CodeIgniter\View\{closure}()
 6 SYSTEMPATH\View\View.php(469): CodeIgniter\View\View->render('partials/topbar', null, true)
 7 APPPATH\Views\partials\menu.php(1): CodeIgniter\View\View->include('partials/topbar')
 8 SYSTEMPATH\View\View.php(228): include('C:\\2023project\\aparus3\\app\\Views\\partials\\menu.php')
 9 SYSTEMPATH\View\View.php(231): CodeIgniter\View\View->CodeIgniter\View\{closure}()
10 SYSTEMPATH\View\View.php(469): CodeIgniter\View\View->render('partials/menu', null, true)
11 APPPATH\Views\rusun\list.php(24): CodeIgniter\View\View->include('partials/menu')
12 SYSTEMPATH\View\View.php(228): include('C:\\2023project\\aparus3\\app\\Views\\rusun\\list.php')
13 SYSTEMPATH\View\View.php(231): CodeIgniter\View\View->CodeIgniter\View\{closure}()
14 SYSTEMPATH\Common.php(1190): CodeIgniter\View\View->render('rusun/list', [], true)
15 APPPATH\Controllers\Rusun.php(27): view('rusun/list', [...])
16 SYSTEMPATH\CodeIgniter.php(942): App\Controllers\Rusun->index()
17 SYSTEMPATH\CodeIgniter.php(502): CodeIgniter\CodeIgniter->runController(Object(App\Controllers\Rusun))
18 SYSTEMPATH\CodeIgniter.php(361): CodeIgniter\CodeIgniter->handleRequest(null, Object(Config\Cache), false)
19 FCPATH\index.php(79): CodeIgniter\CodeIgniter->run()
20 SYSTEMPATH\Commands\Server\rewrite.php(47): require_once('C:\\2023project\\aparus3\\public\\index.php')
INFO - 2025-02-13 05:39:09 --> Session: Class initialized using 'CodeIgniter\Session\Handlers\FileHandler' driver.
INFO - 2025-02-13 05:39:09 --> Session: Class initialized using 'CodeIgniter\Session\Handlers\FileHandler' driver.
INFO - 2025-02-13 05:39:09 --> Session: Class initialized using 'CodeIgniter\Session\Handlers\FileHandler' driver.
WARNING - 2025-02-13 05:39:09 --> [DEPRECATED] Creation of dynamic property App\Controllers\Rusun::$session is deprecated in APPPATH\Controllers\BaseController.php on line 56.
 1 SYSTEMPATH\CodeIgniter.php(915): App\Controllers\BaseController->initController(Object(CodeIgniter\HTTP\IncomingRequest), Object(CodeIgniter\HTTP\Response), Object(CodeIgniter\Log\Logger))
 2 SYSTEMPATH\CodeIgniter.php(493): CodeIgniter\CodeIgniter->createController()
 3 SYSTEMPATH\CodeIgniter.php(361): CodeIgniter\CodeIgniter->handleRequest(null, Object(Config\Cache), false)
 4 FCPATH\index.php(79): CodeIgniter\CodeIgniter->run()
 5 SYSTEMPATH\Commands\Server\rewrite.php(47): require_once('C:\\2023project\\aparus3\\public\\index.php')
WARNING - 2025-02-13 05:39:09 --> [DEPRECATED] Creation of dynamic property App\Controllers\Shortcut::$session is deprecated in APPPATH\Controllers\BaseController.php on line 56.
 1 SYSTEMPATH\View\Cell.php(96): App\Controllers\BaseController->initController(Object(CodeIgniter\HTTP\IncomingRequest), Object(CodeIgniter\HTTP\Response), Object(CodeIgniter\Log\Logger))
 2 SYSTEMPATH\Common.php(1206): CodeIgniter\View\Cell->render('App\\Controllers\\Shortcut::loadShortcut', [], 0, 'AppControllersShortcutloadShortcut40cd750bba9870f18aada2478b24840a')
 3 APPPATH\Views\partials\topbar.php(157): view_cell('App\\Controllers\\Shortcut::loadShortcut')
 4 SYSTEMPATH\View\View.php(228): include('C:\\2023project\\aparus3\\app\\Views\\partials\\topbar.php')
 5 SYSTEMPATH\View\View.php(231): CodeIgniter\View\View->CodeIgniter\View\{closure}()
 6 SYSTEMPATH\View\View.php(469): CodeIgniter\View\View->render('partials/topbar', null, true)
 7 APPPATH\Views\partials\menu.php(1): CodeIgniter\View\View->include('partials/topbar')
 8 SYSTEMPATH\View\View.php(228): include('C:\\2023project\\aparus3\\app\\Views\\partials\\menu.php')
 9 SYSTEMPATH\View\View.php(231): CodeIgniter\View\View->CodeIgniter\View\{closure}()
10 SYSTEMPATH\View\View.php(469): CodeIgniter\View\View->render('partials/menu', null, true)
11 APPPATH\Views\rusun\list.php(24): CodeIgniter\View\View->include('partials/menu')
12 SYSTEMPATH\View\View.php(228): include('C:\\2023project\\aparus3\\app\\Views\\rusun\\list.php')
13 SYSTEMPATH\View\View.php(231): CodeIgniter\View\View->CodeIgniter\View\{closure}()
14 SYSTEMPATH\Common.php(1190): CodeIgniter\View\View->render('rusun/list', [], true)
15 APPPATH\Controllers\Rusun.php(27): view('rusun/list', [...])
16 SYSTEMPATH\CodeIgniter.php(942): App\Controllers\Rusun->index()
17 SYSTEMPATH\CodeIgniter.php(502): CodeIgniter\CodeIgniter->runController(Object(App\Controllers\Rusun))
18 SYSTEMPATH\CodeIgniter.php(361): CodeIgniter\CodeIgniter->handleRequest(null, Object(Config\Cache), false)
19 FCPATH\index.php(79): CodeIgniter\CodeIgniter->run()
20 SYSTEMPATH\Commands\Server\rewrite.php(47): require_once('C:\\2023project\\aparus3\\public\\index.php')
INFO - 2025-02-13 05:39:11 --> Session: Class initialized using 'CodeIgniter\Session\Handlers\FileHandler' driver.
WARNING - 2025-02-13 05:39:11 --> [DEPRECATED] Creation of dynamic property App\Controllers\Rusun::$session is deprecated in APPPATH\Controllers\BaseController.php on line 56.
 1 SYSTEMPATH\CodeIgniter.php(915): App\Controllers\BaseController->initController(Object(CodeIgniter\HTTP\IncomingRequest), Object(CodeIgniter\HTTP\Response), Object(CodeIgniter\Log\Logger))
 2 SYSTEMPATH\CodeIgniter.php(493): CodeIgniter\CodeIgniter->createController()
 3 SYSTEMPATH\CodeIgniter.php(361): CodeIgniter\CodeIgniter->handleRequest(null, Object(Config\Cache), false)
 4 FCPATH\index.php(79): CodeIgniter\CodeIgniter->run()
 5 SYSTEMPATH\Commands\Server\rewrite.php(47): require_once('C:\\2023project\\aparus3\\public\\index.php')
WARNING - 2025-02-13 05:39:11 --> [DEPRECATED] Creation of dynamic property App\Controllers\Shortcut::$session is deprecated in APPPATH\Controllers\BaseController.php on line 56.
 1 SYSTEMPATH\View\Cell.php(96): App\Controllers\BaseController->initController(Object(CodeIgniter\HTTP\IncomingRequest), Object(CodeIgniter\HTTP\Response), Object(CodeIgniter\Log\Logger))
 2 SYSTEMPATH\Common.php(1206): CodeIgniter\View\Cell->render('App\\Controllers\\Shortcut::loadShortcut', [], 0, 'AppControllersShortcutloadShortcut40cd750bba9870f18aada2478b24840a')
 3 APPPATH\Views\partials\topbar.php(157): view_cell('App\\Controllers\\Shortcut::loadShortcut')
 4 SYSTEMPATH\View\View.php(228): include('C:\\2023project\\aparus3\\app\\Views\\partials\\topbar.php')
 5 SYSTEMPATH\View\View.php(231): CodeIgniter\View\View->CodeIgniter\View\{closure}()
 6 SYSTEMPATH\View\View.php(469): CodeIgniter\View\View->render('partials/topbar', null, true)
 7 APPPATH\Views\partials\menu.php(1): CodeIgniter\View\View->include('partials/topbar')
 8 SYSTEMPATH\View\View.php(228): include('C:\\2023project\\aparus3\\app\\Views\\partials\\menu.php')
 9 SYSTEMPATH\View\View.php(231): CodeIgniter\View\View->CodeIgniter\View\{closure}()
10 SYSTEMPATH\View\View.php(469): CodeIgniter\View\View->render('partials/menu', null, true)
11 APPPATH\Views\rusun\lantai.php(17): CodeIgniter\View\View->include('partials/menu')
12 SYSTEMPATH\View\View.php(228): include('C:\\2023project\\aparus3\\app\\Views\\rusun\\lantai.php')
13 SYSTEMPATH\View\View.php(231): CodeIgniter\View\View->CodeIgniter\View\{closure}()
14 SYSTEMPATH\Common.php(1190): CodeIgniter\View\View->render('rusun/lantai', [], true)
15 APPPATH\Controllers\Rusun.php(173): view('rusun/lantai', [...])
16 SYSTEMPATH\CodeIgniter.php(942): App\Controllers\Rusun->lantai()
17 SYSTEMPATH\CodeIgniter.php(502): CodeIgniter\CodeIgniter->runController(Object(App\Controllers\Rusun))
18 SYSTEMPATH\CodeIgniter.php(361): CodeIgniter\CodeIgniter->handleRequest(null, Object(Config\Cache), false)
19 FCPATH\index.php(79): CodeIgniter\CodeIgniter->run()
20 SYSTEMPATH\Commands\Server\rewrite.php(47): require_once('C:\\2023project\\aparus3\\public\\index.php')
CRITICAL - 2025-02-13 05:39:11 --> Trying to access array offset on value of type null
in APPPATH\Views\rusun\lantai.php on line 55.
 1 APPPATH\Views\rusun\lantai.php(55): CodeIgniter\Debug\Exceptions->errorHandler(2, 'Trying to access array offset on value of type null', 'C:\\2023project\\aparus3\\app\\Views\\rusun\\lantai.php', 55)
 2 SYSTEMPATH\View\View.php(228): include('C:\\2023project\\aparus3\\app\\Views\\rusun\\lantai.php')
 3 SYSTEMPATH\View\View.php(231): CodeIgniter\View\View->CodeIgniter\View\{closure}()
 4 SYSTEMPATH\Common.php(1190): CodeIgniter\View\View->render('rusun/lantai', [], true)
 5 APPPATH\Controllers\Rusun.php(173): view('rusun/lantai', [...])
 6 SYSTEMPATH\CodeIgniter.php(942): App\Controllers\Rusun->lantai()
 7 SYSTEMPATH\CodeIgniter.php(502): CodeIgniter\CodeIgniter->runController(Object(App\Controllers\Rusun))
 8 SYSTEMPATH\CodeIgniter.php(361): CodeIgniter\CodeIgniter->handleRequest(null, Object(Config\Cache), false)
 9 FCPATH\index.php(79): CodeIgniter\CodeIgniter->run()
10 SYSTEMPATH\Commands\Server\rewrite.php(47): require_once('C:\\2023project\\aparus3\\public\\index.php')
INFO - 2025-02-13 05:39:15 --> Session: Class initialized using 'CodeIgniter\Session\Handlers\FileHandler' driver.
WARNING - 2025-02-13 05:39:15 --> [DEPRECATED] Creation of dynamic property App\Controllers\Rusun::$session is deprecated in APPPATH\Controllers\BaseController.php on line 56.
 1 SYSTEMPATH\CodeIgniter.php(915): App\Controllers\BaseController->initController(Object(CodeIgniter\HTTP\IncomingRequest), Object(CodeIgniter\HTTP\Response), Object(CodeIgniter\Log\Logger))
 2 SYSTEMPATH\CodeIgniter.php(493): CodeIgniter\CodeIgniter->createController()
 3 SYSTEMPATH\CodeIgniter.php(361): CodeIgniter\CodeIgniter->handleRequest(null, Object(Config\Cache), false)
 4 FCPATH\index.php(79): CodeIgniter\CodeIgniter->run()
 5 SYSTEMPATH\Commands\Server\rewrite.php(47): require_once('C:\\2023project\\aparus3\\public\\index.php')
WARNING - 2025-02-13 05:39:15 --> [DEPRECATED] Creation of dynamic property App\Controllers\Shortcut::$session is deprecated in APPPATH\Controllers\BaseController.php on line 56.
 1 SYSTEMPATH\View\Cell.php(96): App\Controllers\BaseController->initController(Object(CodeIgniter\HTTP\IncomingRequest), Object(CodeIgniter\HTTP\Response), Object(CodeIgniter\Log\Logger))
 2 SYSTEMPATH\Common.php(1206): CodeIgniter\View\Cell->render('App\\Controllers\\Shortcut::loadShortcut', [], 0, 'AppControllersShortcutloadShortcut40cd750bba9870f18aada2478b24840a')
 3 APPPATH\Views\partials\topbar.php(157): view_cell('App\\Controllers\\Shortcut::loadShortcut')
 4 SYSTEMPATH\View\View.php(228): include('C:\\2023project\\aparus3\\app\\Views\\partials\\topbar.php')
 5 SYSTEMPATH\View\View.php(231): CodeIgniter\View\View->CodeIgniter\View\{closure}()
 6 SYSTEMPATH\View\View.php(469): CodeIgniter\View\View->render('partials/topbar', null, true)
 7 APPPATH\Views\partials\menu.php(1): CodeIgniter\View\View->include('partials/topbar')
 8 SYSTEMPATH\View\View.php(228): include('C:\\2023project\\aparus3\\app\\Views\\partials\\menu.php')
 9 SYSTEMPATH\View\View.php(231): CodeIgniter\View\View->CodeIgniter\View\{closure}()
10 SYSTEMPATH\View\View.php(469): CodeIgniter\View\View->render('partials/menu', null, true)
11 APPPATH\Views\rusun\list.php(24): CodeIgniter\View\View->include('partials/menu')
12 SYSTEMPATH\View\View.php(228): include('C:\\2023project\\aparus3\\app\\Views\\rusun\\list.php')
13 SYSTEMPATH\View\View.php(231): CodeIgniter\View\View->CodeIgniter\View\{closure}()
14 SYSTEMPATH\Common.php(1190): CodeIgniter\View\View->render('rusun/list', [], true)
15 APPPATH\Controllers\Rusun.php(27): view('rusun/list', [...])
16 SYSTEMPATH\CodeIgniter.php(942): App\Controllers\Rusun->index()
17 SYSTEMPATH\CodeIgniter.php(502): CodeIgniter\CodeIgniter->runController(Object(App\Controllers\Rusun))
18 SYSTEMPATH\CodeIgniter.php(361): CodeIgniter\CodeIgniter->handleRequest(null, Object(Config\Cache), false)
19 FCPATH\index.php(79): CodeIgniter\CodeIgniter->run()
20 SYSTEMPATH\Commands\Server\rewrite.php(47): require_once('C:\\2023project\\aparus3\\public\\index.php')
INFO - 2025-02-13 05:39:15 --> Session: Class initialized using 'CodeIgniter\Session\Handlers\FileHandler' driver.
WARNING - 2025-02-13 05:39:15 --> [DEPRECATED] Creation of dynamic property App\Controllers\Rusun::$session is deprecated in APPPATH\Controllers\BaseController.php on line 56.
 1 SYSTEMPATH\CodeIgniter.php(915): App\Controllers\BaseController->initController(Object(CodeIgniter\HTTP\IncomingRequest), Object(CodeIgniter\HTTP\Response), Object(CodeIgniter\Log\Logger))
 2 SYSTEMPATH\CodeIgniter.php(493): CodeIgniter\CodeIgniter->createController()
 3 SYSTEMPATH\CodeIgniter.php(361): CodeIgniter\CodeIgniter->handleRequest(null, Object(Config\Cache), false)
 4 FCPATH\index.php(79): CodeIgniter\CodeIgniter->run()
 5 SYSTEMPATH\Commands\Server\rewrite.php(47): require_once('C:\\2023project\\aparus3\\public\\index.php')
WARNING - 2025-02-13 05:39:15 --> [DEPRECATED] Creation of dynamic property App\Controllers\Shortcut::$session is deprecated in APPPATH\Controllers\BaseController.php on line 56.
 1 SYSTEMPATH\View\Cell.php(96): App\Controllers\BaseController->initController(Object(CodeIgniter\HTTP\IncomingRequest), Object(CodeIgniter\HTTP\Response), Object(CodeIgniter\Log\Logger))
 2 SYSTEMPATH\Common.php(1206): CodeIgniter\View\Cell->render('App\\Controllers\\Shortcut::loadShortcut', [], 0, 'AppControllersShortcutloadShortcut40cd750bba9870f18aada2478b24840a')
 3 APPPATH\Views\partials\topbar.php(157): view_cell('App\\Controllers\\Shortcut::loadShortcut')
 4 SYSTEMPATH\View\View.php(228): include('C:\\2023project\\aparus3\\app\\Views\\partials\\topbar.php')
 5 SYSTEMPATH\View\View.php(231): CodeIgniter\View\View->CodeIgniter\View\{closure}()
 6 SYSTEMPATH\View\View.php(469): CodeIgniter\View\View->render('partials/topbar', null, true)
 7 APPPATH\Views\partials\menu.php(1): CodeIgniter\View\View->include('partials/topbar')
 8 SYSTEMPATH\View\View.php(228): include('C:\\2023project\\aparus3\\app\\Views\\partials\\menu.php')
 9 SYSTEMPATH\View\View.php(231): CodeIgniter\View\View->CodeIgniter\View\{closure}()
10 SYSTEMPATH\View\View.php(469): CodeIgniter\View\View->render('partials/menu', null, true)
11 APPPATH\Views\rusun\list.php(24): CodeIgniter\View\View->include('partials/menu')
12 SYSTEMPATH\View\View.php(228): include('C:\\2023project\\aparus3\\app\\Views\\rusun\\list.php')
13 SYSTEMPATH\View\View.php(231): CodeIgniter\View\View->CodeIgniter\View\{closure}()
14 SYSTEMPATH\Common.php(1190): CodeIgniter\View\View->render('rusun/list', [], true)
15 APPPATH\Controllers\Rusun.php(27): view('rusun/list', [...])
16 SYSTEMPATH\CodeIgniter.php(942): App\Controllers\Rusun->index()
17 SYSTEMPATH\CodeIgniter.php(502): CodeIgniter\CodeIgniter->runController(Object(App\Controllers\Rusun))
18 SYSTEMPATH\CodeIgniter.php(361): CodeIgniter\CodeIgniter->handleRequest(null, Object(Config\Cache), false)
19 FCPATH\index.php(79): CodeIgniter\CodeIgniter->run()
20 SYSTEMPATH\Commands\Server\rewrite.php(47): require_once('C:\\2023project\\aparus3\\public\\index.php')
INFO - 2025-02-13 05:39:16 --> Session: Class initialized using 'CodeIgniter\Session\Handlers\FileHandler' driver.
INFO - 2025-02-13 05:39:16 --> Session: Class initialized using 'CodeIgniter\Session\Handlers\FileHandler' driver.
INFO - 2025-02-13 05:39:28 --> Session: Class initialized using 'CodeIgniter\Session\Handlers\FileHandler' driver.
WARNING - 2025-02-13 05:39:28 --> [DEPRECATED] Creation of dynamic property App\Controllers\Rusun::$session is deprecated in APPPATH\Controllers\BaseController.php on line 56.
 1 SYSTEMPATH\CodeIgniter.php(915): App\Controllers\BaseController->initController(Object(CodeIgniter\HTTP\IncomingRequest), Object(CodeIgniter\HTTP\Response), Object(CodeIgniter\Log\Logger))
 2 SYSTEMPATH\CodeIgniter.php(493): CodeIgniter\CodeIgniter->createController()
 3 SYSTEMPATH\CodeIgniter.php(361): CodeIgniter\CodeIgniter->handleRequest(null, Object(Config\Cache), false)
 4 FCPATH\index.php(79): CodeIgniter\CodeIgniter->run()
 5 SYSTEMPATH\Commands\Server\rewrite.php(47): require_once('C:\\2023project\\aparus3\\public\\index.php')
WARNING - 2025-02-13 05:39:28 --> [DEPRECATED] Creation of dynamic property App\Controllers\Shortcut::$session is deprecated in APPPATH\Controllers\BaseController.php on line 56.
 1 SYSTEMPATH\View\Cell.php(96): App\Controllers\BaseController->initController(Object(CodeIgniter\HTTP\IncomingRequest), Object(CodeIgniter\HTTP\Response), Object(CodeIgniter\Log\Logger))
 2 SYSTEMPATH\Common.php(1206): CodeIgniter\View\Cell->render('App\\Controllers\\Shortcut::loadShortcut', [], 0, 'AppControllersShortcutloadShortcut40cd750bba9870f18aada2478b24840a')
 3 APPPATH\Views\partials\topbar.php(157): view_cell('App\\Controllers\\Shortcut::loadShortcut')
 4 SYSTEMPATH\View\View.php(228): include('C:\\2023project\\aparus3\\app\\Views\\partials\\topbar.php')
 5 SYSTEMPATH\View\View.php(231): CodeIgniter\View\View->CodeIgniter\View\{closure}()
 6 SYSTEMPATH\View\View.php(469): CodeIgniter\View\View->render('partials/topbar', null, true)
 7 APPPATH\Views\partials\menu.php(1): CodeIgniter\View\View->include('partials/topbar')
 8 SYSTEMPATH\View\View.php(228): include('C:\\2023project\\aparus3\\app\\Views\\partials\\menu.php')
 9 SYSTEMPATH\View\View.php(231): CodeIgniter\View\View->CodeIgniter\View\{closure}()
10 SYSTEMPATH\View\View.php(469): CodeIgniter\View\View->render('partials/menu', null, true)
11 APPPATH\Views\rusun\lantai.php(17): CodeIgniter\View\View->include('partials/menu')
12 SYSTEMPATH\View\View.php(228): include('C:\\2023project\\aparus3\\app\\Views\\rusun\\lantai.php')
13 SYSTEMPATH\View\View.php(231): CodeIgniter\View\View->CodeIgniter\View\{closure}()
14 SYSTEMPATH\Common.php(1190): CodeIgniter\View\View->render('rusun/lantai', [], true)
15 APPPATH\Controllers\Rusun.php(173): view('rusun/lantai', [...])
16 SYSTEMPATH\CodeIgniter.php(942): App\Controllers\Rusun->lantai()
17 SYSTEMPATH\CodeIgniter.php(502): CodeIgniter\CodeIgniter->runController(Object(App\Controllers\Rusun))
18 SYSTEMPATH\CodeIgniter.php(361): CodeIgniter\CodeIgniter->handleRequest(null, Object(Config\Cache), false)
19 FCPATH\index.php(79): CodeIgniter\CodeIgniter->run()
20 SYSTEMPATH\Commands\Server\rewrite.php(47): require_once('C:\\2023project\\aparus3\\public\\index.php')
CRITICAL - 2025-02-13 05:39:28 --> Trying to access array offset on value of type null
in APPPATH\Views\rusun\lantai.php on line 55.
 1 APPPATH\Views\rusun\lantai.php(55): CodeIgniter\Debug\Exceptions->errorHandler(2, 'Trying to access array offset on value of type null', 'C:\\2023project\\aparus3\\app\\Views\\rusun\\lantai.php', 55)
 2 SYSTEMPATH\View\View.php(228): include('C:\\2023project\\aparus3\\app\\Views\\rusun\\lantai.php')
 3 SYSTEMPATH\View\View.php(231): CodeIgniter\View\View->CodeIgniter\View\{closure}()
 4 SYSTEMPATH\Common.php(1190): CodeIgniter\View\View->render('rusun/lantai', [], true)
 5 APPPATH\Controllers\Rusun.php(173): view('rusun/lantai', [...])
 6 SYSTEMPATH\CodeIgniter.php(942): App\Controllers\Rusun->lantai()
 7 SYSTEMPATH\CodeIgniter.php(502): CodeIgniter\CodeIgniter->runController(Object(App\Controllers\Rusun))
 8 SYSTEMPATH\CodeIgniter.php(361): CodeIgniter\CodeIgniter->handleRequest(null, Object(Config\Cache), false)
 9 FCPATH\index.php(79): CodeIgniter\CodeIgniter->run()
10 SYSTEMPATH\Commands\Server\rewrite.php(47): require_once('C:\\2023project\\aparus3\\public\\index.php')
INFO - 2025-02-13 05:39:33 --> Session: Class initialized using 'CodeIgniter\Session\Handlers\FileHandler' driver.
WARNING - 2025-02-13 05:39:33 --> [DEPRECATED] Creation of dynamic property App\Controllers\Rusun::$session is deprecated in APPPATH\Controllers\BaseController.php on line 56.
 1 SYSTEMPATH\CodeIgniter.php(915): App\Controllers\BaseController->initController(Object(CodeIgniter\HTTP\IncomingRequest), Object(CodeIgniter\HTTP\Response), Object(CodeIgniter\Log\Logger))
 2 SYSTEMPATH\CodeIgniter.php(493): CodeIgniter\CodeIgniter->createController()
 3 SYSTEMPATH\CodeIgniter.php(361): CodeIgniter\CodeIgniter->handleRequest(null, Object(Config\Cache), false)
 4 FCPATH\index.php(79): CodeIgniter\CodeIgniter->run()
 5 SYSTEMPATH\Commands\Server\rewrite.php(47): require_once('C:\\2023project\\aparus3\\public\\index.php')
WARNING - 2025-02-13 05:39:33 --> [DEPRECATED] Creation of dynamic property App\Controllers\Shortcut::$session is deprecated in APPPATH\Controllers\BaseController.php on line 56.
 1 SYSTEMPATH\View\Cell.php(96): App\Controllers\BaseController->initController(Object(CodeIgniter\HTTP\IncomingRequest), Object(CodeIgniter\HTTP\Response), Object(CodeIgniter\Log\Logger))
 2 SYSTEMPATH\Common.php(1206): CodeIgniter\View\Cell->render('App\\Controllers\\Shortcut::loadShortcut', [], 0, 'AppControllersShortcutloadShortcut40cd750bba9870f18aada2478b24840a')
 3 APPPATH\Views\partials\topbar.php(157): view_cell('App\\Controllers\\Shortcut::loadShortcut')
 4 SYSTEMPATH\View\View.php(228): include('C:\\2023project\\aparus3\\app\\Views\\partials\\topbar.php')
 5 SYSTEMPATH\View\View.php(231): CodeIgniter\View\View->CodeIgniter\View\{closure}()
 6 SYSTEMPATH\View\View.php(469): CodeIgniter\View\View->render('partials/topbar', null, true)
 7 APPPATH\Views\partials\menu.php(1): CodeIgniter\View\View->include('partials/topbar')
 8 SYSTEMPATH\View\View.php(228): include('C:\\2023project\\aparus3\\app\\Views\\partials\\menu.php')
 9 SYSTEMPATH\View\View.php(231): CodeIgniter\View\View->CodeIgniter\View\{closure}()
10 SYSTEMPATH\View\View.php(469): CodeIgniter\View\View->render('partials/menu', null, true)
11 APPPATH\Views\rusun\list.php(24): CodeIgniter\View\View->include('partials/menu')
12 SYSTEMPATH\View\View.php(228): include('C:\\2023project\\aparus3\\app\\Views\\rusun\\list.php')
13 SYSTEMPATH\View\View.php(231): CodeIgniter\View\View->CodeIgniter\View\{closure}()
14 SYSTEMPATH\Common.php(1190): CodeIgniter\View\View->render('rusun/list', [], true)
15 APPPATH\Controllers\Rusun.php(27): view('rusun/list', [...])
16 SYSTEMPATH\CodeIgniter.php(942): App\Controllers\Rusun->index()
17 SYSTEMPATH\CodeIgniter.php(502): CodeIgniter\CodeIgniter->runController(Object(App\Controllers\Rusun))
18 SYSTEMPATH\CodeIgniter.php(361): CodeIgniter\CodeIgniter->handleRequest(null, Object(Config\Cache), false)
19 FCPATH\index.php(79): CodeIgniter\CodeIgniter->run()
20 SYSTEMPATH\Commands\Server\rewrite.php(47): require_once('C:\\2023project\\aparus3\\public\\index.php')
INFO - 2025-02-13 05:39:34 --> Session: Class initialized using 'CodeIgniter\Session\Handlers\FileHandler' driver.
WARNING - 2025-02-13 05:39:34 --> [DEPRECATED] Creation of dynamic property App\Controllers\Rusun::$session is deprecated in APPPATH\Controllers\BaseController.php on line 56.
 1 SYSTEMPATH\CodeIgniter.php(915): App\Controllers\BaseController->initController(Object(CodeIgniter\HTTP\IncomingRequest), Object(CodeIgniter\HTTP\Response), Object(CodeIgniter\Log\Logger))
 2 SYSTEMPATH\CodeIgniter.php(493): CodeIgniter\CodeIgniter->createController()
 3 SYSTEMPATH\CodeIgniter.php(361): CodeIgniter\CodeIgniter->handleRequest(null, Object(Config\Cache), false)
 4 FCPATH\index.php(79): CodeIgniter\CodeIgniter->run()
 5 SYSTEMPATH\Commands\Server\rewrite.php(47): require_once('C:\\2023project\\aparus3\\public\\index.php')
WARNING - 2025-02-13 05:39:34 --> [DEPRECATED] Creation of dynamic property App\Controllers\Shortcut::$session is deprecated in APPPATH\Controllers\BaseController.php on line 56.
 1 SYSTEMPATH\View\Cell.php(96): App\Controllers\BaseController->initController(Object(CodeIgniter\HTTP\IncomingRequest), Object(CodeIgniter\HTTP\Response), Object(CodeIgniter\Log\Logger))
 2 SYSTEMPATH\Common.php(1206): CodeIgniter\View\Cell->render('App\\Controllers\\Shortcut::loadShortcut', [], 0, 'AppControllersShortcutloadShortcut40cd750bba9870f18aada2478b24840a')
 3 APPPATH\Views\partials\topbar.php(157): view_cell('App\\Controllers\\Shortcut::loadShortcut')
 4 SYSTEMPATH\View\View.php(228): include('C:\\2023project\\aparus3\\app\\Views\\partials\\topbar.php')
 5 SYSTEMPATH\View\View.php(231): CodeIgniter\View\View->CodeIgniter\View\{closure}()
 6 SYSTEMPATH\View\View.php(469): CodeIgniter\View\View->render('partials/topbar', null, true)
 7 APPPATH\Views\partials\menu.php(1): CodeIgniter\View\View->include('partials/topbar')
 8 SYSTEMPATH\View\View.php(228): include('C:\\2023project\\aparus3\\app\\Views\\partials\\menu.php')
 9 SYSTEMPATH\View\View.php(231): CodeIgniter\View\View->CodeIgniter\View\{closure}()
10 SYSTEMPATH\View\View.php(469): CodeIgniter\View\View->render('partials/menu', null, true)
11 APPPATH\Views\rusun\list.php(24): CodeIgniter\View\View->include('partials/menu')
12 SYSTEMPATH\View\View.php(228): include('C:\\2023project\\aparus3\\app\\Views\\rusun\\list.php')
13 SYSTEMPATH\View\View.php(231): CodeIgniter\View\View->CodeIgniter\View\{closure}()
14 SYSTEMPATH\Common.php(1190): CodeIgniter\View\View->render('rusun/list', [], true)
15 APPPATH\Controllers\Rusun.php(27): view('rusun/list', [...])
16 SYSTEMPATH\CodeIgniter.php(942): App\Controllers\Rusun->index()
17 SYSTEMPATH\CodeIgniter.php(502): CodeIgniter\CodeIgniter->runController(Object(App\Controllers\Rusun))
18 SYSTEMPATH\CodeIgniter.php(361): CodeIgniter\CodeIgniter->handleRequest(null, Object(Config\Cache), false)
19 FCPATH\index.php(79): CodeIgniter\CodeIgniter->run()
20 SYSTEMPATH\Commands\Server\rewrite.php(47): require_once('C:\\2023project\\aparus3\\public\\index.php')
INFO - 2025-02-13 05:39:34 --> Session: Class initialized using 'CodeIgniter\Session\Handlers\FileHandler' driver.
INFO - 2025-02-13 05:39:34 --> Session: Class initialized using 'CodeIgniter\Session\Handlers\FileHandler' driver.
INFO - 2025-02-13 05:39:39 --> Session: Class initialized using 'CodeIgniter\Session\Handlers\FileHandler' driver.
WARNING - 2025-02-13 05:39:39 --> [DEPRECATED] Creation of dynamic property App\Controllers\Rusun::$session is deprecated in APPPATH\Controllers\BaseController.php on line 56.
 1 SYSTEMPATH\CodeIgniter.php(915): App\Controllers\BaseController->initController(Object(CodeIgniter\HTTP\IncomingRequest), Object(CodeIgniter\HTTP\Response), Object(CodeIgniter\Log\Logger))
 2 SYSTEMPATH\CodeIgniter.php(493): CodeIgniter\CodeIgniter->createController()
 3 SYSTEMPATH\CodeIgniter.php(361): CodeIgniter\CodeIgniter->handleRequest(null, Object(Config\Cache), false)
 4 FCPATH\index.php(79): CodeIgniter\CodeIgniter->run()
 5 SYSTEMPATH\Commands\Server\rewrite.php(47): require_once('C:\\2023project\\aparus3\\public\\index.php')
WARNING - 2025-02-13 05:39:39 --> [DEPRECATED] Creation of dynamic property App\Controllers\Shortcut::$session is deprecated in APPPATH\Controllers\BaseController.php on line 56.
 1 SYSTEMPATH\View\Cell.php(96): App\Controllers\BaseController->initController(Object(CodeIgniter\HTTP\IncomingRequest), Object(CodeIgniter\HTTP\Response), Object(CodeIgniter\Log\Logger))
 2 SYSTEMPATH\Common.php(1206): CodeIgniter\View\Cell->render('App\\Controllers\\Shortcut::loadShortcut', [], 0, 'AppControllersShortcutloadShortcut40cd750bba9870f18aada2478b24840a')
 3 APPPATH\Views\partials\topbar.php(157): view_cell('App\\Controllers\\Shortcut::loadShortcut')
 4 SYSTEMPATH\View\View.php(228): include('C:\\2023project\\aparus3\\app\\Views\\partials\\topbar.php')
 5 SYSTEMPATH\View\View.php(231): CodeIgniter\View\View->CodeIgniter\View\{closure}()
 6 SYSTEMPATH\View\View.php(469): CodeIgniter\View\View->render('partials/topbar', null, true)
 7 APPPATH\Views\partials\menu.php(1): CodeIgniter\View\View->include('partials/topbar')
 8 SYSTEMPATH\View\View.php(228): include('C:\\2023project\\aparus3\\app\\Views\\partials\\menu.php')
 9 SYSTEMPATH\View\View.php(231): CodeIgniter\View\View->CodeIgniter\View\{closure}()
10 SYSTEMPATH\View\View.php(469): CodeIgniter\View\View->render('partials/menu', null, true)
11 APPPATH\Views\rusun\lantai.php(17): CodeIgniter\View\View->include('partials/menu')
12 SYSTEMPATH\View\View.php(228): include('C:\\2023project\\aparus3\\app\\Views\\rusun\\lantai.php')
13 SYSTEMPATH\View\View.php(231): CodeIgniter\View\View->CodeIgniter\View\{closure}()
14 SYSTEMPATH\Common.php(1190): CodeIgniter\View\View->render('rusun/lantai', [], true)
15 APPPATH\Controllers\Rusun.php(173): view('rusun/lantai', [...])
16 SYSTEMPATH\CodeIgniter.php(942): App\Controllers\Rusun->lantai('1')
17 SYSTEMPATH\CodeIgniter.php(502): CodeIgniter\CodeIgniter->runController(Object(App\Controllers\Rusun))
18 SYSTEMPATH\CodeIgniter.php(361): CodeIgniter\CodeIgniter->handleRequest(null, Object(Config\Cache), false)
19 FCPATH\index.php(79): CodeIgniter\CodeIgniter->run()
20 SYSTEMPATH\Commands\Server\rewrite.php(47): require_once('C:\\2023project\\aparus3\\public\\index.php')
INFO - 2025-02-13 05:39:39 --> Session: Class initialized using 'CodeIgniter\Session\Handlers\FileHandler' driver.
INFO - 2025-02-13 05:39:40 --> Session: Class initialized using 'CodeIgniter\Session\Handlers\FileHandler' driver.
INFO - 2025-02-13 05:40:22 --> Session: Class initialized using 'CodeIgniter\Session\Handlers\FileHandler' driver.
WARNING - 2025-02-13 05:40:22 --> [DEPRECATED] Creation of dynamic property App\Controllers\Pejabat::$session is deprecated in APPPATH\Controllers\BaseController.php on line 56.
 1 SYSTEMPATH\CodeIgniter.php(915): App\Controllers\BaseController->initController(Object(CodeIgniter\HTTP\IncomingRequest), Object(CodeIgniter\HTTP\Response), Object(CodeIgniter\Log\Logger))
 2 SYSTEMPATH\CodeIgniter.php(493): CodeIgniter\CodeIgniter->createController()
 3 SYSTEMPATH\CodeIgniter.php(361): CodeIgniter\CodeIgniter->handleRequest(null, Object(Config\Cache), false)
 4 FCPATH\index.php(79): CodeIgniter\CodeIgniter->run()
 5 SYSTEMPATH\Commands\Server\rewrite.php(47): require_once('C:\\2023project\\aparus3\\public\\index.php')
WARNING - 2025-02-13 05:40:22 --> [DEPRECATED] Creation of dynamic property App\Controllers\Shortcut::$session is deprecated in APPPATH\Controllers\BaseController.php on line 56.
 1 SYSTEMPATH\View\Cell.php(96): App\Controllers\BaseController->initController(Object(CodeIgniter\HTTP\IncomingRequest), Object(CodeIgniter\HTTP\Response), Object(CodeIgniter\Log\Logger))
 2 SYSTEMPATH\Common.php(1206): CodeIgniter\View\Cell->render('App\\Controllers\\Shortcut::loadShortcut', [], 0, 'AppControllersShortcutloadShortcut40cd750bba9870f18aada2478b24840a')
 3 APPPATH\Views\partials\topbar.php(157): view_cell('App\\Controllers\\Shortcut::loadShortcut')
 4 SYSTEMPATH\View\View.php(228): include('C:\\2023project\\aparus3\\app\\Views\\partials\\topbar.php')
 5 SYSTEMPATH\View\View.php(231): CodeIgniter\View\View->CodeIgniter\View\{closure}()
 6 SYSTEMPATH\View\View.php(469): CodeIgniter\View\View->render('partials/topbar', null, true)
 7 APPPATH\Views\partials\menu.php(1): CodeIgniter\View\View->include('partials/topbar')
 8 SYSTEMPATH\View\View.php(228): include('C:\\2023project\\aparus3\\app\\Views\\partials\\menu.php')
 9 SYSTEMPATH\View\View.php(231): CodeIgniter\View\View->CodeIgniter\View\{closure}()
10 SYSTEMPATH\View\View.php(469): CodeIgniter\View\View->render('partials/menu', null, true)
11 APPPATH\Views\pejabat\list.php(16): CodeIgniter\View\View->include('partials/menu')
12 SYSTEMPATH\View\View.php(228): include('C:\\2023project\\aparus3\\app\\Views\\pejabat\\list.php')
13 SYSTEMPATH\View\View.php(231): CodeIgniter\View\View->CodeIgniter\View\{closure}()
14 SYSTEMPATH\Common.php(1190): CodeIgniter\View\View->render('pejabat/list', [], true)
15 APPPATH\Controllers\Pejabat.php(25): view('pejabat/list', [...])
16 SYSTEMPATH\CodeIgniter.php(942): App\Controllers\Pejabat->index()
17 SYSTEMPATH\CodeIgniter.php(502): CodeIgniter\CodeIgniter->runController(Object(App\Controllers\Pejabat))
18 SYSTEMPATH\CodeIgniter.php(361): CodeIgniter\CodeIgniter->handleRequest(null, Object(Config\Cache), false)
19 FCPATH\index.php(79): CodeIgniter\CodeIgniter->run()
20 SYSTEMPATH\Commands\Server\rewrite.php(47): require_once('C:\\2023project\\aparus3\\public\\index.php')
INFO - 2025-02-13 05:40:22 --> Session: Class initialized using 'CodeIgniter\Session\Handlers\FileHandler' driver.
INFO - 2025-02-13 05:40:23 --> Session: Class initialized using 'CodeIgniter\Session\Handlers\FileHandler' driver.
INFO - 2025-02-13 05:40:32 --> Session: Class initialized using 'CodeIgniter\Session\Handlers\FileHandler' driver.
WARNING - 2025-02-13 05:40:32 --> [DEPRECATED] Creation of dynamic property App\Controllers\Profil::$session is deprecated in APPPATH\Controllers\BaseController.php on line 56.
 1 SYSTEMPATH\CodeIgniter.php(915): App\Controllers\BaseController->initController(Object(CodeIgniter\HTTP\IncomingRequest), Object(CodeIgniter\HTTP\Response), Object(CodeIgniter\Log\Logger))
 2 SYSTEMPATH\CodeIgniter.php(493): CodeIgniter\CodeIgniter->createController()
 3 SYSTEMPATH\CodeIgniter.php(361): CodeIgniter\CodeIgniter->handleRequest(null, Object(Config\Cache), false)
 4 FCPATH\index.php(79): CodeIgniter\CodeIgniter->run()
 5 SYSTEMPATH\Commands\Server\rewrite.php(47): require_once('C:\\2023project\\aparus3\\public\\index.php')
WARNING - 2025-02-13 05:40:32 --> [DEPRECATED] Creation of dynamic property App\Controllers\Shortcut::$session is deprecated in APPPATH\Controllers\BaseController.php on line 56.
 1 SYSTEMPATH\View\Cell.php(96): App\Controllers\BaseController->initController(Object(CodeIgniter\HTTP\IncomingRequest), Object(CodeIgniter\HTTP\Response), Object(CodeIgniter\Log\Logger))
 2 SYSTEMPATH\Common.php(1206): CodeIgniter\View\Cell->render('App\\Controllers\\Shortcut::loadShortcut', [], 0, 'AppControllersShortcutloadShortcut40cd750bba9870f18aada2478b24840a')
 3 APPPATH\Views\partials\topbar.php(157): view_cell('App\\Controllers\\Shortcut::loadShortcut')
 4 SYSTEMPATH\View\View.php(228): include('C:\\2023project\\aparus3\\app\\Views\\partials\\topbar.php')
 5 SYSTEMPATH\View\View.php(231): CodeIgniter\View\View->CodeIgniter\View\{closure}()
 6 SYSTEMPATH\View\View.php(469): CodeIgniter\View\View->render('partials/topbar', null, true)
 7 APPPATH\Views\partials\menu.php(1): CodeIgniter\View\View->include('partials/topbar')
 8 SYSTEMPATH\View\View.php(228): include('C:\\2023project\\aparus3\\app\\Views\\partials\\menu.php')
 9 SYSTEMPATH\View\View.php(231): CodeIgniter\View\View->CodeIgniter\View\{closure}()
10 SYSTEMPATH\View\View.php(469): CodeIgniter\View\View->render('partials/menu', null, true)
11 APPPATH\Views\profil\profile.php(16): CodeIgniter\View\View->include('partials/menu')
12 SYSTEMPATH\View\View.php(228): include('C:\\2023project\\aparus3\\app\\Views\\profil\\profile.php')
13 SYSTEMPATH\View\View.php(231): CodeIgniter\View\View->CodeIgniter\View\{closure}()
14 SYSTEMPATH\Common.php(1190): CodeIgniter\View\View->render('profil/profile', [], true)
15 APPPATH\Controllers\Profil.php(21): view('profil/profile', [...])
16 SYSTEMPATH\CodeIgniter.php(942): App\Controllers\Profil->index()
17 SYSTEMPATH\CodeIgniter.php(502): CodeIgniter\CodeIgniter->runController(Object(App\Controllers\Profil))
18 SYSTEMPATH\CodeIgniter.php(361): CodeIgniter\CodeIgniter->handleRequest(null, Object(Config\Cache), false)
19 FCPATH\index.php(79): CodeIgniter\CodeIgniter->run()
20 SYSTEMPATH\Commands\Server\rewrite.php(47): require_once('C:\\2023project\\aparus3\\public\\index.php')
INFO - 2025-02-13 05:40:32 --> Session: Class initialized using 'CodeIgniter\Session\Handlers\FileHandler' driver.
INFO - 2025-02-13 05:40:33 --> Session: Class initialized using 'CodeIgniter\Session\Handlers\FileHandler' driver.
INFO - 2025-02-13 05:41:00 --> Session: Class initialized using 'CodeIgniter\Session\Handlers\FileHandler' driver.
WARNING - 2025-02-13 05:41:00 --> [DEPRECATED] Creation of dynamic property App\Controllers\Profil::$session is deprecated in APPPATH\Controllers\BaseController.php on line 56.
 1 SYSTEMPATH\CodeIgniter.php(915): App\Controllers\BaseController->initController(Object(CodeIgniter\HTTP\IncomingRequest), Object(CodeIgniter\HTTP\Response), Object(CodeIgniter\Log\Logger))
 2 SYSTEMPATH\CodeIgniter.php(493): CodeIgniter\CodeIgniter->createController()
 3 SYSTEMPATH\CodeIgniter.php(361): CodeIgniter\CodeIgniter->handleRequest(null, Object(Config\Cache), false)
 4 FCPATH\index.php(79): CodeIgniter\CodeIgniter->run()
 5 SYSTEMPATH\Commands\Server\rewrite.php(47): require_once('C:\\2023project\\aparus3\\public\\index.php')
WARNING - 2025-02-13 05:41:00 --> [DEPRECATED] Creation of dynamic property App\Controllers\Shortcut::$session is deprecated in APPPATH\Controllers\BaseController.php on line 56.
 1 SYSTEMPATH\View\Cell.php(96): App\Controllers\BaseController->initController(Object(CodeIgniter\HTTP\IncomingRequest), Object(CodeIgniter\HTTP\Response), Object(CodeIgniter\Log\Logger))
 2 SYSTEMPATH\Common.php(1206): CodeIgniter\View\Cell->render('App\\Controllers\\Shortcut::loadShortcut', [], 0, 'AppControllersShortcutloadShortcut40cd750bba9870f18aada2478b24840a')
 3 APPPATH\Views\partials\topbar.php(157): view_cell('App\\Controllers\\Shortcut::loadShortcut')
 4 SYSTEMPATH\View\View.php(228): include('C:\\2023project\\aparus3\\app\\Views\\partials\\topbar.php')
 5 SYSTEMPATH\View\View.php(231): CodeIgniter\View\View->CodeIgniter\View\{closure}()
 6 SYSTEMPATH\View\View.php(469): CodeIgniter\View\View->render('partials/topbar', null, true)
 7 APPPATH\Views\partials\menu.php(1): CodeIgniter\View\View->include('partials/topbar')
 8 SYSTEMPATH\View\View.php(228): include('C:\\2023project\\aparus3\\app\\Views\\partials\\menu.php')
 9 SYSTEMPATH\View\View.php(231): CodeIgniter\View\View->CodeIgniter\View\{closure}()
10 SYSTEMPATH\View\View.php(469): CodeIgniter\View\View->render('partials/menu', null, true)
11 APPPATH\Views\profil\updatefoto.php(16): CodeIgniter\View\View->include('partials/menu')
12 SYSTEMPATH\View\View.php(228): include('C:\\2023project\\aparus3\\app\\Views\\profil\\updatefoto.php')
13 SYSTEMPATH\View\View.php(231): CodeIgniter\View\View->CodeIgniter\View\{closure}()
14 SYSTEMPATH\Common.php(1190): CodeIgniter\View\View->render('profil/updatefoto', [], true)
15 APPPATH\Controllers\Profil.php(41): view('profil/updatefoto', [...])
16 SYSTEMPATH\CodeIgniter.php(942): App\Controllers\Profil->updatefoto()
17 SYSTEMPATH\CodeIgniter.php(502): CodeIgniter\CodeIgniter->runController(Object(App\Controllers\Profil))
18 SYSTEMPATH\CodeIgniter.php(361): CodeIgniter\CodeIgniter->handleRequest(null, Object(Config\Cache), false)
19 FCPATH\index.php(79): CodeIgniter\CodeIgniter->run()
20 SYSTEMPATH\Commands\Server\rewrite.php(47): require_once('C:\\2023project\\aparus3\\public\\index.php')
INFO - 2025-02-13 05:41:01 --> Session: Class initialized using 'CodeIgniter\Session\Handlers\FileHandler' driver.
INFO - 2025-02-13 05:41:01 --> Session: Class initialized using 'CodeIgniter\Session\Handlers\FileHandler' driver.
INFO - 2025-02-13 05:41:10 --> Session: Class initialized using 'CodeIgniter\Session\Handlers\FileHandler' driver.
WARNING - 2025-02-13 05:41:10 --> [DEPRECATED] Creation of dynamic property App\Controllers\Profil::$session is deprecated in APPPATH\Controllers\BaseController.php on line 56.
 1 SYSTEMPATH\CodeIgniter.php(915): App\Controllers\BaseController->initController(Object(CodeIgniter\HTTP\IncomingRequest), Object(CodeIgniter\HTTP\Response), Object(CodeIgniter\Log\Logger))
 2 SYSTEMPATH\CodeIgniter.php(493): CodeIgniter\CodeIgniter->createController()
 3 SYSTEMPATH\CodeIgniter.php(361): CodeIgniter\CodeIgniter->handleRequest(null, Object(Config\Cache), false)
 4 FCPATH\index.php(79): CodeIgniter\CodeIgniter->run()
 5 SYSTEMPATH\Commands\Server\rewrite.php(47): require_once('C:\\2023project\\aparus3\\public\\index.php')
INFO - 2025-02-13 05:41:10 --> Session: Class initialized using 'CodeIgniter\Session\Handlers\FileHandler' driver.
WARNING - 2025-02-13 05:41:10 --> [DEPRECATED] Creation of dynamic property App\Controllers\Profil::$session is deprecated in APPPATH\Controllers\BaseController.php on line 56.
 1 SYSTEMPATH\CodeIgniter.php(915): App\Controllers\BaseController->initController(Object(CodeIgniter\HTTP\IncomingRequest), Object(CodeIgniter\HTTP\Response), Object(CodeIgniter\Log\Logger))
 2 SYSTEMPATH\CodeIgniter.php(493): CodeIgniter\CodeIgniter->createController()
 3 SYSTEMPATH\CodeIgniter.php(361): CodeIgniter\CodeIgniter->handleRequest(null, Object(Config\Cache), false)
 4 FCPATH\index.php(79): CodeIgniter\CodeIgniter->run()
 5 SYSTEMPATH\Commands\Server\rewrite.php(47): require_once('C:\\2023project\\aparus3\\public\\index.php')
WARNING - 2025-02-13 05:41:10 --> [DEPRECATED] Creation of dynamic property App\Controllers\Shortcut::$session is deprecated in APPPATH\Controllers\BaseController.php on line 56.
 1 SYSTEMPATH\View\Cell.php(96): App\Controllers\BaseController->initController(Object(CodeIgniter\HTTP\IncomingRequest), Object(CodeIgniter\HTTP\Response), Object(CodeIgniter\Log\Logger))
 2 SYSTEMPATH\Common.php(1206): CodeIgniter\View\Cell->render('App\\Controllers\\Shortcut::loadShortcut', [], 0, 'AppControllersShortcutloadShortcut40cd750bba9870f18aada2478b24840a')
 3 APPPATH\Views\partials\topbar.php(157): view_cell('App\\Controllers\\Shortcut::loadShortcut')
 4 SYSTEMPATH\View\View.php(228): include('C:\\2023project\\aparus3\\app\\Views\\partials\\topbar.php')
 5 SYSTEMPATH\View\View.php(231): CodeIgniter\View\View->CodeIgniter\View\{closure}()
 6 SYSTEMPATH\View\View.php(469): CodeIgniter\View\View->render('partials/topbar', null, true)
 7 APPPATH\Views\partials\menu.php(1): CodeIgniter\View\View->include('partials/topbar')
 8 SYSTEMPATH\View\View.php(228): include('C:\\2023project\\aparus3\\app\\Views\\partials\\menu.php')
 9 SYSTEMPATH\View\View.php(231): CodeIgniter\View\View->CodeIgniter\View\{closure}()
10 SYSTEMPATH\View\View.php(469): CodeIgniter\View\View->render('partials/menu', null, true)
11 APPPATH\Views\profil\updatefoto.php(16): CodeIgniter\View\View->include('partials/menu')
12 SYSTEMPATH\View\View.php(228): include('C:\\2023project\\aparus3\\app\\Views\\profil\\updatefoto.php')
13 SYSTEMPATH\View\View.php(231): CodeIgniter\View\View->CodeIgniter\View\{closure}()
14 SYSTEMPATH\Common.php(1190): CodeIgniter\View\View->render('profil/updatefoto', [], true)
15 APPPATH\Controllers\Profil.php(41): view('profil/updatefoto', [...])
16 SYSTEMPATH\CodeIgniter.php(942): App\Controllers\Profil->updatefoto()
17 SYSTEMPATH\CodeIgniter.php(502): CodeIgniter\CodeIgniter->runController(Object(App\Controllers\Profil))
18 SYSTEMPATH\CodeIgniter.php(361): CodeIgniter\CodeIgniter->handleRequest(null, Object(Config\Cache), false)
19 FCPATH\index.php(79): CodeIgniter\CodeIgniter->run()
20 SYSTEMPATH\Commands\Server\rewrite.php(47): require_once('C:\\2023project\\aparus3\\public\\index.php')
INFO - 2025-02-13 05:41:11 --> Session: Class initialized using 'CodeIgniter\Session\Handlers\FileHandler' driver.
INFO - 2025-02-13 05:41:11 --> Session: Class initialized using 'CodeIgniter\Session\Handlers\FileHandler' driver.
INFO - 2025-02-13 05:41:21 --> Session: Class initialized using 'CodeIgniter\Session\Handlers\FileHandler' driver.
INFO - 2025-02-13 05:41:24 --> Session: Class initialized using 'CodeIgniter\Session\Handlers\FileHandler' driver.
WARNING - 2025-02-13 05:41:24 --> [DEPRECATED] Creation of dynamic property App\Controllers\Profil::$session is deprecated in APPPATH\Controllers\BaseController.php on line 56.
 1 SYSTEMPATH\CodeIgniter.php(915): App\Controllers\BaseController->initController(Object(CodeIgniter\HTTP\IncomingRequest), Object(CodeIgniter\HTTP\Response), Object(CodeIgniter\Log\Logger))
 2 SYSTEMPATH\CodeIgniter.php(493): CodeIgniter\CodeIgniter->createController()
 3 SYSTEMPATH\CodeIgniter.php(361): CodeIgniter\CodeIgniter->handleRequest(null, Object(Config\Cache), false)
 4 FCPATH\index.php(79): CodeIgniter\CodeIgniter->run()
 5 SYSTEMPATH\Commands\Server\rewrite.php(47): require_once('C:\\2023project\\aparus3\\public\\index.php')
WARNING - 2025-02-13 05:41:24 --> [DEPRECATED] Creation of dynamic property App\Controllers\Shortcut::$session is deprecated in APPPATH\Controllers\BaseController.php on line 56.
 1 SYSTEMPATH\View\Cell.php(96): App\Controllers\BaseController->initController(Object(CodeIgniter\HTTP\IncomingRequest), Object(CodeIgniter\HTTP\Response), Object(CodeIgniter\Log\Logger))
 2 SYSTEMPATH\Common.php(1206): CodeIgniter\View\Cell->render('App\\Controllers\\Shortcut::loadShortcut', [], 0, 'AppControllersShortcutloadShortcut40cd750bba9870f18aada2478b24840a')
 3 APPPATH\Views\partials\topbar.php(157): view_cell('App\\Controllers\\Shortcut::loadShortcut')
 4 SYSTEMPATH\View\View.php(228): include('C:\\2023project\\aparus3\\app\\Views\\partials\\topbar.php')
 5 SYSTEMPATH\View\View.php(231): CodeIgniter\View\View->CodeIgniter\View\{closure}()
 6 SYSTEMPATH\View\View.php(469): CodeIgniter\View\View->render('partials/topbar', null, true)
 7 APPPATH\Views\partials\menu.php(1): CodeIgniter\View\View->include('partials/topbar')
 8 SYSTEMPATH\View\View.php(228): include('C:\\2023project\\aparus3\\app\\Views\\partials\\menu.php')
 9 SYSTEMPATH\View\View.php(231): CodeIgniter\View\View->CodeIgniter\View\{closure}()
10 SYSTEMPATH\View\View.php(469): CodeIgniter\View\View->render('partials/menu', null, true)
11 APPPATH\Views\profil\updatefoto.php(16): CodeIgniter\View\View->include('partials/menu')
12 SYSTEMPATH\View\View.php(228): include('C:\\2023project\\aparus3\\app\\Views\\profil\\updatefoto.php')
13 SYSTEMPATH\View\View.php(231): CodeIgniter\View\View->CodeIgniter\View\{closure}()
14 SYSTEMPATH\Common.php(1190): CodeIgniter\View\View->render('profil/updatefoto', [], true)
15 APPPATH\Controllers\Profil.php(41): view('profil/updatefoto', [...])
16 SYSTEMPATH\CodeIgniter.php(942): App\Controllers\Profil->updatefoto()
17 SYSTEMPATH\CodeIgniter.php(502): CodeIgniter\CodeIgniter->runController(Object(App\Controllers\Profil))
18 SYSTEMPATH\CodeIgniter.php(361): CodeIgniter\CodeIgniter->handleRequest(null, Object(Config\Cache), false)
19 FCPATH\index.php(79): CodeIgniter\CodeIgniter->run()
20 SYSTEMPATH\Commands\Server\rewrite.php(47): require_once('C:\\2023project\\aparus3\\public\\index.php')
INFO - 2025-02-13 05:41:24 --> Session: Class initialized using 'CodeIgniter\Session\Handlers\FileHandler' driver.
INFO - 2025-02-13 05:41:24 --> Session: Class initialized using 'CodeIgniter\Session\Handlers\FileHandler' driver.
INFO - 2025-02-13 05:41:33 --> Session: Class initialized using 'CodeIgniter\Session\Handlers\FileHandler' driver.
WARNING - 2025-02-13 05:41:33 --> [DEPRECATED] Creation of dynamic property App\Controllers\About::$session is deprecated in APPPATH\Controllers\BaseController.php on line 56.
 1 SYSTEMPATH\CodeIgniter.php(915): App\Controllers\BaseController->initController(Object(CodeIgniter\HTTP\IncomingRequest), Object(CodeIgniter\HTTP\Response), Object(CodeIgniter\Log\Logger))
 2 SYSTEMPATH\CodeIgniter.php(493): CodeIgniter\CodeIgniter->createController()
 3 SYSTEMPATH\CodeIgniter.php(361): CodeIgniter\CodeIgniter->handleRequest(null, Object(Config\Cache), false)
 4 FCPATH\index.php(79): CodeIgniter\CodeIgniter->run()
 5 SYSTEMPATH\Commands\Server\rewrite.php(47): require_once('C:\\2023project\\aparus3\\public\\index.php')
WARNING - 2025-02-13 05:41:33 --> [DEPRECATED] Creation of dynamic property App\Controllers\Shortcut::$session is deprecated in APPPATH\Controllers\BaseController.php on line 56.
 1 SYSTEMPATH\View\Cell.php(96): App\Controllers\BaseController->initController(Object(CodeIgniter\HTTP\IncomingRequest), Object(CodeIgniter\HTTP\Response), Object(CodeIgniter\Log\Logger))
 2 SYSTEMPATH\Common.php(1206): CodeIgniter\View\Cell->render('App\\Controllers\\Shortcut::loadShortcut', [], 0, 'AppControllersShortcutloadShortcut40cd750bba9870f18aada2478b24840a')
 3 APPPATH\Views\partials\topbar.php(157): view_cell('App\\Controllers\\Shortcut::loadShortcut')
 4 SYSTEMPATH\View\View.php(228): include('C:\\2023project\\aparus3\\app\\Views\\partials\\topbar.php')
 5 SYSTEMPATH\View\View.php(231): CodeIgniter\View\View->CodeIgniter\View\{closure}()
 6 SYSTEMPATH\View\View.php(469): CodeIgniter\View\View->render('partials/topbar', null, true)
 7 APPPATH\Views\partials\menu.php(1): CodeIgniter\View\View->include('partials/topbar')
 8 SYSTEMPATH\View\View.php(228): include('C:\\2023project\\aparus3\\app\\Views\\partials\\menu.php')
 9 SYSTEMPATH\View\View.php(231): CodeIgniter\View\View->CodeIgniter\View\{closure}()
10 SYSTEMPATH\View\View.php(469): CodeIgniter\View\View->render('partials/menu', null, true)
11 APPPATH\Views\about\about.php(16): CodeIgniter\View\View->include('partials/menu')
12 SYSTEMPATH\View\View.php(228): include('C:\\2023project\\aparus3\\app\\Views\\about\\about.php')
13 SYSTEMPATH\View\View.php(231): CodeIgniter\View\View->CodeIgniter\View\{closure}()
14 SYSTEMPATH\Common.php(1190): CodeIgniter\View\View->render('about/about', [], true)
15 APPPATH\Controllers\About.php(17): view('about/about')
16 SYSTEMPATH\CodeIgniter.php(942): App\Controllers\About->index()
17 SYSTEMPATH\CodeIgniter.php(502): CodeIgniter\CodeIgniter->runController(Object(App\Controllers\About))
18 SYSTEMPATH\CodeIgniter.php(361): CodeIgniter\CodeIgniter->handleRequest(null, Object(Config\Cache), false)
19 FCPATH\index.php(79): CodeIgniter\CodeIgniter->run()
20 SYSTEMPATH\Commands\Server\rewrite.php(47): require_once('C:\\2023project\\aparus3\\public\\index.php')
INFO - 2025-02-13 05:41:34 --> Session: Class initialized using 'CodeIgniter\Session\Handlers\FileHandler' driver.
INFO - 2025-02-13 05:41:34 --> Session: Class initialized using 'CodeIgniter\Session\Handlers\FileHandler' driver.
INFO - 2025-02-13 05:41:40 --> Session: Class initialized using 'CodeIgniter\Session\Handlers\FileHandler' driver.
INFO - 2025-02-13 05:42:10 --> Session: Class initialized using 'CodeIgniter\Session\Handlers\FileHandler' driver.
WARNING - 2025-02-13 05:42:10 --> [DEPRECATED] Creation of dynamic property App\Controllers\About::$session is deprecated in APPPATH\Controllers\BaseController.php on line 56.
 1 SYSTEMPATH\CodeIgniter.php(915): App\Controllers\BaseController->initController(Object(CodeIgniter\HTTP\IncomingRequest), Object(CodeIgniter\HTTP\Response), Object(CodeIgniter\Log\Logger))
 2 SYSTEMPATH\CodeIgniter.php(493): CodeIgniter\CodeIgniter->createController()
 3 SYSTEMPATH\CodeIgniter.php(361): CodeIgniter\CodeIgniter->handleRequest(null, Object(Config\Cache), false)
 4 FCPATH\index.php(79): CodeIgniter\CodeIgniter->run()
 5 SYSTEMPATH\Commands\Server\rewrite.php(47): require_once('C:\\2023project\\aparus3\\public\\index.php')
WARNING - 2025-02-13 05:42:10 --> [DEPRECATED] Creation of dynamic property App\Controllers\Shortcut::$session is deprecated in APPPATH\Controllers\BaseController.php on line 56.
 1 SYSTEMPATH\View\Cell.php(96): App\Controllers\BaseController->initController(Object(CodeIgniter\HTTP\IncomingRequest), Object(CodeIgniter\HTTP\Response), Object(CodeIgniter\Log\Logger))
 2 SYSTEMPATH\Common.php(1206): CodeIgniter\View\Cell->render('App\\Controllers\\Shortcut::loadShortcut', [], 0, 'AppControllersShortcutloadShortcut40cd750bba9870f18aada2478b24840a')
 3 APPPATH\Views\partials\topbar.php(157): view_cell('App\\Controllers\\Shortcut::loadShortcut')
 4 SYSTEMPATH\View\View.php(228): include('C:\\2023project\\aparus3\\app\\Views\\partials\\topbar.php')
 5 SYSTEMPATH\View\View.php(231): CodeIgniter\View\View->CodeIgniter\View\{closure}()
 6 SYSTEMPATH\View\View.php(469): CodeIgniter\View\View->render('partials/topbar', null, true)
 7 APPPATH\Views\partials\menu.php(1): CodeIgniter\View\View->include('partials/topbar')
 8 SYSTEMPATH\View\View.php(228): include('C:\\2023project\\aparus3\\app\\Views\\partials\\menu.php')
 9 SYSTEMPATH\View\View.php(231): CodeIgniter\View\View->CodeIgniter\View\{closure}()
10 SYSTEMPATH\View\View.php(469): CodeIgniter\View\View->render('partials/menu', null, true)
11 APPPATH\Views\about\about.php(16): CodeIgniter\View\View->include('partials/menu')
12 SYSTEMPATH\View\View.php(228): include('C:\\2023project\\aparus3\\app\\Views\\about\\about.php')
13 SYSTEMPATH\View\View.php(231): CodeIgniter\View\View->CodeIgniter\View\{closure}()
14 SYSTEMPATH\Common.php(1190): CodeIgniter\View\View->render('about/about', [], true)
15 APPPATH\Controllers\About.php(17): view('about/about')
16 SYSTEMPATH\CodeIgniter.php(942): App\Controllers\About->index()
17 SYSTEMPATH\CodeIgniter.php(502): CodeIgniter\CodeIgniter->runController(Object(App\Controllers\About))
18 SYSTEMPATH\CodeIgniter.php(361): CodeIgniter\CodeIgniter->handleRequest(null, Object(Config\Cache), false)
19 FCPATH\index.php(79): CodeIgniter\CodeIgniter->run()
20 SYSTEMPATH\Commands\Server\rewrite.php(47): require_once('C:\\2023project\\aparus3\\public\\index.php')
INFO - 2025-02-13 05:42:11 --> Session: Class initialized using 'CodeIgniter\Session\Handlers\FileHandler' driver.
INFO - 2025-02-13 05:42:11 --> Session: Class initialized using 'CodeIgniter\Session\Handlers\FileHandler' driver.
INFO - 2025-02-13 05:42:34 --> Session: Class initialized using 'CodeIgniter\Session\Handlers\FileHandler' driver.
WARNING - 2025-02-13 05:42:34 --> [DEPRECATED] Creation of dynamic property App\Controllers\About::$session is deprecated in APPPATH\Controllers\BaseController.php on line 56.
 1 SYSTEMPATH\CodeIgniter.php(915): App\Controllers\BaseController->initController(Object(CodeIgniter\HTTP\IncomingRequest), Object(CodeIgniter\HTTP\Response), Object(CodeIgniter\Log\Logger))
 2 SYSTEMPATH\CodeIgniter.php(493): CodeIgniter\CodeIgniter->createController()
 3 SYSTEMPATH\CodeIgniter.php(361): CodeIgniter\CodeIgniter->handleRequest(null, Object(Config\Cache), false)
 4 FCPATH\index.php(79): CodeIgniter\CodeIgniter->run()
 5 SYSTEMPATH\Commands\Server\rewrite.php(47): require_once('C:\\2023project\\aparus3\\public\\index.php')
WARNING - 2025-02-13 05:42:34 --> [DEPRECATED] Creation of dynamic property App\Controllers\Shortcut::$session is deprecated in APPPATH\Controllers\BaseController.php on line 56.
 1 SYSTEMPATH\View\Cell.php(96): App\Controllers\BaseController->initController(Object(CodeIgniter\HTTP\IncomingRequest), Object(CodeIgniter\HTTP\Response), Object(CodeIgniter\Log\Logger))
 2 SYSTEMPATH\Common.php(1206): CodeIgniter\View\Cell->render('App\\Controllers\\Shortcut::loadShortcut', [], 0, 'AppControllersShortcutloadShortcut40cd750bba9870f18aada2478b24840a')
 3 APPPATH\Views\partials\topbar.php(157): view_cell('App\\Controllers\\Shortcut::loadShortcut')
 4 SYSTEMPATH\View\View.php(228): include('C:\\2023project\\aparus3\\app\\Views\\partials\\topbar.php')
 5 SYSTEMPATH\View\View.php(231): CodeIgniter\View\View->CodeIgniter\View\{closure}()
 6 SYSTEMPATH\View\View.php(469): CodeIgniter\View\View->render('partials/topbar', null, true)
 7 APPPATH\Views\partials\menu.php(1): CodeIgniter\View\View->include('partials/topbar')
 8 SYSTEMPATH\View\View.php(228): include('C:\\2023project\\aparus3\\app\\Views\\partials\\menu.php')
 9 SYSTEMPATH\View\View.php(231): CodeIgniter\View\View->CodeIgniter\View\{closure}()
10 SYSTEMPATH\View\View.php(469): CodeIgniter\View\View->render('partials/menu', null, true)
11 APPPATH\Views\about\privacy.php(26): CodeIgniter\View\View->include('partials/menu')
12 SYSTEMPATH\View\View.php(228): include('C:\\2023project\\aparus3\\app\\Views\\about\\privacy.php')
13 SYSTEMPATH\View\View.php(231): CodeIgniter\View\View->CodeIgniter\View\{closure}()
14 SYSTEMPATH\Common.php(1190): CodeIgniter\View\View->render('about/privacy', [], true)
15 APPPATH\Controllers\About.php(21): view('about/privacy')
16 SYSTEMPATH\CodeIgniter.php(942): App\Controllers\About->privacy()
17 SYSTEMPATH\CodeIgniter.php(502): CodeIgniter\CodeIgniter->runController(Object(App\Controllers\About))
18 SYSTEMPATH\CodeIgniter.php(361): CodeIgniter\CodeIgniter->handleRequest(null, Object(Config\Cache), false)
19 FCPATH\index.php(79): CodeIgniter\CodeIgniter->run()
20 SYSTEMPATH\Commands\Server\rewrite.php(47): require_once('C:\\2023project\\aparus3\\public\\index.php')
INFO - 2025-02-13 05:42:34 --> Session: Class initialized using 'CodeIgniter\Session\Handlers\FileHandler' driver.
INFO - 2025-02-13 05:42:34 --> Session: Class initialized using 'CodeIgniter\Session\Handlers\FileHandler' driver.
INFO - 2025-02-13 05:42:39 --> Session: Class initialized using 'CodeIgniter\Session\Handlers\FileHandler' driver.
INFO - 2025-02-13 05:42:41 --> Session: Class initialized using 'CodeIgniter\Session\Handlers\FileHandler' driver.
WARNING - 2025-02-13 05:42:41 --> [DEPRECATED] Creation of dynamic property App\Controllers\About::$session is deprecated in APPPATH\Controllers\BaseController.php on line 56.
 1 SYSTEMPATH\CodeIgniter.php(915): App\Controllers\BaseController->initController(Object(CodeIgniter\HTTP\IncomingRequest), Object(CodeIgniter\HTTP\Response), Object(CodeIgniter\Log\Logger))
 2 SYSTEMPATH\CodeIgniter.php(493): CodeIgniter\CodeIgniter->createController()
 3 SYSTEMPATH\CodeIgniter.php(361): CodeIgniter\CodeIgniter->handleRequest(null, Object(Config\Cache), false)
 4 FCPATH\index.php(79): CodeIgniter\CodeIgniter->run()
 5 SYSTEMPATH\Commands\Server\rewrite.php(47): require_once('C:\\2023project\\aparus3\\public\\index.php')
WARNING - 2025-02-13 05:42:41 --> [DEPRECATED] Creation of dynamic property App\Controllers\Shortcut::$session is deprecated in APPPATH\Controllers\BaseController.php on line 56.
 1 SYSTEMPATH\View\Cell.php(96): App\Controllers\BaseController->initController(Object(CodeIgniter\HTTP\IncomingRequest), Object(CodeIgniter\HTTP\Response), Object(CodeIgniter\Log\Logger))
 2 SYSTEMPATH\Common.php(1206): CodeIgniter\View\Cell->render('App\\Controllers\\Shortcut::loadShortcut', [], 0, 'AppControllersShortcutloadShortcut40cd750bba9870f18aada2478b24840a')
 3 APPPATH\Views\partials\topbar.php(157): view_cell('App\\Controllers\\Shortcut::loadShortcut')
 4 SYSTEMPATH\View\View.php(228): include('C:\\2023project\\aparus3\\app\\Views\\partials\\topbar.php')
 5 SYSTEMPATH\View\View.php(231): CodeIgniter\View\View->CodeIgniter\View\{closure}()
 6 SYSTEMPATH\View\View.php(469): CodeIgniter\View\View->render('partials/topbar', null, true)
 7 APPPATH\Views\partials\menu.php(1): CodeIgniter\View\View->include('partials/topbar')
 8 SYSTEMPATH\View\View.php(228): include('C:\\2023project\\aparus3\\app\\Views\\partials\\menu.php')
 9 SYSTEMPATH\View\View.php(231): CodeIgniter\View\View->CodeIgniter\View\{closure}()
10 SYSTEMPATH\View\View.php(469): CodeIgniter\View\View->render('partials/menu', null, true)
11 APPPATH\Views\about\privacy.php(26): CodeIgniter\View\View->include('partials/menu')
12 SYSTEMPATH\View\View.php(228): include('C:\\2023project\\aparus3\\app\\Views\\about\\privacy.php')
13 SYSTEMPATH\View\View.php(231): CodeIgniter\View\View->CodeIgniter\View\{closure}()
14 SYSTEMPATH\Common.php(1190): CodeIgniter\View\View->render('about/privacy', [], true)
15 APPPATH\Controllers\About.php(21): view('about/privacy')
16 SYSTEMPATH\CodeIgniter.php(942): App\Controllers\About->privacy()
17 SYSTEMPATH\CodeIgniter.php(502): CodeIgniter\CodeIgniter->runController(Object(App\Controllers\About))
18 SYSTEMPATH\CodeIgniter.php(361): CodeIgniter\CodeIgniter->handleRequest(null, Object(Config\Cache), false)
19 FCPATH\index.php(79): CodeIgniter\CodeIgniter->run()
20 SYSTEMPATH\Commands\Server\rewrite.php(47): require_once('C:\\2023project\\aparus3\\public\\index.php')
INFO - 2025-02-13 05:42:41 --> Session: Class initialized using 'CodeIgniter\Session\Handlers\FileHandler' driver.
INFO - 2025-02-13 05:42:41 --> Session: Class initialized using 'CodeIgniter\Session\Handlers\FileHandler' driver.
INFO - 2025-02-13 05:43:12 --> Session: Class initialized using 'CodeIgniter\Session\Handlers\FileHandler' driver.
WARNING - 2025-02-13 05:43:12 --> [DEPRECATED] Creation of dynamic property App\Controllers\Kasir::$session is deprecated in APPPATH\Controllers\BaseController.php on line 56.
 1 SYSTEMPATH\CodeIgniter.php(915): App\Controllers\BaseController->initController(Object(CodeIgniter\HTTP\IncomingRequest), Object(CodeIgniter\HTTP\Response), Object(CodeIgniter\Log\Logger))
 2 SYSTEMPATH\CodeIgniter.php(493): CodeIgniter\CodeIgniter->createController()
 3 SYSTEMPATH\CodeIgniter.php(361): CodeIgniter\CodeIgniter->handleRequest(null, Object(Config\Cache), false)
 4 FCPATH\index.php(79): CodeIgniter\CodeIgniter->run()
 5 SYSTEMPATH\Commands\Server\rewrite.php(47): require_once('C:\\2023project\\aparus3\\public\\index.php')
WARNING - 2025-02-13 05:43:12 --> [DEPRECATED] Creation of dynamic property App\Controllers\Shortcut::$session is deprecated in APPPATH\Controllers\BaseController.php on line 56.
 1 SYSTEMPATH\View\Cell.php(96): App\Controllers\BaseController->initController(Object(CodeIgniter\HTTP\IncomingRequest), Object(CodeIgniter\HTTP\Response), Object(CodeIgniter\Log\Logger))
 2 SYSTEMPATH\Common.php(1206): CodeIgniter\View\Cell->render('App\\Controllers\\Shortcut::loadShortcut', [], 0, 'AppControllersShortcutloadShortcut40cd750bba9870f18aada2478b24840a')
 3 APPPATH\Views\partials\topbar.php(157): view_cell('App\\Controllers\\Shortcut::loadShortcut')
 4 SYSTEMPATH\View\View.php(228): include('C:\\2023project\\aparus3\\app\\Views\\partials\\topbar.php')
 5 SYSTEMPATH\View\View.php(231): CodeIgniter\View\View->CodeIgniter\View\{closure}()
 6 SYSTEMPATH\View\View.php(469): CodeIgniter\View\View->render('partials/topbar', null, true)
 7 APPPATH\Views\partials\menu.php(1): CodeIgniter\View\View->include('partials/topbar')
 8 SYSTEMPATH\View\View.php(228): include('C:\\2023project\\aparus3\\app\\Views\\partials\\menu.php')
 9 SYSTEMPATH\View\View.php(231): CodeIgniter\View\View->CodeIgniter\View\{closure}()
10 SYSTEMPATH\View\View.php(469): CodeIgniter\View\View->render('partials/menu', null, true)
11 APPPATH\Views\pembayaran\search.php(16): CodeIgniter\View\View->include('partials/menu')
12 SYSTEMPATH\View\View.php(228): include('C:\\2023project\\aparus3\\app\\Views\\pembayaran\\search.php')
13 SYSTEMPATH\View\View.php(231): CodeIgniter\View\View->CodeIgniter\View\{closure}()
14 SYSTEMPATH\Common.php(1190): CodeIgniter\View\View->render('pembayaran/search', [], true)
15 APPPATH\Controllers\Kasir.php(37): view('pembayaran/search')
16 SYSTEMPATH\CodeIgniter.php(942): App\Controllers\Kasir->invoice()
17 SYSTEMPATH\CodeIgniter.php(502): CodeIgniter\CodeIgniter->runController(Object(App\Controllers\Kasir))
18 SYSTEMPATH\CodeIgniter.php(361): CodeIgniter\CodeIgniter->handleRequest(null, Object(Config\Cache), false)
19 FCPATH\index.php(79): CodeIgniter\CodeIgniter->run()
20 SYSTEMPATH\Commands\Server\rewrite.php(47): require_once('C:\\2023project\\aparus3\\public\\index.php')
INFO - 2025-02-13 05:43:13 --> Session: Class initialized using 'CodeIgniter\Session\Handlers\FileHandler' driver.
INFO - 2025-02-13 05:43:13 --> Session: Class initialized using 'CodeIgniter\Session\Handlers\FileHandler' driver.
INFO - 2025-02-13 05:43:20 --> Session: Class initialized using 'CodeIgniter\Session\Handlers\FileHandler' driver.
WARNING - 2025-02-13 05:43:20 --> [DEPRECATED] Creation of dynamic property App\Controllers\Kasir::$session is deprecated in APPPATH\Controllers\BaseController.php on line 56.
 1 SYSTEMPATH\CodeIgniter.php(915): App\Controllers\BaseController->initController(Object(CodeIgniter\HTTP\IncomingRequest), Object(CodeIgniter\HTTP\Response), Object(CodeIgniter\Log\Logger))
 2 SYSTEMPATH\CodeIgniter.php(493): CodeIgniter\CodeIgniter->createController()
 3 SYSTEMPATH\CodeIgniter.php(361): CodeIgniter\CodeIgniter->handleRequest(null, Object(Config\Cache), false)
 4 FCPATH\index.php(79): CodeIgniter\CodeIgniter->run()
 5 SYSTEMPATH\Commands\Server\rewrite.php(47): require_once('C:\\2023project\\aparus3\\public\\index.php')
WARNING - 2025-02-13 05:43:20 --> [DEPRECATED] Creation of dynamic property App\Controllers\Shortcut::$session is deprecated in APPPATH\Controllers\BaseController.php on line 56.
 1 SYSTEMPATH\View\Cell.php(96): App\Controllers\BaseController->initController(Object(CodeIgniter\HTTP\IncomingRequest), Object(CodeIgniter\HTTP\Response), Object(CodeIgniter\Log\Logger))
 2 SYSTEMPATH\Common.php(1206): CodeIgniter\View\Cell->render('App\\Controllers\\Shortcut::loadShortcut', [], 0, 'AppControllersShortcutloadShortcut40cd750bba9870f18aada2478b24840a')
 3 APPPATH\Views\partials\topbar.php(157): view_cell('App\\Controllers\\Shortcut::loadShortcut')
 4 SYSTEMPATH\View\View.php(228): include('C:\\2023project\\aparus3\\app\\Views\\partials\\topbar.php')
 5 SYSTEMPATH\View\View.php(231): CodeIgniter\View\View->CodeIgniter\View\{closure}()
 6 SYSTEMPATH\View\View.php(469): CodeIgniter\View\View->render('partials/topbar', null, true)
 7 APPPATH\Views\partials\menu.php(1): CodeIgniter\View\View->include('partials/topbar')
 8 SYSTEMPATH\View\View.php(228): include('C:\\2023project\\aparus3\\app\\Views\\partials\\menu.php')
 9 SYSTEMPATH\View\View.php(231): CodeIgniter\View\View->CodeIgniter\View\{closure}()
10 SYSTEMPATH\View\View.php(469): CodeIgniter\View\View->render('partials/menu', null, true)
11 APPPATH\Views\pembayaran\search.php(16): CodeIgniter\View\View->include('partials/menu')
12 SYSTEMPATH\View\View.php(228): include('C:\\2023project\\aparus3\\app\\Views\\pembayaran\\search.php')
13 SYSTEMPATH\View\View.php(231): CodeIgniter\View\View->CodeIgniter\View\{closure}()
14 SYSTEMPATH\Common.php(1190): CodeIgniter\View\View->render('pembayaran/search', [], true)
15 APPPATH\Controllers\Kasir.php(35): view('pembayaran/search', [...])
16 SYSTEMPATH\CodeIgniter.php(942): App\Controllers\Kasir->invoice()
17 SYSTEMPATH\CodeIgniter.php(502): CodeIgniter\CodeIgniter->runController(Object(App\Controllers\Kasir))
18 SYSTEMPATH\CodeIgniter.php(361): CodeIgniter\CodeIgniter->handleRequest(null, Object(Config\Cache), false)
19 FCPATH\index.php(79): CodeIgniter\CodeIgniter->run()
20 SYSTEMPATH\Commands\Server\rewrite.php(47): require_once('C:\\2023project\\aparus3\\public\\index.php')
INFO - 2025-02-13 05:43:21 --> Session: Class initialized using 'CodeIgniter\Session\Handlers\FileHandler' driver.
INFO - 2025-02-13 05:43:21 --> Session: Class initialized using 'CodeIgniter\Session\Handlers\FileHandler' driver.
INFO - 2025-02-13 05:43:22 --> Session: Class initialized using 'CodeIgniter\Session\Handlers\FileHandler' driver.
WARNING - 2025-02-13 05:43:22 --> [DEPRECATED] Creation of dynamic property App\Controllers\Invoice::$session is deprecated in APPPATH\Controllers\BaseController.php on line 56.
 1 SYSTEMPATH\CodeIgniter.php(915): App\Controllers\BaseController->initController(Object(CodeIgniter\HTTP\IncomingRequest), Object(CodeIgniter\HTTP\Response), Object(CodeIgniter\Log\Logger))
 2 SYSTEMPATH\CodeIgniter.php(493): CodeIgniter\CodeIgniter->createController()
 3 SYSTEMPATH\CodeIgniter.php(361): CodeIgniter\CodeIgniter->handleRequest(null, Object(Config\Cache), false)
 4 FCPATH\index.php(79): CodeIgniter\CodeIgniter->run()
 5 SYSTEMPATH\Commands\Server\rewrite.php(47): require_once('C:\\2023project\\aparus3\\public\\index.php')
INFO - 2025-02-13 05:43:24 --> Session: Class initialized using 'CodeIgniter\Session\Handlers\FileHandler' driver.
WARNING - 2025-02-13 05:43:24 --> [DEPRECATED] Creation of dynamic property App\Controllers\Kasir::$session is deprecated in APPPATH\Controllers\BaseController.php on line 56.
 1 SYSTEMPATH\CodeIgniter.php(915): App\Controllers\BaseController->initController(Object(CodeIgniter\HTTP\IncomingRequest), Object(CodeIgniter\HTTP\Response), Object(CodeIgniter\Log\Logger))
 2 SYSTEMPATH\CodeIgniter.php(493): CodeIgniter\CodeIgniter->createController()
 3 SYSTEMPATH\CodeIgniter.php(361): CodeIgniter\CodeIgniter->handleRequest(null, Object(Config\Cache), false)
 4 FCPATH\index.php(79): CodeIgniter\CodeIgniter->run()
 5 SYSTEMPATH\Commands\Server\rewrite.php(47): require_once('C:\\2023project\\aparus3\\public\\index.php')
WARNING - 2025-02-13 05:43:24 --> [DEPRECATED] Creation of dynamic property App\Controllers\Shortcut::$session is deprecated in APPPATH\Controllers\BaseController.php on line 56.
 1 SYSTEMPATH\View\Cell.php(96): App\Controllers\BaseController->initController(Object(CodeIgniter\HTTP\IncomingRequest), Object(CodeIgniter\HTTP\Response), Object(CodeIgniter\Log\Logger))
 2 SYSTEMPATH\Common.php(1206): CodeIgniter\View\Cell->render('App\\Controllers\\Shortcut::loadShortcut', [], 0, 'AppControllersShortcutloadShortcut40cd750bba9870f18aada2478b24840a')
 3 APPPATH\Views\partials\topbar.php(157): view_cell('App\\Controllers\\Shortcut::loadShortcut')
 4 SYSTEMPATH\View\View.php(228): include('C:\\2023project\\aparus3\\app\\Views\\partials\\topbar.php')
 5 SYSTEMPATH\View\View.php(231): CodeIgniter\View\View->CodeIgniter\View\{closure}()
 6 SYSTEMPATH\View\View.php(469): CodeIgniter\View\View->render('partials/topbar', null, true)
 7 APPPATH\Views\partials\menu.php(1): CodeIgniter\View\View->include('partials/topbar')
 8 SYSTEMPATH\View\View.php(228): include('C:\\2023project\\aparus3\\app\\Views\\partials\\menu.php')
 9 SYSTEMPATH\View\View.php(231): CodeIgniter\View\View->CodeIgniter\View\{closure}()
10 SYSTEMPATH\View\View.php(469): CodeIgniter\View\View->render('partials/menu', null, true)
11 APPPATH\Views\pembayaran\kasir.php(16): CodeIgniter\View\View->include('partials/menu')
12 SYSTEMPATH\View\View.php(228): include('C:\\2023project\\aparus3\\app\\Views\\pembayaran\\kasir.php')
13 SYSTEMPATH\View\View.php(231): CodeIgniter\View\View->CodeIgniter\View\{closure}()
14 SYSTEMPATH\Common.php(1190): CodeIgniter\View\View->render('pembayaran/kasir', [], true)
15 APPPATH\Controllers\Kasir.php(47): view('pembayaran/kasir', [...])
16 SYSTEMPATH\CodeIgniter.php(942): App\Controllers\Kasir->bayar('682240382469793')
17 SYSTEMPATH\CodeIgniter.php(502): CodeIgniter\CodeIgniter->runController(Object(App\Controllers\Kasir))
18 SYSTEMPATH\CodeIgniter.php(361): CodeIgniter\CodeIgniter->handleRequest(null, Object(Config\Cache), false)
19 FCPATH\index.php(79): CodeIgniter\CodeIgniter->run()
20 SYSTEMPATH\Commands\Server\rewrite.php(47): require_once('C:\\2023project\\aparus3\\public\\index.php')
INFO - 2025-02-13 05:43:24 --> Session: Class initialized using 'CodeIgniter\Session\Handlers\FileHandler' driver.
INFO - 2025-02-13 05:43:25 --> Session: Class initialized using 'CodeIgniter\Session\Handlers\FileHandler' driver.
INFO - 2025-02-13 05:43:42 --> Session: Class initialized using 'CodeIgniter\Session\Handlers\FileHandler' driver.
WARNING - 2025-02-13 05:43:42 --> [DEPRECATED] Creation of dynamic property App\Controllers\ReportHunian::$session is deprecated in APPPATH\Controllers\BaseController.php on line 56.
 1 SYSTEMPATH\CodeIgniter.php(915): App\Controllers\BaseController->initController(Object(CodeIgniter\HTTP\IncomingRequest), Object(CodeIgniter\HTTP\Response), Object(CodeIgniter\Log\Logger))
 2 SYSTEMPATH\CodeIgniter.php(493): CodeIgniter\CodeIgniter->createController()
 3 SYSTEMPATH\CodeIgniter.php(361): CodeIgniter\CodeIgniter->handleRequest(null, Object(Config\Cache), false)
 4 FCPATH\index.php(79): CodeIgniter\CodeIgniter->run()
 5 SYSTEMPATH\Commands\Server\rewrite.php(47): require_once('C:\\2023project\\aparus3\\public\\index.php')
WARNING - 2025-02-13 05:43:42 --> [DEPRECATED] Creation of dynamic property App\Controllers\Shortcut::$session is deprecated in APPPATH\Controllers\BaseController.php on line 56.
 1 SYSTEMPATH\View\Cell.php(96): App\Controllers\BaseController->initController(Object(CodeIgniter\HTTP\IncomingRequest), Object(CodeIgniter\HTTP\Response), Object(CodeIgniter\Log\Logger))
 2 SYSTEMPATH\Common.php(1206): CodeIgniter\View\Cell->render('App\\Controllers\\Shortcut::loadShortcut', [], 0, 'AppControllersShortcutloadShortcut40cd750bba9870f18aada2478b24840a')
 3 APPPATH\Views\partials\topbar.php(157): view_cell('App\\Controllers\\Shortcut::loadShortcut')
 4 SYSTEMPATH\View\View.php(228): include('C:\\2023project\\aparus3\\app\\Views\\partials\\topbar.php')
 5 SYSTEMPATH\View\View.php(231): CodeIgniter\View\View->CodeIgniter\View\{closure}()
 6 SYSTEMPATH\View\View.php(469): CodeIgniter\View\View->render('partials/topbar', null, true)
 7 APPPATH\Views\partials\menu.php(1): CodeIgniter\View\View->include('partials/topbar')
 8 SYSTEMPATH\View\View.php(228): include('C:\\2023project\\aparus3\\app\\Views\\partials\\menu.php')
 9 SYSTEMPATH\View\View.php(231): CodeIgniter\View\View->CodeIgniter\View\{closure}()
10 SYSTEMPATH\View\View.php(469): CodeIgniter\View\View->render('partials/menu', null, true)
11 APPPATH\Views\report\statistik_gender.php(11): CodeIgniter\View\View->include('partials/menu')
12 SYSTEMPATH\View\View.php(228): include('C:\\2023project\\aparus3\\app\\Views\\report\\statistik_gender.php')
13 SYSTEMPATH\View\View.php(231): CodeIgniter\View\View->CodeIgniter\View\{closure}()
14 SYSTEMPATH\Common.php(1190): CodeIgniter\View\View->render('report/statistik_gender', [], true)
15 APPPATH\Controllers\ReportHunian.php(102): view('report/statistik_gender', [...])
16 SYSTEMPATH\CodeIgniter.php(942): App\Controllers\ReportHunian->statistikGender()
17 SYSTEMPATH\CodeIgniter.php(502): CodeIgniter\CodeIgniter->runController(Object(App\Controllers\ReportHunian))
18 SYSTEMPATH\CodeIgniter.php(361): CodeIgniter\CodeIgniter->handleRequest(null, Object(Config\Cache), false)
19 FCPATH\index.php(79): CodeIgniter\CodeIgniter->run()
20 SYSTEMPATH\Commands\Server\rewrite.php(47): require_once('C:\\2023project\\aparus3\\public\\index.php')
INFO - 2025-02-13 05:43:43 --> Session: Class initialized using 'CodeIgniter\Session\Handlers\FileHandler' driver.
INFO - 2025-02-13 05:43:43 --> Session: Class initialized using 'CodeIgniter\Session\Handlers\FileHandler' driver.
INFO - 2025-02-13 05:43:50 --> Session: Class initialized using 'CodeIgniter\Session\Handlers\FileHandler' driver.
WARNING - 2025-02-13 05:43:50 --> [DEPRECATED] Creation of dynamic property App\Controllers\ReportHunian::$session is deprecated in APPPATH\Controllers\BaseController.php on line 56.
 1 SYSTEMPATH\CodeIgniter.php(915): App\Controllers\BaseController->initController(Object(CodeIgniter\HTTP\IncomingRequest), Object(CodeIgniter\HTTP\Response), Object(CodeIgniter\Log\Logger))
 2 SYSTEMPATH\CodeIgniter.php(493): CodeIgniter\CodeIgniter->createController()
 3 SYSTEMPATH\CodeIgniter.php(361): CodeIgniter\CodeIgniter->handleRequest(null, Object(Config\Cache), false)
 4 FCPATH\index.php(79): CodeIgniter\CodeIgniter->run()
 5 SYSTEMPATH\Commands\Server\rewrite.php(47): require_once('C:\\2023project\\aparus3\\public\\index.php')
WARNING - 2025-02-13 05:43:50 --> [DEPRECATED] Creation of dynamic property App\Controllers\Shortcut::$session is deprecated in APPPATH\Controllers\BaseController.php on line 56.
 1 SYSTEMPATH\View\Cell.php(96): App\Controllers\BaseController->initController(Object(CodeIgniter\HTTP\IncomingRequest), Object(CodeIgniter\HTTP\Response), Object(CodeIgniter\Log\Logger))
 2 SYSTEMPATH\Common.php(1206): CodeIgniter\View\Cell->render('App\\Controllers\\Shortcut::loadShortcut', [], 0, 'AppControllersShortcutloadShortcut40cd750bba9870f18aada2478b24840a')
 3 APPPATH\Views\partials\topbar.php(157): view_cell('App\\Controllers\\Shortcut::loadShortcut')
 4 SYSTEMPATH\View\View.php(228): include('C:\\2023project\\aparus3\\app\\Views\\partials\\topbar.php')
 5 SYSTEMPATH\View\View.php(231): CodeIgniter\View\View->CodeIgniter\View\{closure}()
 6 SYSTEMPATH\View\View.php(469): CodeIgniter\View\View->render('partials/topbar', null, true)
 7 APPPATH\Views\partials\menu.php(1): CodeIgniter\View\View->include('partials/topbar')
 8 SYSTEMPATH\View\View.php(228): include('C:\\2023project\\aparus3\\app\\Views\\partials\\menu.php')
 9 SYSTEMPATH\View\View.php(231): CodeIgniter\View\View->CodeIgniter\View\{closure}()
10 SYSTEMPATH\View\View.php(469): CodeIgniter\View\View->render('partials/menu', null, true)
11 APPPATH\Views\report\penghuni.php(11): CodeIgniter\View\View->include('partials/menu')
12 SYSTEMPATH\View\View.php(228): include('C:\\2023project\\aparus3\\app\\Views\\report\\penghuni.php')
13 SYSTEMPATH\View\View.php(231): CodeIgniter\View\View->CodeIgniter\View\{closure}()
14 SYSTEMPATH\Common.php(1190): CodeIgniter\View\View->render('report/penghuni', [], true)
15 APPPATH\Controllers\ReportHunian.php(61): view('report/penghuni', [...])
16 SYSTEMPATH\CodeIgniter.php(942): App\Controllers\ReportHunian->penghuni()
17 SYSTEMPATH\CodeIgniter.php(502): CodeIgniter\CodeIgniter->runController(Object(App\Controllers\ReportHunian))
18 SYSTEMPATH\CodeIgniter.php(361): CodeIgniter\CodeIgniter->handleRequest(null, Object(Config\Cache), false)
19 FCPATH\index.php(79): CodeIgniter\CodeIgniter->run()
20 SYSTEMPATH\Commands\Server\rewrite.php(47): require_once('C:\\2023project\\aparus3\\public\\index.php')
INFO - 2025-02-13 05:43:50 --> Session: Class initialized using 'CodeIgniter\Session\Handlers\FileHandler' driver.
INFO - 2025-02-13 05:43:51 --> Session: Class initialized using 'CodeIgniter\Session\Handlers\FileHandler' driver.
INFO - 2025-02-13 05:43:51 --> Session: Class initialized using 'CodeIgniter\Session\Handlers\FileHandler' driver.
INFO - 2025-02-13 05:43:51 --> Session: Class initialized using 'CodeIgniter\Session\Handlers\FileHandler' driver.
INFO - 2025-02-13 05:43:54 --> Session: Class initialized using 'CodeIgniter\Session\Handlers\FileHandler' driver.
WARNING - 2025-02-13 05:43:54 --> [DEPRECATED] Creation of dynamic property App\Controllers\Aduan::$session is deprecated in APPPATH\Controllers\BaseController.php on line 56.
 1 SYSTEMPATH\CodeIgniter.php(915): App\Controllers\BaseController->initController(Object(CodeIgniter\HTTP\IncomingRequest), Object(CodeIgniter\HTTP\Response), Object(CodeIgniter\Log\Logger))
 2 SYSTEMPATH\CodeIgniter.php(493): CodeIgniter\CodeIgniter->createController()
 3 SYSTEMPATH\CodeIgniter.php(361): CodeIgniter\CodeIgniter->handleRequest(null, Object(Config\Cache), false)
 4 FCPATH\index.php(79): CodeIgniter\CodeIgniter->run()
 5 SYSTEMPATH\Commands\Server\rewrite.php(47): require_once('C:\\2023project\\aparus3\\public\\index.php')
WARNING - 2025-02-13 05:43:54 --> [DEPRECATED] Creation of dynamic property App\Controllers\Shortcut::$session is deprecated in APPPATH\Controllers\BaseController.php on line 56.
 1 SYSTEMPATH\View\Cell.php(96): App\Controllers\BaseController->initController(Object(CodeIgniter\HTTP\IncomingRequest), Object(CodeIgniter\HTTP\Response), Object(CodeIgniter\Log\Logger))
 2 SYSTEMPATH\Common.php(1206): CodeIgniter\View\Cell->render('App\\Controllers\\Shortcut::loadShortcut', [], 0, 'AppControllersShortcutloadShortcut40cd750bba9870f18aada2478b24840a')
 3 APPPATH\Views\partials\topbar.php(157): view_cell('App\\Controllers\\Shortcut::loadShortcut')
 4 SYSTEMPATH\View\View.php(228): include('C:\\2023project\\aparus3\\app\\Views\\partials\\topbar.php')
 5 SYSTEMPATH\View\View.php(231): CodeIgniter\View\View->CodeIgniter\View\{closure}()
 6 SYSTEMPATH\View\View.php(469): CodeIgniter\View\View->render('partials/topbar', null, true)
 7 APPPATH\Views\partials\menu.php(1): CodeIgniter\View\View->include('partials/topbar')
 8 SYSTEMPATH\View\View.php(228): include('C:\\2023project\\aparus3\\app\\Views\\partials\\menu.php')
 9 SYSTEMPATH\View\View.php(231): CodeIgniter\View\View->CodeIgniter\View\{closure}()
10 SYSTEMPATH\View\View.php(469): CodeIgniter\View\View->render('partials/menu', null, true)
11 APPPATH\Views\aduan\list.php(16): CodeIgniter\View\View->include('partials/menu')
12 SYSTEMPATH\View\View.php(228): include('C:\\2023project\\aparus3\\app\\Views\\aduan\\list.php')
13 SYSTEMPATH\View\View.php(231): CodeIgniter\View\View->CodeIgniter\View\{closure}()
14 SYSTEMPATH\Common.php(1190): CodeIgniter\View\View->render('aduan/list', [], true)
15 APPPATH\Controllers\Aduan.php(29): view('aduan/list', [...])
16 SYSTEMPATH\CodeIgniter.php(942): App\Controllers\Aduan->list()
17 SYSTEMPATH\CodeIgniter.php(502): CodeIgniter\CodeIgniter->runController(Object(App\Controllers\Aduan))
18 SYSTEMPATH\CodeIgniter.php(361): CodeIgniter\CodeIgniter->handleRequest(null, Object(Config\Cache), false)
19 FCPATH\index.php(79): CodeIgniter\CodeIgniter->run()
20 SYSTEMPATH\Commands\Server\rewrite.php(47): require_once('C:\\2023project\\aparus3\\public\\index.php')
INFO - 2025-02-13 05:43:55 --> Session: Class initialized using 'CodeIgniter\Session\Handlers\FileHandler' driver.
INFO - 2025-02-13 05:43:55 --> Session: Class initialized using 'CodeIgniter\Session\Handlers\FileHandler' driver.
INFO - 2025-02-13 05:44:10 --> Session: Class initialized using 'CodeIgniter\Session\Handlers\FileHandler' driver.
WARNING - 2025-02-13 05:44:11 --> [DEPRECATED] Creation of dynamic property App\Controllers\ReportHunian::$session is deprecated in APPPATH\Controllers\BaseController.php on line 56.
 1 SYSTEMPATH\CodeIgniter.php(915): App\Controllers\BaseController->initController(Object(CodeIgniter\HTTP\IncomingRequest), Object(CodeIgniter\HTTP\Response), Object(CodeIgniter\Log\Logger))
 2 SYSTEMPATH\CodeIgniter.php(493): CodeIgniter\CodeIgniter->createController()
 3 SYSTEMPATH\CodeIgniter.php(361): CodeIgniter\CodeIgniter->handleRequest(null, Object(Config\Cache), false)
 4 FCPATH\index.php(79): CodeIgniter\CodeIgniter->run()
 5 SYSTEMPATH\Commands\Server\rewrite.php(47): require_once('C:\\2023project\\aparus3\\public\\index.php')
WARNING - 2025-02-13 05:44:11 --> [DEPRECATED] Creation of dynamic property App\Controllers\Shortcut::$session is deprecated in APPPATH\Controllers\BaseController.php on line 56.
 1 SYSTEMPATH\View\Cell.php(96): App\Controllers\BaseController->initController(Object(CodeIgniter\HTTP\IncomingRequest), Object(CodeIgniter\HTTP\Response), Object(CodeIgniter\Log\Logger))
 2 SYSTEMPATH\Common.php(1206): CodeIgniter\View\Cell->render('App\\Controllers\\Shortcut::loadShortcut', [], 0, 'AppControllersShortcutloadShortcut40cd750bba9870f18aada2478b24840a')
 3 APPPATH\Views\partials\topbar.php(157): view_cell('App\\Controllers\\Shortcut::loadShortcut')
 4 SYSTEMPATH\View\View.php(228): include('C:\\2023project\\aparus3\\app\\Views\\partials\\topbar.php')
 5 SYSTEMPATH\View\View.php(231): CodeIgniter\View\View->CodeIgniter\View\{closure}()
 6 SYSTEMPATH\View\View.php(469): CodeIgniter\View\View->render('partials/topbar', null, true)
 7 APPPATH\Views\partials\menu.php(1): CodeIgniter\View\View->include('partials/topbar')
 8 SYSTEMPATH\View\View.php(228): include('C:\\2023project\\aparus3\\app\\Views\\partials\\menu.php')
 9 SYSTEMPATH\View\View.php(231): CodeIgniter\View\View->CodeIgniter\View\{closure}()
10 SYSTEMPATH\View\View.php(469): CodeIgniter\View\View->render('partials/menu', null, true)
11 APPPATH\Views\report\statistik_gender.php(11): CodeIgniter\View\View->include('partials/menu')
12 SYSTEMPATH\View\View.php(228): include('C:\\2023project\\aparus3\\app\\Views\\report\\statistik_gender.php')
13 SYSTEMPATH\View\View.php(231): CodeIgniter\View\View->CodeIgniter\View\{closure}()
14 SYSTEMPATH\Common.php(1190): CodeIgniter\View\View->render('report/statistik_gender', [], true)
15 APPPATH\Controllers\ReportHunian.php(102): view('report/statistik_gender', [...])
16 SYSTEMPATH\CodeIgniter.php(942): App\Controllers\ReportHunian->statistikGender()
17 SYSTEMPATH\CodeIgniter.php(502): CodeIgniter\CodeIgniter->runController(Object(App\Controllers\ReportHunian))
18 SYSTEMPATH\CodeIgniter.php(361): CodeIgniter\CodeIgniter->handleRequest(null, Object(Config\Cache), false)
19 FCPATH\index.php(79): CodeIgniter\CodeIgniter->run()
20 SYSTEMPATH\Commands\Server\rewrite.php(47): require_once('C:\\2023project\\aparus3\\public\\index.php')
INFO - 2025-02-13 05:44:11 --> Session: Class initialized using 'CodeIgniter\Session\Handlers\FileHandler' driver.
INFO - 2025-02-13 05:44:11 --> Session: Class initialized using 'CodeIgniter\Session\Handlers\FileHandler' driver.
INFO - 2025-02-13 05:45:44 --> Session: Class initialized using 'CodeIgniter\Session\Handlers\FileHandler' driver.
WARNING - 2025-02-13 05:45:44 --> [DEPRECATED] Creation of dynamic property App\Controllers\ReportHunian::$session is deprecated in APPPATH\Controllers\BaseController.php on line 56.
 1 SYSTEMPATH\CodeIgniter.php(915): App\Controllers\BaseController->initController(Object(CodeIgniter\HTTP\IncomingRequest), Object(CodeIgniter\HTTP\Response), Object(CodeIgniter\Log\Logger))
 2 SYSTEMPATH\CodeIgniter.php(493): CodeIgniter\CodeIgniter->createController()
 3 SYSTEMPATH\CodeIgniter.php(361): CodeIgniter\CodeIgniter->handleRequest(null, Object(Config\Cache), false)
 4 FCPATH\index.php(79): CodeIgniter\CodeIgniter->run()
 5 SYSTEMPATH\Commands\Server\rewrite.php(47): require_once('C:\\2023project\\aparus3\\public\\index.php')
WARNING - 2025-02-13 05:45:44 --> [DEPRECATED] Creation of dynamic property App\Controllers\Shortcut::$session is deprecated in APPPATH\Controllers\BaseController.php on line 56.
 1 SYSTEMPATH\View\Cell.php(96): App\Controllers\BaseController->initController(Object(CodeIgniter\HTTP\IncomingRequest), Object(CodeIgniter\HTTP\Response), Object(CodeIgniter\Log\Logger))
 2 SYSTEMPATH\Common.php(1206): CodeIgniter\View\Cell->render('App\\Controllers\\Shortcut::loadShortcut', [], 0, 'AppControllersShortcutloadShortcut40cd750bba9870f18aada2478b24840a')
 3 APPPATH\Views\partials\topbar.php(157): view_cell('App\\Controllers\\Shortcut::loadShortcut')
 4 SYSTEMPATH\View\View.php(228): include('C:\\2023project\\aparus3\\app\\Views\\partials\\topbar.php')
 5 SYSTEMPATH\View\View.php(231): CodeIgniter\View\View->CodeIgniter\View\{closure}()
 6 SYSTEMPATH\View\View.php(469): CodeIgniter\View\View->render('partials/topbar', null, true)
 7 APPPATH\Views\partials\menu.php(1): CodeIgniter\View\View->include('partials/topbar')
 8 SYSTEMPATH\View\View.php(228): include('C:\\2023project\\aparus3\\app\\Views\\partials\\menu.php')
 9 SYSTEMPATH\View\View.php(231): CodeIgniter\View\View->CodeIgniter\View\{closure}()
10 SYSTEMPATH\View\View.php(469): CodeIgniter\View\View->render('partials/menu', null, true)
11 APPPATH\Views\report\statistik_gender.php(11): CodeIgniter\View\View->include('partials/menu')
12 SYSTEMPATH\View\View.php(228): include('C:\\2023project\\aparus3\\app\\Views\\report\\statistik_gender.php')
13 SYSTEMPATH\View\View.php(231): CodeIgniter\View\View->CodeIgniter\View\{closure}()
14 SYSTEMPATH\Common.php(1190): CodeIgniter\View\View->render('report/statistik_gender', [], true)
15 APPPATH\Controllers\ReportHunian.php(102): view('report/statistik_gender', [...])
16 SYSTEMPATH\CodeIgniter.php(942): App\Controllers\ReportHunian->statistikGender()
17 SYSTEMPATH\CodeIgniter.php(502): CodeIgniter\CodeIgniter->runController(Object(App\Controllers\ReportHunian))
18 SYSTEMPATH\CodeIgniter.php(361): CodeIgniter\CodeIgniter->handleRequest(null, Object(Config\Cache), false)
19 FCPATH\index.php(79): CodeIgniter\CodeIgniter->run()
20 SYSTEMPATH\Commands\Server\rewrite.php(47): require_once('C:\\2023project\\aparus3\\public\\index.php')
INFO - 2025-02-13 05:45:44 --> Session: Class initialized using 'CodeIgniter\Session\Handlers\FileHandler' driver.
INFO - 2025-02-13 05:45:44 --> Session: Class initialized using 'CodeIgniter\Session\Handlers\FileHandler' driver.
INFO - 2025-02-13 05:45:48 --> Session: Class initialized using 'CodeIgniter\Session\Handlers\FileHandler' driver.
WARNING - 2025-02-13 05:45:48 --> [DEPRECATED] Creation of dynamic property App\Controllers\ReportHunian::$session is deprecated in APPPATH\Controllers\BaseController.php on line 56.
 1 SYSTEMPATH\CodeIgniter.php(915): App\Controllers\BaseController->initController(Object(CodeIgniter\HTTP\IncomingRequest), Object(CodeIgniter\HTTP\Response), Object(CodeIgniter\Log\Logger))
 2 SYSTEMPATH\CodeIgniter.php(493): CodeIgniter\CodeIgniter->createController()
 3 SYSTEMPATH\CodeIgniter.php(361): CodeIgniter\CodeIgniter->handleRequest(null, Object(Config\Cache), false)
 4 FCPATH\index.php(79): CodeIgniter\CodeIgniter->run()
 5 SYSTEMPATH\Commands\Server\rewrite.php(47): require_once('C:\\2023project\\aparus3\\public\\index.php')
WARNING - 2025-02-13 05:45:48 --> [DEPRECATED] Creation of dynamic property App\Controllers\Shortcut::$session is deprecated in APPPATH\Controllers\BaseController.php on line 56.
 1 SYSTEMPATH\View\Cell.php(96): App\Controllers\BaseController->initController(Object(CodeIgniter\HTTP\IncomingRequest), Object(CodeIgniter\HTTP\Response), Object(CodeIgniter\Log\Logger))
 2 SYSTEMPATH\Common.php(1206): CodeIgniter\View\Cell->render('App\\Controllers\\Shortcut::loadShortcut', [], 0, 'AppControllersShortcutloadShortcut40cd750bba9870f18aada2478b24840a')
 3 APPPATH\Views\partials\topbar.php(157): view_cell('App\\Controllers\\Shortcut::loadShortcut')
 4 SYSTEMPATH\View\View.php(228): include('C:\\2023project\\aparus3\\app\\Views\\partials\\topbar.php')
 5 SYSTEMPATH\View\View.php(231): CodeIgniter\View\View->CodeIgniter\View\{closure}()
 6 SYSTEMPATH\View\View.php(469): CodeIgniter\View\View->render('partials/topbar', null, true)
 7 APPPATH\Views\partials\menu.php(1): CodeIgniter\View\View->include('partials/topbar')
 8 SYSTEMPATH\View\View.php(228): include('C:\\2023project\\aparus3\\app\\Views\\partials\\menu.php')
 9 SYSTEMPATH\View\View.php(231): CodeIgniter\View\View->CodeIgniter\View\{closure}()
10 SYSTEMPATH\View\View.php(469): CodeIgniter\View\View->render('partials/menu', null, true)
11 APPPATH\Views\report\statistik_gender.php(11): CodeIgniter\View\View->include('partials/menu')
12 SYSTEMPATH\View\View.php(228): include('C:\\2023project\\aparus3\\app\\Views\\report\\statistik_gender.php')
13 SYSTEMPATH\View\View.php(231): CodeIgniter\View\View->CodeIgniter\View\{closure}()
14 SYSTEMPATH\Common.php(1190): CodeIgniter\View\View->render('report/statistik_gender', [], true)
15 APPPATH\Controllers\ReportHunian.php(102): view('report/statistik_gender', [...])
16 SYSTEMPATH\CodeIgniter.php(942): App\Controllers\ReportHunian->statistikGender()
17 SYSTEMPATH\CodeIgniter.php(502): CodeIgniter\CodeIgniter->runController(Object(App\Controllers\ReportHunian))
18 SYSTEMPATH\CodeIgniter.php(361): CodeIgniter\CodeIgniter->handleRequest(null, Object(Config\Cache), false)
19 FCPATH\index.php(79): CodeIgniter\CodeIgniter->run()
20 SYSTEMPATH\Commands\Server\rewrite.php(47): require_once('C:\\2023project\\aparus3\\public\\index.php')
INFO - 2025-02-13 05:45:48 --> Session: Class initialized using 'CodeIgniter\Session\Handlers\FileHandler' driver.
INFO - 2025-02-13 05:45:48 --> Session: Class initialized using 'CodeIgniter\Session\Handlers\FileHandler' driver.
INFO - 2025-02-13 05:45:49 --> Session: Class initialized using 'CodeIgniter\Session\Handlers\FileHandler' driver.
WARNING - 2025-02-13 05:45:49 --> [DEPRECATED] Creation of dynamic property App\Controllers\ReportHunian::$session is deprecated in APPPATH\Controllers\BaseController.php on line 56.
 1 SYSTEMPATH\CodeIgniter.php(915): App\Controllers\BaseController->initController(Object(CodeIgniter\HTTP\IncomingRequest), Object(CodeIgniter\HTTP\Response), Object(CodeIgniter\Log\Logger))
 2 SYSTEMPATH\CodeIgniter.php(493): CodeIgniter\CodeIgniter->createController()
 3 SYSTEMPATH\CodeIgniter.php(361): CodeIgniter\CodeIgniter->handleRequest(null, Object(Config\Cache), false)
 4 FCPATH\index.php(79): CodeIgniter\CodeIgniter->run()
 5 SYSTEMPATH\Commands\Server\rewrite.php(47): require_once('C:\\2023project\\aparus3\\public\\index.php')
WARNING - 2025-02-13 05:45:49 --> [DEPRECATED] Creation of dynamic property App\Controllers\Shortcut::$session is deprecated in APPPATH\Controllers\BaseController.php on line 56.
 1 SYSTEMPATH\View\Cell.php(96): App\Controllers\BaseController->initController(Object(CodeIgniter\HTTP\IncomingRequest), Object(CodeIgniter\HTTP\Response), Object(CodeIgniter\Log\Logger))
 2 SYSTEMPATH\Common.php(1206): CodeIgniter\View\Cell->render('App\\Controllers\\Shortcut::loadShortcut', [], 0, 'AppControllersShortcutloadShortcut40cd750bba9870f18aada2478b24840a')
 3 APPPATH\Views\partials\topbar.php(157): view_cell('App\\Controllers\\Shortcut::loadShortcut')
 4 SYSTEMPATH\View\View.php(228): include('C:\\2023project\\aparus3\\app\\Views\\partials\\topbar.php')
 5 SYSTEMPATH\View\View.php(231): CodeIgniter\View\View->CodeIgniter\View\{closure}()
 6 SYSTEMPATH\View\View.php(469): CodeIgniter\View\View->render('partials/topbar', null, true)
 7 APPPATH\Views\partials\menu.php(1): CodeIgniter\View\View->include('partials/topbar')
 8 SYSTEMPATH\View\View.php(228): include('C:\\2023project\\aparus3\\app\\Views\\partials\\menu.php')
 9 SYSTEMPATH\View\View.php(231): CodeIgniter\View\View->CodeIgniter\View\{closure}()
10 SYSTEMPATH\View\View.php(469): CodeIgniter\View\View->render('partials/menu', null, true)
11 APPPATH\Views\report\statistik_gender.php(11): CodeIgniter\View\View->include('partials/menu')
12 SYSTEMPATH\View\View.php(228): include('C:\\2023project\\aparus3\\app\\Views\\report\\statistik_gender.php')
13 SYSTEMPATH\View\View.php(231): CodeIgniter\View\View->CodeIgniter\View\{closure}()
14 SYSTEMPATH\Common.php(1190): CodeIgniter\View\View->render('report/statistik_gender', [], true)
15 APPPATH\Controllers\ReportHunian.php(102): view('report/statistik_gender', [...])
16 SYSTEMPATH\CodeIgniter.php(942): App\Controllers\ReportHunian->statistikGender()
17 SYSTEMPATH\CodeIgniter.php(502): CodeIgniter\CodeIgniter->runController(Object(App\Controllers\ReportHunian))
18 SYSTEMPATH\CodeIgniter.php(361): CodeIgniter\CodeIgniter->handleRequest(null, Object(Config\Cache), false)
19 FCPATH\index.php(79): CodeIgniter\CodeIgniter->run()
20 SYSTEMPATH\Commands\Server\rewrite.php(47): require_once('C:\\2023project\\aparus3\\public\\index.php')
INFO - 2025-02-13 05:45:50 --> Session: Class initialized using 'CodeIgniter\Session\Handlers\FileHandler' driver.
INFO - 2025-02-13 05:45:50 --> Session: Class initialized using 'CodeIgniter\Session\Handlers\FileHandler' driver.
INFO - 2025-02-13 05:45:50 --> Session: Class initialized using 'CodeIgniter\Session\Handlers\FileHandler' driver.
WARNING - 2025-02-13 05:45:50 --> [DEPRECATED] Creation of dynamic property App\Controllers\Shortcut::$session is deprecated in APPPATH\Controllers\BaseController.php on line 56.
 1 SYSTEMPATH\View\Cell.php(96): App\Controllers\BaseController->initController(Object(CodeIgniter\HTTP\IncomingRequest), Object(CodeIgniter\HTTP\Response), Object(CodeIgniter\Log\Logger))
 2 SYSTEMPATH\Common.php(1206): CodeIgniter\View\Cell->render('App\\Controllers\\Shortcut::loadShortcut', [], 0, 'AppControllersShortcutloadShortcut40cd750bba9870f18aada2478b24840a')
 3 APPPATH\Views\partials\topbar.php(157): view_cell('App\\Controllers\\Shortcut::loadShortcut')
 4 SYSTEMPATH\View\View.php(228): include('C:\\2023project\\aparus3\\app\\Views\\partials\\topbar.php')
 5 SYSTEMPATH\View\View.php(231): CodeIgniter\View\View->CodeIgniter\View\{closure}()
 6 SYSTEMPATH\View\View.php(469): CodeIgniter\View\View->render('partials/topbar', null, true)
 7 APPPATH\Views\partials\menu.php(1): CodeIgniter\View\View->include('partials/topbar')
 8 SYSTEMPATH\View\View.php(228): include('C:\\2023project\\aparus3\\app\\Views\\partials\\menu.php')
 9 SYSTEMPATH\View\View.php(231): CodeIgniter\View\View->CodeIgniter\View\{closure}()
10 SYSTEMPATH\View\View.php(469): CodeIgniter\View\View->render('partials/menu', null, true)
11 APPPATH\Views\dashboard.php(16): CodeIgniter\View\View->include('partials/menu')
12 SYSTEMPATH\View\View.php(228): include('C:\\2023project\\aparus3\\app\\Views\\dashboard.php')
13 SYSTEMPATH\View\View.php(231): CodeIgniter\View\View->CodeIgniter\View\{closure}()
14 SYSTEMPATH\Common.php(1190): CodeIgniter\View\View->render('dashboard', [], true)
15 APPPATH\Controllers\Dashboard.php(12): view('dashboard', [...])
16 SYSTEMPATH\CodeIgniter.php(942): App\Controllers\Dashboard->index()
17 SYSTEMPATH\CodeIgniter.php(502): CodeIgniter\CodeIgniter->runController(Object(App\Controllers\Dashboard))
18 SYSTEMPATH\CodeIgniter.php(361): CodeIgniter\CodeIgniter->handleRequest(null, Object(Config\Cache), false)
19 FCPATH\index.php(79): CodeIgniter\CodeIgniter->run()
20 SYSTEMPATH\Commands\Server\rewrite.php(47): require_once('C:\\2023project\\aparus3\\public\\index.php')
INFO - 2025-02-13 05:45:51 --> Session: Class initialized using 'CodeIgniter\Session\Handlers\FileHandler' driver.
INFO - 2025-02-13 05:45:51 --> Session: Class initialized using 'CodeIgniter\Session\Handlers\FileHandler' driver.
INFO - 2025-02-13 05:46:15 --> Session: Class initialized using 'CodeIgniter\Session\Handlers\FileHandler' driver.
WARNING - 2025-02-13 05:46:15 --> [DEPRECATED] Creation of dynamic property App\Controllers\Shortcut::$session is deprecated in APPPATH\Controllers\BaseController.php on line 56.
 1 SYSTEMPATH\View\Cell.php(96): App\Controllers\BaseController->initController(Object(CodeIgniter\HTTP\IncomingRequest), Object(CodeIgniter\HTTP\Response), Object(CodeIgniter\Log\Logger))
 2 SYSTEMPATH\Common.php(1206): CodeIgniter\View\Cell->render('App\\Controllers\\Shortcut::loadShortcut', [], 0, 'AppControllersShortcutloadShortcut40cd750bba9870f18aada2478b24840a')
 3 APPPATH\Views\partials\topbar.php(157): view_cell('App\\Controllers\\Shortcut::loadShortcut')
 4 SYSTEMPATH\View\View.php(228): include('C:\\2023project\\aparus3\\app\\Views\\partials\\topbar.php')
 5 SYSTEMPATH\View\View.php(231): CodeIgniter\View\View->CodeIgniter\View\{closure}()
 6 SYSTEMPATH\View\View.php(469): CodeIgniter\View\View->render('partials/topbar', null, true)
 7 APPPATH\Views\partials\menu.php(1): CodeIgniter\View\View->include('partials/topbar')
 8 SYSTEMPATH\View\View.php(228): include('C:\\2023project\\aparus3\\app\\Views\\partials\\menu.php')
 9 SYSTEMPATH\View\View.php(231): CodeIgniter\View\View->CodeIgniter\View\{closure}()
10 SYSTEMPATH\View\View.php(469): CodeIgniter\View\View->render('partials/menu', null, true)
11 APPPATH\Views\dashboard.php(16): CodeIgniter\View\View->include('partials/menu')
12 SYSTEMPATH\View\View.php(228): include('C:\\2023project\\aparus3\\app\\Views\\dashboard.php')
13 SYSTEMPATH\View\View.php(231): CodeIgniter\View\View->CodeIgniter\View\{closure}()
14 SYSTEMPATH\Common.php(1190): CodeIgniter\View\View->render('dashboard', [], true)
15 APPPATH\Controllers\Dashboard.php(12): view('dashboard', [...])
16 SYSTEMPATH\CodeIgniter.php(942): App\Controllers\Dashboard->index()
17 SYSTEMPATH\CodeIgniter.php(502): CodeIgniter\CodeIgniter->runController(Object(App\Controllers\Dashboard))
18 SYSTEMPATH\CodeIgniter.php(361): CodeIgniter\CodeIgniter->handleRequest(null, Object(Config\Cache), false)
19 FCPATH\index.php(79): CodeIgniter\CodeIgniter->run()
20 SYSTEMPATH\Commands\Server\rewrite.php(47): require_once('C:\\2023project\\aparus3\\public\\index.php')
INFO - 2025-02-13 05:46:16 --> Session: Class initialized using 'CodeIgniter\Session\Handlers\FileHandler' driver.
INFO - 2025-02-13 05:46:16 --> Session: Class initialized using 'CodeIgniter\Session\Handlers\FileHandler' driver.
INFO - 2025-02-13 05:46:19 --> Session: Class initialized using 'CodeIgniter\Session\Handlers\FileHandler' driver.
WARNING - 2025-02-13 05:46:19 --> [DEPRECATED] Creation of dynamic property App\Controllers\Pejabat::$session is deprecated in APPPATH\Controllers\BaseController.php on line 56.
 1 SYSTEMPATH\CodeIgniter.php(915): App\Controllers\BaseController->initController(Object(CodeIgniter\HTTP\IncomingRequest), Object(CodeIgniter\HTTP\Response), Object(CodeIgniter\Log\Logger))
 2 SYSTEMPATH\CodeIgniter.php(493): CodeIgniter\CodeIgniter->createController()
 3 SYSTEMPATH\CodeIgniter.php(361): CodeIgniter\CodeIgniter->handleRequest(null, Object(Config\Cache), false)
 4 FCPATH\index.php(79): CodeIgniter\CodeIgniter->run()
 5 SYSTEMPATH\Commands\Server\rewrite.php(47): require_once('C:\\2023project\\aparus3\\public\\index.php')
WARNING - 2025-02-13 05:46:19 --> [DEPRECATED] Creation of dynamic property App\Controllers\Shortcut::$session is deprecated in APPPATH\Controllers\BaseController.php on line 56.
 1 SYSTEMPATH\View\Cell.php(96): App\Controllers\BaseController->initController(Object(CodeIgniter\HTTP\IncomingRequest), Object(CodeIgniter\HTTP\Response), Object(CodeIgniter\Log\Logger))
 2 SYSTEMPATH\Common.php(1206): CodeIgniter\View\Cell->render('App\\Controllers\\Shortcut::loadShortcut', [], 0, 'AppControllersShortcutloadShortcut40cd750bba9870f18aada2478b24840a')
 3 APPPATH\Views\partials\topbar.php(157): view_cell('App\\Controllers\\Shortcut::loadShortcut')
 4 SYSTEMPATH\View\View.php(228): include('C:\\2023project\\aparus3\\app\\Views\\partials\\topbar.php')
 5 SYSTEMPATH\View\View.php(231): CodeIgniter\View\View->CodeIgniter\View\{closure}()
 6 SYSTEMPATH\View\View.php(469): CodeIgniter\View\View->render('partials/topbar', null, true)
 7 APPPATH\Views\partials\menu.php(1): CodeIgniter\View\View->include('partials/topbar')
 8 SYSTEMPATH\View\View.php(228): include('C:\\2023project\\aparus3\\app\\Views\\partials\\menu.php')
 9 SYSTEMPATH\View\View.php(231): CodeIgniter\View\View->CodeIgniter\View\{closure}()
10 SYSTEMPATH\View\View.php(469): CodeIgniter\View\View->render('partials/menu', null, true)
11 APPPATH\Views\pejabat\list.php(16): CodeIgniter\View\View->include('partials/menu')
12 SYSTEMPATH\View\View.php(228): include('C:\\2023project\\aparus3\\app\\Views\\pejabat\\list.php')
13 SYSTEMPATH\View\View.php(231): CodeIgniter\View\View->CodeIgniter\View\{closure}()
14 SYSTEMPATH\Common.php(1190): CodeIgniter\View\View->render('pejabat/list', [], true)
15 APPPATH\Controllers\Pejabat.php(25): view('pejabat/list', [...])
16 SYSTEMPATH\CodeIgniter.php(942): App\Controllers\Pejabat->index()
17 SYSTEMPATH\CodeIgniter.php(502): CodeIgniter\CodeIgniter->runController(Object(App\Controllers\Pejabat))
18 SYSTEMPATH\CodeIgniter.php(361): CodeIgniter\CodeIgniter->handleRequest(null, Object(Config\Cache), false)
19 FCPATH\index.php(79): CodeIgniter\CodeIgniter->run()
20 SYSTEMPATH\Commands\Server\rewrite.php(47): require_once('C:\\2023project\\aparus3\\public\\index.php')
INFO - 2025-02-13 05:46:20 --> Session: Class initialized using 'CodeIgniter\Session\Handlers\FileHandler' driver.
INFO - 2025-02-13 05:46:20 --> Session: Class initialized using 'CodeIgniter\Session\Handlers\FileHandler' driver.
INFO - 2025-02-13 05:46:33 --> Session: Class initialized using 'CodeIgniter\Session\Handlers\FileHandler' driver.
INFO - 2025-02-13 05:46:35 --> Session: Class initialized using 'CodeIgniter\Session\Handlers\FileHandler' driver.
WARNING - 2025-02-13 05:46:35 --> [DEPRECATED] Creation of dynamic property App\Controllers\Pejabat::$session is deprecated in APPPATH\Controllers\BaseController.php on line 56.
 1 SYSTEMPATH\CodeIgniter.php(915): App\Controllers\BaseController->initController(Object(CodeIgniter\HTTP\IncomingRequest), Object(CodeIgniter\HTTP\Response), Object(CodeIgniter\Log\Logger))
 2 SYSTEMPATH\CodeIgniter.php(493): CodeIgniter\CodeIgniter->createController()
 3 SYSTEMPATH\CodeIgniter.php(361): CodeIgniter\CodeIgniter->handleRequest(null, Object(Config\Cache), false)
 4 FCPATH\index.php(79): CodeIgniter\CodeIgniter->run()
 5 SYSTEMPATH\Commands\Server\rewrite.php(47): require_once('C:\\2023project\\aparus3\\public\\index.php')
WARNING - 2025-02-13 05:46:35 --> [DEPRECATED] Creation of dynamic property App\Controllers\Shortcut::$session is deprecated in APPPATH\Controllers\BaseController.php on line 56.
 1 SYSTEMPATH\View\Cell.php(96): App\Controllers\BaseController->initController(Object(CodeIgniter\HTTP\IncomingRequest), Object(CodeIgniter\HTTP\Response), Object(CodeIgniter\Log\Logger))
 2 SYSTEMPATH\Common.php(1206): CodeIgniter\View\Cell->render('App\\Controllers\\Shortcut::loadShortcut', [], 0, 'AppControllersShortcutloadShortcut40cd750bba9870f18aada2478b24840a')
 3 APPPATH\Views\partials\topbar.php(157): view_cell('App\\Controllers\\Shortcut::loadShortcut')
 4 SYSTEMPATH\View\View.php(228): include('C:\\2023project\\aparus3\\app\\Views\\partials\\topbar.php')
 5 SYSTEMPATH\View\View.php(231): CodeIgniter\View\View->CodeIgniter\View\{closure}()
 6 SYSTEMPATH\View\View.php(469): CodeIgniter\View\View->render('partials/topbar', null, true)
 7 APPPATH\Views\partials\menu.php(1): CodeIgniter\View\View->include('partials/topbar')
 8 SYSTEMPATH\View\View.php(228): include('C:\\2023project\\aparus3\\app\\Views\\partials\\menu.php')
 9 SYSTEMPATH\View\View.php(231): CodeIgniter\View\View->CodeIgniter\View\{closure}()
10 SYSTEMPATH\View\View.php(469): CodeIgniter\View\View->render('partials/menu', null, true)
11 APPPATH\Views\pejabat\list.php(16): CodeIgniter\View\View->include('partials/menu')
12 SYSTEMPATH\View\View.php(228): include('C:\\2023project\\aparus3\\app\\Views\\pejabat\\list.php')
13 SYSTEMPATH\View\View.php(231): CodeIgniter\View\View->CodeIgniter\View\{closure}()
14 SYSTEMPATH\Common.php(1190): CodeIgniter\View\View->render('pejabat/list', [], true)
15 APPPATH\Controllers\Pejabat.php(25): view('pejabat/list', [...])
16 SYSTEMPATH\CodeIgniter.php(942): App\Controllers\Pejabat->index()
17 SYSTEMPATH\CodeIgniter.php(502): CodeIgniter\CodeIgniter->runController(Object(App\Controllers\Pejabat))
18 SYSTEMPATH\CodeIgniter.php(361): CodeIgniter\CodeIgniter->handleRequest(null, Object(Config\Cache), false)
19 FCPATH\index.php(79): CodeIgniter\CodeIgniter->run()
20 SYSTEMPATH\Commands\Server\rewrite.php(47): require_once('C:\\2023project\\aparus3\\public\\index.php')
INFO - 2025-02-13 05:46:35 --> Session: Class initialized using 'CodeIgniter\Session\Handlers\FileHandler' driver.
INFO - 2025-02-13 05:46:36 --> Session: Class initialized using 'CodeIgniter\Session\Handlers\FileHandler' driver.
INFO - 2025-02-13 05:46:41 --> Session: Class initialized using 'CodeIgniter\Session\Handlers\FileHandler' driver.
WARNING - 2025-02-13 05:46:41 --> [DEPRECATED] Creation of dynamic property App\Controllers\Invoice::$session is deprecated in APPPATH\Controllers\BaseController.php on line 56.
 1 SYSTEMPATH\CodeIgniter.php(915): App\Controllers\BaseController->initController(Object(CodeIgniter\HTTP\IncomingRequest), Object(CodeIgniter\HTTP\Response), Object(CodeIgniter\Log\Logger))
 2 SYSTEMPATH\CodeIgniter.php(493): CodeIgniter\CodeIgniter->createController()
 3 SYSTEMPATH\CodeIgniter.php(361): CodeIgniter\CodeIgniter->handleRequest(null, Object(Config\Cache), false)
 4 FCPATH\index.php(79): CodeIgniter\CodeIgniter->run()
 5 SYSTEMPATH\Commands\Server\rewrite.php(47): require_once('C:\\2023project\\aparus3\\public\\index.php')
WARNING - 2025-02-13 05:46:41 --> [DEPRECATED] Creation of dynamic property App\Controllers\Shortcut::$session is deprecated in APPPATH\Controllers\BaseController.php on line 56.
 1 SYSTEMPATH\View\Cell.php(96): App\Controllers\BaseController->initController(Object(CodeIgniter\HTTP\IncomingRequest), Object(CodeIgniter\HTTP\Response), Object(CodeIgniter\Log\Logger))
 2 SYSTEMPATH\Common.php(1206): CodeIgniter\View\Cell->render('App\\Controllers\\Shortcut::loadShortcut', [], 0, 'AppControllersShortcutloadShortcut40cd750bba9870f18aada2478b24840a')
 3 APPPATH\Views\partials\topbar.php(157): view_cell('App\\Controllers\\Shortcut::loadShortcut')
 4 SYSTEMPATH\View\View.php(228): include('C:\\2023project\\aparus3\\app\\Views\\partials\\topbar.php')
 5 SYSTEMPATH\View\View.php(231): CodeIgniter\View\View->CodeIgniter\View\{closure}()
 6 SYSTEMPATH\View\View.php(469): CodeIgniter\View\View->render('partials/topbar', null, true)
 7 APPPATH\Views\partials\menu.php(1): CodeIgniter\View\View->include('partials/topbar')
 8 SYSTEMPATH\View\View.php(228): include('C:\\2023project\\aparus3\\app\\Views\\partials\\menu.php')
 9 SYSTEMPATH\View\View.php(231): CodeIgniter\View\View->CodeIgniter\View\{closure}()
10 SYSTEMPATH\View\View.php(469): CodeIgniter\View\View->render('partials/menu', null, true)
11 APPPATH\Views\invoice\list.php(18): CodeIgniter\View\View->include('partials/menu')
12 SYSTEMPATH\View\View.php(228): include('C:\\2023project\\aparus3\\app\\Views\\invoice\\list.php')
13 SYSTEMPATH\View\View.php(231): CodeIgniter\View\View->CodeIgniter\View\{closure}()
14 SYSTEMPATH\Common.php(1190): CodeIgniter\View\View->render('invoice/list', [], true)
15 APPPATH\Controllers\Invoice.php(50): view('invoice/list', [...])
16 SYSTEMPATH\CodeIgniter.php(942): App\Controllers\Invoice->list()
17 SYSTEMPATH\CodeIgniter.php(502): CodeIgniter\CodeIgniter->runController(Object(App\Controllers\Invoice))
18 SYSTEMPATH\CodeIgniter.php(361): CodeIgniter\CodeIgniter->handleRequest(null, Object(Config\Cache), false)
19 FCPATH\index.php(79): CodeIgniter\CodeIgniter->run()
20 SYSTEMPATH\Commands\Server\rewrite.php(47): require_once('C:\\2023project\\aparus3\\public\\index.php')
INFO - 2025-02-13 05:46:44 --> Session: Class initialized using 'CodeIgniter\Session\Handlers\FileHandler' driver.
INFO - 2025-02-13 05:46:45 --> Session: Class initialized using 'CodeIgniter\Session\Handlers\FileHandler' driver.
INFO - 2025-02-13 05:46:45 --> Session: Class initialized using 'CodeIgniter\Session\Handlers\FileHandler' driver.
INFO - 2025-02-13 05:46:52 --> Session: Class initialized using 'CodeIgniter\Session\Handlers\FileHandler' driver.
INFO - 2025-02-13 05:46:54 --> Session: Class initialized using 'CodeIgniter\Session\Handlers\FileHandler' driver.
WARNING - 2025-02-13 05:46:54 --> [DEPRECATED] Creation of dynamic property App\Controllers\Invoice::$session is deprecated in APPPATH\Controllers\BaseController.php on line 56.
 1 SYSTEMPATH\CodeIgniter.php(915): App\Controllers\BaseController->initController(Object(CodeIgniter\HTTP\IncomingRequest), Object(CodeIgniter\HTTP\Response), Object(CodeIgniter\Log\Logger))
 2 SYSTEMPATH\CodeIgniter.php(493): CodeIgniter\CodeIgniter->createController()
 3 SYSTEMPATH\CodeIgniter.php(361): CodeIgniter\CodeIgniter->handleRequest(null, Object(Config\Cache), false)
 4 FCPATH\index.php(79): CodeIgniter\CodeIgniter->run()
 5 SYSTEMPATH\Commands\Server\rewrite.php(47): require_once('C:\\2023project\\aparus3\\public\\index.php')
WARNING - 2025-02-13 05:46:54 --> [DEPRECATED] Creation of dynamic property App\Controllers\Shortcut::$session is deprecated in APPPATH\Controllers\BaseController.php on line 56.
 1 SYSTEMPATH\View\Cell.php(96): App\Controllers\BaseController->initController(Object(CodeIgniter\HTTP\IncomingRequest), Object(CodeIgniter\HTTP\Response), Object(CodeIgniter\Log\Logger))
 2 SYSTEMPATH\Common.php(1206): CodeIgniter\View\Cell->render('App\\Controllers\\Shortcut::loadShortcut', [], 0, 'AppControllersShortcutloadShortcut40cd750bba9870f18aada2478b24840a')
 3 APPPATH\Views\partials\topbar.php(157): view_cell('App\\Controllers\\Shortcut::loadShortcut')
 4 SYSTEMPATH\View\View.php(228): include('C:\\2023project\\aparus3\\app\\Views\\partials\\topbar.php')
 5 SYSTEMPATH\View\View.php(231): CodeIgniter\View\View->CodeIgniter\View\{closure}()
 6 SYSTEMPATH\View\View.php(469): CodeIgniter\View\View->render('partials/topbar', null, true)
 7 APPPATH\Views\partials\menu.php(1): CodeIgniter\View\View->include('partials/topbar')
 8 SYSTEMPATH\View\View.php(228): include('C:\\2023project\\aparus3\\app\\Views\\partials\\menu.php')
 9 SYSTEMPATH\View\View.php(231): CodeIgniter\View\View->CodeIgniter\View\{closure}()
10 SYSTEMPATH\View\View.php(469): CodeIgniter\View\View->render('partials/menu', null, true)
11 APPPATH\Views\invoice\list.php(18): CodeIgniter\View\View->include('partials/menu')
12 SYSTEMPATH\View\View.php(228): include('C:\\2023project\\aparus3\\app\\Views\\invoice\\list.php')
13 SYSTEMPATH\View\View.php(231): CodeIgniter\View\View->CodeIgniter\View\{closure}()
14 SYSTEMPATH\Common.php(1190): CodeIgniter\View\View->render('invoice/list', [], true)
15 APPPATH\Controllers\Invoice.php(50): view('invoice/list', [...])
16 SYSTEMPATH\CodeIgniter.php(942): App\Controllers\Invoice->list()
17 SYSTEMPATH\CodeIgniter.php(502): CodeIgniter\CodeIgniter->runController(Object(App\Controllers\Invoice))
18 SYSTEMPATH\CodeIgniter.php(361): CodeIgniter\CodeIgniter->handleRequest(null, Object(Config\Cache), false)
19 FCPATH\index.php(79): CodeIgniter\CodeIgniter->run()
20 SYSTEMPATH\Commands\Server\rewrite.php(47): require_once('C:\\2023project\\aparus3\\public\\index.php')
INFO - 2025-02-13 05:46:57 --> Session: Class initialized using 'CodeIgniter\Session\Handlers\FileHandler' driver.
INFO - 2025-02-13 05:46:57 --> Session: Class initialized using 'CodeIgniter\Session\Handlers\FileHandler' driver.
INFO - 2025-02-13 05:46:58 --> Session: Class initialized using 'CodeIgniter\Session\Handlers\FileHandler' driver.
INFO - 2025-02-13 05:47:34 --> Session: Class initialized using 'CodeIgniter\Session\Handlers\FileHandler' driver.
WARNING - 2025-02-13 05:47:34 --> [DEPRECATED] Creation of dynamic property App\Controllers\ReportHunian::$session is deprecated in APPPATH\Controllers\BaseController.php on line 56.
 1 SYSTEMPATH\CodeIgniter.php(915): App\Controllers\BaseController->initController(Object(CodeIgniter\HTTP\IncomingRequest), Object(CodeIgniter\HTTP\Response), Object(CodeIgniter\Log\Logger))
 2 SYSTEMPATH\CodeIgniter.php(493): CodeIgniter\CodeIgniter->createController()
 3 SYSTEMPATH\CodeIgniter.php(361): CodeIgniter\CodeIgniter->handleRequest(null, Object(Config\Cache), false)
 4 FCPATH\index.php(79): CodeIgniter\CodeIgniter->run()
 5 SYSTEMPATH\Commands\Server\rewrite.php(47): require_once('C:\\2023project\\aparus3\\public\\index.php')
WARNING - 2025-02-13 05:47:34 --> [DEPRECATED] Creation of dynamic property App\Controllers\Shortcut::$session is deprecated in APPPATH\Controllers\BaseController.php on line 56.
 1 SYSTEMPATH\View\Cell.php(96): App\Controllers\BaseController->initController(Object(CodeIgniter\HTTP\IncomingRequest), Object(CodeIgniter\HTTP\Response), Object(CodeIgniter\Log\Logger))
 2 SYSTEMPATH\Common.php(1206): CodeIgniter\View\Cell->render('App\\Controllers\\Shortcut::loadShortcut', [], 0, 'AppControllersShortcutloadShortcut40cd750bba9870f18aada2478b24840a')
 3 APPPATH\Views\partials\topbar.php(157): view_cell('App\\Controllers\\Shortcut::loadShortcut')
 4 SYSTEMPATH\View\View.php(228): include('C:\\2023project\\aparus3\\app\\Views\\partials\\topbar.php')
 5 SYSTEMPATH\View\View.php(231): CodeIgniter\View\View->CodeIgniter\View\{closure}()
 6 SYSTEMPATH\View\View.php(469): CodeIgniter\View\View->render('partials/topbar', null, true)
 7 APPPATH\Views\partials\menu.php(1): CodeIgniter\View\View->include('partials/topbar')
 8 SYSTEMPATH\View\View.php(228): include('C:\\2023project\\aparus3\\app\\Views\\partials\\menu.php')
 9 SYSTEMPATH\View\View.php(231): CodeIgniter\View\View->CodeIgniter\View\{closure}()
10 SYSTEMPATH\View\View.php(469): CodeIgniter\View\View->render('partials/menu', null, true)
11 APPPATH\Views\report\statistik_gender.php(11): CodeIgniter\View\View->include('partials/menu')
12 SYSTEMPATH\View\View.php(228): include('C:\\2023project\\aparus3\\app\\Views\\report\\statistik_gender.php')
13 SYSTEMPATH\View\View.php(231): CodeIgniter\View\View->CodeIgniter\View\{closure}()
14 SYSTEMPATH\Common.php(1190): CodeIgniter\View\View->render('report/statistik_gender', [], true)
15 APPPATH\Controllers\ReportHunian.php(102): view('report/statistik_gender', [...])
16 SYSTEMPATH\CodeIgniter.php(942): App\Controllers\ReportHunian->statistikGender()
17 SYSTEMPATH\CodeIgniter.php(502): CodeIgniter\CodeIgniter->runController(Object(App\Controllers\ReportHunian))
18 SYSTEMPATH\CodeIgniter.php(361): CodeIgniter\CodeIgniter->handleRequest(null, Object(Config\Cache), false)
19 FCPATH\index.php(79): CodeIgniter\CodeIgniter->run()
20 SYSTEMPATH\Commands\Server\rewrite.php(47): require_once('C:\\2023project\\aparus3\\public\\index.php')
INFO - 2025-02-13 05:47:34 --> Session: Class initialized using 'CodeIgniter\Session\Handlers\FileHandler' driver.
INFO - 2025-02-13 05:47:34 --> Session: Class initialized using 'CodeIgniter\Session\Handlers\FileHandler' driver.
INFO - 2025-02-13 05:47:43 --> Session: Class initialized using 'CodeIgniter\Session\Handlers\FileHandler' driver.
WARNING - 2025-02-13 05:47:43 --> [DEPRECATED] Creation of dynamic property App\Controllers\ReportHunian::$session is deprecated in APPPATH\Controllers\BaseController.php on line 56.
 1 SYSTEMPATH\CodeIgniter.php(915): App\Controllers\BaseController->initController(Object(CodeIgniter\HTTP\IncomingRequest), Object(CodeIgniter\HTTP\Response), Object(CodeIgniter\Log\Logger))
 2 SYSTEMPATH\CodeIgniter.php(493): CodeIgniter\CodeIgniter->createController()
 3 SYSTEMPATH\CodeIgniter.php(361): CodeIgniter\CodeIgniter->handleRequest(null, Object(Config\Cache), false)
 4 FCPATH\index.php(79): CodeIgniter\CodeIgniter->run()
 5 SYSTEMPATH\Commands\Server\rewrite.php(47): require_once('C:\\2023project\\aparus3\\public\\index.php')
WARNING - 2025-02-13 05:47:43 --> [DEPRECATED] Creation of dynamic property App\Controllers\Shortcut::$session is deprecated in APPPATH\Controllers\BaseController.php on line 56.
 1 SYSTEMPATH\View\Cell.php(96): App\Controllers\BaseController->initController(Object(CodeIgniter\HTTP\IncomingRequest), Object(CodeIgniter\HTTP\Response), Object(CodeIgniter\Log\Logger))
 2 SYSTEMPATH\Common.php(1206): CodeIgniter\View\Cell->render('App\\Controllers\\Shortcut::loadShortcut', [], 0, 'AppControllersShortcutloadShortcut40cd750bba9870f18aada2478b24840a')
 3 APPPATH\Views\partials\topbar.php(157): view_cell('App\\Controllers\\Shortcut::loadShortcut')
 4 SYSTEMPATH\View\View.php(228): include('C:\\2023project\\aparus3\\app\\Views\\partials\\topbar.php')
 5 SYSTEMPATH\View\View.php(231): CodeIgniter\View\View->CodeIgniter\View\{closure}()
 6 SYSTEMPATH\View\View.php(469): CodeIgniter\View\View->render('partials/topbar', null, true)
 7 APPPATH\Views\partials\menu.php(1): CodeIgniter\View\View->include('partials/topbar')
 8 SYSTEMPATH\View\View.php(228): include('C:\\2023project\\aparus3\\app\\Views\\partials\\menu.php')
 9 SYSTEMPATH\View\View.php(231): CodeIgniter\View\View->CodeIgniter\View\{closure}()
10 SYSTEMPATH\View\View.php(469): CodeIgniter\View\View->render('partials/menu', null, true)
11 APPPATH\Views\report\statistik_gender.php(11): CodeIgniter\View\View->include('partials/menu')
12 SYSTEMPATH\View\View.php(228): include('C:\\2023project\\aparus3\\app\\Views\\report\\statistik_gender.php')
13 SYSTEMPATH\View\View.php(231): CodeIgniter\View\View->CodeIgniter\View\{closure}()
14 SYSTEMPATH\Common.php(1190): CodeIgniter\View\View->render('report/statistik_gender', [], true)
15 APPPATH\Controllers\ReportHunian.php(102): view('report/statistik_gender', [...])
16 SYSTEMPATH\CodeIgniter.php(942): App\Controllers\ReportHunian->statistikGender()
17 SYSTEMPATH\CodeIgniter.php(502): CodeIgniter\CodeIgniter->runController(Object(App\Controllers\ReportHunian))
18 SYSTEMPATH\CodeIgniter.php(361): CodeIgniter\CodeIgniter->handleRequest(null, Object(Config\Cache), false)
19 FCPATH\index.php(79): CodeIgniter\CodeIgniter->run()
20 SYSTEMPATH\Commands\Server\rewrite.php(47): require_once('C:\\2023project\\aparus3\\public\\index.php')
INFO - 2025-02-13 05:47:43 --> Session: Class initialized using 'CodeIgniter\Session\Handlers\FileHandler' driver.
INFO - 2025-02-13 05:47:44 --> Session: Class initialized using 'CodeIgniter\Session\Handlers\FileHandler' driver.
INFO - 2025-02-13 05:48:01 --> Session: Class initialized using 'CodeIgniter\Session\Handlers\FileHandler' driver.
WARNING - 2025-02-13 05:48:01 --> [DEPRECATED] Creation of dynamic property App\Controllers\ReportHunian::$session is deprecated in APPPATH\Controllers\BaseController.php on line 56.
 1 SYSTEMPATH\CodeIgniter.php(915): App\Controllers\BaseController->initController(Object(CodeIgniter\HTTP\IncomingRequest), Object(CodeIgniter\HTTP\Response), Object(CodeIgniter\Log\Logger))
 2 SYSTEMPATH\CodeIgniter.php(493): CodeIgniter\CodeIgniter->createController()
 3 SYSTEMPATH\CodeIgniter.php(361): CodeIgniter\CodeIgniter->handleRequest(null, Object(Config\Cache), false)
 4 FCPATH\index.php(79): CodeIgniter\CodeIgniter->run()
 5 SYSTEMPATH\Commands\Server\rewrite.php(47): require_once('C:\\2023project\\aparus3\\public\\index.php')
WARNING - 2025-02-13 05:48:01 --> [DEPRECATED] Creation of dynamic property App\Controllers\Shortcut::$session is deprecated in APPPATH\Controllers\BaseController.php on line 56.
 1 SYSTEMPATH\View\Cell.php(96): App\Controllers\BaseController->initController(Object(CodeIgniter\HTTP\IncomingRequest), Object(CodeIgniter\HTTP\Response), Object(CodeIgniter\Log\Logger))
 2 SYSTEMPATH\Common.php(1206): CodeIgniter\View\Cell->render('App\\Controllers\\Shortcut::loadShortcut', [], 0, 'AppControllersShortcutloadShortcut40cd750bba9870f18aada2478b24840a')
 3 APPPATH\Views\partials\topbar.php(157): view_cell('App\\Controllers\\Shortcut::loadShortcut')
 4 SYSTEMPATH\View\View.php(228): include('C:\\2023project\\aparus3\\app\\Views\\partials\\topbar.php')
 5 SYSTEMPATH\View\View.php(231): CodeIgniter\View\View->CodeIgniter\View\{closure}()
 6 SYSTEMPATH\View\View.php(469): CodeIgniter\View\View->render('partials/topbar', null, true)
 7 APPPATH\Views\partials\menu.php(1): CodeIgniter\View\View->include('partials/topbar')
 8 SYSTEMPATH\View\View.php(228): include('C:\\2023project\\aparus3\\app\\Views\\partials\\menu.php')
 9 SYSTEMPATH\View\View.php(231): CodeIgniter\View\View->CodeIgniter\View\{closure}()
10 SYSTEMPATH\View\View.php(469): CodeIgniter\View\View->render('partials/menu', null, true)
11 APPPATH\Views\report\statistik_gender.php(11): CodeIgniter\View\View->include('partials/menu')
12 SYSTEMPATH\View\View.php(228): include('C:\\2023project\\aparus3\\app\\Views\\report\\statistik_gender.php')
13 SYSTEMPATH\View\View.php(231): CodeIgniter\View\View->CodeIgniter\View\{closure}()
14 SYSTEMPATH\Common.php(1190): CodeIgniter\View\View->render('report/statistik_gender', [], true)
15 APPPATH\Controllers\ReportHunian.php(102): view('report/statistik_gender', [...])
16 SYSTEMPATH\CodeIgniter.php(942): App\Controllers\ReportHunian->statistikGender()
17 SYSTEMPATH\CodeIgniter.php(502): CodeIgniter\CodeIgniter->runController(Object(App\Controllers\ReportHunian))
18 SYSTEMPATH\CodeIgniter.php(361): CodeIgniter\CodeIgniter->handleRequest(null, Object(Config\Cache), false)
19 FCPATH\index.php(79): CodeIgniter\CodeIgniter->run()
20 SYSTEMPATH\Commands\Server\rewrite.php(47): require_once('C:\\2023project\\aparus3\\public\\index.php')
INFO - 2025-02-13 05:48:01 --> Session: Class initialized using 'CodeIgniter\Session\Handlers\FileHandler' driver.
INFO - 2025-02-13 05:48:02 --> Session: Class initialized using 'CodeIgniter\Session\Handlers\FileHandler' driver.
INFO - 2025-02-13 05:49:15 --> Session: Class initialized using 'CodeIgniter\Session\Handlers\FileHandler' driver.
WARNING - 2025-02-13 05:49:15 --> [DEPRECATED] Creation of dynamic property App\Controllers\ReportHunian::$session is deprecated in APPPATH\Controllers\BaseController.php on line 56.
 1 SYSTEMPATH\CodeIgniter.php(915): App\Controllers\BaseController->initController(Object(CodeIgniter\HTTP\IncomingRequest), Object(CodeIgniter\HTTP\Response), Object(CodeIgniter\Log\Logger))
 2 SYSTEMPATH\CodeIgniter.php(493): CodeIgniter\CodeIgniter->createController()
 3 SYSTEMPATH\CodeIgniter.php(361): CodeIgniter\CodeIgniter->handleRequest(null, Object(Config\Cache), false)
 4 FCPATH\index.php(79): CodeIgniter\CodeIgniter->run()
 5 SYSTEMPATH\Commands\Server\rewrite.php(47): require_once('C:\\2023project\\aparus3\\public\\index.php')
ERROR - 2025-02-13 05:49:15 --> mysqli_sql_exception: Table 'aparus3.aprs_anggota_keluarga' doesn't exist in C:\2023project\aparus3\system\Database\MySQLi\Connection.php:306
Stack trace:
#0 C:\2023project\aparus3\system\Database\MySQLi\Connection.php(306): mysqli->query('SELECT `aprs_ma...', 0)
#1 C:\2023project\aparus3\system\Database\BaseConnection.php(693): CodeIgniter\Database\MySQLi\Connection->execute('SELECT `aprs_ma...')
#2 C:\2023project\aparus3\system\Database\BaseConnection.php(607): CodeIgniter\Database\BaseConnection->simpleQuery('SELECT `aprs_ma...')
#3 C:\2023project\aparus3\system\Database\BaseBuilder.php(1615): CodeIgniter\Database\BaseConnection->query('SELECT `aprs_ma...', Array, false)
#4 C:\2023project\aparus3\app\Models\ReportHunian_model.php(81): CodeIgniter\Database\BaseBuilder->get()
#5 C:\2023project\aparus3\app\Controllers\ReportHunian.php(97): App\Models\ReportHunian_model->getStatistikGender(NULL)
#6 C:\2023project\aparus3\system\CodeIgniter.php(942): App\Controllers\ReportHunian->statistikGender()
#7 C:\2023project\aparus3\system\CodeIgniter.php(502): CodeIgniter\CodeIgniter->runController(Object(App\Controllers\ReportHunian))
#8 C:\2023project\aparus3\system\CodeIgniter.php(361): CodeIgniter\CodeIgniter->handleRequest(NULL, Object(Config\Cache), false)
#9 C:\2023project\aparus3\public\index.php(79): CodeIgniter\CodeIgniter->run()
#10 C:\2023project\aparus3\system\Commands\Server\rewrite.php(47): require_once('C:\\2023project\\...')
#11 {main}
CRITICAL - 2025-02-13 05:49:15 --> Table 'aparus3.aprs_anggota_keluarga' doesn't exist
in SYSTEMPATH\Database\BaseConnection.php on line 647.
 1 SYSTEMPATH\Database\BaseBuilder.php(1615): CodeIgniter\Database\BaseConnection->query('SELECT `aprs_master_rusun`.`rusun_id`, `aprs_master_rusun`.`rusun_nama` as `nama_rusun`, SUM(CASE 
                WHEN aprs_penghuni.jeniskelamin = "Laki-laki" THEN 1 
                WHEN ak.jeniskelamin = "Laki-laki" THEN 1
                ELSE 0 
            END) as laki_laki, SUM(CASE 
                WHEN aprs_penghuni.jeniskelamin = "Perempuan" THEN 1 
                WHEN ak.jeniskelamin = "Perempuan" THEN 1
                ELSE 0 
            END) as perempuan, COUNT(DISTINCT CASE 
                WHEN aprs_penghuni.kode_penghuni IS NOT NULL THEN aprs_penghuni.kode_penghuni
                WHEN ak.id_anggota IS NOT NULL THEN ak.id_anggota 
            END) as total
FROM `aprs_master_rusun`
LEFT JOIN `aprs_penghuni` ON `aprs_master_rusun`.`rusun_id` = `aprs_penghuni`.`rusuntujuan`
LEFT JOIN `aprs_anggota_keluarga` `ak` ON `aprs_penghuni`.`kode_penghuni` = `ak`.`kode_penghuni`
GROUP BY `aprs_master_rusun`.`rusun_id`, `aprs_master_rusun`.`rusun_nama`', [], false)
 2 APPPATH\Models\ReportHunian_model.php(81): CodeIgniter\Database\BaseBuilder->get()
 3 APPPATH\Controllers\ReportHunian.php(97): App\Models\ReportHunian_model->getStatistikGender(null)
 4 SYSTEMPATH\CodeIgniter.php(942): App\Controllers\ReportHunian->statistikGender()
 5 SYSTEMPATH\CodeIgniter.php(502): CodeIgniter\CodeIgniter->runController(Object(App\Controllers\ReportHunian))
 6 SYSTEMPATH\CodeIgniter.php(361): CodeIgniter\CodeIgniter->handleRequest(null, Object(Config\Cache), false)
 7 FCPATH\index.php(79): CodeIgniter\CodeIgniter->run()
 8 SYSTEMPATH\Commands\Server\rewrite.php(47): require_once('C:\\2023project\\aparus3\\public\\index.php')
INFO - 2025-02-13 05:50:22 --> Session: Class initialized using 'CodeIgniter\Session\Handlers\FileHandler' driver.
WARNING - 2025-02-13 05:50:22 --> [DEPRECATED] Creation of dynamic property App\Controllers\ReportHunian::$session is deprecated in APPPATH\Controllers\BaseController.php on line 56.
 1 SYSTEMPATH\CodeIgniter.php(915): App\Controllers\BaseController->initController(Object(CodeIgniter\HTTP\IncomingRequest), Object(CodeIgniter\HTTP\Response), Object(CodeIgniter\Log\Logger))
 2 SYSTEMPATH\CodeIgniter.php(493): CodeIgniter\CodeIgniter->createController()
 3 SYSTEMPATH\CodeIgniter.php(361): CodeIgniter\CodeIgniter->handleRequest(null, Object(Config\Cache), false)
 4 FCPATH\index.php(79): CodeIgniter\CodeIgniter->run()
 5 SYSTEMPATH\Commands\Server\rewrite.php(47): require_once('C:\\2023project\\aparus3\\public\\index.php')
WARNING - 2025-02-13 05:50:22 --> [DEPRECATED] Creation of dynamic property App\Controllers\Shortcut::$session is deprecated in APPPATH\Controllers\BaseController.php on line 56.
 1 SYSTEMPATH\View\Cell.php(96): App\Controllers\BaseController->initController(Object(CodeIgniter\HTTP\IncomingRequest), Object(CodeIgniter\HTTP\Response), Object(CodeIgniter\Log\Logger))
 2 SYSTEMPATH\Common.php(1206): CodeIgniter\View\Cell->render('App\\Controllers\\Shortcut::loadShortcut', [], 0, 'AppControllersShortcutloadShortcut40cd750bba9870f18aada2478b24840a')
 3 APPPATH\Views\partials\topbar.php(157): view_cell('App\\Controllers\\Shortcut::loadShortcut')
 4 SYSTEMPATH\View\View.php(228): include('C:\\2023project\\aparus3\\app\\Views\\partials\\topbar.php')
 5 SYSTEMPATH\View\View.php(231): CodeIgniter\View\View->CodeIgniter\View\{closure}()
 6 SYSTEMPATH\View\View.php(469): CodeIgniter\View\View->render('partials/topbar', null, true)
 7 APPPATH\Views\partials\menu.php(1): CodeIgniter\View\View->include('partials/topbar')
 8 SYSTEMPATH\View\View.php(228): include('C:\\2023project\\aparus3\\app\\Views\\partials\\menu.php')
 9 SYSTEMPATH\View\View.php(231): CodeIgniter\View\View->CodeIgniter\View\{closure}()
10 SYSTEMPATH\View\View.php(469): CodeIgniter\View\View->render('partials/menu', null, true)
11 APPPATH\Views\report\statistik_gender.php(11): CodeIgniter\View\View->include('partials/menu')
12 SYSTEMPATH\View\View.php(228): include('C:\\2023project\\aparus3\\app\\Views\\report\\statistik_gender.php')
13 SYSTEMPATH\View\View.php(231): CodeIgniter\View\View->CodeIgniter\View\{closure}()
14 SYSTEMPATH\Common.php(1190): CodeIgniter\View\View->render('report/statistik_gender', [], true)
15 APPPATH\Controllers\ReportHunian.php(102): view('report/statistik_gender', [...])
16 SYSTEMPATH\CodeIgniter.php(942): App\Controllers\ReportHunian->statistikGender()
17 SYSTEMPATH\CodeIgniter.php(502): CodeIgniter\CodeIgniter->runController(Object(App\Controllers\ReportHunian))
18 SYSTEMPATH\CodeIgniter.php(361): CodeIgniter\CodeIgniter->handleRequest(null, Object(Config\Cache), false)
19 FCPATH\index.php(79): CodeIgniter\CodeIgniter->run()
20 SYSTEMPATH\Commands\Server\rewrite.php(47): require_once('C:\\2023project\\aparus3\\public\\index.php')
INFO - 2025-02-13 05:50:23 --> Session: Class initialized using 'CodeIgniter\Session\Handlers\FileHandler' driver.
INFO - 2025-02-13 05:50:23 --> Session: Class initialized using 'CodeIgniter\Session\Handlers\FileHandler' driver.
INFO - 2025-02-13 05:51:12 --> Session: Class initialized using 'CodeIgniter\Session\Handlers\FileHandler' driver.
WARNING - 2025-02-13 05:51:12 --> [DEPRECATED] Creation of dynamic property App\Controllers\Penghuni::$session is deprecated in APPPATH\Controllers\BaseController.php on line 56.
 1 SYSTEMPATH\CodeIgniter.php(915): App\Controllers\BaseController->initController(Object(CodeIgniter\HTTP\IncomingRequest), Object(CodeIgniter\HTTP\Response), Object(CodeIgniter\Log\Logger))
 2 SYSTEMPATH\CodeIgniter.php(493): CodeIgniter\CodeIgniter->createController()
 3 SYSTEMPATH\CodeIgniter.php(361): CodeIgniter\CodeIgniter->handleRequest(null, Object(Config\Cache), false)
 4 FCPATH\index.php(79): CodeIgniter\CodeIgniter->run()
 5 SYSTEMPATH\Commands\Server\rewrite.php(47): require_once('C:\\2023project\\aparus3\\public\\index.php')
WARNING - 2025-02-13 05:51:12 --> [DEPRECATED] Creation of dynamic property App\Controllers\Shortcut::$session is deprecated in APPPATH\Controllers\BaseController.php on line 56.
 1 SYSTEMPATH\View\Cell.php(96): App\Controllers\BaseController->initController(Object(CodeIgniter\HTTP\IncomingRequest), Object(CodeIgniter\HTTP\Response), Object(CodeIgniter\Log\Logger))
 2 SYSTEMPATH\Common.php(1206): CodeIgniter\View\Cell->render('App\\Controllers\\Shortcut::loadShortcut', [], 0, 'AppControllersShortcutloadShortcut40cd750bba9870f18aada2478b24840a')
 3 APPPATH\Views\partials\topbar.php(157): view_cell('App\\Controllers\\Shortcut::loadShortcut')
 4 SYSTEMPATH\View\View.php(228): include('C:\\2023project\\aparus3\\app\\Views\\partials\\topbar.php')
 5 SYSTEMPATH\View\View.php(231): CodeIgniter\View\View->CodeIgniter\View\{closure}()
 6 SYSTEMPATH\View\View.php(469): CodeIgniter\View\View->render('partials/topbar', null, true)
 7 APPPATH\Views\partials\menu.php(1): CodeIgniter\View\View->include('partials/topbar')
 8 SYSTEMPATH\View\View.php(228): include('C:\\2023project\\aparus3\\app\\Views\\partials\\menu.php')
 9 SYSTEMPATH\View\View.php(231): CodeIgniter\View\View->CodeIgniter\View\{closure}()
10 SYSTEMPATH\View\View.php(469): CodeIgniter\View\View->render('partials/menu', null, true)
11 APPPATH\Views\penghuni\list.php(18): CodeIgniter\View\View->include('partials/menu')
12 SYSTEMPATH\View\View.php(228): include('C:\\2023project\\aparus3\\app\\Views\\penghuni\\list.php')
13 SYSTEMPATH\View\View.php(231): CodeIgniter\View\View->CodeIgniter\View\{closure}()
14 SYSTEMPATH\Common.php(1190): CodeIgniter\View\View->render('penghuni/list', [], true)
15 APPPATH\Controllers\Penghuni.php(229): view('penghuni/list', [...])
16 SYSTEMPATH\CodeIgniter.php(942): App\Controllers\Penghuni->list()
17 SYSTEMPATH\CodeIgniter.php(502): CodeIgniter\CodeIgniter->runController(Object(App\Controllers\Penghuni))
18 SYSTEMPATH\CodeIgniter.php(361): CodeIgniter\CodeIgniter->handleRequest(null, Object(Config\Cache), false)
19 FCPATH\index.php(79): CodeIgniter\CodeIgniter->run()
20 SYSTEMPATH\Commands\Server\rewrite.php(47): require_once('C:\\2023project\\aparus3\\public\\index.php')
INFO - 2025-02-13 05:51:16 --> Session: Class initialized using 'CodeIgniter\Session\Handlers\FileHandler' driver.
INFO - 2025-02-13 05:51:16 --> Session: Class initialized using 'CodeIgniter\Session\Handlers\FileHandler' driver.
INFO - 2025-02-13 05:51:16 --> Session: Class initialized using 'CodeIgniter\Session\Handlers\FileHandler' driver.
INFO - 2025-02-13 05:51:19 --> Session: Class initialized using 'CodeIgniter\Session\Handlers\FileHandler' driver.
WARNING - 2025-02-13 05:51:19 --> [DEPRECATED] Creation of dynamic property App\Controllers\Penghuni::$session is deprecated in APPPATH\Controllers\BaseController.php on line 56.
 1 SYSTEMPATH\CodeIgniter.php(915): App\Controllers\BaseController->initController(Object(CodeIgniter\HTTP\IncomingRequest), Object(CodeIgniter\HTTP\Response), Object(CodeIgniter\Log\Logger))
 2 SYSTEMPATH\CodeIgniter.php(493): CodeIgniter\CodeIgniter->createController()
 3 SYSTEMPATH\CodeIgniter.php(361): CodeIgniter\CodeIgniter->handleRequest(null, Object(Config\Cache), false)
 4 FCPATH\index.php(79): CodeIgniter\CodeIgniter->run()
 5 SYSTEMPATH\Commands\Server\rewrite.php(47): require_once('C:\\2023project\\aparus3\\public\\index.php')
WARNING - 2025-02-13 05:51:19 --> [DEPRECATED] Creation of dynamic property App\Controllers\Shortcut::$session is deprecated in APPPATH\Controllers\BaseController.php on line 56.
 1 SYSTEMPATH\View\Cell.php(96): App\Controllers\BaseController->initController(Object(CodeIgniter\HTTP\IncomingRequest), Object(CodeIgniter\HTTP\Response), Object(CodeIgniter\Log\Logger))
 2 SYSTEMPATH\Common.php(1206): CodeIgniter\View\Cell->render('App\\Controllers\\Shortcut::loadShortcut', [], 0, 'AppControllersShortcutloadShortcut40cd750bba9870f18aada2478b24840a')
 3 APPPATH\Views\partials\topbar.php(157): view_cell('App\\Controllers\\Shortcut::loadShortcut')
 4 SYSTEMPATH\View\View.php(228): include('C:\\2023project\\aparus3\\app\\Views\\partials\\topbar.php')
 5 SYSTEMPATH\View\View.php(231): CodeIgniter\View\View->CodeIgniter\View\{closure}()
 6 SYSTEMPATH\View\View.php(469): CodeIgniter\View\View->render('partials/topbar', null, true)
 7 APPPATH\Views\partials\menu.php(1): CodeIgniter\View\View->include('partials/topbar')
 8 SYSTEMPATH\View\View.php(228): include('C:\\2023project\\aparus3\\app\\Views\\partials\\menu.php')
 9 SYSTEMPATH\View\View.php(231): CodeIgniter\View\View->CodeIgniter\View\{closure}()
10 SYSTEMPATH\View\View.php(469): CodeIgniter\View\View->render('partials/menu', null, true)
11 APPPATH\Views\penghuni\detail.php(18): CodeIgniter\View\View->include('partials/menu')
12 SYSTEMPATH\View\View.php(228): include('C:\\2023project\\aparus3\\app\\Views\\penghuni\\detail.php')
13 SYSTEMPATH\View\View.php(231): CodeIgniter\View\View->CodeIgniter\View\{closure}()
14 SYSTEMPATH\Common.php(1190): CodeIgniter\View\View->render('penghuni/detail', [], true)
15 APPPATH\Controllers\Penghuni.php(264): view('penghuni/detail', [...])
16 SYSTEMPATH\CodeIgniter.php(942): App\Controllers\Penghuni->detail('3d3efd21fe')
17 SYSTEMPATH\CodeIgniter.php(502): CodeIgniter\CodeIgniter->runController(Object(App\Controllers\Penghuni))
18 SYSTEMPATH\CodeIgniter.php(361): CodeIgniter\CodeIgniter->handleRequest(null, Object(Config\Cache), false)
19 FCPATH\index.php(79): CodeIgniter\CodeIgniter->run()
20 SYSTEMPATH\Commands\Server\rewrite.php(47): require_once('C:\\2023project\\aparus3\\public\\index.php')
INFO - 2025-02-13 05:51:19 --> Session: Class initialized using 'CodeIgniter\Session\Handlers\FileHandler' driver.
INFO - 2025-02-13 05:51:20 --> Session: Class initialized using 'CodeIgniter\Session\Handlers\FileHandler' driver.
INFO - 2025-02-13 05:51:20 --> Session: Class initialized using 'CodeIgniter\Session\Handlers\FileHandler' driver.
INFO - 2025-02-13 05:51:22 --> Session: Class initialized using 'CodeIgniter\Session\Handlers\FileHandler' driver.
WARNING - 2025-02-13 05:51:22 --> [DEPRECATED] Creation of dynamic property App\Controllers\Penghuni::$session is deprecated in APPPATH\Controllers\BaseController.php on line 56.
 1 SYSTEMPATH\CodeIgniter.php(915): App\Controllers\BaseController->initController(Object(CodeIgniter\HTTP\IncomingRequest), Object(CodeIgniter\HTTP\Response), Object(CodeIgniter\Log\Logger))
 2 SYSTEMPATH\CodeIgniter.php(493): CodeIgniter\CodeIgniter->createController()
 3 SYSTEMPATH\CodeIgniter.php(361): CodeIgniter\CodeIgniter->handleRequest(null, Object(Config\Cache), false)
 4 FCPATH\index.php(79): CodeIgniter\CodeIgniter->run()
 5 SYSTEMPATH\Commands\Server\rewrite.php(47): require_once('C:\\2023project\\aparus3\\public\\index.php')
WARNING - 2025-02-13 05:51:22 --> [DEPRECATED] Creation of dynamic property App\Controllers\Shortcut::$session is deprecated in APPPATH\Controllers\BaseController.php on line 56.
 1 SYSTEMPATH\View\Cell.php(96): App\Controllers\BaseController->initController(Object(CodeIgniter\HTTP\IncomingRequest), Object(CodeIgniter\HTTP\Response), Object(CodeIgniter\Log\Logger))
 2 SYSTEMPATH\Common.php(1206): CodeIgniter\View\Cell->render('App\\Controllers\\Shortcut::loadShortcut', [], 0, 'AppControllersShortcutloadShortcut40cd750bba9870f18aada2478b24840a')
 3 APPPATH\Views\partials\topbar.php(157): view_cell('App\\Controllers\\Shortcut::loadShortcut')
 4 SYSTEMPATH\View\View.php(228): include('C:\\2023project\\aparus3\\app\\Views\\partials\\topbar.php')
 5 SYSTEMPATH\View\View.php(231): CodeIgniter\View\View->CodeIgniter\View\{closure}()
 6 SYSTEMPATH\View\View.php(469): CodeIgniter\View\View->render('partials/topbar', null, true)
 7 APPPATH\Views\partials\menu.php(1): CodeIgniter\View\View->include('partials/topbar')
 8 SYSTEMPATH\View\View.php(228): include('C:\\2023project\\aparus3\\app\\Views\\partials\\menu.php')
 9 SYSTEMPATH\View\View.php(231): CodeIgniter\View\View->CodeIgniter\View\{closure}()
10 SYSTEMPATH\View\View.php(469): CodeIgniter\View\View->render('partials/menu', null, true)
11 APPPATH\Views\penghuni\anggotakeluarga.php(18): CodeIgniter\View\View->include('partials/menu')
12 SYSTEMPATH\View\View.php(228): include('C:\\2023project\\aparus3\\app\\Views\\penghuni\\anggotakeluarga.php')
13 SYSTEMPATH\View\View.php(231): CodeIgniter\View\View->CodeIgniter\View\{closure}()
14 SYSTEMPATH\Common.php(1190): CodeIgniter\View\View->render('penghuni/anggotakeluarga', [], true)
15 APPPATH\Controllers\Penghuni.php(278): view('penghuni/anggotakeluarga', [...])
16 SYSTEMPATH\CodeIgniter.php(942): App\Controllers\Penghuni->anggotaKeluarga('3d3efd21fe')
17 SYSTEMPATH\CodeIgniter.php(502): CodeIgniter\CodeIgniter->runController(Object(App\Controllers\Penghuni))
18 SYSTEMPATH\CodeIgniter.php(361): CodeIgniter\CodeIgniter->handleRequest(null, Object(Config\Cache), false)
19 FCPATH\index.php(79): CodeIgniter\CodeIgniter->run()
20 SYSTEMPATH\Commands\Server\rewrite.php(47): require_once('C:\\2023project\\aparus3\\public\\index.php')
INFO - 2025-02-13 05:51:22 --> Session: Class initialized using 'CodeIgniter\Session\Handlers\FileHandler' driver.
INFO - 2025-02-13 05:51:23 --> Session: Class initialized using 'CodeIgniter\Session\Handlers\FileHandler' driver.
INFO - 2025-02-13 05:51:23 --> Session: Class initialized using 'CodeIgniter\Session\Handlers\FileHandler' driver.
INFO - 2025-02-13 05:52:14 --> Session: Class initialized using 'CodeIgniter\Session\Handlers\FileHandler' driver.
WARNING - 2025-02-13 05:52:14 --> [DEPRECATED] Creation of dynamic property App\Controllers\Penghuni::$session is deprecated in APPPATH\Controllers\BaseController.php on line 56.
 1 SYSTEMPATH\CodeIgniter.php(915): App\Controllers\BaseController->initController(Object(CodeIgniter\HTTP\IncomingRequest), Object(CodeIgniter\HTTP\Response), Object(CodeIgniter\Log\Logger))
 2 SYSTEMPATH\CodeIgniter.php(493): CodeIgniter\CodeIgniter->createController()
 3 SYSTEMPATH\CodeIgniter.php(361): CodeIgniter\CodeIgniter->handleRequest(null, Object(Config\Cache), false)
 4 FCPATH\index.php(79): CodeIgniter\CodeIgniter->run()
 5 SYSTEMPATH\Commands\Server\rewrite.php(47): require_once('C:\\2023project\\aparus3\\public\\index.php')
INFO - 2025-02-13 05:52:14 --> Session: Class initialized using 'CodeIgniter\Session\Handlers\FileHandler' driver.
WARNING - 2025-02-13 05:52:14 --> [DEPRECATED] Creation of dynamic property App\Controllers\Penghuni::$session is deprecated in APPPATH\Controllers\BaseController.php on line 56.
 1 SYSTEMPATH\CodeIgniter.php(915): App\Controllers\BaseController->initController(Object(CodeIgniter\HTTP\IncomingRequest), Object(CodeIgniter\HTTP\Response), Object(CodeIgniter\Log\Logger))
 2 SYSTEMPATH\CodeIgniter.php(493): CodeIgniter\CodeIgniter->createController()
 3 SYSTEMPATH\CodeIgniter.php(361): CodeIgniter\CodeIgniter->handleRequest(null, Object(Config\Cache), false)
 4 FCPATH\index.php(79): CodeIgniter\CodeIgniter->run()
 5 SYSTEMPATH\Commands\Server\rewrite.php(47): require_once('C:\\2023project\\aparus3\\public\\index.php')
WARNING - 2025-02-13 05:52:14 --> [DEPRECATED] Creation of dynamic property App\Controllers\Shortcut::$session is deprecated in APPPATH\Controllers\BaseController.php on line 56.
 1 SYSTEMPATH\View\Cell.php(96): App\Controllers\BaseController->initController(Object(CodeIgniter\HTTP\IncomingRequest), Object(CodeIgniter\HTTP\Response), Object(CodeIgniter\Log\Logger))
 2 SYSTEMPATH\Common.php(1206): CodeIgniter\View\Cell->render('App\\Controllers\\Shortcut::loadShortcut', [], 0, 'AppControllersShortcutloadShortcut40cd750bba9870f18aada2478b24840a')
 3 APPPATH\Views\partials\topbar.php(157): view_cell('App\\Controllers\\Shortcut::loadShortcut')
 4 SYSTEMPATH\View\View.php(228): include('C:\\2023project\\aparus3\\app\\Views\\partials\\topbar.php')
 5 SYSTEMPATH\View\View.php(231): CodeIgniter\View\View->CodeIgniter\View\{closure}()
 6 SYSTEMPATH\View\View.php(469): CodeIgniter\View\View->render('partials/topbar', null, true)
 7 APPPATH\Views\partials\menu.php(1): CodeIgniter\View\View->include('partials/topbar')
 8 SYSTEMPATH\View\View.php(228): include('C:\\2023project\\aparus3\\app\\Views\\partials\\menu.php')
 9 SYSTEMPATH\View\View.php(231): CodeIgniter\View\View->CodeIgniter\View\{closure}()
10 SYSTEMPATH\View\View.php(469): CodeIgniter\View\View->render('partials/menu', null, true)
11 APPPATH\Views\penghuni\anggotakeluarga.php(18): CodeIgniter\View\View->include('partials/menu')
12 SYSTEMPATH\View\View.php(228): include('C:\\2023project\\aparus3\\app\\Views\\penghuni\\anggotakeluarga.php')
13 SYSTEMPATH\View\View.php(231): CodeIgniter\View\View->CodeIgniter\View\{closure}()
14 SYSTEMPATH\Common.php(1190): CodeIgniter\View\View->render('penghuni/anggotakeluarga', [], true)
15 APPPATH\Controllers\Penghuni.php(278): view('penghuni/anggotakeluarga', [...])
16 SYSTEMPATH\CodeIgniter.php(942): App\Controllers\Penghuni->anggotaKeluarga('3d3efd21fe')
17 SYSTEMPATH\CodeIgniter.php(502): CodeIgniter\CodeIgniter->runController(Object(App\Controllers\Penghuni))
18 SYSTEMPATH\CodeIgniter.php(361): CodeIgniter\CodeIgniter->handleRequest(null, Object(Config\Cache), false)
19 FCPATH\index.php(79): CodeIgniter\CodeIgniter->run()
20 SYSTEMPATH\Commands\Server\rewrite.php(47): require_once('C:\\2023project\\aparus3\\public\\index.php')
INFO - 2025-02-13 05:52:14 --> Session: Class initialized using 'CodeIgniter\Session\Handlers\FileHandler' driver.
INFO - 2025-02-13 05:52:15 --> Session: Class initialized using 'CodeIgniter\Session\Handlers\FileHandler' driver.
INFO - 2025-02-13 05:52:15 --> Session: Class initialized using 'CodeIgniter\Session\Handlers\FileHandler' driver.
INFO - 2025-02-13 05:52:17 --> Session: Class initialized using 'CodeIgniter\Session\Handlers\FileHandler' driver.
WARNING - 2025-02-13 05:52:18 --> [DEPRECATED] Creation of dynamic property App\Controllers\ReportHunian::$session is deprecated in APPPATH\Controllers\BaseController.php on line 56.
 1 SYSTEMPATH\CodeIgniter.php(915): App\Controllers\BaseController->initController(Object(CodeIgniter\HTTP\IncomingRequest), Object(CodeIgniter\HTTP\Response), Object(CodeIgniter\Log\Logger))
 2 SYSTEMPATH\CodeIgniter.php(493): CodeIgniter\CodeIgniter->createController()
 3 SYSTEMPATH\CodeIgniter.php(361): CodeIgniter\CodeIgniter->handleRequest(null, Object(Config\Cache), false)
 4 FCPATH\index.php(79): CodeIgniter\CodeIgniter->run()
 5 SYSTEMPATH\Commands\Server\rewrite.php(47): require_once('C:\\2023project\\aparus3\\public\\index.php')
WARNING - 2025-02-13 05:52:18 --> [DEPRECATED] Creation of dynamic property App\Controllers\Shortcut::$session is deprecated in APPPATH\Controllers\BaseController.php on line 56.
 1 SYSTEMPATH\View\Cell.php(96): App\Controllers\BaseController->initController(Object(CodeIgniter\HTTP\IncomingRequest), Object(CodeIgniter\HTTP\Response), Object(CodeIgniter\Log\Logger))
 2 SYSTEMPATH\Common.php(1206): CodeIgniter\View\Cell->render('App\\Controllers\\Shortcut::loadShortcut', [], 0, 'AppControllersShortcutloadShortcut40cd750bba9870f18aada2478b24840a')
 3 APPPATH\Views\partials\topbar.php(157): view_cell('App\\Controllers\\Shortcut::loadShortcut')
 4 SYSTEMPATH\View\View.php(228): include('C:\\2023project\\aparus3\\app\\Views\\partials\\topbar.php')
 5 SYSTEMPATH\View\View.php(231): CodeIgniter\View\View->CodeIgniter\View\{closure}()
 6 SYSTEMPATH\View\View.php(469): CodeIgniter\View\View->render('partials/topbar', null, true)
 7 APPPATH\Views\partials\menu.php(1): CodeIgniter\View\View->include('partials/topbar')
 8 SYSTEMPATH\View\View.php(228): include('C:\\2023project\\aparus3\\app\\Views\\partials\\menu.php')
 9 SYSTEMPATH\View\View.php(231): CodeIgniter\View\View->CodeIgniter\View\{closure}()
10 SYSTEMPATH\View\View.php(469): CodeIgniter\View\View->render('partials/menu', null, true)
11 APPPATH\Views\report\statistik_gender.php(11): CodeIgniter\View\View->include('partials/menu')
12 SYSTEMPATH\View\View.php(228): include('C:\\2023project\\aparus3\\app\\Views\\report\\statistik_gender.php')
13 SYSTEMPATH\View\View.php(231): CodeIgniter\View\View->CodeIgniter\View\{closure}()
14 SYSTEMPATH\Common.php(1190): CodeIgniter\View\View->render('report/statistik_gender', [], true)
15 APPPATH\Controllers\ReportHunian.php(102): view('report/statistik_gender', [...])
16 SYSTEMPATH\CodeIgniter.php(942): App\Controllers\ReportHunian->statistikGender()
17 SYSTEMPATH\CodeIgniter.php(502): CodeIgniter\CodeIgniter->runController(Object(App\Controllers\ReportHunian))
18 SYSTEMPATH\CodeIgniter.php(361): CodeIgniter\CodeIgniter->handleRequest(null, Object(Config\Cache), false)
19 FCPATH\index.php(79): CodeIgniter\CodeIgniter->run()
20 SYSTEMPATH\Commands\Server\rewrite.php(47): require_once('C:\\2023project\\aparus3\\public\\index.php')
INFO - 2025-02-13 05:52:18 --> Session: Class initialized using 'CodeIgniter\Session\Handlers\FileHandler' driver.
INFO - 2025-02-13 05:52:18 --> Session: Class initialized using 'CodeIgniter\Session\Handlers\FileHandler' driver.
INFO - 2025-02-13 05:52:27 --> Session: Class initialized using 'CodeIgniter\Session\Handlers\FileHandler' driver.
WARNING - 2025-02-13 05:52:27 --> [DEPRECATED] Creation of dynamic property App\Controllers\ReportHunian::$session is deprecated in APPPATH\Controllers\BaseController.php on line 56.
 1 SYSTEMPATH\CodeIgniter.php(915): App\Controllers\BaseController->initController(Object(CodeIgniter\HTTP\IncomingRequest), Object(CodeIgniter\HTTP\Response), Object(CodeIgniter\Log\Logger))
 2 SYSTEMPATH\CodeIgniter.php(493): CodeIgniter\CodeIgniter->createController()
 3 SYSTEMPATH\CodeIgniter.php(361): CodeIgniter\CodeIgniter->handleRequest(null, Object(Config\Cache), false)
 4 FCPATH\index.php(79): CodeIgniter\CodeIgniter->run()
 5 SYSTEMPATH\Commands\Server\rewrite.php(47): require_once('C:\\2023project\\aparus3\\public\\index.php')
WARNING - 2025-02-13 05:52:27 --> [DEPRECATED] Creation of dynamic property App\Controllers\Shortcut::$session is deprecated in APPPATH\Controllers\BaseController.php on line 56.
 1 SYSTEMPATH\View\Cell.php(96): App\Controllers\BaseController->initController(Object(CodeIgniter\HTTP\IncomingRequest), Object(CodeIgniter\HTTP\Response), Object(CodeIgniter\Log\Logger))
 2 SYSTEMPATH\Common.php(1206): CodeIgniter\View\Cell->render('App\\Controllers\\Shortcut::loadShortcut', [], 0, 'AppControllersShortcutloadShortcut40cd750bba9870f18aada2478b24840a')
 3 APPPATH\Views\partials\topbar.php(157): view_cell('App\\Controllers\\Shortcut::loadShortcut')
 4 SYSTEMPATH\View\View.php(228): include('C:\\2023project\\aparus3\\app\\Views\\partials\\topbar.php')
 5 SYSTEMPATH\View\View.php(231): CodeIgniter\View\View->CodeIgniter\View\{closure}()
 6 SYSTEMPATH\View\View.php(469): CodeIgniter\View\View->render('partials/topbar', null, true)
 7 APPPATH\Views\partials\menu.php(1): CodeIgniter\View\View->include('partials/topbar')
 8 SYSTEMPATH\View\View.php(228): include('C:\\2023project\\aparus3\\app\\Views\\partials\\menu.php')
 9 SYSTEMPATH\View\View.php(231): CodeIgniter\View\View->CodeIgniter\View\{closure}()
10 SYSTEMPATH\View\View.php(469): CodeIgniter\View\View->render('partials/menu', null, true)
11 APPPATH\Views\report\penghuni.php(11): CodeIgniter\View\View->include('partials/menu')
12 SYSTEMPATH\View\View.php(228): include('C:\\2023project\\aparus3\\app\\Views\\report\\penghuni.php')
13 SYSTEMPATH\View\View.php(231): CodeIgniter\View\View->CodeIgniter\View\{closure}()
14 SYSTEMPATH\Common.php(1190): CodeIgniter\View\View->render('report/penghuni', [], true)
15 APPPATH\Controllers\ReportHunian.php(61): view('report/penghuni', [...])
16 SYSTEMPATH\CodeIgniter.php(942): App\Controllers\ReportHunian->penghuni()
17 SYSTEMPATH\CodeIgniter.php(502): CodeIgniter\CodeIgniter->runController(Object(App\Controllers\ReportHunian))
18 SYSTEMPATH\CodeIgniter.php(361): CodeIgniter\CodeIgniter->handleRequest(null, Object(Config\Cache), false)
19 FCPATH\index.php(79): CodeIgniter\CodeIgniter->run()
20 SYSTEMPATH\Commands\Server\rewrite.php(47): require_once('C:\\2023project\\aparus3\\public\\index.php')
INFO - 2025-02-13 05:52:27 --> Session: Class initialized using 'CodeIgniter\Session\Handlers\FileHandler' driver.
INFO - 2025-02-13 05:52:28 --> Session: Class initialized using 'CodeIgniter\Session\Handlers\FileHandler' driver.
INFO - 2025-02-13 05:52:28 --> Session: Class initialized using 'CodeIgniter\Session\Handlers\FileHandler' driver.
INFO - 2025-02-13 05:52:28 --> Session: Class initialized using 'CodeIgniter\Session\Handlers\FileHandler' driver.
INFO - 2025-02-13 05:52:39 --> Session: Class initialized using 'CodeIgniter\Session\Handlers\FileHandler' driver.
WARNING - 2025-02-13 05:52:39 --> [DEPRECATED] Creation of dynamic property App\Controllers\ReportHunian::$session is deprecated in APPPATH\Controllers\BaseController.php on line 56.
 1 SYSTEMPATH\CodeIgniter.php(915): App\Controllers\BaseController->initController(Object(CodeIgniter\HTTP\IncomingRequest), Object(CodeIgniter\HTTP\Response), Object(CodeIgniter\Log\Logger))
 2 SYSTEMPATH\CodeIgniter.php(493): CodeIgniter\CodeIgniter->createController()
 3 SYSTEMPATH\CodeIgniter.php(361): CodeIgniter\CodeIgniter->handleRequest(null, Object(Config\Cache), false)
 4 FCPATH\index.php(79): CodeIgniter\CodeIgniter->run()
 5 SYSTEMPATH\Commands\Server\rewrite.php(47): require_once('C:\\2023project\\aparus3\\public\\index.php')
WARNING - 2025-02-13 05:52:39 --> [DEPRECATED] Creation of dynamic property App\Controllers\Shortcut::$session is deprecated in APPPATH\Controllers\BaseController.php on line 56.
 1 SYSTEMPATH\View\Cell.php(96): App\Controllers\BaseController->initController(Object(CodeIgniter\HTTP\IncomingRequest), Object(CodeIgniter\HTTP\Response), Object(CodeIgniter\Log\Logger))
 2 SYSTEMPATH\Common.php(1206): CodeIgniter\View\Cell->render('App\\Controllers\\Shortcut::loadShortcut', [], 0, 'AppControllersShortcutloadShortcut40cd750bba9870f18aada2478b24840a')
 3 APPPATH\Views\partials\topbar.php(157): view_cell('App\\Controllers\\Shortcut::loadShortcut')
 4 SYSTEMPATH\View\View.php(228): include('C:\\2023project\\aparus3\\app\\Views\\partials\\topbar.php')
 5 SYSTEMPATH\View\View.php(231): CodeIgniter\View\View->CodeIgniter\View\{closure}()
 6 SYSTEMPATH\View\View.php(469): CodeIgniter\View\View->render('partials/topbar', null, true)
 7 APPPATH\Views\partials\menu.php(1): CodeIgniter\View\View->include('partials/topbar')
 8 SYSTEMPATH\View\View.php(228): include('C:\\2023project\\aparus3\\app\\Views\\partials\\menu.php')
 9 SYSTEMPATH\View\View.php(231): CodeIgniter\View\View->CodeIgniter\View\{closure}()
10 SYSTEMPATH\View\View.php(469): CodeIgniter\View\View->render('partials/menu', null, true)
11 APPPATH\Views\report\statistik_gender.php(11): CodeIgniter\View\View->include('partials/menu')
12 SYSTEMPATH\View\View.php(228): include('C:\\2023project\\aparus3\\app\\Views\\report\\statistik_gender.php')
13 SYSTEMPATH\View\View.php(231): CodeIgniter\View\View->CodeIgniter\View\{closure}()
14 SYSTEMPATH\Common.php(1190): CodeIgniter\View\View->render('report/statistik_gender', [], true)
15 APPPATH\Controllers\ReportHunian.php(102): view('report/statistik_gender', [...])
16 SYSTEMPATH\CodeIgniter.php(942): App\Controllers\ReportHunian->statistikGender()
17 SYSTEMPATH\CodeIgniter.php(502): CodeIgniter\CodeIgniter->runController(Object(App\Controllers\ReportHunian))
18 SYSTEMPATH\CodeIgniter.php(361): CodeIgniter\CodeIgniter->handleRequest(null, Object(Config\Cache), false)
19 FCPATH\index.php(79): CodeIgniter\CodeIgniter->run()
20 SYSTEMPATH\Commands\Server\rewrite.php(47): require_once('C:\\2023project\\aparus3\\public\\index.php')
INFO - 2025-02-13 05:52:39 --> Session: Class initialized using 'CodeIgniter\Session\Handlers\FileHandler' driver.
INFO - 2025-02-13 05:52:39 --> Session: Class initialized using 'CodeIgniter\Session\Handlers\FileHandler' driver.
INFO - 2025-02-13 05:52:43 --> Session: Class initialized using 'CodeIgniter\Session\Handlers\FileHandler' driver.
WARNING - 2025-02-13 05:52:43 --> [DEPRECATED] Creation of dynamic property App\Controllers\ReportHunian::$session is deprecated in APPPATH\Controllers\BaseController.php on line 56.
 1 SYSTEMPATH\CodeIgniter.php(915): App\Controllers\BaseController->initController(Object(CodeIgniter\HTTP\IncomingRequest), Object(CodeIgniter\HTTP\Response), Object(CodeIgniter\Log\Logger))
 2 SYSTEMPATH\CodeIgniter.php(493): CodeIgniter\CodeIgniter->createController()
 3 SYSTEMPATH\CodeIgniter.php(361): CodeIgniter\CodeIgniter->handleRequest(null, Object(Config\Cache), false)
 4 FCPATH\index.php(79): CodeIgniter\CodeIgniter->run()
 5 SYSTEMPATH\Commands\Server\rewrite.php(47): require_once('C:\\2023project\\aparus3\\public\\index.php')
WARNING - 2025-02-13 05:52:43 --> [DEPRECATED] Creation of dynamic property App\Controllers\Shortcut::$session is deprecated in APPPATH\Controllers\BaseController.php on line 56.
 1 SYSTEMPATH\View\Cell.php(96): App\Controllers\BaseController->initController(Object(CodeIgniter\HTTP\IncomingRequest), Object(CodeIgniter\HTTP\Response), Object(CodeIgniter\Log\Logger))
 2 SYSTEMPATH\Common.php(1206): CodeIgniter\View\Cell->render('App\\Controllers\\Shortcut::loadShortcut', [], 0, 'AppControllersShortcutloadShortcut40cd750bba9870f18aada2478b24840a')
 3 APPPATH\Views\partials\topbar.php(157): view_cell('App\\Controllers\\Shortcut::loadShortcut')
 4 SYSTEMPATH\View\View.php(228): include('C:\\2023project\\aparus3\\app\\Views\\partials\\topbar.php')
 5 SYSTEMPATH\View\View.php(231): CodeIgniter\View\View->CodeIgniter\View\{closure}()
 6 SYSTEMPATH\View\View.php(469): CodeIgniter\View\View->render('partials/topbar', null, true)
 7 APPPATH\Views\partials\menu.php(1): CodeIgniter\View\View->include('partials/topbar')
 8 SYSTEMPATH\View\View.php(228): include('C:\\2023project\\aparus3\\app\\Views\\partials\\menu.php')
 9 SYSTEMPATH\View\View.php(231): CodeIgniter\View\View->CodeIgniter\View\{closure}()
10 SYSTEMPATH\View\View.php(469): CodeIgniter\View\View->render('partials/menu', null, true)
11 APPPATH\Views\report\penghuni.php(11): CodeIgniter\View\View->include('partials/menu')
12 SYSTEMPATH\View\View.php(228): include('C:\\2023project\\aparus3\\app\\Views\\report\\penghuni.php')
13 SYSTEMPATH\View\View.php(231): CodeIgniter\View\View->CodeIgniter\View\{closure}()
14 SYSTEMPATH\Common.php(1190): CodeIgniter\View\View->render('report/penghuni', [], true)
15 APPPATH\Controllers\ReportHunian.php(61): view('report/penghuni', [...])
16 SYSTEMPATH\CodeIgniter.php(942): App\Controllers\ReportHunian->penghuni()
17 SYSTEMPATH\CodeIgniter.php(502): CodeIgniter\CodeIgniter->runController(Object(App\Controllers\ReportHunian))
18 SYSTEMPATH\CodeIgniter.php(361): CodeIgniter\CodeIgniter->handleRequest(null, Object(Config\Cache), false)
19 FCPATH\index.php(79): CodeIgniter\CodeIgniter->run()
20 SYSTEMPATH\Commands\Server\rewrite.php(47): require_once('C:\\2023project\\aparus3\\public\\index.php')
INFO - 2025-02-13 05:52:44 --> Session: Class initialized using 'CodeIgniter\Session\Handlers\FileHandler' driver.
INFO - 2025-02-13 05:52:44 --> Session: Class initialized using 'CodeIgniter\Session\Handlers\FileHandler' driver.
INFO - 2025-02-13 05:52:44 --> Session: Class initialized using 'CodeIgniter\Session\Handlers\FileHandler' driver.
INFO - 2025-02-13 05:52:44 --> Session: Class initialized using 'CodeIgniter\Session\Handlers\FileHandler' driver.
INFO - 2025-02-13 05:54:58 --> Session: Class initialized using 'CodeIgniter\Session\Handlers\FileHandler' driver.
WARNING - 2025-02-13 05:54:58 --> [DEPRECATED] Creation of dynamic property App\Controllers\ReportHunian::$session is deprecated in APPPATH\Controllers\BaseController.php on line 56.
 1 SYSTEMPATH\CodeIgniter.php(915): App\Controllers\BaseController->initController(Object(CodeIgniter\HTTP\IncomingRequest), Object(CodeIgniter\HTTP\Response), Object(CodeIgniter\Log\Logger))
 2 SYSTEMPATH\CodeIgniter.php(493): CodeIgniter\CodeIgniter->createController()
 3 SYSTEMPATH\CodeIgniter.php(361): CodeIgniter\CodeIgniter->handleRequest(null, Object(Config\Cache), false)
 4 FCPATH\index.php(79): CodeIgniter\CodeIgniter->run()
 5 SYSTEMPATH\Commands\Server\rewrite.php(47): require_once('C:\\2023project\\aparus3\\public\\index.php')
WARNING - 2025-02-13 05:54:58 --> [DEPRECATED] Creation of dynamic property App\Controllers\Shortcut::$session is deprecated in APPPATH\Controllers\BaseController.php on line 56.
 1 SYSTEMPATH\View\Cell.php(96): App\Controllers\BaseController->initController(Object(CodeIgniter\HTTP\IncomingRequest), Object(CodeIgniter\HTTP\Response), Object(CodeIgniter\Log\Logger))
 2 SYSTEMPATH\Common.php(1206): CodeIgniter\View\Cell->render('App\\Controllers\\Shortcut::loadShortcut', [], 0, 'AppControllersShortcutloadShortcut40cd750bba9870f18aada2478b24840a')
 3 APPPATH\Views\partials\topbar.php(157): view_cell('App\\Controllers\\Shortcut::loadShortcut')
 4 SYSTEMPATH\View\View.php(228): include('C:\\2023project\\aparus3\\app\\Views\\partials\\topbar.php')
 5 SYSTEMPATH\View\View.php(231): CodeIgniter\View\View->CodeIgniter\View\{closure}()
 6 SYSTEMPATH\View\View.php(469): CodeIgniter\View\View->render('partials/topbar', null, true)
 7 APPPATH\Views\partials\menu.php(1): CodeIgniter\View\View->include('partials/topbar')
 8 SYSTEMPATH\View\View.php(228): include('C:\\2023project\\aparus3\\app\\Views\\partials\\menu.php')
 9 SYSTEMPATH\View\View.php(231): CodeIgniter\View\View->CodeIgniter\View\{closure}()
10 SYSTEMPATH\View\View.php(469): CodeIgniter\View\View->render('partials/menu', null, true)
11 APPPATH\Views\report\penghuni.php(11): CodeIgniter\View\View->include('partials/menu')
12 SYSTEMPATH\View\View.php(228): include('C:\\2023project\\aparus3\\app\\Views\\report\\penghuni.php')
13 SYSTEMPATH\View\View.php(231): CodeIgniter\View\View->CodeIgniter\View\{closure}()
14 SYSTEMPATH\Common.php(1190): CodeIgniter\View\View->render('report/penghuni', [], true)
15 APPPATH\Controllers\ReportHunian.php(61): view('report/penghuni', [...])
16 SYSTEMPATH\CodeIgniter.php(942): App\Controllers\ReportHunian->penghuni()
17 SYSTEMPATH\CodeIgniter.php(502): CodeIgniter\CodeIgniter->runController(Object(App\Controllers\ReportHunian))
18 SYSTEMPATH\CodeIgniter.php(361): CodeIgniter\CodeIgniter->handleRequest(null, Object(Config\Cache), false)
19 FCPATH\index.php(79): CodeIgniter\CodeIgniter->run()
20 SYSTEMPATH\Commands\Server\rewrite.php(47): require_once('C:\\2023project\\aparus3\\public\\index.php')
INFO - 2025-02-13 05:54:58 --> Session: Class initialized using 'CodeIgniter\Session\Handlers\FileHandler' driver.
INFO - 2025-02-13 05:54:59 --> Session: Class initialized using 'CodeIgniter\Session\Handlers\FileHandler' driver.
INFO - 2025-02-13 05:54:59 --> Session: Class initialized using 'CodeIgniter\Session\Handlers\FileHandler' driver.
INFO - 2025-02-13 05:54:59 --> Session: Class initialized using 'CodeIgniter\Session\Handlers\FileHandler' driver.
INFO - 2025-02-13 05:56:16 --> Session: Class initialized using 'CodeIgniter\Session\Handlers\FileHandler' driver.
WARNING - 2025-02-13 05:56:16 --> [DEPRECATED] Creation of dynamic property App\Controllers\ReportHunian::$session is deprecated in APPPATH\Controllers\BaseController.php on line 56.
 1 SYSTEMPATH\CodeIgniter.php(915): App\Controllers\BaseController->initController(Object(CodeIgniter\HTTP\IncomingRequest), Object(CodeIgniter\HTTP\Response), Object(CodeIgniter\Log\Logger))
 2 SYSTEMPATH\CodeIgniter.php(493): CodeIgniter\CodeIgniter->createController()
 3 SYSTEMPATH\CodeIgniter.php(361): CodeIgniter\CodeIgniter->handleRequest(null, Object(Config\Cache), false)
 4 FCPATH\index.php(79): CodeIgniter\CodeIgniter->run()
 5 SYSTEMPATH\Commands\Server\rewrite.php(47): require_once('C:\\2023project\\aparus3\\public\\index.php')
WARNING - 2025-02-13 05:56:16 --> [DEPRECATED] Creation of dynamic property App\Controllers\Shortcut::$session is deprecated in APPPATH\Controllers\BaseController.php on line 56.
 1 SYSTEMPATH\View\Cell.php(96): App\Controllers\BaseController->initController(Object(CodeIgniter\HTTP\IncomingRequest), Object(CodeIgniter\HTTP\Response), Object(CodeIgniter\Log\Logger))
 2 SYSTEMPATH\Common.php(1206): CodeIgniter\View\Cell->render('App\\Controllers\\Shortcut::loadShortcut', [], 0, 'AppControllersShortcutloadShortcut40cd750bba9870f18aada2478b24840a')
 3 APPPATH\Views\partials\topbar.php(157): view_cell('App\\Controllers\\Shortcut::loadShortcut')
 4 SYSTEMPATH\View\View.php(228): include('C:\\2023project\\aparus3\\app\\Views\\partials\\topbar.php')
 5 SYSTEMPATH\View\View.php(231): CodeIgniter\View\View->CodeIgniter\View\{closure}()
 6 SYSTEMPATH\View\View.php(469): CodeIgniter\View\View->render('partials/topbar', null, true)
 7 APPPATH\Views\partials\menu.php(1): CodeIgniter\View\View->include('partials/topbar')
 8 SYSTEMPATH\View\View.php(228): include('C:\\2023project\\aparus3\\app\\Views\\partials\\menu.php')
 9 SYSTEMPATH\View\View.php(231): CodeIgniter\View\View->CodeIgniter\View\{closure}()
10 SYSTEMPATH\View\View.php(469): CodeIgniter\View\View->render('partials/menu', null, true)
11 APPPATH\Views\report\penghuni.php(11): CodeIgniter\View\View->include('partials/menu')
12 SYSTEMPATH\View\View.php(228): include('C:\\2023project\\aparus3\\app\\Views\\report\\penghuni.php')
13 SYSTEMPATH\View\View.php(231): CodeIgniter\View\View->CodeIgniter\View\{closure}()
14 SYSTEMPATH\Common.php(1190): CodeIgniter\View\View->render('report/penghuni', [], true)
15 APPPATH\Controllers\ReportHunian.php(61): view('report/penghuni', [...])
16 SYSTEMPATH\CodeIgniter.php(942): App\Controllers\ReportHunian->penghuni()
17 SYSTEMPATH\CodeIgniter.php(502): CodeIgniter\CodeIgniter->runController(Object(App\Controllers\ReportHunian))
18 SYSTEMPATH\CodeIgniter.php(361): CodeIgniter\CodeIgniter->handleRequest(null, Object(Config\Cache), false)
19 FCPATH\index.php(79): CodeIgniter\CodeIgniter->run()
20 SYSTEMPATH\Commands\Server\rewrite.php(47): require_once('C:\\2023project\\aparus3\\public\\index.php')
INFO - 2025-02-13 05:56:16 --> Session: Class initialized using 'CodeIgniter\Session\Handlers\FileHandler' driver.
INFO - 2025-02-13 05:56:16 --> Session: Class initialized using 'CodeIgniter\Session\Handlers\FileHandler' driver.
INFO - 2025-02-13 05:56:16 --> Session: Class initialized using 'CodeIgniter\Session\Handlers\FileHandler' driver.
INFO - 2025-02-13 05:56:17 --> Session: Class initialized using 'CodeIgniter\Session\Handlers\FileHandler' driver.
INFO - 2025-02-13 05:59:00 --> Session: Class initialized using 'CodeIgniter\Session\Handlers\FileHandler' driver.
WARNING - 2025-02-13 05:59:00 --> [DEPRECATED] Creation of dynamic property App\Controllers\ReportHunian::$session is deprecated in APPPATH\Controllers\BaseController.php on line 56.
 1 SYSTEMPATH\CodeIgniter.php(915): App\Controllers\BaseController->initController(Object(CodeIgniter\HTTP\IncomingRequest), Object(CodeIgniter\HTTP\Response), Object(CodeIgniter\Log\Logger))
 2 SYSTEMPATH\CodeIgniter.php(493): CodeIgniter\CodeIgniter->createController()
 3 SYSTEMPATH\CodeIgniter.php(361): CodeIgniter\CodeIgniter->handleRequest(null, Object(Config\Cache), false)
 4 FCPATH\index.php(79): CodeIgniter\CodeIgniter->run()
 5 SYSTEMPATH\Commands\Server\rewrite.php(47): require_once('C:\\2023project\\aparus3\\public\\index.php')
WARNING - 2025-02-13 05:59:00 --> [DEPRECATED] Creation of dynamic property App\Controllers\Shortcut::$session is deprecated in APPPATH\Controllers\BaseController.php on line 56.
 1 SYSTEMPATH\View\Cell.php(96): App\Controllers\BaseController->initController(Object(CodeIgniter\HTTP\IncomingRequest), Object(CodeIgniter\HTTP\Response), Object(CodeIgniter\Log\Logger))
 2 SYSTEMPATH\Common.php(1206): CodeIgniter\View\Cell->render('App\\Controllers\\Shortcut::loadShortcut', [], 0, 'AppControllersShortcutloadShortcut40cd750bba9870f18aada2478b24840a')
 3 APPPATH\Views\partials\topbar.php(157): view_cell('App\\Controllers\\Shortcut::loadShortcut')
 4 SYSTEMPATH\View\View.php(228): include('C:\\2023project\\aparus3\\app\\Views\\partials\\topbar.php')
 5 SYSTEMPATH\View\View.php(231): CodeIgniter\View\View->CodeIgniter\View\{closure}()
 6 SYSTEMPATH\View\View.php(469): CodeIgniter\View\View->render('partials/topbar', null, true)
 7 APPPATH\Views\partials\menu.php(1): CodeIgniter\View\View->include('partials/topbar')
 8 SYSTEMPATH\View\View.php(228): include('C:\\2023project\\aparus3\\app\\Views\\partials\\menu.php')
 9 SYSTEMPATH\View\View.php(231): CodeIgniter\View\View->CodeIgniter\View\{closure}()
10 SYSTEMPATH\View\View.php(469): CodeIgniter\View\View->render('partials/menu', null, true)
11 APPPATH\Views\report\penghuni.php(11): CodeIgniter\View\View->include('partials/menu')
12 SYSTEMPATH\View\View.php(228): include('C:\\2023project\\aparus3\\app\\Views\\report\\penghuni.php')
13 SYSTEMPATH\View\View.php(231): CodeIgniter\View\View->CodeIgniter\View\{closure}()
14 SYSTEMPATH\Common.php(1190): CodeIgniter\View\View->render('report/penghuni', [], true)
15 APPPATH\Controllers\ReportHunian.php(61): view('report/penghuni', [...])
16 SYSTEMPATH\CodeIgniter.php(942): App\Controllers\ReportHunian->penghuni()
17 SYSTEMPATH\CodeIgniter.php(502): CodeIgniter\CodeIgniter->runController(Object(App\Controllers\ReportHunian))
18 SYSTEMPATH\CodeIgniter.php(361): CodeIgniter\CodeIgniter->handleRequest(null, Object(Config\Cache), false)
19 FCPATH\index.php(79): CodeIgniter\CodeIgniter->run()
20 SYSTEMPATH\Commands\Server\rewrite.php(47): require_once('C:\\2023project\\aparus3\\public\\index.php')
INFO - 2025-02-13 05:59:01 --> Session: Class initialized using 'CodeIgniter\Session\Handlers\FileHandler' driver.
INFO - 2025-02-13 05:59:01 --> Session: Class initialized using 'CodeIgniter\Session\Handlers\FileHandler' driver.
INFO - 2025-02-13 05:59:01 --> Session: Class initialized using 'CodeIgniter\Session\Handlers\FileHandler' driver.
INFO - 2025-02-13 05:59:01 --> Session: Class initialized using 'CodeIgniter\Session\Handlers\FileHandler' driver.
INFO - 2025-02-13 05:59:13 --> Session: Class initialized using 'CodeIgniter\Session\Handlers\FileHandler' driver.
WARNING - 2025-02-13 05:59:13 --> [DEPRECATED] Creation of dynamic property App\Controllers\ReportHunian::$session is deprecated in APPPATH\Controllers\BaseController.php on line 56.
 1 SYSTEMPATH\CodeIgniter.php(915): App\Controllers\BaseController->initController(Object(CodeIgniter\HTTP\IncomingRequest), Object(CodeIgniter\HTTP\Response), Object(CodeIgniter\Log\Logger))
 2 SYSTEMPATH\CodeIgniter.php(493): CodeIgniter\CodeIgniter->createController()
 3 SYSTEMPATH\CodeIgniter.php(361): CodeIgniter\CodeIgniter->handleRequest(null, Object(Config\Cache), false)
 4 FCPATH\index.php(79): CodeIgniter\CodeIgniter->run()
 5 SYSTEMPATH\Commands\Server\rewrite.php(47): require_once('C:\\2023project\\aparus3\\public\\index.php')
WARNING - 2025-02-13 05:59:13 --> [DEPRECATED] Creation of dynamic property App\Controllers\Shortcut::$session is deprecated in APPPATH\Controllers\BaseController.php on line 56.
 1 SYSTEMPATH\View\Cell.php(96): App\Controllers\BaseController->initController(Object(CodeIgniter\HTTP\IncomingRequest), Object(CodeIgniter\HTTP\Response), Object(CodeIgniter\Log\Logger))
 2 SYSTEMPATH\Common.php(1206): CodeIgniter\View\Cell->render('App\\Controllers\\Shortcut::loadShortcut', [], 0, 'AppControllersShortcutloadShortcut40cd750bba9870f18aada2478b24840a')
 3 APPPATH\Views\partials\topbar.php(157): view_cell('App\\Controllers\\Shortcut::loadShortcut')
 4 SYSTEMPATH\View\View.php(228): include('C:\\2023project\\aparus3\\app\\Views\\partials\\topbar.php')
 5 SYSTEMPATH\View\View.php(231): CodeIgniter\View\View->CodeIgniter\View\{closure}()
 6 SYSTEMPATH\View\View.php(469): CodeIgniter\View\View->render('partials/topbar', null, true)
 7 APPPATH\Views\partials\menu.php(1): CodeIgniter\View\View->include('partials/topbar')
 8 SYSTEMPATH\View\View.php(228): include('C:\\2023project\\aparus3\\app\\Views\\partials\\menu.php')
 9 SYSTEMPATH\View\View.php(231): CodeIgniter\View\View->CodeIgniter\View\{closure}()
10 SYSTEMPATH\View\View.php(469): CodeIgniter\View\View->render('partials/menu', null, true)
11 APPPATH\Views\report\statistik_gender.php(11): CodeIgniter\View\View->include('partials/menu')
12 SYSTEMPATH\View\View.php(228): include('C:\\2023project\\aparus3\\app\\Views\\report\\statistik_gender.php')
13 SYSTEMPATH\View\View.php(231): CodeIgniter\View\View->CodeIgniter\View\{closure}()
14 SYSTEMPATH\Common.php(1190): CodeIgniter\View\View->render('report/statistik_gender', [], true)
15 APPPATH\Controllers\ReportHunian.php(102): view('report/statistik_gender', [...])
16 SYSTEMPATH\CodeIgniter.php(942): App\Controllers\ReportHunian->statistikGender()
17 SYSTEMPATH\CodeIgniter.php(502): CodeIgniter\CodeIgniter->runController(Object(App\Controllers\ReportHunian))
18 SYSTEMPATH\CodeIgniter.php(361): CodeIgniter\CodeIgniter->handleRequest(null, Object(Config\Cache), false)
19 FCPATH\index.php(79): CodeIgniter\CodeIgniter->run()
20 SYSTEMPATH\Commands\Server\rewrite.php(47): require_once('C:\\2023project\\aparus3\\public\\index.php')
INFO - 2025-02-13 05:59:13 --> Session: Class initialized using 'CodeIgniter\Session\Handlers\FileHandler' driver.
INFO - 2025-02-13 05:59:13 --> Session: Class initialized using 'CodeIgniter\Session\Handlers\FileHandler' driver.
INFO - 2025-02-13 07:16:55 --> Session: Class initialized using 'CodeIgniter\Session\Handlers\FileHandler' driver.
WARNING - 2025-02-13 07:16:55 --> [DEPRECATED] Creation of dynamic property App\Controllers\Penghuni::$session is deprecated in APPPATH\Controllers\BaseController.php on line 56.
 1 SYSTEMPATH\CodeIgniter.php(915): App\Controllers\BaseController->initController(Object(CodeIgniter\HTTP\IncomingRequest), Object(CodeIgniter\HTTP\Response), Object(CodeIgniter\Log\Logger))
 2 SYSTEMPATH\CodeIgniter.php(493): CodeIgniter\CodeIgniter->createController()
 3 SYSTEMPATH\CodeIgniter.php(361): CodeIgniter\CodeIgniter->handleRequest(null, Object(Config\Cache), false)
 4 FCPATH\index.php(79): CodeIgniter\CodeIgniter->run()
 5 SYSTEMPATH\Commands\Server\rewrite.php(47): require_once('C:\\2023project\\aparus3\\public\\index.php')
WARNING - 2025-02-13 07:16:55 --> [DEPRECATED] Creation of dynamic property App\Controllers\Shortcut::$session is deprecated in APPPATH\Controllers\BaseController.php on line 56.
 1 SYSTEMPATH\View\Cell.php(96): App\Controllers\BaseController->initController(Object(CodeIgniter\HTTP\IncomingRequest), Object(CodeIgniter\HTTP\Response), Object(CodeIgniter\Log\Logger))
 2 SYSTEMPATH\Common.php(1206): CodeIgniter\View\Cell->render('App\\Controllers\\Shortcut::loadShortcut', [], 0, 'AppControllersShortcutloadShortcut40cd750bba9870f18aada2478b24840a')
 3 APPPATH\Views\partials\topbar.php(157): view_cell('App\\Controllers\\Shortcut::loadShortcut')
 4 SYSTEMPATH\View\View.php(228): include('C:\\2023project\\aparus3\\app\\Views\\partials\\topbar.php')
 5 SYSTEMPATH\View\View.php(231): CodeIgniter\View\View->CodeIgniter\View\{closure}()
 6 SYSTEMPATH\View\View.php(469): CodeIgniter\View\View->render('partials/topbar', null, true)
 7 APPPATH\Views\partials\menu.php(1): CodeIgniter\View\View->include('partials/topbar')
 8 SYSTEMPATH\View\View.php(228): include('C:\\2023project\\aparus3\\app\\Views\\partials\\menu.php')
 9 SYSTEMPATH\View\View.php(231): CodeIgniter\View\View->CodeIgniter\View\{closure}()
10 SYSTEMPATH\View\View.php(469): CodeIgniter\View\View->render('partials/menu', null, true)
11 APPPATH\Views\penghuni\list.php(18): CodeIgniter\View\View->include('partials/menu')
12 SYSTEMPATH\View\View.php(228): include('C:\\2023project\\aparus3\\app\\Views\\penghuni\\list.php')
13 SYSTEMPATH\View\View.php(231): CodeIgniter\View\View->CodeIgniter\View\{closure}()
14 SYSTEMPATH\Common.php(1190): CodeIgniter\View\View->render('penghuni/list', [], true)
15 APPPATH\Controllers\Penghuni.php(229): view('penghuni/list', [...])
16 SYSTEMPATH\CodeIgniter.php(942): App\Controllers\Penghuni->list()
17 SYSTEMPATH\CodeIgniter.php(502): CodeIgniter\CodeIgniter->runController(Object(App\Controllers\Penghuni))
18 SYSTEMPATH\CodeIgniter.php(361): CodeIgniter\CodeIgniter->handleRequest(null, Object(Config\Cache), false)
19 FCPATH\index.php(79): CodeIgniter\CodeIgniter->run()
20 SYSTEMPATH\Commands\Server\rewrite.php(47): require_once('C:\\2023project\\aparus3\\public\\index.php')
INFO - 2025-02-13 07:16:57 --> Session: Class initialized using 'CodeIgniter\Session\Handlers\FileHandler' driver.
INFO - 2025-02-13 07:16:58 --> Session: Class initialized using 'CodeIgniter\Session\Handlers\FileHandler' driver.
INFO - 2025-02-13 07:16:58 --> Session: Class initialized using 'CodeIgniter\Session\Handlers\FileHandler' driver.
INFO - 2025-02-13 07:16:59 --> Session: Class initialized using 'CodeIgniter\Session\Handlers\FileHandler' driver.
WARNING - 2025-02-13 07:16:59 --> [DEPRECATED] Creation of dynamic property App\Controllers\Penghuni::$session is deprecated in APPPATH\Controllers\BaseController.php on line 56.
 1 SYSTEMPATH\CodeIgniter.php(915): App\Controllers\BaseController->initController(Object(CodeIgniter\HTTP\IncomingRequest), Object(CodeIgniter\HTTP\Response), Object(CodeIgniter\Log\Logger))
 2 SYSTEMPATH\CodeIgniter.php(493): CodeIgniter\CodeIgniter->createController()
 3 SYSTEMPATH\CodeIgniter.php(361): CodeIgniter\CodeIgniter->handleRequest(null, Object(Config\Cache), false)
 4 FCPATH\index.php(79): CodeIgniter\CodeIgniter->run()
 5 SYSTEMPATH\Commands\Server\rewrite.php(47): require_once('C:\\2023project\\aparus3\\public\\index.php')
WARNING - 2025-02-13 07:17:00 --> [DEPRECATED] Creation of dynamic property App\Controllers\Shortcut::$session is deprecated in APPPATH\Controllers\BaseController.php on line 56.
 1 SYSTEMPATH\View\Cell.php(96): App\Controllers\BaseController->initController(Object(CodeIgniter\HTTP\IncomingRequest), Object(CodeIgniter\HTTP\Response), Object(CodeIgniter\Log\Logger))
 2 SYSTEMPATH\Common.php(1206): CodeIgniter\View\Cell->render('App\\Controllers\\Shortcut::loadShortcut', [], 0, 'AppControllersShortcutloadShortcut40cd750bba9870f18aada2478b24840a')
 3 APPPATH\Views\partials\topbar.php(157): view_cell('App\\Controllers\\Shortcut::loadShortcut')
 4 SYSTEMPATH\View\View.php(228): include('C:\\2023project\\aparus3\\app\\Views\\partials\\topbar.php')
 5 SYSTEMPATH\View\View.php(231): CodeIgniter\View\View->CodeIgniter\View\{closure}()
 6 SYSTEMPATH\View\View.php(469): CodeIgniter\View\View->render('partials/topbar', null, true)
 7 APPPATH\Views\partials\menu.php(1): CodeIgniter\View\View->include('partials/topbar')
 8 SYSTEMPATH\View\View.php(228): include('C:\\2023project\\aparus3\\app\\Views\\partials\\menu.php')
 9 SYSTEMPATH\View\View.php(231): CodeIgniter\View\View->CodeIgniter\View\{closure}()
10 SYSTEMPATH\View\View.php(469): CodeIgniter\View\View->render('partials/menu', null, true)
11 APPPATH\Views\penghuni\tambah.php(18): CodeIgniter\View\View->include('partials/menu')
12 SYSTEMPATH\View\View.php(228): include('C:\\2023project\\aparus3\\app\\Views\\penghuni\\tambah.php')
13 SYSTEMPATH\View\View.php(231): CodeIgniter\View\View->CodeIgniter\View\{closure}()
14 SYSTEMPATH\Common.php(1190): CodeIgniter\View\View->render('penghuni/tambah', [], true)
15 APPPATH\Controllers\Penghuni.php(238): view('penghuni/tambah', [...])
16 SYSTEMPATH\CodeIgniter.php(942): App\Controllers\Penghuni->baru()
17 SYSTEMPATH\CodeIgniter.php(502): CodeIgniter\CodeIgniter->runController(Object(App\Controllers\Penghuni))
18 SYSTEMPATH\CodeIgniter.php(361): CodeIgniter\CodeIgniter->handleRequest(null, Object(Config\Cache), false)
19 FCPATH\index.php(79): CodeIgniter\CodeIgniter->run()
20 SYSTEMPATH\Commands\Server\rewrite.php(47): require_once('C:\\2023project\\aparus3\\public\\index.php')
INFO - 2025-02-13 07:17:00 --> Session: Class initialized using 'CodeIgniter\Session\Handlers\FileHandler' driver.
INFO - 2025-02-13 07:17:00 --> Session: Class initialized using 'CodeIgniter\Session\Handlers\FileHandler' driver.
INFO - 2025-02-13 07:17:00 --> Session: Class initialized using 'CodeIgniter\Session\Handlers\FileHandler' driver.
INFO - 2025-02-13 07:17:02 --> Session: Class initialized using 'CodeIgniter\Session\Handlers\FileHandler' driver.
WARNING - 2025-02-13 07:17:02 --> [DEPRECATED] Creation of dynamic property App\Controllers\Penghuni::$session is deprecated in APPPATH\Controllers\BaseController.php on line 56.
 1 SYSTEMPATH\CodeIgniter.php(915): App\Controllers\BaseController->initController(Object(CodeIgniter\HTTP\IncomingRequest), Object(CodeIgniter\HTTP\Response), Object(CodeIgniter\Log\Logger))
 2 SYSTEMPATH\CodeIgniter.php(493): CodeIgniter\CodeIgniter->createController()
 3 SYSTEMPATH\CodeIgniter.php(361): CodeIgniter\CodeIgniter->handleRequest(null, Object(Config\Cache), false)
 4 FCPATH\index.php(79): CodeIgniter\CodeIgniter->run()
 5 SYSTEMPATH\Commands\Server\rewrite.php(47): require_once('C:\\2023project\\aparus3\\public\\index.php')
WARNING - 2025-02-13 07:17:02 --> [DEPRECATED] Creation of dynamic property App\Controllers\Shortcut::$session is deprecated in APPPATH\Controllers\BaseController.php on line 56.
 1 SYSTEMPATH\View\Cell.php(96): App\Controllers\BaseController->initController(Object(CodeIgniter\HTTP\IncomingRequest), Object(CodeIgniter\HTTP\Response), Object(CodeIgniter\Log\Logger))
 2 SYSTEMPATH\Common.php(1206): CodeIgniter\View\Cell->render('App\\Controllers\\Shortcut::loadShortcut', [], 0, 'AppControllersShortcutloadShortcut40cd750bba9870f18aada2478b24840a')
 3 APPPATH\Views\partials\topbar.php(157): view_cell('App\\Controllers\\Shortcut::loadShortcut')
 4 SYSTEMPATH\View\View.php(228): include('C:\\2023project\\aparus3\\app\\Views\\partials\\topbar.php')
 5 SYSTEMPATH\View\View.php(231): CodeIgniter\View\View->CodeIgniter\View\{closure}()
 6 SYSTEMPATH\View\View.php(469): CodeIgniter\View\View->render('partials/topbar', null, true)
 7 APPPATH\Views\partials\menu.php(1): CodeIgniter\View\View->include('partials/topbar')
 8 SYSTEMPATH\View\View.php(228): include('C:\\2023project\\aparus3\\app\\Views\\partials\\menu.php')
 9 SYSTEMPATH\View\View.php(231): CodeIgniter\View\View->CodeIgniter\View\{closure}()
10 SYSTEMPATH\View\View.php(469): CodeIgniter\View\View->render('partials/menu', null, true)
11 APPPATH\Views\penghuni\list.php(18): CodeIgniter\View\View->include('partials/menu')
12 SYSTEMPATH\View\View.php(228): include('C:\\2023project\\aparus3\\app\\Views\\penghuni\\list.php')
13 SYSTEMPATH\View\View.php(231): CodeIgniter\View\View->CodeIgniter\View\{closure}()
14 SYSTEMPATH\Common.php(1190): CodeIgniter\View\View->render('penghuni/list', [], true)
15 APPPATH\Controllers\Penghuni.php(229): view('penghuni/list', [...])
16 SYSTEMPATH\CodeIgniter.php(942): App\Controllers\Penghuni->list()
17 SYSTEMPATH\CodeIgniter.php(502): CodeIgniter\CodeIgniter->runController(Object(App\Controllers\Penghuni))
18 SYSTEMPATH\CodeIgniter.php(361): CodeIgniter\CodeIgniter->handleRequest(null, Object(Config\Cache), false)
19 FCPATH\index.php(79): CodeIgniter\CodeIgniter->run()
20 SYSTEMPATH\Commands\Server\rewrite.php(47): require_once('C:\\2023project\\aparus3\\public\\index.php')
INFO - 2025-02-13 07:17:05 --> Session: Class initialized using 'CodeIgniter\Session\Handlers\FileHandler' driver.
INFO - 2025-02-13 07:17:06 --> Session: Class initialized using 'CodeIgniter\Session\Handlers\FileHandler' driver.
INFO - 2025-02-13 07:17:06 --> Session: Class initialized using 'CodeIgniter\Session\Handlers\FileHandler' driver.
INFO - 2025-02-13 07:17:09 --> Session: Class initialized using 'CodeIgniter\Session\Handlers\FileHandler' driver.
WARNING - 2025-02-13 07:17:09 --> [DEPRECATED] Creation of dynamic property App\Controllers\Penghuni::$session is deprecated in APPPATH\Controllers\BaseController.php on line 56.
 1 SYSTEMPATH\CodeIgniter.php(915): App\Controllers\BaseController->initController(Object(CodeIgniter\HTTP\IncomingRequest), Object(CodeIgniter\HTTP\Response), Object(CodeIgniter\Log\Logger))
 2 SYSTEMPATH\CodeIgniter.php(493): CodeIgniter\CodeIgniter->createController()
 3 SYSTEMPATH\CodeIgniter.php(361): CodeIgniter\CodeIgniter->handleRequest(null, Object(Config\Cache), false)
 4 FCPATH\index.php(79): CodeIgniter\CodeIgniter->run()
 5 SYSTEMPATH\Commands\Server\rewrite.php(47): require_once('C:\\2023project\\aparus3\\public\\index.php')
WARNING - 2025-02-13 07:17:09 --> [DEPRECATED] Creation of dynamic property App\Controllers\Shortcut::$session is deprecated in APPPATH\Controllers\BaseController.php on line 56.
 1 SYSTEMPATH\View\Cell.php(96): App\Controllers\BaseController->initController(Object(CodeIgniter\HTTP\IncomingRequest), Object(CodeIgniter\HTTP\Response), Object(CodeIgniter\Log\Logger))
 2 SYSTEMPATH\Common.php(1206): CodeIgniter\View\Cell->render('App\\Controllers\\Shortcut::loadShortcut', [], 0, 'AppControllersShortcutloadShortcut40cd750bba9870f18aada2478b24840a')
 3 APPPATH\Views\partials\topbar.php(157): view_cell('App\\Controllers\\Shortcut::loadShortcut')
 4 SYSTEMPATH\View\View.php(228): include('C:\\2023project\\aparus3\\app\\Views\\partials\\topbar.php')
 5 SYSTEMPATH\View\View.php(231): CodeIgniter\View\View->CodeIgniter\View\{closure}()
 6 SYSTEMPATH\View\View.php(469): CodeIgniter\View\View->render('partials/topbar', null, true)
 7 APPPATH\Views\partials\menu.php(1): CodeIgniter\View\View->include('partials/topbar')
 8 SYSTEMPATH\View\View.php(228): include('C:\\2023project\\aparus3\\app\\Views\\partials\\menu.php')
 9 SYSTEMPATH\View\View.php(231): CodeIgniter\View\View->CodeIgniter\View\{closure}()
10 SYSTEMPATH\View\View.php(469): CodeIgniter\View\View->render('partials/menu', null, true)
11 APPPATH\Views\penghuni\detail.php(18): CodeIgniter\View\View->include('partials/menu')
12 SYSTEMPATH\View\View.php(228): include('C:\\2023project\\aparus3\\app\\Views\\penghuni\\detail.php')
13 SYSTEMPATH\View\View.php(231): CodeIgniter\View\View->CodeIgniter\View\{closure}()
14 SYSTEMPATH\Common.php(1190): CodeIgniter\View\View->render('penghuni/detail', [], true)
15 APPPATH\Controllers\Penghuni.php(264): view('penghuni/detail', [...])
16 SYSTEMPATH\CodeIgniter.php(942): App\Controllers\Penghuni->detail('3d3efd21fe')
17 SYSTEMPATH\CodeIgniter.php(502): CodeIgniter\CodeIgniter->runController(Object(App\Controllers\Penghuni))
18 SYSTEMPATH\CodeIgniter.php(361): CodeIgniter\CodeIgniter->handleRequest(null, Object(Config\Cache), false)
19 FCPATH\index.php(79): CodeIgniter\CodeIgniter->run()
20 SYSTEMPATH\Commands\Server\rewrite.php(47): require_once('C:\\2023project\\aparus3\\public\\index.php')
INFO - 2025-02-13 07:17:09 --> Session: Class initialized using 'CodeIgniter\Session\Handlers\FileHandler' driver.
INFO - 2025-02-13 07:17:10 --> Session: Class initialized using 'CodeIgniter\Session\Handlers\FileHandler' driver.
INFO - 2025-02-13 07:17:10 --> Session: Class initialized using 'CodeIgniter\Session\Handlers\FileHandler' driver.
INFO - 2025-02-13 07:18:06 --> Session: Class initialized using 'CodeIgniter\Session\Handlers\FileHandler' driver.
WARNING - 2025-02-13 07:18:06 --> [DEPRECATED] Creation of dynamic property App\Controllers\ReportHunian::$session is deprecated in APPPATH\Controllers\BaseController.php on line 56.
 1 SYSTEMPATH\CodeIgniter.php(915): App\Controllers\BaseController->initController(Object(CodeIgniter\HTTP\IncomingRequest), Object(CodeIgniter\HTTP\Response), Object(CodeIgniter\Log\Logger))
 2 SYSTEMPATH\CodeIgniter.php(493): CodeIgniter\CodeIgniter->createController()
 3 SYSTEMPATH\CodeIgniter.php(361): CodeIgniter\CodeIgniter->handleRequest(null, Object(Config\Cache), false)
 4 FCPATH\index.php(79): CodeIgniter\CodeIgniter->run()
 5 SYSTEMPATH\Commands\Server\rewrite.php(47): require_once('C:\\2023project\\aparus3\\public\\index.php')
ERROR - 2025-02-13 07:18:06 --> mysqli_sql_exception: Unknown column 'penghuni.kode_penghuni' in 'field list' in C:\2023project\aparus3\system\Database\MySQLi\Connection.php:306
Stack trace:
#0 C:\2023project\aparus3\system\Database\MySQLi\Connection.php(306): mysqli->query('SELECT `aprs_ma...', 0)
#1 C:\2023project\aparus3\system\Database\BaseConnection.php(693): CodeIgniter\Database\MySQLi\Connection->execute('SELECT `aprs_ma...')
#2 C:\2023project\aparus3\system\Database\BaseConnection.php(607): CodeIgniter\Database\BaseConnection->simpleQuery('SELECT `aprs_ma...')
#3 C:\2023project\aparus3\system\Database\BaseBuilder.php(1615): CodeIgniter\Database\BaseConnection->query('SELECT `aprs_ma...', Array, false)
#4 C:\2023project\aparus3\app\Models\ReportHunian_model.php(48): CodeIgniter\Database\BaseBuilder->get()
#5 C:\2023project\aparus3\app\Controllers\ReportHunian.php(56): App\Models\ReportHunian_model->getStatistikPenghuni()
#6 C:\2023project\aparus3\system\CodeIgniter.php(942): App\Controllers\ReportHunian->penghuni()
#7 C:\2023project\aparus3\system\CodeIgniter.php(502): CodeIgniter\CodeIgniter->runController(Object(App\Controllers\ReportHunian))
#8 C:\2023project\aparus3\system\CodeIgniter.php(361): CodeIgniter\CodeIgniter->handleRequest(NULL, Object(Config\Cache), false)
#9 C:\2023project\aparus3\public\index.php(79): CodeIgniter\CodeIgniter->run()
#10 C:\2023project\aparus3\system\Commands\Server\rewrite.php(47): require_once('C:\\2023project\\...')
#11 {main}
CRITICAL - 2025-02-13 07:18:06 --> Unknown column 'penghuni.kode_penghuni' in 'field list'
in SYSTEMPATH\Database\BaseConnection.php on line 647.
 1 SYSTEMPATH\Database\BaseBuilder.php(1615): CodeIgniter\Database\BaseConnection->query('SELECT `aprs_master_rusun`.`rusun_id`, `aprs_master_rusun`.`rusun_nama` as `nama_rusun`, COUNT(DISTINCT penghuni.kode_penghuni) as total_kk, (COUNT(DISTINCT penghuni.kode_penghuni) + COUNT(ak.id_anggotakeluarga)) as total_penghuni
FROM `aprs_master_rusun`
LEFT JOIN `aprs_penghuni` ON `aprs_master_rusun`.`rusun_id` = `aprs_penghuni`.`rusuntujuan`
LEFT JOIN `aprs_anggotakeluarga` `ak` ON `aprs_penghuni`.`kode_penghuni` = `ak`.`kode_penghuni`
GROUP BY `aprs_master_rusun`.`rusun_id`, `aprs_master_rusun`.`rusun_nama`', [], false)
 2 APPPATH\Models\ReportHunian_model.php(48): CodeIgniter\Database\BaseBuilder->get()
 3 APPPATH\Controllers\ReportHunian.php(56): App\Models\ReportHunian_model->getStatistikPenghuni()
 4 SYSTEMPATH\CodeIgniter.php(942): App\Controllers\ReportHunian->penghuni()
 5 SYSTEMPATH\CodeIgniter.php(502): CodeIgniter\CodeIgniter->runController(Object(App\Controllers\ReportHunian))
 6 SYSTEMPATH\CodeIgniter.php(361): CodeIgniter\CodeIgniter->handleRequest(null, Object(Config\Cache), false)
 7 FCPATH\index.php(79): CodeIgniter\CodeIgniter->run()
 8 SYSTEMPATH\Commands\Server\rewrite.php(47): require_once('C:\\2023project\\aparus3\\public\\index.php')
INFO - 2025-02-13 07:18:51 --> Session: Class initialized using 'CodeIgniter\Session\Handlers\FileHandler' driver.
WARNING - 2025-02-13 07:18:51 --> [DEPRECATED] Creation of dynamic property App\Controllers\ReportHunian::$session is deprecated in APPPATH\Controllers\BaseController.php on line 56.
 1 SYSTEMPATH\CodeIgniter.php(915): App\Controllers\BaseController->initController(Object(CodeIgniter\HTTP\IncomingRequest), Object(CodeIgniter\HTTP\Response), Object(CodeIgniter\Log\Logger))
 2 SYSTEMPATH\CodeIgniter.php(493): CodeIgniter\CodeIgniter->createController()
 3 SYSTEMPATH\CodeIgniter.php(361): CodeIgniter\CodeIgniter->handleRequest(null, Object(Config\Cache), false)
 4 FCPATH\index.php(79): CodeIgniter\CodeIgniter->run()
 5 SYSTEMPATH\Commands\Server\rewrite.php(47): require_once('C:\\2023project\\aparus3\\public\\index.php')
WARNING - 2025-02-13 07:18:51 --> [DEPRECATED] Creation of dynamic property App\Controllers\Shortcut::$session is deprecated in APPPATH\Controllers\BaseController.php on line 56.
 1 SYSTEMPATH\View\Cell.php(96): App\Controllers\BaseController->initController(Object(CodeIgniter\HTTP\IncomingRequest), Object(CodeIgniter\HTTP\Response), Object(CodeIgniter\Log\Logger))
 2 SYSTEMPATH\Common.php(1206): CodeIgniter\View\Cell->render('App\\Controllers\\Shortcut::loadShortcut', [], 0, 'AppControllersShortcutloadShortcut40cd750bba9870f18aada2478b24840a')
 3 APPPATH\Views\partials\topbar.php(157): view_cell('App\\Controllers\\Shortcut::loadShortcut')
 4 SYSTEMPATH\View\View.php(228): include('C:\\2023project\\aparus3\\app\\Views\\partials\\topbar.php')
 5 SYSTEMPATH\View\View.php(231): CodeIgniter\View\View->CodeIgniter\View\{closure}()
 6 SYSTEMPATH\View\View.php(469): CodeIgniter\View\View->render('partials/topbar', null, true)
 7 APPPATH\Views\partials\menu.php(1): CodeIgniter\View\View->include('partials/topbar')
 8 SYSTEMPATH\View\View.php(228): include('C:\\2023project\\aparus3\\app\\Views\\partials\\menu.php')
 9 SYSTEMPATH\View\View.php(231): CodeIgniter\View\View->CodeIgniter\View\{closure}()
10 SYSTEMPATH\View\View.php(469): CodeIgniter\View\View->render('partials/menu', null, true)
11 APPPATH\Views\report\penghuni.php(11): CodeIgniter\View\View->include('partials/menu')
12 SYSTEMPATH\View\View.php(228): include('C:\\2023project\\aparus3\\app\\Views\\report\\penghuni.php')
13 SYSTEMPATH\View\View.php(231): CodeIgniter\View\View->CodeIgniter\View\{closure}()
14 SYSTEMPATH\Common.php(1190): CodeIgniter\View\View->render('report/penghuni', [], true)
15 APPPATH\Controllers\ReportHunian.php(61): view('report/penghuni', [...])
16 SYSTEMPATH\CodeIgniter.php(942): App\Controllers\ReportHunian->penghuni()
17 SYSTEMPATH\CodeIgniter.php(502): CodeIgniter\CodeIgniter->runController(Object(App\Controllers\ReportHunian))
18 SYSTEMPATH\CodeIgniter.php(361): CodeIgniter\CodeIgniter->handleRequest(null, Object(Config\Cache), false)
19 FCPATH\index.php(79): CodeIgniter\CodeIgniter->run()
20 SYSTEMPATH\Commands\Server\rewrite.php(47): require_once('C:\\2023project\\aparus3\\public\\index.php')
INFO - 2025-02-13 07:18:51 --> Session: Class initialized using 'CodeIgniter\Session\Handlers\FileHandler' driver.
INFO - 2025-02-13 07:18:51 --> Session: Class initialized using 'CodeIgniter\Session\Handlers\FileHandler' driver.
INFO - 2025-02-13 07:18:52 --> Session: Class initialized using 'CodeIgniter\Session\Handlers\FileHandler' driver.
INFO - 2025-02-13 07:18:52 --> Session: Class initialized using 'CodeIgniter\Session\Handlers\FileHandler' driver.
INFO - 2025-02-13 07:18:55 --> Session: Class initialized using 'CodeIgniter\Session\Handlers\FileHandler' driver.
WARNING - 2025-02-13 07:18:55 --> [DEPRECATED] Creation of dynamic property App\Controllers\Rusun::$session is deprecated in APPPATH\Controllers\BaseController.php on line 56.
 1 SYSTEMPATH\CodeIgniter.php(915): App\Controllers\BaseController->initController(Object(CodeIgniter\HTTP\IncomingRequest), Object(CodeIgniter\HTTP\Response), Object(CodeIgniter\Log\Logger))
 2 SYSTEMPATH\CodeIgniter.php(493): CodeIgniter\CodeIgniter->createController()
 3 SYSTEMPATH\CodeIgniter.php(361): CodeIgniter\CodeIgniter->handleRequest(null, Object(Config\Cache), false)
 4 FCPATH\index.php(79): CodeIgniter\CodeIgniter->run()
 5 SYSTEMPATH\Commands\Server\rewrite.php(47): require_once('C:\\2023project\\aparus3\\public\\index.php')
WARNING - 2025-02-13 07:18:55 --> [DEPRECATED] Creation of dynamic property App\Controllers\Shortcut::$session is deprecated in APPPATH\Controllers\BaseController.php on line 56.
 1 SYSTEMPATH\View\Cell.php(96): App\Controllers\BaseController->initController(Object(CodeIgniter\HTTP\IncomingRequest), Object(CodeIgniter\HTTP\Response), Object(CodeIgniter\Log\Logger))
 2 SYSTEMPATH\Common.php(1206): CodeIgniter\View\Cell->render('App\\Controllers\\Shortcut::loadShortcut', [], 0, 'AppControllersShortcutloadShortcut40cd750bba9870f18aada2478b24840a')
 3 APPPATH\Views\partials\topbar.php(157): view_cell('App\\Controllers\\Shortcut::loadShortcut')
 4 SYSTEMPATH\View\View.php(228): include('C:\\2023project\\aparus3\\app\\Views\\partials\\topbar.php')
 5 SYSTEMPATH\View\View.php(231): CodeIgniter\View\View->CodeIgniter\View\{closure}()
 6 SYSTEMPATH\View\View.php(469): CodeIgniter\View\View->render('partials/topbar', null, true)
 7 APPPATH\Views\partials\menu.php(1): CodeIgniter\View\View->include('partials/topbar')
 8 SYSTEMPATH\View\View.php(228): include('C:\\2023project\\aparus3\\app\\Views\\partials\\menu.php')
 9 SYSTEMPATH\View\View.php(231): CodeIgniter\View\View->CodeIgniter\View\{closure}()
10 SYSTEMPATH\View\View.php(469): CodeIgniter\View\View->render('partials/menu', null, true)
11 APPPATH\Views\rusun\list.php(24): CodeIgniter\View\View->include('partials/menu')
12 SYSTEMPATH\View\View.php(228): include('C:\\2023project\\aparus3\\app\\Views\\rusun\\list.php')
13 SYSTEMPATH\View\View.php(231): CodeIgniter\View\View->CodeIgniter\View\{closure}()
14 SYSTEMPATH\Common.php(1190): CodeIgniter\View\View->render('rusun/list', [], true)
15 APPPATH\Controllers\Rusun.php(27): view('rusun/list', [...])
16 SYSTEMPATH\CodeIgniter.php(942): App\Controllers\Rusun->index()
17 SYSTEMPATH\CodeIgniter.php(502): CodeIgniter\CodeIgniter->runController(Object(App\Controllers\Rusun))
18 SYSTEMPATH\CodeIgniter.php(361): CodeIgniter\CodeIgniter->handleRequest(null, Object(Config\Cache), false)
19 FCPATH\index.php(79): CodeIgniter\CodeIgniter->run()
20 SYSTEMPATH\Commands\Server\rewrite.php(47): require_once('C:\\2023project\\aparus3\\public\\index.php')
INFO - 2025-02-13 07:18:55 --> Session: Class initialized using 'CodeIgniter\Session\Handlers\FileHandler' driver.
WARNING - 2025-02-13 07:18:55 --> [DEPRECATED] Creation of dynamic property App\Controllers\Rusun::$session is deprecated in APPPATH\Controllers\BaseController.php on line 56.
 1 SYSTEMPATH\CodeIgniter.php(915): App\Controllers\BaseController->initController(Object(CodeIgniter\HTTP\IncomingRequest), Object(CodeIgniter\HTTP\Response), Object(CodeIgniter\Log\Logger))
 2 SYSTEMPATH\CodeIgniter.php(493): CodeIgniter\CodeIgniter->createController()
 3 SYSTEMPATH\CodeIgniter.php(361): CodeIgniter\CodeIgniter->handleRequest(null, Object(Config\Cache), false)
 4 FCPATH\index.php(79): CodeIgniter\CodeIgniter->run()
 5 SYSTEMPATH\Commands\Server\rewrite.php(47): require_once('C:\\2023project\\aparus3\\public\\index.php')
WARNING - 2025-02-13 07:18:55 --> [DEPRECATED] Creation of dynamic property App\Controllers\Shortcut::$session is deprecated in APPPATH\Controllers\BaseController.php on line 56.
 1 SYSTEMPATH\View\Cell.php(96): App\Controllers\BaseController->initController(Object(CodeIgniter\HTTP\IncomingRequest), Object(CodeIgniter\HTTP\Response), Object(CodeIgniter\Log\Logger))
 2 SYSTEMPATH\Common.php(1206): CodeIgniter\View\Cell->render('App\\Controllers\\Shortcut::loadShortcut', [], 0, 'AppControllersShortcutloadShortcut40cd750bba9870f18aada2478b24840a')
 3 APPPATH\Views\partials\topbar.php(157): view_cell('App\\Controllers\\Shortcut::loadShortcut')
 4 SYSTEMPATH\View\View.php(228): include('C:\\2023project\\aparus3\\app\\Views\\partials\\topbar.php')
 5 SYSTEMPATH\View\View.php(231): CodeIgniter\View\View->CodeIgniter\View\{closure}()
 6 SYSTEMPATH\View\View.php(469): CodeIgniter\View\View->render('partials/topbar', null, true)
 7 APPPATH\Views\partials\menu.php(1): CodeIgniter\View\View->include('partials/topbar')
 8 SYSTEMPATH\View\View.php(228): include('C:\\2023project\\aparus3\\app\\Views\\partials\\menu.php')
 9 SYSTEMPATH\View\View.php(231): CodeIgniter\View\View->CodeIgniter\View\{closure}()
10 SYSTEMPATH\View\View.php(469): CodeIgniter\View\View->render('partials/menu', null, true)
11 APPPATH\Views\rusun\list.php(24): CodeIgniter\View\View->include('partials/menu')
12 SYSTEMPATH\View\View.php(228): include('C:\\2023project\\aparus3\\app\\Views\\rusun\\list.php')
13 SYSTEMPATH\View\View.php(231): CodeIgniter\View\View->CodeIgniter\View\{closure}()
14 SYSTEMPATH\Common.php(1190): CodeIgniter\View\View->render('rusun/list', [], true)
15 APPPATH\Controllers\Rusun.php(27): view('rusun/list', [...])
16 SYSTEMPATH\CodeIgniter.php(942): App\Controllers\Rusun->index()
17 SYSTEMPATH\CodeIgniter.php(502): CodeIgniter\CodeIgniter->runController(Object(App\Controllers\Rusun))
18 SYSTEMPATH\CodeIgniter.php(361): CodeIgniter\CodeIgniter->handleRequest(null, Object(Config\Cache), false)
19 FCPATH\index.php(79): CodeIgniter\CodeIgniter->run()
20 SYSTEMPATH\Commands\Server\rewrite.php(47): require_once('C:\\2023project\\aparus3\\public\\index.php')
INFO - 2025-02-13 07:18:56 --> Session: Class initialized using 'CodeIgniter\Session\Handlers\FileHandler' driver.
INFO - 2025-02-13 07:18:56 --> Session: Class initialized using 'CodeIgniter\Session\Handlers\FileHandler' driver.
INFO - 2025-02-13 07:18:59 --> Session: Class initialized using 'CodeIgniter\Session\Handlers\FileHandler' driver.
WARNING - 2025-02-13 07:18:59 --> [DEPRECATED] Creation of dynamic property App\Controllers\Pejabat::$session is deprecated in APPPATH\Controllers\BaseController.php on line 56.
 1 SYSTEMPATH\CodeIgniter.php(915): App\Controllers\BaseController->initController(Object(CodeIgniter\HTTP\IncomingRequest), Object(CodeIgniter\HTTP\Response), Object(CodeIgniter\Log\Logger))
 2 SYSTEMPATH\CodeIgniter.php(493): CodeIgniter\CodeIgniter->createController()
 3 SYSTEMPATH\CodeIgniter.php(361): CodeIgniter\CodeIgniter->handleRequest(null, Object(Config\Cache), false)
 4 FCPATH\index.php(79): CodeIgniter\CodeIgniter->run()
 5 SYSTEMPATH\Commands\Server\rewrite.php(47): require_once('C:\\2023project\\aparus3\\public\\index.php')
WARNING - 2025-02-13 07:18:59 --> [DEPRECATED] Creation of dynamic property App\Controllers\Shortcut::$session is deprecated in APPPATH\Controllers\BaseController.php on line 56.
 1 SYSTEMPATH\View\Cell.php(96): App\Controllers\BaseController->initController(Object(CodeIgniter\HTTP\IncomingRequest), Object(CodeIgniter\HTTP\Response), Object(CodeIgniter\Log\Logger))
 2 SYSTEMPATH\Common.php(1206): CodeIgniter\View\Cell->render('App\\Controllers\\Shortcut::loadShortcut', [], 0, 'AppControllersShortcutloadShortcut40cd750bba9870f18aada2478b24840a')
 3 APPPATH\Views\partials\topbar.php(157): view_cell('App\\Controllers\\Shortcut::loadShortcut')
 4 SYSTEMPATH\View\View.php(228): include('C:\\2023project\\aparus3\\app\\Views\\partials\\topbar.php')
 5 SYSTEMPATH\View\View.php(231): CodeIgniter\View\View->CodeIgniter\View\{closure}()
 6 SYSTEMPATH\View\View.php(469): CodeIgniter\View\View->render('partials/topbar', null, true)
 7 APPPATH\Views\partials\menu.php(1): CodeIgniter\View\View->include('partials/topbar')
 8 SYSTEMPATH\View\View.php(228): include('C:\\2023project\\aparus3\\app\\Views\\partials\\menu.php')
 9 SYSTEMPATH\View\View.php(231): CodeIgniter\View\View->CodeIgniter\View\{closure}()
10 SYSTEMPATH\View\View.php(469): CodeIgniter\View\View->render('partials/menu', null, true)
11 APPPATH\Views\pejabat\list.php(16): CodeIgniter\View\View->include('partials/menu')
12 SYSTEMPATH\View\View.php(228): include('C:\\2023project\\aparus3\\app\\Views\\pejabat\\list.php')
13 SYSTEMPATH\View\View.php(231): CodeIgniter\View\View->CodeIgniter\View\{closure}()
14 SYSTEMPATH\Common.php(1190): CodeIgniter\View\View->render('pejabat/list', [], true)
15 APPPATH\Controllers\Pejabat.php(25): view('pejabat/list', [...])
16 SYSTEMPATH\CodeIgniter.php(942): App\Controllers\Pejabat->index()
17 SYSTEMPATH\CodeIgniter.php(502): CodeIgniter\CodeIgniter->runController(Object(App\Controllers\Pejabat))
18 SYSTEMPATH\CodeIgniter.php(361): CodeIgniter\CodeIgniter->handleRequest(null, Object(Config\Cache), false)
19 FCPATH\index.php(79): CodeIgniter\CodeIgniter->run()
20 SYSTEMPATH\Commands\Server\rewrite.php(47): require_once('C:\\2023project\\aparus3\\public\\index.php')
INFO - 2025-02-13 07:18:59 --> Session: Class initialized using 'CodeIgniter\Session\Handlers\FileHandler' driver.
INFO - 2025-02-13 07:19:00 --> Session: Class initialized using 'CodeIgniter\Session\Handlers\FileHandler' driver.
INFO - 2025-02-13 07:19:04 --> Session: Class initialized using 'CodeIgniter\Session\Handlers\FileHandler' driver.
WARNING - 2025-02-13 07:19:04 --> [DEPRECATED] Creation of dynamic property App\Controllers\Kontrak::$session is deprecated in APPPATH\Controllers\BaseController.php on line 56.
 1 SYSTEMPATH\CodeIgniter.php(915): App\Controllers\BaseController->initController(Object(CodeIgniter\HTTP\IncomingRequest), Object(CodeIgniter\HTTP\Response), Object(CodeIgniter\Log\Logger))
 2 SYSTEMPATH\CodeIgniter.php(493): CodeIgniter\CodeIgniter->createController()
 3 SYSTEMPATH\CodeIgniter.php(361): CodeIgniter\CodeIgniter->handleRequest(null, Object(Config\Cache), false)
 4 FCPATH\index.php(79): CodeIgniter\CodeIgniter->run()
 5 SYSTEMPATH\Commands\Server\rewrite.php(47): require_once('C:\\2023project\\aparus3\\public\\index.php')
WARNING - 2025-02-13 07:19:04 --> [DEPRECATED] Creation of dynamic property App\Controllers\Shortcut::$session is deprecated in APPPATH\Controllers\BaseController.php on line 56.
 1 SYSTEMPATH\View\Cell.php(96): App\Controllers\BaseController->initController(Object(CodeIgniter\HTTP\IncomingRequest), Object(CodeIgniter\HTTP\Response), Object(CodeIgniter\Log\Logger))
 2 SYSTEMPATH\Common.php(1206): CodeIgniter\View\Cell->render('App\\Controllers\\Shortcut::loadShortcut', [], 0, 'AppControllersShortcutloadShortcut40cd750bba9870f18aada2478b24840a')
 3 APPPATH\Views\partials\topbar.php(157): view_cell('App\\Controllers\\Shortcut::loadShortcut')
 4 SYSTEMPATH\View\View.php(228): include('C:\\2023project\\aparus3\\app\\Views\\partials\\topbar.php')
 5 SYSTEMPATH\View\View.php(231): CodeIgniter\View\View->CodeIgniter\View\{closure}()
 6 SYSTEMPATH\View\View.php(469): CodeIgniter\View\View->render('partials/topbar', null, true)
 7 APPPATH\Views\partials\menu.php(1): CodeIgniter\View\View->include('partials/topbar')
 8 SYSTEMPATH\View\View.php(228): include('C:\\2023project\\aparus3\\app\\Views\\partials\\menu.php')
 9 SYSTEMPATH\View\View.php(231): CodeIgniter\View\View->CodeIgniter\View\{closure}()
10 SYSTEMPATH\View\View.php(469): CodeIgniter\View\View->render('partials/menu', null, true)
11 APPPATH\Views\kontrak\permohonan-masuk.php(18): CodeIgniter\View\View->include('partials/menu')
12 SYSTEMPATH\View\View.php(228): include('C:\\2023project\\aparus3\\app\\Views\\kontrak\\permohonan-masuk.php')
13 SYSTEMPATH\View\View.php(231): CodeIgniter\View\View->CodeIgniter\View\{closure}()
14 SYSTEMPATH\Common.php(1190): CodeIgniter\View\View->render('kontrak/permohonan-masuk', [], true)
15 APPPATH\Controllers\Kontrak.php(60): view('kontrak/permohonan-masuk', [...])
16 SYSTEMPATH\CodeIgniter.php(942): App\Controllers\Kontrak->permohonanMasuk()
17 SYSTEMPATH\CodeIgniter.php(502): CodeIgniter\CodeIgniter->runController(Object(App\Controllers\Kontrak))
18 SYSTEMPATH\CodeIgniter.php(361): CodeIgniter\CodeIgniter->handleRequest(null, Object(Config\Cache), false)
19 FCPATH\index.php(79): CodeIgniter\CodeIgniter->run()
20 SYSTEMPATH\Commands\Server\rewrite.php(47): require_once('C:\\2023project\\aparus3\\public\\index.php')
INFO - 2025-02-13 07:19:04 --> Session: Class initialized using 'CodeIgniter\Session\Handlers\FileHandler' driver.
INFO - 2025-02-13 07:19:05 --> Session: Class initialized using 'CodeIgniter\Session\Handlers\FileHandler' driver.
INFO - 2025-02-13 07:19:05 --> Session: Class initialized using 'CodeIgniter\Session\Handlers\FileHandler' driver.
INFO - 2025-02-13 07:19:09 --> Session: Class initialized using 'CodeIgniter\Session\Handlers\FileHandler' driver.
WARNING - 2025-02-13 07:19:09 --> [DEPRECATED] Creation of dynamic property App\Controllers\Kontrak::$session is deprecated in APPPATH\Controllers\BaseController.php on line 56.
 1 SYSTEMPATH\CodeIgniter.php(915): App\Controllers\BaseController->initController(Object(CodeIgniter\HTTP\IncomingRequest), Object(CodeIgniter\HTTP\Response), Object(CodeIgniter\Log\Logger))
 2 SYSTEMPATH\CodeIgniter.php(493): CodeIgniter\CodeIgniter->createController()
 3 SYSTEMPATH\CodeIgniter.php(361): CodeIgniter\CodeIgniter->handleRequest(null, Object(Config\Cache), false)
 4 FCPATH\index.php(79): CodeIgniter\CodeIgniter->run()
 5 SYSTEMPATH\Commands\Server\rewrite.php(47): require_once('C:\\2023project\\aparus3\\public\\index.php')
WARNING - 2025-02-13 07:19:09 --> [DEPRECATED] Creation of dynamic property App\Controllers\Shortcut::$session is deprecated in APPPATH\Controllers\BaseController.php on line 56.
 1 SYSTEMPATH\View\Cell.php(96): App\Controllers\BaseController->initController(Object(CodeIgniter\HTTP\IncomingRequest), Object(CodeIgniter\HTTP\Response), Object(CodeIgniter\Log\Logger))
 2 SYSTEMPATH\Common.php(1206): CodeIgniter\View\Cell->render('App\\Controllers\\Shortcut::loadShortcut', [], 0, 'AppControllersShortcutloadShortcut40cd750bba9870f18aada2478b24840a')
 3 APPPATH\Views\partials\topbar.php(157): view_cell('App\\Controllers\\Shortcut::loadShortcut')
 4 SYSTEMPATH\View\View.php(228): include('C:\\2023project\\aparus3\\app\\Views\\partials\\topbar.php')
 5 SYSTEMPATH\View\View.php(231): CodeIgniter\View\View->CodeIgniter\View\{closure}()
 6 SYSTEMPATH\View\View.php(469): CodeIgniter\View\View->render('partials/topbar', null, true)
 7 APPPATH\Views\partials\menu.php(1): CodeIgniter\View\View->include('partials/topbar')
 8 SYSTEMPATH\View\View.php(228): include('C:\\2023project\\aparus3\\app\\Views\\partials\\menu.php')
 9 SYSTEMPATH\View\View.php(231): CodeIgniter\View\View->CodeIgniter\View\{closure}()
10 SYSTEMPATH\View\View.php(469): CodeIgniter\View\View->render('partials/menu', null, true)
11 APPPATH\Views\kontrak\terkontrak.php(18): CodeIgniter\View\View->include('partials/menu')
12 SYSTEMPATH\View\View.php(228): include('C:\\2023project\\aparus3\\app\\Views\\kontrak\\terkontrak.php')
13 SYSTEMPATH\View\View.php(231): CodeIgniter\View\View->CodeIgniter\View\{closure}()
14 SYSTEMPATH\Common.php(1190): CodeIgniter\View\View->render('kontrak/terkontrak', [], true)
15 APPPATH\Controllers\Kontrak.php(195): view('kontrak/terkontrak', [...])
16 SYSTEMPATH\CodeIgniter.php(942): App\Controllers\Kontrak->list()
17 SYSTEMPATH\CodeIgniter.php(502): CodeIgniter\CodeIgniter->runController(Object(App\Controllers\Kontrak))
18 SYSTEMPATH\CodeIgniter.php(361): CodeIgniter\CodeIgniter->handleRequest(null, Object(Config\Cache), false)
19 FCPATH\index.php(79): CodeIgniter\CodeIgniter->run()
20 SYSTEMPATH\Commands\Server\rewrite.php(47): require_once('C:\\2023project\\aparus3\\public\\index.php')
INFO - 2025-02-13 07:19:09 --> Session: Class initialized using 'CodeIgniter\Session\Handlers\FileHandler' driver.
INFO - 2025-02-13 07:19:10 --> Session: Class initialized using 'CodeIgniter\Session\Handlers\FileHandler' driver.
INFO - 2025-02-13 07:19:10 --> Session: Class initialized using 'CodeIgniter\Session\Handlers\FileHandler' driver.
INFO - 2025-02-13 07:19:14 --> Session: Class initialized using 'CodeIgniter\Session\Handlers\FileHandler' driver.
WARNING - 2025-02-13 07:19:14 --> [DEPRECATED] Creation of dynamic property App\Controllers\Kontrak::$session is deprecated in APPPATH\Controllers\BaseController.php on line 56.
 1 SYSTEMPATH\CodeIgniter.php(915): App\Controllers\BaseController->initController(Object(CodeIgniter\HTTP\IncomingRequest), Object(CodeIgniter\HTTP\Response), Object(CodeIgniter\Log\Logger))
 2 SYSTEMPATH\CodeIgniter.php(493): CodeIgniter\CodeIgniter->createController()
 3 SYSTEMPATH\CodeIgniter.php(361): CodeIgniter\CodeIgniter->handleRequest(null, Object(Config\Cache), false)
 4 FCPATH\index.php(79): CodeIgniter\CodeIgniter->run()
 5 SYSTEMPATH\Commands\Server\rewrite.php(47): require_once('C:\\2023project\\aparus3\\public\\index.php')
WARNING - 2025-02-13 07:19:14 --> [DEPRECATED] Creation of dynamic property App\Controllers\Shortcut::$session is deprecated in APPPATH\Controllers\BaseController.php on line 56.
 1 SYSTEMPATH\View\Cell.php(96): App\Controllers\BaseController->initController(Object(CodeIgniter\HTTP\IncomingRequest), Object(CodeIgniter\HTTP\Response), Object(CodeIgniter\Log\Logger))
 2 SYSTEMPATH\Common.php(1206): CodeIgniter\View\Cell->render('App\\Controllers\\Shortcut::loadShortcut', [], 0, 'AppControllersShortcutloadShortcut40cd750bba9870f18aada2478b24840a')
 3 APPPATH\Views\partials\topbar.php(157): view_cell('App\\Controllers\\Shortcut::loadShortcut')
 4 SYSTEMPATH\View\View.php(228): include('C:\\2023project\\aparus3\\app\\Views\\partials\\topbar.php')
 5 SYSTEMPATH\View\View.php(231): CodeIgniter\View\View->CodeIgniter\View\{closure}()
 6 SYSTEMPATH\View\View.php(469): CodeIgniter\View\View->render('partials/topbar', null, true)
 7 APPPATH\Views\partials\menu.php(1): CodeIgniter\View\View->include('partials/topbar')
 8 SYSTEMPATH\View\View.php(228): include('C:\\2023project\\aparus3\\app\\Views\\partials\\menu.php')
 9 SYSTEMPATH\View\View.php(231): CodeIgniter\View\View->CodeIgniter\View\{closure}()
10 SYSTEMPATH\View\View.php(469): CodeIgniter\View\View->render('partials/menu', null, true)
11 APPPATH\Views\kontrak\terkontrak.php(18): CodeIgniter\View\View->include('partials/menu')
12 SYSTEMPATH\View\View.php(228): include('C:\\2023project\\aparus3\\app\\Views\\kontrak\\terkontrak.php')
13 SYSTEMPATH\View\View.php(231): CodeIgniter\View\View->CodeIgniter\View\{closure}()
14 SYSTEMPATH\Common.php(1190): CodeIgniter\View\View->render('kontrak/terkontrak', [], true)
15 APPPATH\Controllers\Kontrak.php(195): view('kontrak/terkontrak', [...])
16 SYSTEMPATH\CodeIgniter.php(942): App\Controllers\Kontrak->list('1')
17 SYSTEMPATH\CodeIgniter.php(502): CodeIgniter\CodeIgniter->runController(Object(App\Controllers\Kontrak))
18 SYSTEMPATH\CodeIgniter.php(361): CodeIgniter\CodeIgniter->handleRequest(null, Object(Config\Cache), false)
19 FCPATH\index.php(79): CodeIgniter\CodeIgniter->run()
20 SYSTEMPATH\Commands\Server\rewrite.php(47): require_once('C:\\2023project\\aparus3\\public\\index.php')
INFO - 2025-02-13 07:19:14 --> Session: Class initialized using 'CodeIgniter\Session\Handlers\FileHandler' driver.
INFO - 2025-02-13 07:19:15 --> Session: Class initialized using 'CodeIgniter\Session\Handlers\FileHandler' driver.
INFO - 2025-02-13 07:19:15 --> Session: Class initialized using 'CodeIgniter\Session\Handlers\FileHandler' driver.
INFO - 2025-02-13 07:19:16 --> Session: Class initialized using 'CodeIgniter\Session\Handlers\FileHandler' driver.
WARNING - 2025-02-13 07:19:16 --> [DEPRECATED] Creation of dynamic property App\Controllers\Kontrak::$session is deprecated in APPPATH\Controllers\BaseController.php on line 56.
 1 SYSTEMPATH\CodeIgniter.php(915): App\Controllers\BaseController->initController(Object(CodeIgniter\HTTP\IncomingRequest), Object(CodeIgniter\HTTP\Response), Object(CodeIgniter\Log\Logger))
 2 SYSTEMPATH\CodeIgniter.php(493): CodeIgniter\CodeIgniter->createController()
 3 SYSTEMPATH\CodeIgniter.php(361): CodeIgniter\CodeIgniter->handleRequest(null, Object(Config\Cache), false)
 4 FCPATH\index.php(79): CodeIgniter\CodeIgniter->run()
 5 SYSTEMPATH\Commands\Server\rewrite.php(47): require_once('C:\\2023project\\aparus3\\public\\index.php')
WARNING - 2025-02-13 07:19:16 --> [DEPRECATED] Creation of dynamic property App\Controllers\Shortcut::$session is deprecated in APPPATH\Controllers\BaseController.php on line 56.
 1 SYSTEMPATH\View\Cell.php(96): App\Controllers\BaseController->initController(Object(CodeIgniter\HTTP\IncomingRequest), Object(CodeIgniter\HTTP\Response), Object(CodeIgniter\Log\Logger))
 2 SYSTEMPATH\Common.php(1206): CodeIgniter\View\Cell->render('App\\Controllers\\Shortcut::loadShortcut', [], 0, 'AppControllersShortcutloadShortcut40cd750bba9870f18aada2478b24840a')
 3 APPPATH\Views\partials\topbar.php(157): view_cell('App\\Controllers\\Shortcut::loadShortcut')
 4 SYSTEMPATH\View\View.php(228): include('C:\\2023project\\aparus3\\app\\Views\\partials\\topbar.php')
 5 SYSTEMPATH\View\View.php(231): CodeIgniter\View\View->CodeIgniter\View\{closure}()
 6 SYSTEMPATH\View\View.php(469): CodeIgniter\View\View->render('partials/topbar', null, true)
 7 APPPATH\Views\partials\menu.php(1): CodeIgniter\View\View->include('partials/topbar')
 8 SYSTEMPATH\View\View.php(228): include('C:\\2023project\\aparus3\\app\\Views\\partials\\menu.php')
 9 SYSTEMPATH\View\View.php(231): CodeIgniter\View\View->CodeIgniter\View\{closure}()
10 SYSTEMPATH\View\View.php(469): CodeIgniter\View\View->render('partials/menu', null, true)
11 APPPATH\Views\kontrak\terkontrak.php(18): CodeIgniter\View\View->include('partials/menu')
12 SYSTEMPATH\View\View.php(228): include('C:\\2023project\\aparus3\\app\\Views\\kontrak\\terkontrak.php')
13 SYSTEMPATH\View\View.php(231): CodeIgniter\View\View->CodeIgniter\View\{closure}()
14 SYSTEMPATH\Common.php(1190): CodeIgniter\View\View->render('kontrak/terkontrak', [], true)
15 APPPATH\Controllers\Kontrak.php(195): view('kontrak/terkontrak', [...])
16 SYSTEMPATH\CodeIgniter.php(942): App\Controllers\Kontrak->list('2')
17 SYSTEMPATH\CodeIgniter.php(502): CodeIgniter\CodeIgniter->runController(Object(App\Controllers\Kontrak))
18 SYSTEMPATH\CodeIgniter.php(361): CodeIgniter\CodeIgniter->handleRequest(null, Object(Config\Cache), false)
19 FCPATH\index.php(79): CodeIgniter\CodeIgniter->run()
20 SYSTEMPATH\Commands\Server\rewrite.php(47): require_once('C:\\2023project\\aparus3\\public\\index.php')
INFO - 2025-02-13 07:19:16 --> Session: Class initialized using 'CodeIgniter\Session\Handlers\FileHandler' driver.
INFO - 2025-02-13 07:19:17 --> Session: Class initialized using 'CodeIgniter\Session\Handlers\FileHandler' driver.
INFO - 2025-02-13 07:19:17 --> Session: Class initialized using 'CodeIgniter\Session\Handlers\FileHandler' driver.
INFO - 2025-02-13 07:19:18 --> Session: Class initialized using 'CodeIgniter\Session\Handlers\FileHandler' driver.
WARNING - 2025-02-13 07:19:18 --> [DEPRECATED] Creation of dynamic property App\Controllers\Kontrak::$session is deprecated in APPPATH\Controllers\BaseController.php on line 56.
 1 SYSTEMPATH\CodeIgniter.php(915): App\Controllers\BaseController->initController(Object(CodeIgniter\HTTP\IncomingRequest), Object(CodeIgniter\HTTP\Response), Object(CodeIgniter\Log\Logger))
 2 SYSTEMPATH\CodeIgniter.php(493): CodeIgniter\CodeIgniter->createController()
 3 SYSTEMPATH\CodeIgniter.php(361): CodeIgniter\CodeIgniter->handleRequest(null, Object(Config\Cache), false)
 4 FCPATH\index.php(79): CodeIgniter\CodeIgniter->run()
 5 SYSTEMPATH\Commands\Server\rewrite.php(47): require_once('C:\\2023project\\aparus3\\public\\index.php')
WARNING - 2025-02-13 07:19:18 --> [DEPRECATED] Creation of dynamic property App\Controllers\Shortcut::$session is deprecated in APPPATH\Controllers\BaseController.php on line 56.
 1 SYSTEMPATH\View\Cell.php(96): App\Controllers\BaseController->initController(Object(CodeIgniter\HTTP\IncomingRequest), Object(CodeIgniter\HTTP\Response), Object(CodeIgniter\Log\Logger))
 2 SYSTEMPATH\Common.php(1206): CodeIgniter\View\Cell->render('App\\Controllers\\Shortcut::loadShortcut', [], 0, 'AppControllersShortcutloadShortcut40cd750bba9870f18aada2478b24840a')
 3 APPPATH\Views\partials\topbar.php(157): view_cell('App\\Controllers\\Shortcut::loadShortcut')
 4 SYSTEMPATH\View\View.php(228): include('C:\\2023project\\aparus3\\app\\Views\\partials\\topbar.php')
 5 SYSTEMPATH\View\View.php(231): CodeIgniter\View\View->CodeIgniter\View\{closure}()
 6 SYSTEMPATH\View\View.php(469): CodeIgniter\View\View->render('partials/topbar', null, true)
 7 APPPATH\Views\partials\menu.php(1): CodeIgniter\View\View->include('partials/topbar')
 8 SYSTEMPATH\View\View.php(228): include('C:\\2023project\\aparus3\\app\\Views\\partials\\menu.php')
 9 SYSTEMPATH\View\View.php(231): CodeIgniter\View\View->CodeIgniter\View\{closure}()
10 SYSTEMPATH\View\View.php(469): CodeIgniter\View\View->render('partials/menu', null, true)
11 APPPATH\Views\kontrak\terkontrak.php(18): CodeIgniter\View\View->include('partials/menu')
12 SYSTEMPATH\View\View.php(228): include('C:\\2023project\\aparus3\\app\\Views\\kontrak\\terkontrak.php')
13 SYSTEMPATH\View\View.php(231): CodeIgniter\View\View->CodeIgniter\View\{closure}()
14 SYSTEMPATH\Common.php(1190): CodeIgniter\View\View->render('kontrak/terkontrak', [], true)
15 APPPATH\Controllers\Kontrak.php(195): view('kontrak/terkontrak', [...])
16 SYSTEMPATH\CodeIgniter.php(942): App\Controllers\Kontrak->list('3')
17 SYSTEMPATH\CodeIgniter.php(502): CodeIgniter\CodeIgniter->runController(Object(App\Controllers\Kontrak))
18 SYSTEMPATH\CodeIgniter.php(361): CodeIgniter\CodeIgniter->handleRequest(null, Object(Config\Cache), false)
19 FCPATH\index.php(79): CodeIgniter\CodeIgniter->run()
20 SYSTEMPATH\Commands\Server\rewrite.php(47): require_once('C:\\2023project\\aparus3\\public\\index.php')
INFO - 2025-02-13 07:19:18 --> Session: Class initialized using 'CodeIgniter\Session\Handlers\FileHandler' driver.
INFO - 2025-02-13 07:19:18 --> Session: Class initialized using 'CodeIgniter\Session\Handlers\FileHandler' driver.
INFO - 2025-02-13 07:19:19 --> Session: Class initialized using 'CodeIgniter\Session\Handlers\FileHandler' driver.
INFO - 2025-02-13 07:19:21 --> Session: Class initialized using 'CodeIgniter\Session\Handlers\FileHandler' driver.
WARNING - 2025-02-13 07:19:21 --> [DEPRECATED] Creation of dynamic property App\Controllers\Aduan::$session is deprecated in APPPATH\Controllers\BaseController.php on line 56.
 1 SYSTEMPATH\CodeIgniter.php(915): App\Controllers\BaseController->initController(Object(CodeIgniter\HTTP\IncomingRequest), Object(CodeIgniter\HTTP\Response), Object(CodeIgniter\Log\Logger))
 2 SYSTEMPATH\CodeIgniter.php(493): CodeIgniter\CodeIgniter->createController()
 3 SYSTEMPATH\CodeIgniter.php(361): CodeIgniter\CodeIgniter->handleRequest(null, Object(Config\Cache), false)
 4 FCPATH\index.php(79): CodeIgniter\CodeIgniter->run()
 5 SYSTEMPATH\Commands\Server\rewrite.php(47): require_once('C:\\2023project\\aparus3\\public\\index.php')
WARNING - 2025-02-13 07:19:21 --> [DEPRECATED] Creation of dynamic property App\Controllers\Shortcut::$session is deprecated in APPPATH\Controllers\BaseController.php on line 56.
 1 SYSTEMPATH\View\Cell.php(96): App\Controllers\BaseController->initController(Object(CodeIgniter\HTTP\IncomingRequest), Object(CodeIgniter\HTTP\Response), Object(CodeIgniter\Log\Logger))
 2 SYSTEMPATH\Common.php(1206): CodeIgniter\View\Cell->render('App\\Controllers\\Shortcut::loadShortcut', [], 0, 'AppControllersShortcutloadShortcut40cd750bba9870f18aada2478b24840a')
 3 APPPATH\Views\partials\topbar.php(157): view_cell('App\\Controllers\\Shortcut::loadShortcut')
 4 SYSTEMPATH\View\View.php(228): include('C:\\2023project\\aparus3\\app\\Views\\partials\\topbar.php')
 5 SYSTEMPATH\View\View.php(231): CodeIgniter\View\View->CodeIgniter\View\{closure}()
 6 SYSTEMPATH\View\View.php(469): CodeIgniter\View\View->render('partials/topbar', null, true)
 7 APPPATH\Views\partials\menu.php(1): CodeIgniter\View\View->include('partials/topbar')
 8 SYSTEMPATH\View\View.php(228): include('C:\\2023project\\aparus3\\app\\Views\\partials\\menu.php')
 9 SYSTEMPATH\View\View.php(231): CodeIgniter\View\View->CodeIgniter\View\{closure}()
10 SYSTEMPATH\View\View.php(469): CodeIgniter\View\View->render('partials/menu', null, true)
11 APPPATH\Views\aduan\list.php(16): CodeIgniter\View\View->include('partials/menu')
12 SYSTEMPATH\View\View.php(228): include('C:\\2023project\\aparus3\\app\\Views\\aduan\\list.php')
13 SYSTEMPATH\View\View.php(231): CodeIgniter\View\View->CodeIgniter\View\{closure}()
14 SYSTEMPATH\Common.php(1190): CodeIgniter\View\View->render('aduan/list', [], true)
15 APPPATH\Controllers\Aduan.php(29): view('aduan/list', [...])
16 SYSTEMPATH\CodeIgniter.php(942): App\Controllers\Aduan->list()
17 SYSTEMPATH\CodeIgniter.php(502): CodeIgniter\CodeIgniter->runController(Object(App\Controllers\Aduan))
18 SYSTEMPATH\CodeIgniter.php(361): CodeIgniter\CodeIgniter->handleRequest(null, Object(Config\Cache), false)
19 FCPATH\index.php(79): CodeIgniter\CodeIgniter->run()
20 SYSTEMPATH\Commands\Server\rewrite.php(47): require_once('C:\\2023project\\aparus3\\public\\index.php')
INFO - 2025-02-13 07:19:22 --> Session: Class initialized using 'CodeIgniter\Session\Handlers\FileHandler' driver.
INFO - 2025-02-13 07:19:22 --> Session: Class initialized using 'CodeIgniter\Session\Handlers\FileHandler' driver.
INFO - 2025-02-13 07:19:23 --> Session: Class initialized using 'CodeIgniter\Session\Handlers\FileHandler' driver.
WARNING - 2025-02-13 07:19:23 --> [DEPRECATED] Creation of dynamic property App\Controllers\Aduan::$session is deprecated in APPPATH\Controllers\BaseController.php on line 56.
 1 SYSTEMPATH\CodeIgniter.php(915): App\Controllers\BaseController->initController(Object(CodeIgniter\HTTP\IncomingRequest), Object(CodeIgniter\HTTP\Response), Object(CodeIgniter\Log\Logger))
 2 SYSTEMPATH\CodeIgniter.php(493): CodeIgniter\CodeIgniter->createController()
 3 SYSTEMPATH\CodeIgniter.php(361): CodeIgniter\CodeIgniter->handleRequest(null, Object(Config\Cache), false)
 4 FCPATH\index.php(79): CodeIgniter\CodeIgniter->run()
 5 SYSTEMPATH\Commands\Server\rewrite.php(47): require_once('C:\\2023project\\aparus3\\public\\index.php')
INFO - 2025-02-13 07:19:24 --> Session: Class initialized using 'CodeIgniter\Session\Handlers\FileHandler' driver.
INFO - 2025-02-13 07:19:24 --> Session: Class initialized using 'CodeIgniter\Session\Handlers\FileHandler' driver.
INFO - 2025-02-13 07:19:27 --> Session: Class initialized using 'CodeIgniter\Session\Handlers\FileHandler' driver.
WARNING - 2025-02-13 07:19:27 --> [DEPRECATED] Creation of dynamic property App\Controllers\Aduan::$session is deprecated in APPPATH\Controllers\BaseController.php on line 56.
 1 SYSTEMPATH\CodeIgniter.php(915): App\Controllers\BaseController->initController(Object(CodeIgniter\HTTP\IncomingRequest), Object(CodeIgniter\HTTP\Response), Object(CodeIgniter\Log\Logger))
 2 SYSTEMPATH\CodeIgniter.php(493): CodeIgniter\CodeIgniter->createController()
 3 SYSTEMPATH\CodeIgniter.php(361): CodeIgniter\CodeIgniter->handleRequest(null, Object(Config\Cache), false)
 4 FCPATH\index.php(79): CodeIgniter\CodeIgniter->run()
 5 SYSTEMPATH\Commands\Server\rewrite.php(47): require_once('C:\\2023project\\aparus3\\public\\index.php')
WARNING - 2025-02-13 07:19:27 --> [DEPRECATED] Creation of dynamic property App\Controllers\Shortcut::$session is deprecated in APPPATH\Controllers\BaseController.php on line 56.
 1 SYSTEMPATH\View\Cell.php(96): App\Controllers\BaseController->initController(Object(CodeIgniter\HTTP\IncomingRequest), Object(CodeIgniter\HTTP\Response), Object(CodeIgniter\Log\Logger))
 2 SYSTEMPATH\Common.php(1206): CodeIgniter\View\Cell->render('App\\Controllers\\Shortcut::loadShortcut', [], 0, 'AppControllersShortcutloadShortcut40cd750bba9870f18aada2478b24840a')
 3 APPPATH\Views\partials\topbar.php(157): view_cell('App\\Controllers\\Shortcut::loadShortcut')
 4 SYSTEMPATH\View\View.php(228): include('C:\\2023project\\aparus3\\app\\Views\\partials\\topbar.php')
 5 SYSTEMPATH\View\View.php(231): CodeIgniter\View\View->CodeIgniter\View\{closure}()
 6 SYSTEMPATH\View\View.php(469): CodeIgniter\View\View->render('partials/topbar', null, true)
 7 APPPATH\Views\partials\menu.php(1): CodeIgniter\View\View->include('partials/topbar')
 8 SYSTEMPATH\View\View.php(228): include('C:\\2023project\\aparus3\\app\\Views\\partials\\menu.php')
 9 SYSTEMPATH\View\View.php(231): CodeIgniter\View\View->CodeIgniter\View\{closure}()
10 SYSTEMPATH\View\View.php(469): CodeIgniter\View\View->render('partials/menu', null, true)
11 APPPATH\Views\aduan\list.php(16): CodeIgniter\View\View->include('partials/menu')
12 SYSTEMPATH\View\View.php(228): include('C:\\2023project\\aparus3\\app\\Views\\aduan\\list.php')
13 SYSTEMPATH\View\View.php(231): CodeIgniter\View\View->CodeIgniter\View\{closure}()
14 SYSTEMPATH\Common.php(1190): CodeIgniter\View\View->render('aduan/list', [], true)
15 APPPATH\Controllers\Aduan.php(29): view('aduan/list', [...])
16 SYSTEMPATH\CodeIgniter.php(942): App\Controllers\Aduan->list()
17 SYSTEMPATH\CodeIgniter.php(502): CodeIgniter\CodeIgniter->runController(Object(App\Controllers\Aduan))
18 SYSTEMPATH\CodeIgniter.php(361): CodeIgniter\CodeIgniter->handleRequest(null, Object(Config\Cache), false)
19 FCPATH\index.php(79): CodeIgniter\CodeIgniter->run()
20 SYSTEMPATH\Commands\Server\rewrite.php(47): require_once('C:\\2023project\\aparus3\\public\\index.php')
INFO - 2025-02-13 07:19:27 --> Session: Class initialized using 'CodeIgniter\Session\Handlers\FileHandler' driver.
INFO - 2025-02-13 07:19:27 --> Session: Class initialized using 'CodeIgniter\Session\Handlers\FileHandler' driver.
INFO - 2025-02-13 07:54:46 --> Session: Class initialized using 'CodeIgniter\Session\Handlers\FileHandler' driver.
WARNING - 2025-02-13 07:54:46 --> [DEPRECATED] Creation of dynamic property App\Controllers\Auth::$session is deprecated in APPPATH\Controllers\BaseController.php on line 56.
 1 SYSTEMPATH\CodeIgniter.php(915): App\Controllers\BaseController->initController(Object(CodeIgniter\HTTP\IncomingRequest), Object(CodeIgniter\HTTP\Response), Object(CodeIgniter\Log\Logger))
 2 SYSTEMPATH\CodeIgniter.php(493): CodeIgniter\CodeIgniter->createController()
 3 SYSTEMPATH\CodeIgniter.php(361): CodeIgniter\CodeIgniter->handleRequest(null, Object(Config\Cache), false)
 4 FCPATH\index.php(79): CodeIgniter\CodeIgniter->run()
 5 SYSTEMPATH\Commands\Server\rewrite.php(47): require_once('C:\\2023project\\aparus3\\public\\index.php')
INFO - 2025-02-13 07:54:46 --> Session: Class initialized using 'CodeIgniter\Session\Handlers\FileHandler' driver.
WARNING - 2025-02-13 07:54:46 --> [DEPRECATED] Creation of dynamic property App\Controllers\Shortcut::$session is deprecated in APPPATH\Controllers\BaseController.php on line 56.
 1 SYSTEMPATH\View\Cell.php(96): App\Controllers\BaseController->initController(Object(CodeIgniter\HTTP\IncomingRequest), Object(CodeIgniter\HTTP\Response), Object(CodeIgniter\Log\Logger))
 2 SYSTEMPATH\Common.php(1206): CodeIgniter\View\Cell->render('App\\Controllers\\Shortcut::loadShortcut', [], 0, 'AppControllersShortcutloadShortcut40cd750bba9870f18aada2478b24840a')
 3 APPPATH\Views\partials\topbar.php(157): view_cell('App\\Controllers\\Shortcut::loadShortcut')
 4 SYSTEMPATH\View\View.php(228): include('C:\\2023project\\aparus3\\app\\Views\\partials\\topbar.php')
 5 SYSTEMPATH\View\View.php(231): CodeIgniter\View\View->CodeIgniter\View\{closure}()
 6 SYSTEMPATH\View\View.php(469): CodeIgniter\View\View->render('partials/topbar', null, true)
 7 APPPATH\Views\partials\menu.php(1): CodeIgniter\View\View->include('partials/topbar')
 8 SYSTEMPATH\View\View.php(228): include('C:\\2023project\\aparus3\\app\\Views\\partials\\menu.php')
 9 SYSTEMPATH\View\View.php(231): CodeIgniter\View\View->CodeIgniter\View\{closure}()
10 SYSTEMPATH\View\View.php(469): CodeIgniter\View\View->render('partials/menu', null, true)
11 APPPATH\Views\dashboard.php(16): CodeIgniter\View\View->include('partials/menu')
12 SYSTEMPATH\View\View.php(228): include('C:\\2023project\\aparus3\\app\\Views\\dashboard.php')
13 SYSTEMPATH\View\View.php(231): CodeIgniter\View\View->CodeIgniter\View\{closure}()
14 SYSTEMPATH\Common.php(1190): CodeIgniter\View\View->render('dashboard', [], true)
15 APPPATH\Controllers\Dashboard.php(12): view('dashboard', [...])
16 SYSTEMPATH\CodeIgniter.php(942): App\Controllers\Dashboard->index()
17 SYSTEMPATH\CodeIgniter.php(502): CodeIgniter\CodeIgniter->runController(Object(App\Controllers\Dashboard))
18 SYSTEMPATH\CodeIgniter.php(361): CodeIgniter\CodeIgniter->handleRequest(null, Object(Config\Cache), false)
19 FCPATH\index.php(79): CodeIgniter\CodeIgniter->run()
20 SYSTEMPATH\Commands\Server\rewrite.php(47): require_once('C:\\2023project\\aparus3\\public\\index.php')
INFO - 2025-02-13 07:54:47 --> Session: Class initialized using 'CodeIgniter\Session\Handlers\FileHandler' driver.
INFO - 2025-02-13 07:54:47 --> Session: Class initialized using 'CodeIgniter\Session\Handlers\FileHandler' driver.
INFO - 2025-02-13 07:55:04 --> Session: Class initialized using 'CodeIgniter\Session\Handlers\FileHandler' driver.
WARNING - 2025-02-13 07:55:04 --> [DEPRECATED] Creation of dynamic property App\Controllers\ReportHunian::$session is deprecated in APPPATH\Controllers\BaseController.php on line 56.
 1 SYSTEMPATH\CodeIgniter.php(915): App\Controllers\BaseController->initController(Object(CodeIgniter\HTTP\IncomingRequest), Object(CodeIgniter\HTTP\Response), Object(CodeIgniter\Log\Logger))
 2 SYSTEMPATH\CodeIgniter.php(493): CodeIgniter\CodeIgniter->createController()
 3 SYSTEMPATH\CodeIgniter.php(361): CodeIgniter\CodeIgniter->handleRequest(null, Object(Config\Cache), false)
 4 FCPATH\index.php(79): CodeIgniter\CodeIgniter->run()
 5 SYSTEMPATH\Commands\Server\rewrite.php(47): require_once('C:\\2023project\\aparus3\\public\\index.php')
WARNING - 2025-02-13 07:55:04 --> [DEPRECATED] Creation of dynamic property App\Controllers\Shortcut::$session is deprecated in APPPATH\Controllers\BaseController.php on line 56.
 1 SYSTEMPATH\View\Cell.php(96): App\Controllers\BaseController->initController(Object(CodeIgniter\HTTP\IncomingRequest), Object(CodeIgniter\HTTP\Response), Object(CodeIgniter\Log\Logger))
 2 SYSTEMPATH\Common.php(1206): CodeIgniter\View\Cell->render('App\\Controllers\\Shortcut::loadShortcut', [], 0, 'AppControllersShortcutloadShortcut40cd750bba9870f18aada2478b24840a')
 3 APPPATH\Views\partials\topbar.php(157): view_cell('App\\Controllers\\Shortcut::loadShortcut')
 4 SYSTEMPATH\View\View.php(228): include('C:\\2023project\\aparus3\\app\\Views\\partials\\topbar.php')
 5 SYSTEMPATH\View\View.php(231): CodeIgniter\View\View->CodeIgniter\View\{closure}()
 6 SYSTEMPATH\View\View.php(469): CodeIgniter\View\View->render('partials/topbar', null, true)
 7 APPPATH\Views\partials\menu.php(1): CodeIgniter\View\View->include('partials/topbar')
 8 SYSTEMPATH\View\View.php(228): include('C:\\2023project\\aparus3\\app\\Views\\partials\\menu.php')
 9 SYSTEMPATH\View\View.php(231): CodeIgniter\View\View->CodeIgniter\View\{closure}()
10 SYSTEMPATH\View\View.php(469): CodeIgniter\View\View->render('partials/menu', null, true)
11 APPPATH\Views\report\statistik_gender.php(11): CodeIgniter\View\View->include('partials/menu')
12 SYSTEMPATH\View\View.php(228): include('C:\\2023project\\aparus3\\app\\Views\\report\\statistik_gender.php')
13 SYSTEMPATH\View\View.php(231): CodeIgniter\View\View->CodeIgniter\View\{closure}()
14 SYSTEMPATH\Common.php(1190): CodeIgniter\View\View->render('report/statistik_gender', [], true)
15 APPPATH\Controllers\ReportHunian.php(102): view('report/statistik_gender', [...])
16 SYSTEMPATH\CodeIgniter.php(942): App\Controllers\ReportHunian->statistikGender()
17 SYSTEMPATH\CodeIgniter.php(502): CodeIgniter\CodeIgniter->runController(Object(App\Controllers\ReportHunian))
18 SYSTEMPATH\CodeIgniter.php(361): CodeIgniter\CodeIgniter->handleRequest(null, Object(Config\Cache), false)
19 FCPATH\index.php(79): CodeIgniter\CodeIgniter->run()
20 SYSTEMPATH\Commands\Server\rewrite.php(47): require_once('C:\\2023project\\aparus3\\public\\index.php')
INFO - 2025-02-13 07:55:04 --> Session: Class initialized using 'CodeIgniter\Session\Handlers\FileHandler' driver.
INFO - 2025-02-13 07:55:04 --> Session: Class initialized using 'CodeIgniter\Session\Handlers\FileHandler' driver.
INFO - 2025-02-13 07:55:08 --> Session: Class initialized using 'CodeIgniter\Session\Handlers\FileHandler' driver.
WARNING - 2025-02-13 07:55:09 --> [DEPRECATED] Creation of dynamic property App\Controllers\Kontrak::$session is deprecated in APPPATH\Controllers\BaseController.php on line 56.
 1 SYSTEMPATH\CodeIgniter.php(915): App\Controllers\BaseController->initController(Object(CodeIgniter\HTTP\IncomingRequest), Object(CodeIgniter\HTTP\Response), Object(CodeIgniter\Log\Logger))
 2 SYSTEMPATH\CodeIgniter.php(493): CodeIgniter\CodeIgniter->createController()
 3 SYSTEMPATH\CodeIgniter.php(361): CodeIgniter\CodeIgniter->handleRequest(null, Object(Config\Cache), false)
 4 FCPATH\index.php(79): CodeIgniter\CodeIgniter->run()
 5 SYSTEMPATH\Commands\Server\rewrite.php(47): require_once('C:\\2023project\\aparus3\\public\\index.php')
WARNING - 2025-02-13 07:55:09 --> [DEPRECATED] Creation of dynamic property App\Controllers\Shortcut::$session is deprecated in APPPATH\Controllers\BaseController.php on line 56.
 1 SYSTEMPATH\View\Cell.php(96): App\Controllers\BaseController->initController(Object(CodeIgniter\HTTP\IncomingRequest), Object(CodeIgniter\HTTP\Response), Object(CodeIgniter\Log\Logger))
 2 SYSTEMPATH\Common.php(1206): CodeIgniter\View\Cell->render('App\\Controllers\\Shortcut::loadShortcut', [], 0, 'AppControllersShortcutloadShortcut40cd750bba9870f18aada2478b24840a')
 3 APPPATH\Views\partials\topbar.php(157): view_cell('App\\Controllers\\Shortcut::loadShortcut')
 4 SYSTEMPATH\View\View.php(228): include('C:\\2023project\\aparus3\\app\\Views\\partials\\topbar.php')
 5 SYSTEMPATH\View\View.php(231): CodeIgniter\View\View->CodeIgniter\View\{closure}()
 6 SYSTEMPATH\View\View.php(469): CodeIgniter\View\View->render('partials/topbar', null, true)
 7 APPPATH\Views\partials\menu.php(1): CodeIgniter\View\View->include('partials/topbar')
 8 SYSTEMPATH\View\View.php(228): include('C:\\2023project\\aparus3\\app\\Views\\partials\\menu.php')
 9 SYSTEMPATH\View\View.php(231): CodeIgniter\View\View->CodeIgniter\View\{closure}()
10 SYSTEMPATH\View\View.php(469): CodeIgniter\View\View->render('partials/menu', null, true)
11 APPPATH\Views\kontrak\permohonan-masuk.php(18): CodeIgniter\View\View->include('partials/menu')
12 SYSTEMPATH\View\View.php(228): include('C:\\2023project\\aparus3\\app\\Views\\kontrak\\permohonan-masuk.php')
13 SYSTEMPATH\View\View.php(231): CodeIgniter\View\View->CodeIgniter\View\{closure}()
14 SYSTEMPATH\Common.php(1190): CodeIgniter\View\View->render('kontrak/permohonan-masuk', [], true)
15 APPPATH\Controllers\Kontrak.php(60): view('kontrak/permohonan-masuk', [...])
16 SYSTEMPATH\CodeIgniter.php(942): App\Controllers\Kontrak->permohonanMasuk()
17 SYSTEMPATH\CodeIgniter.php(502): CodeIgniter\CodeIgniter->runController(Object(App\Controllers\Kontrak))
18 SYSTEMPATH\CodeIgniter.php(361): CodeIgniter\CodeIgniter->handleRequest(null, Object(Config\Cache), false)
19 FCPATH\index.php(79): CodeIgniter\CodeIgniter->run()
20 SYSTEMPATH\Commands\Server\rewrite.php(47): require_once('C:\\2023project\\aparus3\\public\\index.php')
INFO - 2025-02-13 07:55:09 --> Session: Class initialized using 'CodeIgniter\Session\Handlers\FileHandler' driver.
INFO - 2025-02-13 07:55:09 --> Session: Class initialized using 'CodeIgniter\Session\Handlers\FileHandler' driver.
INFO - 2025-02-13 07:55:10 --> Session: Class initialized using 'CodeIgniter\Session\Handlers\FileHandler' driver.
INFO - 2025-02-13 07:55:14 --> Session: Class initialized using 'CodeIgniter\Session\Handlers\FileHandler' driver.
WARNING - 2025-02-13 07:55:14 --> [DEPRECATED] Creation of dynamic property App\Controllers\ReportHunian::$session is deprecated in APPPATH\Controllers\BaseController.php on line 56.
 1 SYSTEMPATH\CodeIgniter.php(915): App\Controllers\BaseController->initController(Object(CodeIgniter\HTTP\IncomingRequest), Object(CodeIgniter\HTTP\Response), Object(CodeIgniter\Log\Logger))
 2 SYSTEMPATH\CodeIgniter.php(493): CodeIgniter\CodeIgniter->createController()
 3 SYSTEMPATH\CodeIgniter.php(361): CodeIgniter\CodeIgniter->handleRequest(null, Object(Config\Cache), false)
 4 FCPATH\index.php(79): CodeIgniter\CodeIgniter->run()
 5 SYSTEMPATH\Commands\Server\rewrite.php(47): require_once('C:\\2023project\\aparus3\\public\\index.php')
WARNING - 2025-02-13 07:55:14 --> [DEPRECATED] Creation of dynamic property App\Controllers\Shortcut::$session is deprecated in APPPATH\Controllers\BaseController.php on line 56.
 1 SYSTEMPATH\View\Cell.php(96): App\Controllers\BaseController->initController(Object(CodeIgniter\HTTP\IncomingRequest), Object(CodeIgniter\HTTP\Response), Object(CodeIgniter\Log\Logger))
 2 SYSTEMPATH\Common.php(1206): CodeIgniter\View\Cell->render('App\\Controllers\\Shortcut::loadShortcut', [], 0, 'AppControllersShortcutloadShortcut40cd750bba9870f18aada2478b24840a')
 3 APPPATH\Views\partials\topbar.php(157): view_cell('App\\Controllers\\Shortcut::loadShortcut')
 4 SYSTEMPATH\View\View.php(228): include('C:\\2023project\\aparus3\\app\\Views\\partials\\topbar.php')
 5 SYSTEMPATH\View\View.php(231): CodeIgniter\View\View->CodeIgniter\View\{closure}()
 6 SYSTEMPATH\View\View.php(469): CodeIgniter\View\View->render('partials/topbar', null, true)
 7 APPPATH\Views\partials\menu.php(1): CodeIgniter\View\View->include('partials/topbar')
 8 SYSTEMPATH\View\View.php(228): include('C:\\2023project\\aparus3\\app\\Views\\partials\\menu.php')
 9 SYSTEMPATH\View\View.php(231): CodeIgniter\View\View->CodeIgniter\View\{closure}()
10 SYSTEMPATH\View\View.php(469): CodeIgniter\View\View->render('partials/menu', null, true)
11 APPPATH\Views\report\statistik_gender.php(11): CodeIgniter\View\View->include('partials/menu')
12 SYSTEMPATH\View\View.php(228): include('C:\\2023project\\aparus3\\app\\Views\\report\\statistik_gender.php')
13 SYSTEMPATH\View\View.php(231): CodeIgniter\View\View->CodeIgniter\View\{closure}()
14 SYSTEMPATH\Common.php(1190): CodeIgniter\View\View->render('report/statistik_gender', [], true)
15 APPPATH\Controllers\ReportHunian.php(102): view('report/statistik_gender', [...])
16 SYSTEMPATH\CodeIgniter.php(942): App\Controllers\ReportHunian->statistikGender()
17 SYSTEMPATH\CodeIgniter.php(502): CodeIgniter\CodeIgniter->runController(Object(App\Controllers\ReportHunian))
18 SYSTEMPATH\CodeIgniter.php(361): CodeIgniter\CodeIgniter->handleRequest(null, Object(Config\Cache), false)
19 FCPATH\index.php(79): CodeIgniter\CodeIgniter->run()
20 SYSTEMPATH\Commands\Server\rewrite.php(47): require_once('C:\\2023project\\aparus3\\public\\index.php')
INFO - 2025-02-13 07:55:14 --> Session: Class initialized using 'CodeIgniter\Session\Handlers\FileHandler' driver.
INFO - 2025-02-13 07:55:14 --> Session: Class initialized using 'CodeIgniter\Session\Handlers\FileHandler' driver.
INFO - 2025-02-13 07:55:28 --> Session: Class initialized using 'CodeIgniter\Session\Handlers\FileHandler' driver.
WARNING - 2025-02-13 07:55:28 --> [DEPRECATED] Creation of dynamic property App\Controllers\ReportHunian::$session is deprecated in APPPATH\Controllers\BaseController.php on line 56.
 1 SYSTEMPATH\CodeIgniter.php(915): App\Controllers\BaseController->initController(Object(CodeIgniter\HTTP\IncomingRequest), Object(CodeIgniter\HTTP\Response), Object(CodeIgniter\Log\Logger))
 2 SYSTEMPATH\CodeIgniter.php(493): CodeIgniter\CodeIgniter->createController()
 3 SYSTEMPATH\CodeIgniter.php(361): CodeIgniter\CodeIgniter->handleRequest(null, Object(Config\Cache), false)
 4 FCPATH\index.php(79): CodeIgniter\CodeIgniter->run()
 5 SYSTEMPATH\Commands\Server\rewrite.php(47): require_once('C:\\2023project\\aparus3\\public\\index.php')
WARNING - 2025-02-13 07:55:28 --> [DEPRECATED] Creation of dynamic property App\Controllers\Shortcut::$session is deprecated in APPPATH\Controllers\BaseController.php on line 56.
 1 SYSTEMPATH\View\Cell.php(96): App\Controllers\BaseController->initController(Object(CodeIgniter\HTTP\IncomingRequest), Object(CodeIgniter\HTTP\Response), Object(CodeIgniter\Log\Logger))
 2 SYSTEMPATH\Common.php(1206): CodeIgniter\View\Cell->render('App\\Controllers\\Shortcut::loadShortcut', [], 0, 'AppControllersShortcutloadShortcut40cd750bba9870f18aada2478b24840a')
 3 APPPATH\Views\partials\topbar.php(157): view_cell('App\\Controllers\\Shortcut::loadShortcut')
 4 SYSTEMPATH\View\View.php(228): include('C:\\2023project\\aparus3\\app\\Views\\partials\\topbar.php')
 5 SYSTEMPATH\View\View.php(231): CodeIgniter\View\View->CodeIgniter\View\{closure}()
 6 SYSTEMPATH\View\View.php(469): CodeIgniter\View\View->render('partials/topbar', null, true)
 7 APPPATH\Views\partials\menu.php(1): CodeIgniter\View\View->include('partials/topbar')
 8 SYSTEMPATH\View\View.php(228): include('C:\\2023project\\aparus3\\app\\Views\\partials\\menu.php')
 9 SYSTEMPATH\View\View.php(231): CodeIgniter\View\View->CodeIgniter\View\{closure}()
10 SYSTEMPATH\View\View.php(469): CodeIgniter\View\View->render('partials/menu', null, true)
11 APPPATH\Views\report\penghuni.php(11): CodeIgniter\View\View->include('partials/menu')
12 SYSTEMPATH\View\View.php(228): include('C:\\2023project\\aparus3\\app\\Views\\report\\penghuni.php')
13 SYSTEMPATH\View\View.php(231): CodeIgniter\View\View->CodeIgniter\View\{closure}()
14 SYSTEMPATH\Common.php(1190): CodeIgniter\View\View->render('report/penghuni', [], true)
15 APPPATH\Controllers\ReportHunian.php(61): view('report/penghuni', [...])
16 SYSTEMPATH\CodeIgniter.php(942): App\Controllers\ReportHunian->penghuni()
17 SYSTEMPATH\CodeIgniter.php(502): CodeIgniter\CodeIgniter->runController(Object(App\Controllers\ReportHunian))
18 SYSTEMPATH\CodeIgniter.php(361): CodeIgniter\CodeIgniter->handleRequest(null, Object(Config\Cache), false)
19 FCPATH\index.php(79): CodeIgniter\CodeIgniter->run()
20 SYSTEMPATH\Commands\Server\rewrite.php(47): require_once('C:\\2023project\\aparus3\\public\\index.php')
INFO - 2025-02-13 07:55:28 --> Session: Class initialized using 'CodeIgniter\Session\Handlers\FileHandler' driver.
INFO - 2025-02-13 07:55:28 --> Session: Class initialized using 'CodeIgniter\Session\Handlers\FileHandler' driver.
INFO - 2025-02-13 07:55:29 --> Session: Class initialized using 'CodeIgniter\Session\Handlers\FileHandler' driver.
INFO - 2025-02-13 07:55:29 --> Session: Class initialized using 'CodeIgniter\Session\Handlers\FileHandler' driver.
INFO - 2025-02-13 07:55:33 --> Session: Class initialized using 'CodeIgniter\Session\Handlers\FileHandler' driver.
WARNING - 2025-02-13 07:55:33 --> [DEPRECATED] Creation of dynamic property App\Controllers\ReportHunian::$session is deprecated in APPPATH\Controllers\BaseController.php on line 56.
 1 SYSTEMPATH\CodeIgniter.php(915): App\Controllers\BaseController->initController(Object(CodeIgniter\HTTP\IncomingRequest), Object(CodeIgniter\HTTP\Response), Object(CodeIgniter\Log\Logger))
 2 SYSTEMPATH\CodeIgniter.php(493): CodeIgniter\CodeIgniter->createController()
 3 SYSTEMPATH\CodeIgniter.php(361): CodeIgniter\CodeIgniter->handleRequest(null, Object(Config\Cache), false)
 4 FCPATH\index.php(79): CodeIgniter\CodeIgniter->run()
 5 SYSTEMPATH\Commands\Server\rewrite.php(47): require_once('C:\\2023project\\aparus3\\public\\index.php')
WARNING - 2025-02-13 07:55:33 --> [DEPRECATED] Creation of dynamic property App\Controllers\Shortcut::$session is deprecated in APPPATH\Controllers\BaseController.php on line 56.
 1 SYSTEMPATH\View\Cell.php(96): App\Controllers\BaseController->initController(Object(CodeIgniter\HTTP\IncomingRequest), Object(CodeIgniter\HTTP\Response), Object(CodeIgniter\Log\Logger))
 2 SYSTEMPATH\Common.php(1206): CodeIgniter\View\Cell->render('App\\Controllers\\Shortcut::loadShortcut', [], 0, 'AppControllersShortcutloadShortcut40cd750bba9870f18aada2478b24840a')
 3 APPPATH\Views\partials\topbar.php(157): view_cell('App\\Controllers\\Shortcut::loadShortcut')
 4 SYSTEMPATH\View\View.php(228): include('C:\\2023project\\aparus3\\app\\Views\\partials\\topbar.php')
 5 SYSTEMPATH\View\View.php(231): CodeIgniter\View\View->CodeIgniter\View\{closure}()
 6 SYSTEMPATH\View\View.php(469): CodeIgniter\View\View->render('partials/topbar', null, true)
 7 APPPATH\Views\partials\menu.php(1): CodeIgniter\View\View->include('partials/topbar')
 8 SYSTEMPATH\View\View.php(228): include('C:\\2023project\\aparus3\\app\\Views\\partials\\menu.php')
 9 SYSTEMPATH\View\View.php(231): CodeIgniter\View\View->CodeIgniter\View\{closure}()
10 SYSTEMPATH\View\View.php(469): CodeIgniter\View\View->render('partials/menu', null, true)
11 APPPATH\Views\report\statistik_gender.php(11): CodeIgniter\View\View->include('partials/menu')
12 SYSTEMPATH\View\View.php(228): include('C:\\2023project\\aparus3\\app\\Views\\report\\statistik_gender.php')
13 SYSTEMPATH\View\View.php(231): CodeIgniter\View\View->CodeIgniter\View\{closure}()
14 SYSTEMPATH\Common.php(1190): CodeIgniter\View\View->render('report/statistik_gender', [], true)
15 APPPATH\Controllers\ReportHunian.php(102): view('report/statistik_gender', [...])
16 SYSTEMPATH\CodeIgniter.php(942): App\Controllers\ReportHunian->statistikGender()
17 SYSTEMPATH\CodeIgniter.php(502): CodeIgniter\CodeIgniter->runController(Object(App\Controllers\ReportHunian))
18 SYSTEMPATH\CodeIgniter.php(361): CodeIgniter\CodeIgniter->handleRequest(null, Object(Config\Cache), false)
19 FCPATH\index.php(79): CodeIgniter\CodeIgniter->run()
20 SYSTEMPATH\Commands\Server\rewrite.php(47): require_once('C:\\2023project\\aparus3\\public\\index.php')
INFO - 2025-02-13 07:55:33 --> Session: Class initialized using 'CodeIgniter\Session\Handlers\FileHandler' driver.
INFO - 2025-02-13 07:55:33 --> Session: Class initialized using 'CodeIgniter\Session\Handlers\FileHandler' driver.
INFO - 2025-02-13 07:58:28 --> Session: Class initialized using 'CodeIgniter\Session\Handlers\FileHandler' driver.
WARNING - 2025-02-13 07:58:28 --> [DEPRECATED] Creation of dynamic property App\Controllers\ReportHunian::$session is deprecated in APPPATH\Controllers\BaseController.php on line 56.
 1 SYSTEMPATH\CodeIgniter.php(915): App\Controllers\BaseController->initController(Object(CodeIgniter\HTTP\IncomingRequest), Object(CodeIgniter\HTTP\Response), Object(CodeIgniter\Log\Logger))
 2 SYSTEMPATH\CodeIgniter.php(493): CodeIgniter\CodeIgniter->createController()
 3 SYSTEMPATH\CodeIgniter.php(361): CodeIgniter\CodeIgniter->handleRequest(null, Object(Config\Cache), false)
 4 FCPATH\index.php(79): CodeIgniter\CodeIgniter->run()
 5 SYSTEMPATH\Commands\Server\rewrite.php(47): require_once('C:\\2023project\\aparus3\\public\\index.php')
WARNING - 2025-02-13 07:58:28 --> [DEPRECATED] Creation of dynamic property App\Controllers\Shortcut::$session is deprecated in APPPATH\Controllers\BaseController.php on line 56.
 1 SYSTEMPATH\View\Cell.php(96): App\Controllers\BaseController->initController(Object(CodeIgniter\HTTP\IncomingRequest), Object(CodeIgniter\HTTP\Response), Object(CodeIgniter\Log\Logger))
 2 SYSTEMPATH\Common.php(1206): CodeIgniter\View\Cell->render('App\\Controllers\\Shortcut::loadShortcut', [], 0, 'AppControllersShortcutloadShortcut40cd750bba9870f18aada2478b24840a')
 3 APPPATH\Views\partials\topbar.php(157): view_cell('App\\Controllers\\Shortcut::loadShortcut')
 4 SYSTEMPATH\View\View.php(228): include('C:\\2023project\\aparus3\\app\\Views\\partials\\topbar.php')
 5 SYSTEMPATH\View\View.php(231): CodeIgniter\View\View->CodeIgniter\View\{closure}()
 6 SYSTEMPATH\View\View.php(469): CodeIgniter\View\View->render('partials/topbar', null, true)
 7 APPPATH\Views\partials\menu.php(1): CodeIgniter\View\View->include('partials/topbar')
 8 SYSTEMPATH\View\View.php(228): include('C:\\2023project\\aparus3\\app\\Views\\partials\\menu.php')
 9 SYSTEMPATH\View\View.php(231): CodeIgniter\View\View->CodeIgniter\View\{closure}()
10 SYSTEMPATH\View\View.php(469): CodeIgniter\View\View->render('partials/menu', null, true)
11 APPPATH\Views\report\statistik_gender.php(11): CodeIgniter\View\View->include('partials/menu')
12 SYSTEMPATH\View\View.php(228): include('C:\\2023project\\aparus3\\app\\Views\\report\\statistik_gender.php')
13 SYSTEMPATH\View\View.php(231): CodeIgniter\View\View->CodeIgniter\View\{closure}()
14 SYSTEMPATH\Common.php(1190): CodeIgniter\View\View->render('report/statistik_gender', [], true)
15 APPPATH\Controllers\ReportHunian.php(102): view('report/statistik_gender', [...])
16 SYSTEMPATH\CodeIgniter.php(942): App\Controllers\ReportHunian->statistikGender()
17 SYSTEMPATH\CodeIgniter.php(502): CodeIgniter\CodeIgniter->runController(Object(App\Controllers\ReportHunian))
18 SYSTEMPATH\CodeIgniter.php(361): CodeIgniter\CodeIgniter->handleRequest(null, Object(Config\Cache), false)
19 FCPATH\index.php(79): CodeIgniter\CodeIgniter->run()
20 SYSTEMPATH\Commands\Server\rewrite.php(47): require_once('C:\\2023project\\aparus3\\public\\index.php')
INFO - 2025-02-13 07:58:29 --> Session: Class initialized using 'CodeIgniter\Session\Handlers\FileHandler' driver.
INFO - 2025-02-13 07:58:29 --> Session: Class initialized using 'CodeIgniter\Session\Handlers\FileHandler' driver.
INFO - 2025-02-13 07:58:31 --> Session: Class initialized using 'CodeIgniter\Session\Handlers\FileHandler' driver.
WARNING - 2025-02-13 07:58:31 --> [DEPRECATED] Creation of dynamic property App\Controllers\ReportHunian::$session is deprecated in APPPATH\Controllers\BaseController.php on line 56.
 1 SYSTEMPATH\CodeIgniter.php(915): App\Controllers\BaseController->initController(Object(CodeIgniter\HTTP\IncomingRequest), Object(CodeIgniter\HTTP\Response), Object(CodeIgniter\Log\Logger))
 2 SYSTEMPATH\CodeIgniter.php(493): CodeIgniter\CodeIgniter->createController()
 3 SYSTEMPATH\CodeIgniter.php(361): CodeIgniter\CodeIgniter->handleRequest(null, Object(Config\Cache), false)
 4 FCPATH\index.php(79): CodeIgniter\CodeIgniter->run()
 5 SYSTEMPATH\Commands\Server\rewrite.php(47): require_once('C:\\2023project\\aparus3\\public\\index.php')
ERROR - 2025-02-13 07:58:31 --> mysqli_sql_exception: Unknown column 'aprs_penghuni.tanggallahir' in 'field list' in C:\2023project\aparus3\system\Database\MySQLi\Connection.php:306
Stack trace:
#0 C:\2023project\aparus3\system\Database\MySQLi\Connection.php(306): mysqli->query('SELECT `aprs_ma...', 0)
#1 C:\2023project\aparus3\system\Database\BaseConnection.php(693): CodeIgniter\Database\MySQLi\Connection->execute('SELECT `aprs_ma...')
#2 C:\2023project\aparus3\system\Database\BaseConnection.php(607): CodeIgniter\Database\BaseConnection->simpleQuery('SELECT `aprs_ma...')
#3 C:\2023project\aparus3\system\Database\BaseBuilder.php(1615): CodeIgniter\Database\BaseConnection->query('SELECT `aprs_ma...', Array, false)
#4 C:\2023project\aparus3\app\Models\ReportHunian_model.php(129): CodeIgniter\Database\BaseBuilder->get()
#5 C:\2023project\aparus3\app\Controllers\ReportHunian.php(111): App\Models\ReportHunian_model->getStatistikUmur(NULL)
#6 C:\2023project\aparus3\system\CodeIgniter.php(942): App\Controllers\ReportHunian->statistikUmur()
#7 C:\2023project\aparus3\system\CodeIgniter.php(502): CodeIgniter\CodeIgniter->runController(Object(App\Controllers\ReportHunian))
#8 C:\2023project\aparus3\system\CodeIgniter.php(361): CodeIgniter\CodeIgniter->handleRequest(NULL, Object(Config\Cache), false)
#9 C:\2023project\aparus3\public\index.php(79): CodeIgniter\CodeIgniter->run()
#10 C:\2023project\aparus3\system\Commands\Server\rewrite.php(47): require_once('C:\\2023project\\...')
#11 {main}
CRITICAL - 2025-02-13 07:58:31 --> Unknown column 'aprs_penghuni.tanggallahir' in 'field list'
in SYSTEMPATH\Database\BaseConnection.php on line 647.
 1 SYSTEMPATH\Database\BaseBuilder.php(1615): CodeIgniter\Database\BaseConnection->query('SELECT `aprs_master_rusun`.`rusun_id`, `aprs_master_rusun`.`rusun_nama` as `nama_rusun`, SUM(CASE 
                WHEN TIMESTAMPDIFF(YEAR, aprs_penghuni.tanggallahir, CURDATE()) <= 5 THEN 1 
                WHEN TIMESTAMPDIFF(YEAR, ak.tanggal_lahir, CURDATE()) <= 5 THEN 1
                ELSE 0 
            END) as balita, SUM(CASE 
                WHEN TIMESTAMPDIFF(YEAR, aprs_penghuni.tanggallahir, CURDATE()) BETWEEN 6 AND 16 THEN 1 
                WHEN TIMESTAMPDIFF(YEAR, ak.tanggal_lahir, CURDATE()) BETWEEN 6 AND 16 THEN 1
                ELSE 0 
            END) as remaja, SUM(CASE 
                WHEN TIMESTAMPDIFF(YEAR, aprs_penghuni.tanggallahir, CURDATE()) BETWEEN 17 AND 59 THEN 1 
                WHEN TIMESTAMPDIFF(YEAR, ak.tanggal_lahir, CURDATE()) BETWEEN 17 AND 59 THEN 1
                ELSE 0 
            END) as dewasa, SUM(CASE 
                WHEN TIMESTAMPDIFF(YEAR, aprs_penghuni.tanggallahir, CURDATE()) >= 60 THEN 1 
                WHEN TIMESTAMPDIFF(YEAR, ak.tanggal_lahir, CURDATE()) >= 60 THEN 1
                ELSE 0 
            END) as lansia, COUNT(DISTINCT CASE 
                WHEN aprs_penghuni.kode_penghuni IS NOT NULL THEN aprs_penghuni.kode_penghuni
                WHEN ak.id_anggotakeluarga IS NOT NULL THEN ak.id_anggotakeluarga 
            END) as total
FROM `aprs_master_rusun`
LEFT JOIN `aprs_penghuni` ON `aprs_master_rusun`.`rusun_id` = `aprs_penghuni`.`rusuntujuan`
LEFT JOIN `aprs_anggotakeluarga` `ak` ON `aprs_penghuni`.`kode_penghuni` = `ak`.`kode_penghuni`
GROUP BY `aprs_master_rusun`.`rusun_id`, `aprs_master_rusun`.`rusun_nama`', [], false)
 2 APPPATH\Models\ReportHunian_model.php(129): CodeIgniter\Database\BaseBuilder->get()
 3 APPPATH\Controllers\ReportHunian.php(111): App\Models\ReportHunian_model->getStatistikUmur(null)
 4 SYSTEMPATH\CodeIgniter.php(942): App\Controllers\ReportHunian->statistikUmur()
 5 SYSTEMPATH\CodeIgniter.php(502): CodeIgniter\CodeIgniter->runController(Object(App\Controllers\ReportHunian))
 6 SYSTEMPATH\CodeIgniter.php(361): CodeIgniter\CodeIgniter->handleRequest(null, Object(Config\Cache), false)
 7 FCPATH\index.php(79): CodeIgniter\CodeIgniter->run()
 8 SYSTEMPATH\Commands\Server\rewrite.php(47): require_once('C:\\2023project\\aparus3\\public\\index.php')
INFO - 2025-02-13 08:00:02 --> Session: Class initialized using 'CodeIgniter\Session\Handlers\FileHandler' driver.
WARNING - 2025-02-13 08:00:02 --> [DEPRECATED] Creation of dynamic property App\Controllers\ReportHunian::$session is deprecated in APPPATH\Controllers\BaseController.php on line 56.
 1 SYSTEMPATH\CodeIgniter.php(915): App\Controllers\BaseController->initController(Object(CodeIgniter\HTTP\IncomingRequest), Object(CodeIgniter\HTTP\Response), Object(CodeIgniter\Log\Logger))
 2 SYSTEMPATH\CodeIgniter.php(493): CodeIgniter\CodeIgniter->createController()
 3 SYSTEMPATH\CodeIgniter.php(361): CodeIgniter\CodeIgniter->handleRequest(null, Object(Config\Cache), false)
 4 FCPATH\index.php(79): CodeIgniter\CodeIgniter->run()
 5 SYSTEMPATH\Commands\Server\rewrite.php(47): require_once('C:\\2023project\\aparus3\\public\\index.php')
CRITICAL - 2025-02-13 08:00:02 --> Division by zero
in APPPATH\Views\report\statistik_umur.php on line 45.
 1 SYSTEMPATH\View\View.php(228): include()
 2 SYSTEMPATH\View\View.php(231): CodeIgniter\View\View->CodeIgniter\View\{closure}()
 3 SYSTEMPATH\Common.php(1190): CodeIgniter\View\View->render('report/statistik_umur', [], true)
 4 APPPATH\Controllers\ReportHunian.php(116): view('report/statistik_umur', [...])
 5 SYSTEMPATH\CodeIgniter.php(942): App\Controllers\ReportHunian->statistikUmur()
 6 SYSTEMPATH\CodeIgniter.php(502): CodeIgniter\CodeIgniter->runController(Object(App\Controllers\ReportHunian))
 7 SYSTEMPATH\CodeIgniter.php(361): CodeIgniter\CodeIgniter->handleRequest(null, Object(Config\Cache), false)
 8 FCPATH\index.php(79): CodeIgniter\CodeIgniter->run()
 9 SYSTEMPATH\Commands\Server\rewrite.php(47): require_once('C:\\2023project\\aparus3\\public\\index.php')
INFO - 2025-02-13 08:01:00 --> Session: Class initialized using 'CodeIgniter\Session\Handlers\FileHandler' driver.
WARNING - 2025-02-13 08:01:00 --> [DEPRECATED] Creation of dynamic property App\Controllers\ReportHunian::$session is deprecated in APPPATH\Controllers\BaseController.php on line 56.
 1 SYSTEMPATH\CodeIgniter.php(915): App\Controllers\BaseController->initController(Object(CodeIgniter\HTTP\IncomingRequest), Object(CodeIgniter\HTTP\Response), Object(CodeIgniter\Log\Logger))
 2 SYSTEMPATH\CodeIgniter.php(493): CodeIgniter\CodeIgniter->createController()
 3 SYSTEMPATH\CodeIgniter.php(361): CodeIgniter\CodeIgniter->handleRequest(null, Object(Config\Cache), false)
 4 FCPATH\index.php(79): CodeIgniter\CodeIgniter->run()
 5 SYSTEMPATH\Commands\Server\rewrite.php(47): require_once('C:\\2023project\\aparus3\\public\\index.php')
CRITICAL - 2025-02-13 08:01:00 --> Invalid file: "layouts/main.php"
in SYSTEMPATH\Exceptions\FrameworkException.php on line 39.
 1 SYSTEMPATH\View\View.php(216): CodeIgniter\Exceptions\FrameworkException::forInvalidFile('layouts/main.php')
 2 SYSTEMPATH\View\View.php(244): CodeIgniter\View\View->render('layouts/main', [], true)
 3 SYSTEMPATH\Common.php(1190): CodeIgniter\View\View->render('report/statistik_umur', [], true)
 4 APPPATH\Controllers\ReportHunian.php(116): view('report/statistik_umur', [...])
 5 SYSTEMPATH\CodeIgniter.php(942): App\Controllers\ReportHunian->statistikUmur()
 6 SYSTEMPATH\CodeIgniter.php(502): CodeIgniter\CodeIgniter->runController(Object(App\Controllers\ReportHunian))
 7 SYSTEMPATH\CodeIgniter.php(361): CodeIgniter\CodeIgniter->handleRequest(null, Object(Config\Cache), false)
 8 FCPATH\index.php(79): CodeIgniter\CodeIgniter->run()
 9 SYSTEMPATH\Commands\Server\rewrite.php(47): require_once('C:\\2023project\\aparus3\\public\\index.php')
INFO - 2025-02-13 08:05:06 --> Session: Class initialized using 'CodeIgniter\Session\Handlers\FileHandler' driver.
WARNING - 2025-02-13 08:05:06 --> [DEPRECATED] Creation of dynamic property App\Controllers\ReportHunian::$session is deprecated in APPPATH\Controllers\BaseController.php on line 56.
 1 SYSTEMPATH\CodeIgniter.php(915): App\Controllers\BaseController->initController(Object(CodeIgniter\HTTP\IncomingRequest), Object(CodeIgniter\HTTP\Response), Object(CodeIgniter\Log\Logger))
 2 SYSTEMPATH\CodeIgniter.php(493): CodeIgniter\CodeIgniter->createController()
 3 SYSTEMPATH\CodeIgniter.php(361): CodeIgniter\CodeIgniter->handleRequest(null, Object(Config\Cache), false)
 4 FCPATH\index.php(79): CodeIgniter\CodeIgniter->run()
 5 SYSTEMPATH\Commands\Server\rewrite.php(47): require_once('C:\\2023project\\aparus3\\public\\index.php')
CRITICAL - 2025-02-13 08:05:06 --> Invalid file: "layouts/main.php"
in SYSTEMPATH\Exceptions\FrameworkException.php on line 39.
 1 SYSTEMPATH\View\View.php(216): CodeIgniter\Exceptions\FrameworkException::forInvalidFile('layouts/main.php')
 2 SYSTEMPATH\View\View.php(244): CodeIgniter\View\View->render('layouts/main', [], true)
 3 SYSTEMPATH\Common.php(1190): CodeIgniter\View\View->render('report/statistik_umur', [], true)
 4 APPPATH\Controllers\ReportHunian.php(116): view('report/statistik_umur', [...])
 5 SYSTEMPATH\CodeIgniter.php(942): App\Controllers\ReportHunian->statistikUmur()
 6 SYSTEMPATH\CodeIgniter.php(502): CodeIgniter\CodeIgniter->runController(Object(App\Controllers\ReportHunian))
 7 SYSTEMPATH\CodeIgniter.php(361): CodeIgniter\CodeIgniter->handleRequest(null, Object(Config\Cache), false)
 8 FCPATH\index.php(79): CodeIgniter\CodeIgniter->run()
 9 SYSTEMPATH\Commands\Server\rewrite.php(47): require_once('C:\\2023project\\aparus3\\public\\index.php')
INFO - 2025-02-13 08:05:07 --> Session: Class initialized using 'CodeIgniter\Session\Handlers\FileHandler' driver.
WARNING - 2025-02-13 08:05:07 --> [DEPRECATED] Creation of dynamic property App\Controllers\ReportHunian::$session is deprecated in APPPATH\Controllers\BaseController.php on line 56.
 1 SYSTEMPATH\CodeIgniter.php(915): App\Controllers\BaseController->initController(Object(CodeIgniter\HTTP\IncomingRequest), Object(CodeIgniter\HTTP\Response), Object(CodeIgniter\Log\Logger))
 2 SYSTEMPATH\CodeIgniter.php(493): CodeIgniter\CodeIgniter->createController()
 3 SYSTEMPATH\CodeIgniter.php(361): CodeIgniter\CodeIgniter->handleRequest(null, Object(Config\Cache), false)
 4 FCPATH\index.php(79): CodeIgniter\CodeIgniter->run()
 5 SYSTEMPATH\Commands\Server\rewrite.php(47): require_once('C:\\2023project\\aparus3\\public\\index.php')
CRITICAL - 2025-02-13 08:05:07 --> Invalid file: "layouts/main.php"
in SYSTEMPATH\Exceptions\FrameworkException.php on line 39.
 1 SYSTEMPATH\View\View.php(216): CodeIgniter\Exceptions\FrameworkException::forInvalidFile('layouts/main.php')
 2 SYSTEMPATH\View\View.php(244): CodeIgniter\View\View->render('layouts/main', [], true)
 3 SYSTEMPATH\Common.php(1190): CodeIgniter\View\View->render('report/statistik_umur', [], true)
 4 APPPATH\Controllers\ReportHunian.php(116): view('report/statistik_umur', [...])
 5 SYSTEMPATH\CodeIgniter.php(942): App\Controllers\ReportHunian->statistikUmur()
 6 SYSTEMPATH\CodeIgniter.php(502): CodeIgniter\CodeIgniter->runController(Object(App\Controllers\ReportHunian))
 7 SYSTEMPATH\CodeIgniter.php(361): CodeIgniter\CodeIgniter->handleRequest(null, Object(Config\Cache), false)
 8 FCPATH\index.php(79): CodeIgniter\CodeIgniter->run()
 9 SYSTEMPATH\Commands\Server\rewrite.php(47): require_once('C:\\2023project\\aparus3\\public\\index.php')
INFO - 2025-02-13 08:05:14 --> Session: Class initialized using 'CodeIgniter\Session\Handlers\FileHandler' driver.
WARNING - 2025-02-13 08:05:14 --> [DEPRECATED] Creation of dynamic property App\Controllers\ReportHunian::$session is deprecated in APPPATH\Controllers\BaseController.php on line 56.
 1 SYSTEMPATH\CodeIgniter.php(915): App\Controllers\BaseController->initController(Object(CodeIgniter\HTTP\IncomingRequest), Object(CodeIgniter\HTTP\Response), Object(CodeIgniter\Log\Logger))
 2 SYSTEMPATH\CodeIgniter.php(493): CodeIgniter\CodeIgniter->createController()
 3 SYSTEMPATH\CodeIgniter.php(361): CodeIgniter\CodeIgniter->handleRequest(null, Object(Config\Cache), false)
 4 FCPATH\index.php(79): CodeIgniter\CodeIgniter->run()
 5 SYSTEMPATH\Commands\Server\rewrite.php(47): require_once('C:\\2023project\\aparus3\\public\\index.php')
WARNING - 2025-02-13 08:05:14 --> [DEPRECATED] Creation of dynamic property App\Controllers\Shortcut::$session is deprecated in APPPATH\Controllers\BaseController.php on line 56.
 1 SYSTEMPATH\View\Cell.php(96): App\Controllers\BaseController->initController(Object(CodeIgniter\HTTP\IncomingRequest), Object(CodeIgniter\HTTP\Response), Object(CodeIgniter\Log\Logger))
 2 SYSTEMPATH\Common.php(1206): CodeIgniter\View\Cell->render('App\\Controllers\\Shortcut::loadShortcut', [], 0, 'AppControllersShortcutloadShortcut40cd750bba9870f18aada2478b24840a')
 3 APPPATH\Views\partials\topbar.php(157): view_cell('App\\Controllers\\Shortcut::loadShortcut')
 4 SYSTEMPATH\View\View.php(228): include('C:\\2023project\\aparus3\\app\\Views\\partials\\topbar.php')
 5 SYSTEMPATH\View\View.php(231): CodeIgniter\View\View->CodeIgniter\View\{closure}()
 6 SYSTEMPATH\View\View.php(469): CodeIgniter\View\View->render('partials/topbar', null, true)
 7 APPPATH\Views\partials\menu.php(1): CodeIgniter\View\View->include('partials/topbar')
 8 SYSTEMPATH\View\View.php(228): include('C:\\2023project\\aparus3\\app\\Views\\partials\\menu.php')
 9 SYSTEMPATH\View\View.php(231): CodeIgniter\View\View->CodeIgniter\View\{closure}()
10 SYSTEMPATH\View\View.php(469): CodeIgniter\View\View->render('partials/menu', null, true)
11 APPPATH\Views\report\statistik_gender.php(11): CodeIgniter\View\View->include('partials/menu')
12 SYSTEMPATH\View\View.php(228): include('C:\\2023project\\aparus3\\app\\Views\\report\\statistik_gender.php')
13 SYSTEMPATH\View\View.php(231): CodeIgniter\View\View->CodeIgniter\View\{closure}()
14 SYSTEMPATH\Common.php(1190): CodeIgniter\View\View->render('report/statistik_gender', [], true)
15 APPPATH\Controllers\ReportHunian.php(102): view('report/statistik_gender', [...])
16 SYSTEMPATH\CodeIgniter.php(942): App\Controllers\ReportHunian->statistikGender()
17 SYSTEMPATH\CodeIgniter.php(502): CodeIgniter\CodeIgniter->runController(Object(App\Controllers\ReportHunian))
18 SYSTEMPATH\CodeIgniter.php(361): CodeIgniter\CodeIgniter->handleRequest(null, Object(Config\Cache), false)
19 FCPATH\index.php(79): CodeIgniter\CodeIgniter->run()
20 SYSTEMPATH\Commands\Server\rewrite.php(47): require_once('C:\\2023project\\aparus3\\public\\index.php')
INFO - 2025-02-13 08:05:14 --> Session: Class initialized using 'CodeIgniter\Session\Handlers\FileHandler' driver.
INFO - 2025-02-13 08:05:15 --> Session: Class initialized using 'CodeIgniter\Session\Handlers\FileHandler' driver.
INFO - 2025-02-13 08:05:18 --> Session: Class initialized using 'CodeIgniter\Session\Handlers\FileHandler' driver.
WARNING - 2025-02-13 08:05:18 --> [DEPRECATED] Creation of dynamic property App\Controllers\ReportHunian::$session is deprecated in APPPATH\Controllers\BaseController.php on line 56.
 1 SYSTEMPATH\CodeIgniter.php(915): App\Controllers\BaseController->initController(Object(CodeIgniter\HTTP\IncomingRequest), Object(CodeIgniter\HTTP\Response), Object(CodeIgniter\Log\Logger))
 2 SYSTEMPATH\CodeIgniter.php(493): CodeIgniter\CodeIgniter->createController()
 3 SYSTEMPATH\CodeIgniter.php(361): CodeIgniter\CodeIgniter->handleRequest(null, Object(Config\Cache), false)
 4 FCPATH\index.php(79): CodeIgniter\CodeIgniter->run()
 5 SYSTEMPATH\Commands\Server\rewrite.php(47): require_once('C:\\2023project\\aparus3\\public\\index.php')
WARNING - 2025-02-13 08:05:18 --> [DEPRECATED] Creation of dynamic property App\Controllers\Shortcut::$session is deprecated in APPPATH\Controllers\BaseController.php on line 56.
 1 SYSTEMPATH\View\Cell.php(96): App\Controllers\BaseController->initController(Object(CodeIgniter\HTTP\IncomingRequest), Object(CodeIgniter\HTTP\Response), Object(CodeIgniter\Log\Logger))
 2 SYSTEMPATH\Common.php(1206): CodeIgniter\View\Cell->render('App\\Controllers\\Shortcut::loadShortcut', [], 0, 'AppControllersShortcutloadShortcut40cd750bba9870f18aada2478b24840a')
 3 APPPATH\Views\partials\topbar.php(157): view_cell('App\\Controllers\\Shortcut::loadShortcut')
 4 SYSTEMPATH\View\View.php(228): include('C:\\2023project\\aparus3\\app\\Views\\partials\\topbar.php')
 5 SYSTEMPATH\View\View.php(231): CodeIgniter\View\View->CodeIgniter\View\{closure}()
 6 SYSTEMPATH\View\View.php(469): CodeIgniter\View\View->render('partials/topbar', null, true)
 7 APPPATH\Views\partials\menu.php(1): CodeIgniter\View\View->include('partials/topbar')
 8 SYSTEMPATH\View\View.php(228): include('C:\\2023project\\aparus3\\app\\Views\\partials\\menu.php')
 9 SYSTEMPATH\View\View.php(231): CodeIgniter\View\View->CodeIgniter\View\{closure}()
10 SYSTEMPATH\View\View.php(469): CodeIgniter\View\View->render('partials/menu', null, true)
11 APPPATH\Views\report\statistik_gender.php(11): CodeIgniter\View\View->include('partials/menu')
12 SYSTEMPATH\View\View.php(228): include('C:\\2023project\\aparus3\\app\\Views\\report\\statistik_gender.php')
13 SYSTEMPATH\View\View.php(231): CodeIgniter\View\View->CodeIgniter\View\{closure}()
14 SYSTEMPATH\Common.php(1190): CodeIgniter\View\View->render('report/statistik_gender', [], true)
15 APPPATH\Controllers\ReportHunian.php(102): view('report/statistik_gender', [...])
16 SYSTEMPATH\CodeIgniter.php(942): App\Controllers\ReportHunian->statistikGender()
17 SYSTEMPATH\CodeIgniter.php(502): CodeIgniter\CodeIgniter->runController(Object(App\Controllers\ReportHunian))
18 SYSTEMPATH\CodeIgniter.php(361): CodeIgniter\CodeIgniter->handleRequest(null, Object(Config\Cache), false)
19 FCPATH\index.php(79): CodeIgniter\CodeIgniter->run()
20 SYSTEMPATH\Commands\Server\rewrite.php(47): require_once('C:\\2023project\\aparus3\\public\\index.php')
INFO - 2025-02-13 08:05:18 --> Session: Class initialized using 'CodeIgniter\Session\Handlers\FileHandler' driver.
INFO - 2025-02-13 08:05:18 --> Session: Class initialized using 'CodeIgniter\Session\Handlers\FileHandler' driver.
INFO - 2025-02-13 08:05:21 --> Session: Class initialized using 'CodeIgniter\Session\Handlers\FileHandler' driver.
WARNING - 2025-02-13 08:05:21 --> [DEPRECATED] Creation of dynamic property App\Controllers\ReportHunian::$session is deprecated in APPPATH\Controllers\BaseController.php on line 56.
 1 SYSTEMPATH\CodeIgniter.php(915): App\Controllers\BaseController->initController(Object(CodeIgniter\HTTP\IncomingRequest), Object(CodeIgniter\HTTP\Response), Object(CodeIgniter\Log\Logger))
 2 SYSTEMPATH\CodeIgniter.php(493): CodeIgniter\CodeIgniter->createController()
 3 SYSTEMPATH\CodeIgniter.php(361): CodeIgniter\CodeIgniter->handleRequest(null, Object(Config\Cache), false)
 4 FCPATH\index.php(79): CodeIgniter\CodeIgniter->run()
 5 SYSTEMPATH\Commands\Server\rewrite.php(47): require_once('C:\\2023project\\aparus3\\public\\index.php')
CRITICAL - 2025-02-13 08:05:21 --> Invalid file: "layouts/main.php"
in SYSTEMPATH\Exceptions\FrameworkException.php on line 39.
 1 SYSTEMPATH\View\View.php(216): CodeIgniter\Exceptions\FrameworkException::forInvalidFile('layouts/main.php')
 2 SYSTEMPATH\View\View.php(244): CodeIgniter\View\View->render('layouts/main', [], true)
 3 SYSTEMPATH\Common.php(1190): CodeIgniter\View\View->render('report/statistik_umur', [], true)
 4 APPPATH\Controllers\ReportHunian.php(116): view('report/statistik_umur', [...])
 5 SYSTEMPATH\CodeIgniter.php(942): App\Controllers\ReportHunian->statistikUmur()
 6 SYSTEMPATH\CodeIgniter.php(502): CodeIgniter\CodeIgniter->runController(Object(App\Controllers\ReportHunian))
 7 SYSTEMPATH\CodeIgniter.php(361): CodeIgniter\CodeIgniter->handleRequest(null, Object(Config\Cache), false)
 8 FCPATH\index.php(79): CodeIgniter\CodeIgniter->run()
 9 SYSTEMPATH\Commands\Server\rewrite.php(47): require_once('C:\\2023project\\aparus3\\public\\index.php')
INFO - 2025-02-13 08:07:15 --> Session: Class initialized using 'CodeIgniter\Session\Handlers\FileHandler' driver.
WARNING - 2025-02-13 08:07:15 --> [DEPRECATED] Creation of dynamic property App\Controllers\ReportHunian::$session is deprecated in APPPATH\Controllers\BaseController.php on line 56.
 1 SYSTEMPATH\CodeIgniter.php(915): App\Controllers\BaseController->initController(Object(CodeIgniter\HTTP\IncomingRequest), Object(CodeIgniter\HTTP\Response), Object(CodeIgniter\Log\Logger))
 2 SYSTEMPATH\CodeIgniter.php(493): CodeIgniter\CodeIgniter->createController()
 3 SYSTEMPATH\CodeIgniter.php(361): CodeIgniter\CodeIgniter->handleRequest(null, Object(Config\Cache), false)
 4 FCPATH\index.php(79): CodeIgniter\CodeIgniter->run()
 5 SYSTEMPATH\Commands\Server\rewrite.php(47): require_once('C:\\2023project\\aparus3\\public\\index.php')
WARNING - 2025-02-13 08:07:15 --> [DEPRECATED] Creation of dynamic property App\Controllers\Shortcut::$session is deprecated in APPPATH\Controllers\BaseController.php on line 56.
 1 SYSTEMPATH\View\Cell.php(96): App\Controllers\BaseController->initController(Object(CodeIgniter\HTTP\IncomingRequest), Object(CodeIgniter\HTTP\Response), Object(CodeIgniter\Log\Logger))
 2 SYSTEMPATH\Common.php(1206): CodeIgniter\View\Cell->render('App\\Controllers\\Shortcut::loadShortcut', [], 0, 'AppControllersShortcutloadShortcut40cd750bba9870f18aada2478b24840a')
 3 APPPATH\Views\partials\topbar.php(157): view_cell('App\\Controllers\\Shortcut::loadShortcut')
 4 SYSTEMPATH\View\View.php(228): include('C:\\2023project\\aparus3\\app\\Views\\partials\\topbar.php')
 5 SYSTEMPATH\View\View.php(231): CodeIgniter\View\View->CodeIgniter\View\{closure}()
 6 SYSTEMPATH\View\View.php(469): CodeIgniter\View\View->render('partials/topbar', null, true)
 7 APPPATH\Views\partials\menu.php(1): CodeIgniter\View\View->include('partials/topbar')
 8 SYSTEMPATH\View\View.php(228): include('C:\\2023project\\aparus3\\app\\Views\\partials\\menu.php')
 9 SYSTEMPATH\View\View.php(231): CodeIgniter\View\View->CodeIgniter\View\{closure}()
10 SYSTEMPATH\View\View.php(469): CodeIgniter\View\View->render('partials/menu', null, true)
11 APPPATH\Views\report\statistik_umur.php(11): CodeIgniter\View\View->include('partials/menu')
12 SYSTEMPATH\View\View.php(228): include('C:\\2023project\\aparus3\\app\\Views\\report\\statistik_umur.php')
13 SYSTEMPATH\View\View.php(231): CodeIgniter\View\View->CodeIgniter\View\{closure}()
14 SYSTEMPATH\Common.php(1190): CodeIgniter\View\View->render('report/statistik_umur', [], true)
15 APPPATH\Controllers\ReportHunian.php(116): view('report/statistik_umur', [...])
16 SYSTEMPATH\CodeIgniter.php(942): App\Controllers\ReportHunian->statistikUmur()
17 SYSTEMPATH\CodeIgniter.php(502): CodeIgniter\CodeIgniter->runController(Object(App\Controllers\ReportHunian))
18 SYSTEMPATH\CodeIgniter.php(361): CodeIgniter\CodeIgniter->handleRequest(null, Object(Config\Cache), false)
19 FCPATH\index.php(79): CodeIgniter\CodeIgniter->run()
20 SYSTEMPATH\Commands\Server\rewrite.php(47): require_once('C:\\2023project\\aparus3\\public\\index.php')
CRITICAL - 2025-02-13 08:07:15 --> View themes, no current section.
in SYSTEMPATH\View\View.php on line 425.
 1 APPPATH\Views\report\statistik_umur.php(97): CodeIgniter\View\View->endSection()
 2 SYSTEMPATH\View\View.php(228): include('C:\\2023project\\aparus3\\app\\Views\\report\\statistik_umur.php')
 3 SYSTEMPATH\View\View.php(231): CodeIgniter\View\View->CodeIgniter\View\{closure}()
 4 SYSTEMPATH\Common.php(1190): CodeIgniter\View\View->render('report/statistik_umur', [], true)
 5 APPPATH\Controllers\ReportHunian.php(116): view('report/statistik_umur', [...])
 6 SYSTEMPATH\CodeIgniter.php(942): App\Controllers\ReportHunian->statistikUmur()
 7 SYSTEMPATH\CodeIgniter.php(502): CodeIgniter\CodeIgniter->runController(Object(App\Controllers\ReportHunian))
 8 SYSTEMPATH\CodeIgniter.php(361): CodeIgniter\CodeIgniter->handleRequest(null, Object(Config\Cache), false)
 9 FCPATH\index.php(79): CodeIgniter\CodeIgniter->run()
10 SYSTEMPATH\Commands\Server\rewrite.php(47): require_once('C:\\2023project\\aparus3\\public\\index.php')
INFO - 2025-02-13 08:08:41 --> Session: Class initialized using 'CodeIgniter\Session\Handlers\FileHandler' driver.
WARNING - 2025-02-13 08:08:41 --> [DEPRECATED] Creation of dynamic property App\Controllers\ReportHunian::$session is deprecated in APPPATH\Controllers\BaseController.php on line 56.
 1 SYSTEMPATH\CodeIgniter.php(915): App\Controllers\BaseController->initController(Object(CodeIgniter\HTTP\IncomingRequest), Object(CodeIgniter\HTTP\Response), Object(CodeIgniter\Log\Logger))
 2 SYSTEMPATH\CodeIgniter.php(493): CodeIgniter\CodeIgniter->createController()
 3 SYSTEMPATH\CodeIgniter.php(361): CodeIgniter\CodeIgniter->handleRequest(null, Object(Config\Cache), false)
 4 FCPATH\index.php(79): CodeIgniter\CodeIgniter->run()
 5 SYSTEMPATH\Commands\Server\rewrite.php(47): require_once('C:\\2023project\\aparus3\\public\\index.php')
WARNING - 2025-02-13 08:08:41 --> [DEPRECATED] Creation of dynamic property App\Controllers\Shortcut::$session is deprecated in APPPATH\Controllers\BaseController.php on line 56.
 1 SYSTEMPATH\View\Cell.php(96): App\Controllers\BaseController->initController(Object(CodeIgniter\HTTP\IncomingRequest), Object(CodeIgniter\HTTP\Response), Object(CodeIgniter\Log\Logger))
 2 SYSTEMPATH\Common.php(1206): CodeIgniter\View\Cell->render('App\\Controllers\\Shortcut::loadShortcut', [], 0, 'AppControllersShortcutloadShortcut40cd750bba9870f18aada2478b24840a')
 3 APPPATH\Views\partials\topbar.php(157): view_cell('App\\Controllers\\Shortcut::loadShortcut')
 4 SYSTEMPATH\View\View.php(228): include('C:\\2023project\\aparus3\\app\\Views\\partials\\topbar.php')
 5 SYSTEMPATH\View\View.php(231): CodeIgniter\View\View->CodeIgniter\View\{closure}()
 6 SYSTEMPATH\View\View.php(469): CodeIgniter\View\View->render('partials/topbar', null, true)
 7 APPPATH\Views\partials\menu.php(1): CodeIgniter\View\View->include('partials/topbar')
 8 SYSTEMPATH\View\View.php(228): include('C:\\2023project\\aparus3\\app\\Views\\partials\\menu.php')
 9 SYSTEMPATH\View\View.php(231): CodeIgniter\View\View->CodeIgniter\View\{closure}()
10 SYSTEMPATH\View\View.php(469): CodeIgniter\View\View->render('partials/menu', null, true)
11 APPPATH\Views\report\statistik_umur.php(11): CodeIgniter\View\View->include('partials/menu')
12 SYSTEMPATH\View\View.php(228): include('C:\\2023project\\aparus3\\app\\Views\\report\\statistik_umur.php')
13 SYSTEMPATH\View\View.php(231): CodeIgniter\View\View->CodeIgniter\View\{closure}()
14 SYSTEMPATH\Common.php(1190): CodeIgniter\View\View->render('report/statistik_umur', [], true)
15 APPPATH\Controllers\ReportHunian.php(116): view('report/statistik_umur', [...])
16 SYSTEMPATH\CodeIgniter.php(942): App\Controllers\ReportHunian->statistikUmur()
17 SYSTEMPATH\CodeIgniter.php(502): CodeIgniter\CodeIgniter->runController(Object(App\Controllers\ReportHunian))
18 SYSTEMPATH\CodeIgniter.php(361): CodeIgniter\CodeIgniter->handleRequest(null, Object(Config\Cache), false)
19 FCPATH\index.php(79): CodeIgniter\CodeIgniter->run()
20 SYSTEMPATH\Commands\Server\rewrite.php(47): require_once('C:\\2023project\\aparus3\\public\\index.php')
INFO - 2025-02-13 08:08:42 --> Session: Class initialized using 'CodeIgniter\Session\Handlers\FileHandler' driver.
INFO - 2025-02-13 08:08:42 --> Session: Class initialized using 'CodeIgniter\Session\Handlers\FileHandler' driver.
