INFO - 2023-12-06 18:23:39 --> Session: Class initialized using 'CodeIgniter\Session\Handlers\FileHandler' driver.
INFO - 2023-12-06 18:23:40 --> Session: Class initialized using 'CodeIgniter\Session\Handlers\FileHandler' driver.
INFO - 2023-12-06 18:23:47 --> Session: Class initialized using 'CodeIgniter\Session\Handlers\FileHandler' driver.
INFO - 2023-12-06 18:23:48 --> Session: Class initialized using 'CodeIgniter\Session\Handlers\FileHandler' driver.
INFO - 2023-12-06 18:25:01 --> Session: Class initialized using 'CodeIgniter\Session\Handlers\FileHandler' driver.
INFO - 2023-12-06 18:28:07 --> Session: Class initialized using 'CodeIgniter\Session\Handlers\FileHandler' driver.
INFO - 2023-12-06 18:28:11 --> Session: Class initialized using 'CodeIgniter\Session\Handlers\FileHandler' driver.
INFO - 2023-12-06 18:29:29 --> Session: Class initialized using 'CodeIgniter\Session\Handlers\FileHandler' driver.
CRITICAL - 2023-12-06 18:29:29 --> Invalid file: "\Modules\Aduan\Views\list.php"
in SYSTEMPATH\Exceptions\FrameworkException.php on line 39.
 1 SYSTEMPATH\View\View.php(216): CodeIgniter\Exceptions\FrameworkException::forInvalidFile('\\Modules\\Aduan\\Views\\list.php')
 2 SYSTEMPATH\Common.php(1190): CodeIgniter\View\View->render('\\Modules\\Aduan\\Views\\list', [], true)
 3 APPPATH\Controllers\Aduan.php(26): view('\\Modules\\Aduan\\Views\\list', [...])
 4 SYSTEMPATH\CodeIgniter.php(942): App\Controllers\Aduan->list()
 5 SYSTEMPATH\CodeIgniter.php(502): CodeIgniter\CodeIgniter->runController(Object(App\Controllers\Aduan))
 6 SYSTEMPATH\CodeIgniter.php(361): CodeIgniter\CodeIgniter->handleRequest(null, Object(Config\Cache), false)
 7 FCPATH\index.php(79): CodeIgniter\CodeIgniter->run()
 8 SYSTEMPATH\Commands\Server\rewrite.php(47): require_once('C:\\2023project\\aparus\\public\\index.php')
INFO - 2023-12-06 18:29:55 --> Session: Class initialized using 'CodeIgniter\Session\Handlers\FileHandler' driver.
CRITICAL - 2023-12-06 18:29:55 --> Invalid file: "../../themes/main.php"
in SYSTEMPATH\Exceptions\FrameworkException.php on line 39.
 1 SYSTEMPATH\View\View.php(216): CodeIgniter\Exceptions\FrameworkException::forInvalidFile('../../themes/main.php')
 2 SYSTEMPATH\View\View.php(469): CodeIgniter\View\View->render('../../themes/main', null, true)
 3 APPPATH\Views\aduan\list.php(1): CodeIgniter\View\View->include('../../themes/main')
 4 SYSTEMPATH\View\View.php(228): include('C:\\2023project\\aparus\\app\\Views\\aduan\\list.php')
 5 SYSTEMPATH\View\View.php(231): CodeIgniter\View\View->CodeIgniter\View\{closure}()
 6 SYSTEMPATH\Common.php(1190): CodeIgniter\View\View->render('Aduan\\list', [], true)
 7 APPPATH\Controllers\Aduan.php(26): view('Aduan\\list', [...])
 8 SYSTEMPATH\CodeIgniter.php(942): App\Controllers\Aduan->list()
 9 SYSTEMPATH\CodeIgniter.php(502): CodeIgniter\CodeIgniter->runController(Object(App\Controllers\Aduan))
10 SYSTEMPATH\CodeIgniter.php(361): CodeIgniter\CodeIgniter->handleRequest(null, Object(Config\Cache), false)
11 FCPATH\index.php(79): CodeIgniter\CodeIgniter->run()
12 SYSTEMPATH\Commands\Server\rewrite.php(47): require_once('C:\\2023project\\aparus\\public\\index.php')
INFO - 2023-12-06 18:30:45 --> Session: Class initialized using 'CodeIgniter\Session\Handlers\FileHandler' driver.
CRITICAL - 2023-12-06 18:30:45 --> Invalid file: "../../themes/main.php"
in SYSTEMPATH\Exceptions\FrameworkException.php on line 39.
 1 SYSTEMPATH\View\View.php(216): CodeIgniter\Exceptions\FrameworkException::forInvalidFile('../../themes/main.php')
 2 SYSTEMPATH\View\View.php(469): CodeIgniter\View\View->render('../../themes/main', null, true)
 3 APPPATH\Views\aduan\list.php(1): CodeIgniter\View\View->include('../../themes/main')
 4 SYSTEMPATH\View\View.php(228): include('C:\\2023project\\aparus\\app\\Views\\aduan\\list.php')
 5 SYSTEMPATH\View\View.php(231): CodeIgniter\View\View->CodeIgniter\View\{closure}()
 6 SYSTEMPATH\Common.php(1190): CodeIgniter\View\View->render('Aduan\\list', [], true)
 7 APPPATH\Controllers\Aduan.php(26): view('Aduan\\list', [...])
 8 SYSTEMPATH\CodeIgniter.php(942): App\Controllers\Aduan->list()
 9 SYSTEMPATH\CodeIgniter.php(502): CodeIgniter\CodeIgniter->runController(Object(App\Controllers\Aduan))
10 SYSTEMPATH\CodeIgniter.php(361): CodeIgniter\CodeIgniter->handleRequest(null, Object(Config\Cache), false)
11 FCPATH\index.php(79): CodeIgniter\CodeIgniter->run()
12 SYSTEMPATH\Commands\Server\rewrite.php(47): require_once('C:\\2023project\\aparus\\public\\index.php')
INFO - 2023-12-06 18:35:56 --> Session: Class initialized using 'CodeIgniter\Session\Handlers\FileHandler' driver.
CRITICAL - 2023-12-06 18:35:56 --> Invalid file: "../../themes/head-css.php"
in SYSTEMPATH\Exceptions\FrameworkException.php on line 39.
 1 SYSTEMPATH\View\View.php(216): CodeIgniter\Exceptions\FrameworkException::forInvalidFile('../../themes/head-css.php')
 2 SYSTEMPATH\View\View.php(469): CodeIgniter\View\View->render('../../themes/head-css', null, true)
 3 APPPATH\Views\aduan\list.php(7): CodeIgniter\View\View->include('../../themes/head-css')
 4 SYSTEMPATH\View\View.php(228): include('C:\\2023project\\aparus\\app\\Views\\aduan\\list.php')
 5 SYSTEMPATH\View\View.php(231): CodeIgniter\View\View->CodeIgniter\View\{closure}()
 6 SYSTEMPATH\Common.php(1190): CodeIgniter\View\View->render('Aduan\\list', [], true)
 7 APPPATH\Controllers\Aduan.php(26): view('Aduan\\list', [...])
 8 SYSTEMPATH\CodeIgniter.php(942): App\Controllers\Aduan->list()
 9 SYSTEMPATH\CodeIgniter.php(502): CodeIgniter\CodeIgniter->runController(Object(App\Controllers\Aduan))
10 SYSTEMPATH\CodeIgniter.php(361): CodeIgniter\CodeIgniter->handleRequest(null, Object(Config\Cache), false)
11 FCPATH\index.php(79): CodeIgniter\CodeIgniter->run()
12 SYSTEMPATH\Commands\Server\rewrite.php(47): require_once('C:\\2023project\\aparus\\public\\index.php')
INFO - 2023-12-06 18:36:12 --> Session: Class initialized using 'CodeIgniter\Session\Handlers\FileHandler' driver.
CRITICAL - 2023-12-06 18:36:12 --> Invalid file: "../../themes/menu.php"
in SYSTEMPATH\Exceptions\FrameworkException.php on line 39.
 1 SYSTEMPATH\View\View.php(216): CodeIgniter\Exceptions\FrameworkException::forInvalidFile('../../themes/menu.php')
 2 SYSTEMPATH\View\View.php(469): CodeIgniter\View\View->render('../../themes/menu', null, true)
 3 APPPATH\Views\aduan\list.php(16): CodeIgniter\View\View->include('../../themes/menu')
 4 SYSTEMPATH\View\View.php(228): include('C:\\2023project\\aparus\\app\\Views\\aduan\\list.php')
 5 SYSTEMPATH\View\View.php(231): CodeIgniter\View\View->CodeIgniter\View\{closure}()
 6 SYSTEMPATH\Common.php(1190): CodeIgniter\View\View->render('Aduan\\list', [], true)
 7 APPPATH\Controllers\Aduan.php(26): view('Aduan\\list', [...])
 8 SYSTEMPATH\CodeIgniter.php(942): App\Controllers\Aduan->list()
 9 SYSTEMPATH\CodeIgniter.php(502): CodeIgniter\CodeIgniter->runController(Object(App\Controllers\Aduan))
10 SYSTEMPATH\CodeIgniter.php(361): CodeIgniter\CodeIgniter->handleRequest(null, Object(Config\Cache), false)
11 FCPATH\index.php(79): CodeIgniter\CodeIgniter->run()
12 SYSTEMPATH\Commands\Server\rewrite.php(47): require_once('C:\\2023project\\aparus\\public\\index.php')
INFO - 2023-12-06 18:36:29 --> Session: Class initialized using 'CodeIgniter\Session\Handlers\FileHandler' driver.
INFO - 2023-12-06 18:37:45 --> Session: Class initialized using 'CodeIgniter\Session\Handlers\FileHandler' driver.
INFO - 2023-12-06 18:40:38 --> Session: Class initialized using 'CodeIgniter\Session\Handlers\FileHandler' driver.
INFO - 2023-12-06 18:41:09 --> Session: Class initialized using 'CodeIgniter\Session\Handlers\FileHandler' driver.
INFO - 2023-12-06 18:42:47 --> Session: Class initialized using 'CodeIgniter\Session\Handlers\FileHandler' driver.
INFO - 2023-12-06 18:43:18 --> Session: Class initialized using 'CodeIgniter\Session\Handlers\FileHandler' driver.
INFO - 2023-12-06 18:43:44 --> Session: Class initialized using 'CodeIgniter\Session\Handlers\FileHandler' driver.
INFO - 2023-12-06 18:44:03 --> Session: Class initialized using 'CodeIgniter\Session\Handlers\FileHandler' driver.
INFO - 2023-12-06 18:46:18 --> Session: Class initialized using 'CodeIgniter\Session\Handlers\FileHandler' driver.
INFO - 2023-12-06 18:48:27 --> Session: Class initialized using 'CodeIgniter\Session\Handlers\FileHandler' driver.
INFO - 2023-12-06 18:49:07 --> Session: Class initialized using 'CodeIgniter\Session\Handlers\FileHandler' driver.
INFO - 2023-12-06 18:49:08 --> Session: Class initialized using 'CodeIgniter\Session\Handlers\FileHandler' driver.
INFO - 2023-12-06 18:50:52 --> Session: Class initialized using 'CodeIgniter\Session\Handlers\FileHandler' driver.
ERROR - 2023-12-06 18:50:52 --> mysqli_sql_exception: Unknown column 'created_at' in 'order clause' in C:\2023project\aparus\system\Database\MySQLi\Connection.php:306
Stack trace:
#0 C:\2023project\aparus\system\Database\MySQLi\Connection.php(306): mysqli->query('SELECT *\nFROM `...', 0)
#1 C:\2023project\aparus\system\Database\BaseConnection.php(693): CodeIgniter\Database\MySQLi\Connection->execute('SELECT *\nFROM `...')
#2 C:\2023project\aparus\system\Database\BaseConnection.php(607): CodeIgniter\Database\BaseConnection->simpleQuery('SELECT *\nFROM `...')
#3 C:\2023project\aparus\system\Database\BaseBuilder.php(1615): CodeIgniter\Database\BaseConnection->query('SELECT *\nFROM `...', Array, false)
#4 C:\2023project\aparus\system\Model.php(237): CodeIgniter\Database\BaseBuilder->get()
#5 C:\2023project\aparus\system\BaseModel.php(624): CodeIgniter\Model->doFindAll(0, 0)
#6 C:\2023project\aparus\app\Controllers\Aduan.php(25): CodeIgniter\BaseModel->findAll()
#7 C:\2023project\aparus\system\CodeIgniter.php(942): App\Controllers\Aduan->list()
#8 C:\2023project\aparus\system\CodeIgniter.php(502): CodeIgniter\CodeIgniter->runController(Object(App\Controllers\Aduan))
#9 C:\2023project\aparus\system\CodeIgniter.php(361): CodeIgniter\CodeIgniter->handleRequest(NULL, Object(Config\Cache), false)
#10 C:\2023project\aparus\public\index.php(79): CodeIgniter\CodeIgniter->run()
#11 C:\2023project\aparus\system\Commands\Server\rewrite.php(47): require_once('C:\\2023project\\...')
#12 {main}
CRITICAL - 2023-12-06 18:50:52 --> Unknown column 'created_at' in 'order clause'
in SYSTEMPATH\Database\BaseConnection.php on line 647.
 1 SYSTEMPATH\Database\BaseBuilder.php(1615): CodeIgniter\Database\BaseConnection->query('SELECT *
FROM `aprs_aduan`
ORDER BY `created_at` ASC', [], false)
 2 SYSTEMPATH\Model.php(237): CodeIgniter\Database\BaseBuilder->get()
 3 SYSTEMPATH\BaseModel.php(624): CodeIgniter\Model->doFindAll(0, 0)
 4 APPPATH\Controllers\Aduan.php(25): CodeIgniter\BaseModel->findAll()
 5 SYSTEMPATH\CodeIgniter.php(942): App\Controllers\Aduan->list()
 6 SYSTEMPATH\CodeIgniter.php(502): CodeIgniter\CodeIgniter->runController(Object(App\Controllers\Aduan))
 7 SYSTEMPATH\CodeIgniter.php(361): CodeIgniter\CodeIgniter->handleRequest(null, Object(Config\Cache), false)
 8 FCPATH\index.php(79): CodeIgniter\CodeIgniter->run()
 9 SYSTEMPATH\Commands\Server\rewrite.php(47): require_once('C:\\2023project\\aparus\\public\\index.php')
INFO - 2023-12-06 18:51:39 --> Session: Class initialized using 'CodeIgniter\Session\Handlers\FileHandler' driver.
ERROR - 2023-12-06 18:51:39 --> mysqli_sql_exception: Unknown column 'created_at' in 'order clause' in C:\2023project\aparus\system\Database\MySQLi\Connection.php:306
Stack trace:
#0 C:\2023project\aparus\system\Database\MySQLi\Connection.php(306): mysqli->query('SELECT *\nFROM `...', 0)
#1 C:\2023project\aparus\system\Database\BaseConnection.php(693): CodeIgniter\Database\MySQLi\Connection->execute('SELECT *\nFROM `...')
#2 C:\2023project\aparus\system\Database\BaseConnection.php(607): CodeIgniter\Database\BaseConnection->simpleQuery('SELECT *\nFROM `...')
#3 C:\2023project\aparus\system\Database\BaseBuilder.php(1615): CodeIgniter\Database\BaseConnection->query('SELECT *\nFROM `...', Array, false)
#4 C:\2023project\aparus\system\Model.php(237): CodeIgniter\Database\BaseBuilder->get()
#5 C:\2023project\aparus\system\BaseModel.php(624): CodeIgniter\Model->doFindAll(0, 0)
#6 C:\2023project\aparus\app\Controllers\Aduan.php(25): CodeIgniter\BaseModel->findAll()
#7 C:\2023project\aparus\system\CodeIgniter.php(942): App\Controllers\Aduan->list()
#8 C:\2023project\aparus\system\CodeIgniter.php(502): CodeIgniter\CodeIgniter->runController(Object(App\Controllers\Aduan))
#9 C:\2023project\aparus\system\CodeIgniter.php(361): CodeIgniter\CodeIgniter->handleRequest(NULL, Object(Config\Cache), false)
#10 C:\2023project\aparus\public\index.php(79): CodeIgniter\CodeIgniter->run()
#11 C:\2023project\aparus\system\Commands\Server\rewrite.php(47): require_once('C:\\2023project\\...')
#12 {main}
CRITICAL - 2023-12-06 18:51:39 --> Unknown column 'created_at' in 'order clause'
in SYSTEMPATH\Database\BaseConnection.php on line 647.
 1 SYSTEMPATH\Database\BaseBuilder.php(1615): CodeIgniter\Database\BaseConnection->query('SELECT *
FROM `aprs_aduan`
ORDER BY `created_at` ASC', [], false)
 2 SYSTEMPATH\Model.php(237): CodeIgniter\Database\BaseBuilder->get()
 3 SYSTEMPATH\BaseModel.php(624): CodeIgniter\Model->doFindAll(0, 0)
 4 APPPATH\Controllers\Aduan.php(25): CodeIgniter\BaseModel->findAll()
 5 SYSTEMPATH\CodeIgniter.php(942): App\Controllers\Aduan->list()
 6 SYSTEMPATH\CodeIgniter.php(502): CodeIgniter\CodeIgniter->runController(Object(App\Controllers\Aduan))
 7 SYSTEMPATH\CodeIgniter.php(361): CodeIgniter\CodeIgniter->handleRequest(null, Object(Config\Cache), false)
 8 FCPATH\index.php(79): CodeIgniter\CodeIgniter->run()
 9 SYSTEMPATH\Commands\Server\rewrite.php(47): require_once('C:\\2023project\\aparus\\public\\index.php')
INFO - 2023-12-06 18:52:02 --> Session: Class initialized using 'CodeIgniter\Session\Handlers\FileHandler' driver.
ERROR - 2023-12-06 18:52:02 --> mysqli_sql_exception: Unknown column 'created_at' in 'order clause' in C:\2023project\aparus\system\Database\MySQLi\Connection.php:306
Stack trace:
#0 C:\2023project\aparus\system\Database\MySQLi\Connection.php(306): mysqli->query('SELECT *\nFROM `...', 0)
#1 C:\2023project\aparus\system\Database\BaseConnection.php(693): CodeIgniter\Database\MySQLi\Connection->execute('SELECT *\nFROM `...')
#2 C:\2023project\aparus\system\Database\BaseConnection.php(607): CodeIgniter\Database\BaseConnection->simpleQuery('SELECT *\nFROM `...')
#3 C:\2023project\aparus\system\Database\BaseBuilder.php(1615): CodeIgniter\Database\BaseConnection->query('SELECT *\nFROM `...', Array, false)
#4 C:\2023project\aparus\system\Model.php(237): CodeIgniter\Database\BaseBuilder->get()
#5 C:\2023project\aparus\system\BaseModel.php(624): CodeIgniter\Model->doFindAll(0, 0)
#6 C:\2023project\aparus\app\Controllers\Aduan.php(25): CodeIgniter\BaseModel->findAll()
#7 C:\2023project\aparus\system\CodeIgniter.php(942): App\Controllers\Aduan->list()
#8 C:\2023project\aparus\system\CodeIgniter.php(502): CodeIgniter\CodeIgniter->runController(Object(App\Controllers\Aduan))
#9 C:\2023project\aparus\system\CodeIgniter.php(361): CodeIgniter\CodeIgniter->handleRequest(NULL, Object(Config\Cache), false)
#10 C:\2023project\aparus\public\index.php(79): CodeIgniter\CodeIgniter->run()
#11 C:\2023project\aparus\system\Commands\Server\rewrite.php(47): require_once('C:\\2023project\\...')
#12 {main}
CRITICAL - 2023-12-06 18:52:02 --> Unknown column 'created_at' in 'order clause'
in SYSTEMPATH\Database\BaseConnection.php on line 647.
 1 SYSTEMPATH\Database\BaseBuilder.php(1615): CodeIgniter\Database\BaseConnection->query('SELECT *
FROM `aprs_aduan`
ORDER BY `created_at` ASC', [], false)
 2 SYSTEMPATH\Model.php(237): CodeIgniter\Database\BaseBuilder->get()
 3 SYSTEMPATH\BaseModel.php(624): CodeIgniter\Model->doFindAll(0, 0)
 4 APPPATH\Controllers\Aduan.php(25): CodeIgniter\BaseModel->findAll()
 5 SYSTEMPATH\CodeIgniter.php(942): App\Controllers\Aduan->list()
 6 SYSTEMPATH\CodeIgniter.php(502): CodeIgniter\CodeIgniter->runController(Object(App\Controllers\Aduan))
 7 SYSTEMPATH\CodeIgniter.php(361): CodeIgniter\CodeIgniter->handleRequest(null, Object(Config\Cache), false)
 8 FCPATH\index.php(79): CodeIgniter\CodeIgniter->run()
 9 SYSTEMPATH\Commands\Server\rewrite.php(47): require_once('C:\\2023project\\aparus\\public\\index.php')
INFO - 2023-12-06 18:52:32 --> Session: Class initialized using 'CodeIgniter\Session\Handlers\FileHandler' driver.
CRITICAL - 2023-12-06 18:52:32 --> Undefined index: create_at
in APPPATH\Views\aduan\list.php on line 237.
 1 APPPATH\Views\aduan\list.php(237): CodeIgniter\Debug\Exceptions->errorHandler(8, 'Undefined index: create_at', 'C:\\2023project\\aparus\\app\\Views\\aduan\\list.php', 237, [...])
 2 SYSTEMPATH\View\View.php(228): include('C:\\2023project\\aparus\\app\\Views\\aduan\\list.php')
 3 SYSTEMPATH\View\View.php(231): CodeIgniter\View\View->CodeIgniter\View\{closure}()
 4 SYSTEMPATH\Common.php(1190): CodeIgniter\View\View->render('Aduan\\list', [], true)
 5 APPPATH\Controllers\Aduan.php(26): view('Aduan\\list', [...])
 6 SYSTEMPATH\CodeIgniter.php(942): App\Controllers\Aduan->list()
 7 SYSTEMPATH\CodeIgniter.php(502): CodeIgniter\CodeIgniter->runController(Object(App\Controllers\Aduan))
 8 SYSTEMPATH\CodeIgniter.php(361): CodeIgniter\CodeIgniter->handleRequest(null, Object(Config\Cache), false)
 9 FCPATH\index.php(79): CodeIgniter\CodeIgniter->run()
10 SYSTEMPATH\Commands\Server\rewrite.php(47): require_once('C:\\2023project\\aparus\\public\\index.php')
INFO - 2023-12-06 18:53:09 --> Session: Class initialized using 'CodeIgniter\Session\Handlers\FileHandler' driver.
INFO - 2023-12-06 18:55:01 --> Session: Class initialized using 'CodeIgniter\Session\Handlers\FileHandler' driver.
INFO - 2023-12-06 18:56:05 --> Session: Class initialized using 'CodeIgniter\Session\Handlers\FileHandler' driver.
INFO - 2023-12-06 19:00:54 --> Session: Class initialized using 'CodeIgniter\Session\Handlers\FileHandler' driver.
INFO - 2023-12-06 19:06:47 --> Session: Class initialized using 'CodeIgniter\Session\Handlers\FileHandler' driver.
ERROR - 2023-12-06 19:06:47 --> mysqli_sql_exception: Column 'created_at' in order clause is ambiguous in C:\2023project\aparus\system\Database\MySQLi\Connection.php:306
Stack trace:
#0 C:\2023project\aparus\system\Database\MySQLi\Connection.php(306): mysqli->query('SELECT *\nFROM `...', 0)
#1 C:\2023project\aparus\system\Database\BaseConnection.php(693): CodeIgniter\Database\MySQLi\Connection->execute('SELECT *\nFROM `...')
#2 C:\2023project\aparus\system\Database\BaseConnection.php(607): CodeIgniter\Database\BaseConnection->simpleQuery('SELECT *\nFROM `...')
#3 C:\2023project\aparus\system\Database\BaseBuilder.php(1615): CodeIgniter\Database\BaseConnection->query('SELECT *\nFROM `...', Array, false)
#4 C:\2023project\aparus\app\Models\Aduan_model.php(21): CodeIgniter\Database\BaseBuilder->get()
#5 C:\2023project\aparus\app\Controllers\Aduan.php(26): App\Models\Aduan_model->getAduanWithUser('2')
#6 C:\2023project\aparus\system\CodeIgniter.php(942): App\Controllers\Aduan->list()
#7 C:\2023project\aparus\system\CodeIgniter.php(502): CodeIgniter\CodeIgniter->runController(Object(App\Controllers\Aduan))
#8 C:\2023project\aparus\system\CodeIgniter.php(361): CodeIgniter\CodeIgniter->handleRequest(NULL, Object(Config\Cache), false)
#9 C:\2023project\aparus\public\index.php(79): CodeIgniter\CodeIgniter->run()
#10 C:\2023project\aparus\system\Commands\Server\rewrite.php(47): require_once('C:\\2023project\\...')
#11 {main}
CRITICAL - 2023-12-06 19:06:47 --> Column 'created_at' in order clause is ambiguous
in SYSTEMPATH\Database\BaseConnection.php on line 647.
 1 SYSTEMPATH\Database\BaseBuilder.php(1615): CodeIgniter\Database\BaseConnection->query('SELECT *
FROM `aprs_aduan`
LEFT JOIN `aprs_penghuni` ON `kode_penghuni` = `pengadu`
WHERE `aprs_aduan`.`status` = :aduan.status:
ORDER BY `created_at` DESC', [...], false)
 2 APPPATH\Models\Aduan_model.php(21): CodeIgniter\Database\BaseBuilder->get()
 3 APPPATH\Controllers\Aduan.php(26): App\Models\Aduan_model->getAduanWithUser('2')
 4 SYSTEMPATH\CodeIgniter.php(942): App\Controllers\Aduan->list()
 5 SYSTEMPATH\CodeIgniter.php(502): CodeIgniter\CodeIgniter->runController(Object(App\Controllers\Aduan))
 6 SYSTEMPATH\CodeIgniter.php(361): CodeIgniter\CodeIgniter->handleRequest(null, Object(Config\Cache), false)
 7 FCPATH\index.php(79): CodeIgniter\CodeIgniter->run()
 8 SYSTEMPATH\Commands\Server\rewrite.php(47): require_once('C:\\2023project\\aparus\\public\\index.php')
INFO - 2023-12-06 19:07:33 --> Session: Class initialized using 'CodeIgniter\Session\Handlers\FileHandler' driver.
INFO - 2023-12-06 19:07:58 --> Session: Class initialized using 'CodeIgniter\Session\Handlers\FileHandler' driver.
INFO - 2023-12-06 19:08:46 --> Session: Class initialized using 'CodeIgniter\Session\Handlers\FileHandler' driver.
INFO - 2023-12-06 19:08:56 --> Session: Class initialized using 'CodeIgniter\Session\Handlers\FileHandler' driver.
INFO - 2023-12-06 19:09:44 --> Session: Class initialized using 'CodeIgniter\Session\Handlers\FileHandler' driver.
CRITICAL - 2023-12-06 19:09:44 --> Call to undefined method CodeIgniter\Database\MySQLi\Builder::getResultArray()
in APPPATH\Models\Aduan_model.php on line 21.
 1 APPPATH\Controllers\Aduan.php(26): App\Models\Aduan_model->getAduanWithUser('Pending')
 2 SYSTEMPATH\CodeIgniter.php(942): App\Controllers\Aduan->list()
 3 SYSTEMPATH\CodeIgniter.php(502): CodeIgniter\CodeIgniter->runController(Object(App\Controllers\Aduan))
 4 SYSTEMPATH\CodeIgniter.php(361): CodeIgniter\CodeIgniter->handleRequest(null, Object(Config\Cache), false)
 5 FCPATH\index.php(79): CodeIgniter\CodeIgniter->run()
 6 SYSTEMPATH\Commands\Server\rewrite.php(47): require_once('C:\\2023project\\aparus\\public\\index.php')
INFO - 2023-12-06 19:10:30 --> Session: Class initialized using 'CodeIgniter\Session\Handlers\FileHandler' driver.
INFO - 2023-12-06 19:10:53 --> Session: Class initialized using 'CodeIgniter\Session\Handlers\FileHandler' driver.
INFO - 2023-12-06 19:12:42 --> Session: Class initialized using 'CodeIgniter\Session\Handlers\FileHandler' driver.
CRITICAL - 2023-12-06 19:12:42 --> Undefined index: created_at
in APPPATH\Views\aduan\list.php on line 237.
 1 APPPATH\Views\aduan\list.php(237): CodeIgniter\Debug\Exceptions->errorHandler(8, 'Undefined index: created_at', 'C:\\2023project\\aparus\\app\\Views\\aduan\\list.php', 237, [...])
 2 SYSTEMPATH\View\View.php(228): include('C:\\2023project\\aparus\\app\\Views\\aduan\\list.php')
 3 SYSTEMPATH\View\View.php(231): CodeIgniter\View\View->CodeIgniter\View\{closure}()
 4 SYSTEMPATH\Common.php(1190): CodeIgniter\View\View->render('Aduan\\list', [], true)
 5 APPPATH\Controllers\Aduan.php(27): view('Aduan\\list', [...])
 6 SYSTEMPATH\CodeIgniter.php(942): App\Controllers\Aduan->list()
 7 SYSTEMPATH\CodeIgniter.php(502): CodeIgniter\CodeIgniter->runController(Object(App\Controllers\Aduan))
 8 SYSTEMPATH\CodeIgniter.php(361): CodeIgniter\CodeIgniter->handleRequest(null, Object(Config\Cache), false)
 9 FCPATH\index.php(79): CodeIgniter\CodeIgniter->run()
10 SYSTEMPATH\Commands\Server\rewrite.php(47): require_once('C:\\2023project\\aparus\\public\\index.php')
INFO - 2023-12-06 19:14:31 --> Session: Class initialized using 'CodeIgniter\Session\Handlers\FileHandler' driver.
ERROR - 2023-12-06 19:14:31 --> mysqli_sql_exception: Column 'created_at' in order clause is ambiguous in C:\2023project\aparus\system\Database\MySQLi\Connection.php:306
Stack trace:
#0 C:\2023project\aparus\system\Database\MySQLi\Connection.php(306): mysqli->query('SELECT `judul`,...', 0)
#1 C:\2023project\aparus\system\Database\BaseConnection.php(693): CodeIgniter\Database\MySQLi\Connection->execute('SELECT `judul`,...')
#2 C:\2023project\aparus\system\Database\BaseConnection.php(607): CodeIgniter\Database\BaseConnection->simpleQuery('SELECT `judul`,...')
#3 C:\2023project\aparus\system\Database\BaseBuilder.php(1615): CodeIgniter\Database\BaseConnection->query('SELECT `judul`,...', Array, false)
#4 C:\2023project\aparus\app\Models\Aduan_model.php(21): CodeIgniter\Database\BaseBuilder->get()
#5 C:\2023project\aparus\app\Controllers\Aduan.php(26): App\Models\Aduan_model->getAduanWithUser('Selesai')
#6 C:\2023project\aparus\system\CodeIgniter.php(942): App\Controllers\Aduan->list()
#7 C:\2023project\aparus\system\CodeIgniter.php(502): CodeIgniter\CodeIgniter->runController(Object(App\Controllers\Aduan))
#8 C:\2023project\aparus\system\CodeIgniter.php(361): CodeIgniter\CodeIgniter->handleRequest(NULL, Object(Config\Cache), false)
#9 C:\2023project\aparus\public\index.php(79): CodeIgniter\CodeIgniter->run()
#10 C:\2023project\aparus\system\Commands\Server\rewrite.php(47): require_once('C:\\2023project\\...')
#11 {main}
CRITICAL - 2023-12-06 19:14:31 --> Column 'created_at' in order clause is ambiguous
in SYSTEMPATH\Database\BaseConnection.php on line 647.
 1 SYSTEMPATH\Database\BaseBuilder.php(1615): CodeIgniter\Database\BaseConnection->query('SELECT `judul`, `deskripsi`, `pengadu`, `teknisi`, `ktp`, `nama`, `kode_penghuni`, `kontak`, `aprs_penghuni`.`created_at` as `x`
FROM `aprs_aduan`
LEFT JOIN `aprs_penghuni` ON `kode_penghuni` = `pengadu`
WHERE `aprs_aduan`.`status` = :aduan.status:
ORDER BY `created_at` DESC', [...], false)
 2 APPPATH\Models\Aduan_model.php(21): CodeIgniter\Database\BaseBuilder->get()
 3 APPPATH\Controllers\Aduan.php(26): App\Models\Aduan_model->getAduanWithUser('Selesai')
 4 SYSTEMPATH\CodeIgniter.php(942): App\Controllers\Aduan->list()
 5 SYSTEMPATH\CodeIgniter.php(502): CodeIgniter\CodeIgniter->runController(Object(App\Controllers\Aduan))
 6 SYSTEMPATH\CodeIgniter.php(361): CodeIgniter\CodeIgniter->handleRequest(null, Object(Config\Cache), false)
 7 FCPATH\index.php(79): CodeIgniter\CodeIgniter->run()
 8 SYSTEMPATH\Commands\Server\rewrite.php(47): require_once('C:\\2023project\\aparus\\public\\index.php')
INFO - 2023-12-06 19:14:53 --> Session: Class initialized using 'CodeIgniter\Session\Handlers\FileHandler' driver.
CRITICAL - 2023-12-06 19:14:53 --> Undefined index: created_at
in APPPATH\Views\aduan\list.php on line 237.
 1 APPPATH\Views\aduan\list.php(237): CodeIgniter\Debug\Exceptions->errorHandler(8, 'Undefined index: created_at', 'C:\\2023project\\aparus\\app\\Views\\aduan\\list.php', 237, [...])
 2 SYSTEMPATH\View\View.php(228): include('C:\\2023project\\aparus\\app\\Views\\aduan\\list.php')
 3 SYSTEMPATH\View\View.php(231): CodeIgniter\View\View->CodeIgniter\View\{closure}()
 4 SYSTEMPATH\Common.php(1190): CodeIgniter\View\View->render('Aduan\\list', [], true)
 5 APPPATH\Controllers\Aduan.php(27): view('Aduan\\list', [...])
 6 SYSTEMPATH\CodeIgniter.php(942): App\Controllers\Aduan->list()
 7 SYSTEMPATH\CodeIgniter.php(502): CodeIgniter\CodeIgniter->runController(Object(App\Controllers\Aduan))
 8 SYSTEMPATH\CodeIgniter.php(361): CodeIgniter\CodeIgniter->handleRequest(null, Object(Config\Cache), false)
 9 FCPATH\index.php(79): CodeIgniter\CodeIgniter->run()
10 SYSTEMPATH\Commands\Server\rewrite.php(47): require_once('C:\\2023project\\aparus\\public\\index.php')
INFO - 2023-12-06 19:15:59 --> Session: Class initialized using 'CodeIgniter\Session\Handlers\FileHandler' driver.
CRITICAL - 2023-12-06 19:15:59 --> Undefined index: created_at
in APPPATH\Views\aduan\list.php on line 237.
 1 APPPATH\Views\aduan\list.php(237): CodeIgniter\Debug\Exceptions->errorHandler(8, 'Undefined index: created_at', 'C:\\2023project\\aparus\\app\\Views\\aduan\\list.php', 237, [...])
 2 SYSTEMPATH\View\View.php(228): include('C:\\2023project\\aparus\\app\\Views\\aduan\\list.php')
 3 SYSTEMPATH\View\View.php(231): CodeIgniter\View\View->CodeIgniter\View\{closure}()
 4 SYSTEMPATH\Common.php(1190): CodeIgniter\View\View->render('Aduan\\list', [], true)
 5 APPPATH\Controllers\Aduan.php(27): view('Aduan\\list', [...])
 6 SYSTEMPATH\CodeIgniter.php(942): App\Controllers\Aduan->list()
 7 SYSTEMPATH\CodeIgniter.php(502): CodeIgniter\CodeIgniter->runController(Object(App\Controllers\Aduan))
 8 SYSTEMPATH\CodeIgniter.php(361): CodeIgniter\CodeIgniter->handleRequest(null, Object(Config\Cache), false)
 9 FCPATH\index.php(79): CodeIgniter\CodeIgniter->run()
10 SYSTEMPATH\Commands\Server\rewrite.php(47): require_once('C:\\2023project\\aparus\\public\\index.php')
INFO - 2023-12-06 19:16:18 --> Session: Class initialized using 'CodeIgniter\Session\Handlers\FileHandler' driver.
CRITICAL - 2023-12-06 19:16:18 --> Undefined index: created_at
in APPPATH\Views\aduan\list.php on line 242.
 1 APPPATH\Views\aduan\list.php(242): CodeIgniter\Debug\Exceptions->errorHandler(8, 'Undefined index: created_at', 'C:\\2023project\\aparus\\app\\Views\\aduan\\list.php', 242, [...])
 2 SYSTEMPATH\View\View.php(228): include('C:\\2023project\\aparus\\app\\Views\\aduan\\list.php')
 3 SYSTEMPATH\View\View.php(231): CodeIgniter\View\View->CodeIgniter\View\{closure}()
 4 SYSTEMPATH\Common.php(1190): CodeIgniter\View\View->render('Aduan\\list', [], true)
 5 APPPATH\Controllers\Aduan.php(27): view('Aduan\\list', [...])
 6 SYSTEMPATH\CodeIgniter.php(942): App\Controllers\Aduan->list()
 7 SYSTEMPATH\CodeIgniter.php(502): CodeIgniter\CodeIgniter->runController(Object(App\Controllers\Aduan))
 8 SYSTEMPATH\CodeIgniter.php(361): CodeIgniter\CodeIgniter->handleRequest(null, Object(Config\Cache), false)
 9 FCPATH\index.php(79): CodeIgniter\CodeIgniter->run()
10 SYSTEMPATH\Commands\Server\rewrite.php(47): require_once('C:\\2023project\\aparus\\public\\index.php')
INFO - 2023-12-06 19:16:29 --> Session: Class initialized using 'CodeIgniter\Session\Handlers\FileHandler' driver.
INFO - 2023-12-06 19:17:22 --> Session: Class initialized using 'CodeIgniter\Session\Handlers\FileHandler' driver.
INFO - 2023-12-06 19:20:41 --> Session: Class initialized using 'CodeIgniter\Session\Handlers\FileHandler' driver.
CRITICAL - 2023-12-06 19:20:41 --> Undefined index: hunian
in APPPATH\Views\aduan\list.php on line 261.
 1 APPPATH\Views\aduan\list.php(261): CodeIgniter\Debug\Exceptions->errorHandler(8, 'Undefined index: hunian', 'C:\\2023project\\aparus\\app\\Views\\aduan\\list.php', 261, [...])
 2 SYSTEMPATH\View\View.php(228): include('C:\\2023project\\aparus\\app\\Views\\aduan\\list.php')
 3 SYSTEMPATH\View\View.php(231): CodeIgniter\View\View->CodeIgniter\View\{closure}()
 4 SYSTEMPATH\Common.php(1190): CodeIgniter\View\View->render('Aduan\\list', [], true)
 5 APPPATH\Controllers\Aduan.php(27): view('Aduan\\list', [...])
 6 SYSTEMPATH\CodeIgniter.php(942): App\Controllers\Aduan->list()
 7 SYSTEMPATH\CodeIgniter.php(502): CodeIgniter\CodeIgniter->runController(Object(App\Controllers\Aduan))
 8 SYSTEMPATH\CodeIgniter.php(361): CodeIgniter\CodeIgniter->handleRequest(null, Object(Config\Cache), false)
 9 FCPATH\index.php(79): CodeIgniter\CodeIgniter->run()
10 SYSTEMPATH\Commands\Server\rewrite.php(47): require_once('C:\\2023project\\aparus\\public\\index.php')
INFO - 2023-12-06 19:21:02 --> Session: Class initialized using 'CodeIgniter\Session\Handlers\FileHandler' driver.
CRITICAL - 2023-12-06 19:21:02 --> Undefined index: hunian
in APPPATH\Views\aduan\list.php on line 261.
 1 APPPATH\Views\aduan\list.php(261): CodeIgniter\Debug\Exceptions->errorHandler(8, 'Undefined index: hunian', 'C:\\2023project\\aparus\\app\\Views\\aduan\\list.php', 261, [...])
 2 SYSTEMPATH\View\View.php(228): include('C:\\2023project\\aparus\\app\\Views\\aduan\\list.php')
 3 SYSTEMPATH\View\View.php(231): CodeIgniter\View\View->CodeIgniter\View\{closure}()
 4 SYSTEMPATH\Common.php(1190): CodeIgniter\View\View->render('Aduan\\list', [], true)
 5 APPPATH\Controllers\Aduan.php(27): view('Aduan\\list', [...])
 6 SYSTEMPATH\CodeIgniter.php(942): App\Controllers\Aduan->list()
 7 SYSTEMPATH\CodeIgniter.php(502): CodeIgniter\CodeIgniter->runController(Object(App\Controllers\Aduan))
 8 SYSTEMPATH\CodeIgniter.php(361): CodeIgniter\CodeIgniter->handleRequest(null, Object(Config\Cache), false)
 9 FCPATH\index.php(79): CodeIgniter\CodeIgniter->run()
10 SYSTEMPATH\Commands\Server\rewrite.php(47): require_once('C:\\2023project\\aparus\\public\\index.php')
INFO - 2023-12-06 19:21:23 --> Session: Class initialized using 'CodeIgniter\Session\Handlers\FileHandler' driver.
INFO - 2023-12-06 19:23:23 --> Session: Class initialized using 'CodeIgniter\Session\Handlers\FileHandler' driver.
INFO - 2023-12-06 19:23:55 --> Session: Class initialized using 'CodeIgniter\Session\Handlers\FileHandler' driver.
INFO - 2023-12-06 19:24:13 --> Session: Class initialized using 'CodeIgniter\Session\Handlers\FileHandler' driver.
INFO - 2023-12-06 19:24:45 --> Session: Class initialized using 'CodeIgniter\Session\Handlers\FileHandler' driver.
INFO - 2023-12-06 19:25:21 --> Session: Class initialized using 'CodeIgniter\Session\Handlers\FileHandler' driver.
INFO - 2023-12-06 19:25:39 --> Session: Class initialized using 'CodeIgniter\Session\Handlers\FileHandler' driver.
INFO - 2023-12-06 19:27:05 --> Session: Class initialized using 'CodeIgniter\Session\Handlers\FileHandler' driver.
INFO - 2023-12-06 19:28:20 --> Session: Class initialized using 'CodeIgniter\Session\Handlers\FileHandler' driver.
INFO - 2023-12-06 19:28:37 --> Session: Class initialized using 'CodeIgniter\Session\Handlers\FileHandler' driver.
INFO - 2023-12-06 19:32:41 --> Session: Class initialized using 'CodeIgniter\Session\Handlers\FileHandler' driver.
INFO - 2023-12-06 19:33:08 --> Session: Class initialized using 'CodeIgniter\Session\Handlers\FileHandler' driver.
INFO - 2023-12-06 19:41:14 --> Session: Class initialized using 'CodeIgniter\Session\Handlers\FileHandler' driver.
INFO - 2023-12-06 19:42:01 --> Session: Class initialized using 'CodeIgniter\Session\Handlers\FileHandler' driver.
INFO - 2023-12-06 19:43:44 --> Session: Class initialized using 'CodeIgniter\Session\Handlers\FileHandler' driver.
INFO - 2023-12-06 19:44:04 --> Session: Class initialized using 'CodeIgniter\Session\Handlers\FileHandler' driver.
INFO - 2023-12-06 19:46:18 --> Session: Class initialized using 'CodeIgniter\Session\Handlers\FileHandler' driver.
INFO - 2023-12-06 19:47:51 --> Session: Class initialized using 'CodeIgniter\Session\Handlers\FileHandler' driver.
INFO - 2023-12-06 19:48:45 --> Session: Class initialized using 'CodeIgniter\Session\Handlers\FileHandler' driver.
INFO - 2023-12-06 19:49:15 --> Session: Class initialized using 'CodeIgniter\Session\Handlers\FileHandler' driver.
INFO - 2023-12-06 19:50:10 --> Session: Class initialized using 'CodeIgniter\Session\Handlers\FileHandler' driver.
INFO - 2023-12-06 19:50:49 --> Session: Class initialized using 'CodeIgniter\Session\Handlers\FileHandler' driver.
INFO - 2023-12-06 19:51:57 --> Session: Class initialized using 'CodeIgniter\Session\Handlers\FileHandler' driver.
INFO - 2023-12-06 19:57:50 --> Session: Class initialized using 'CodeIgniter\Session\Handlers\FileHandler' driver.
CRITICAL - 2023-12-06 19:57:50 --> Array to string conversion
in APPPATH\Views\aduan\list.php on line 111.
 1 APPPATH\Views\aduan\list.php(111): CodeIgniter\Debug\Exceptions->errorHandler(8, 'Array to string conversion', 'C:\\2023project\\aparus\\app\\Views\\aduan\\list.php', 111, [...])
 2 SYSTEMPATH\View\View.php(228): include('C:\\2023project\\aparus\\app\\Views\\aduan\\list.php')
 3 SYSTEMPATH\View\View.php(231): CodeIgniter\View\View->CodeIgniter\View\{closure}()
 4 SYSTEMPATH\Common.php(1190): CodeIgniter\View\View->render('Aduan\\list', [], true)
 5 APPPATH\Controllers\Aduan.php(29): view('Aduan\\list', [...])
 6 SYSTEMPATH\CodeIgniter.php(942): App\Controllers\Aduan->list()
 7 SYSTEMPATH\CodeIgniter.php(502): CodeIgniter\CodeIgniter->runController(Object(App\Controllers\Aduan))
 8 SYSTEMPATH\CodeIgniter.php(361): CodeIgniter\CodeIgniter->handleRequest(null, Object(Config\Cache), false)
 9 FCPATH\index.php(79): CodeIgniter\CodeIgniter->run()
10 SYSTEMPATH\Commands\Server\rewrite.php(47): require_once('C:\\2023project\\aparus\\public\\index.php')
INFO - 2023-12-06 20:02:55 --> Session: Class initialized using 'CodeIgniter\Session\Handlers\FileHandler' driver.
CRITICAL - 2023-12-06 20:02:55 --> Undefined variable: s_semua
in APPPATH\Views\aduan\list.php on line 113.
 1 APPPATH\Views\aduan\list.php(113): CodeIgniter\Debug\Exceptions->errorHandler(8, 'Undefined variable: s_semua', 'C:\\2023project\\aparus\\app\\Views\\aduan\\list.php', 113, [...])
 2 SYSTEMPATH\View\View.php(228): include('C:\\2023project\\aparus\\app\\Views\\aduan\\list.php')
 3 SYSTEMPATH\View\View.php(231): CodeIgniter\View\View->CodeIgniter\View\{closure}()
 4 SYSTEMPATH\Common.php(1190): CodeIgniter\View\View->render('Aduan\\list', [], true)
 5 APPPATH\Controllers\Aduan.php(28): view('Aduan\\list', [...])
 6 SYSTEMPATH\CodeIgniter.php(942): App\Controllers\Aduan->list()
 7 SYSTEMPATH\CodeIgniter.php(502): CodeIgniter\CodeIgniter->runController(Object(App\Controllers\Aduan))
 8 SYSTEMPATH\CodeIgniter.php(361): CodeIgniter\CodeIgniter->handleRequest(null, Object(Config\Cache), false)
 9 FCPATH\index.php(79): CodeIgniter\CodeIgniter->run()
10 SYSTEMPATH\Commands\Server\rewrite.php(47): require_once('C:\\2023project\\aparus\\public\\index.php')
INFO - 2023-12-06 20:03:18 --> Session: Class initialized using 'CodeIgniter\Session\Handlers\FileHandler' driver.
INFO - 2023-12-06 20:05:40 --> Session: Class initialized using 'CodeIgniter\Session\Handlers\FileHandler' driver.
INFO - 2023-12-06 20:07:02 --> Session: Class initialized using 'CodeIgniter\Session\Handlers\FileHandler' driver.
INFO - 2023-12-06 20:13:59 --> Session: Class initialized using 'CodeIgniter\Session\Handlers\FileHandler' driver.
INFO - 2023-12-06 20:15:23 --> Session: Class initialized using 'CodeIgniter\Session\Handlers\FileHandler' driver.
INFO - 2023-12-06 20:16:02 --> Session: Class initialized using 'CodeIgniter\Session\Handlers\FileHandler' driver.
INFO - 2023-12-06 20:16:39 --> Session: Class initialized using 'CodeIgniter\Session\Handlers\FileHandler' driver.
INFO - 2023-12-06 20:17:12 --> Session: Class initialized using 'CodeIgniter\Session\Handlers\FileHandler' driver.
INFO - 2023-12-06 20:17:37 --> Session: Class initialized using 'CodeIgniter\Session\Handlers\FileHandler' driver.
INFO - 2023-12-06 20:18:30 --> Session: Class initialized using 'CodeIgniter\Session\Handlers\FileHandler' driver.
INFO - 2023-12-06 20:18:37 --> Session: Class initialized using 'CodeIgniter\Session\Handlers\FileHandler' driver.
INFO - 2023-12-06 20:20:36 --> Session: Class initialized using 'CodeIgniter\Session\Handlers\FileHandler' driver.
CRITICAL - 2023-12-06 20:20:36 --> Undefined variable: i
in APPPATH\Views\aduan\list.php on line 142.
 1 APPPATH\Views\aduan\list.php(142): CodeIgniter\Debug\Exceptions->errorHandler(8, 'Undefined variable: i', 'C:\\2023project\\aparus\\app\\Views\\aduan\\list.php', 142, [...])
 2 SYSTEMPATH\View\View.php(228): include('C:\\2023project\\aparus\\app\\Views\\aduan\\list.php')
 3 SYSTEMPATH\View\View.php(231): CodeIgniter\View\View->CodeIgniter\View\{closure}()
 4 SYSTEMPATH\Common.php(1190): CodeIgniter\View\View->render('Aduan\\list', [], true)
 5 APPPATH\Controllers\Aduan.php(28): view('Aduan\\list', [...])
 6 SYSTEMPATH\CodeIgniter.php(942): App\Controllers\Aduan->list()
 7 SYSTEMPATH\CodeIgniter.php(502): CodeIgniter\CodeIgniter->runController(Object(App\Controllers\Aduan))
 8 SYSTEMPATH\CodeIgniter.php(361): CodeIgniter\CodeIgniter->handleRequest(null, Object(Config\Cache), false)
 9 FCPATH\index.php(79): CodeIgniter\CodeIgniter->run()
10 SYSTEMPATH\Commands\Server\rewrite.php(47): require_once('C:\\2023project\\aparus\\public\\index.php')
INFO - 2023-12-06 20:22:02 --> Session: Class initialized using 'CodeIgniter\Session\Handlers\FileHandler' driver.
INFO - 2023-12-06 20:22:47 --> Session: Class initialized using 'CodeIgniter\Session\Handlers\FileHandler' driver.
INFO - 2023-12-06 20:23:26 --> Session: Class initialized using 'CodeIgniter\Session\Handlers\FileHandler' driver.
INFO - 2023-12-06 20:23:48 --> Session: Class initialized using 'CodeIgniter\Session\Handlers\FileHandler' driver.
INFO - 2023-12-06 20:24:07 --> Session: Class initialized using 'CodeIgniter\Session\Handlers\FileHandler' driver.
INFO - 2023-12-06 20:26:02 --> Session: Class initialized using 'CodeIgniter\Session\Handlers\FileHandler' driver.
CRITICAL - 2023-12-06 20:26:02 --> Undefined variable: bg
in APPPATH\Views\aduan\list.php on line 144.
 1 APPPATH\Views\aduan\list.php(144): CodeIgniter\Debug\Exceptions->errorHandler(8, 'Undefined variable: bg', 'C:\\2023project\\aparus\\app\\Views\\aduan\\list.php', 144, [...])
 2 SYSTEMPATH\View\View.php(228): include('C:\\2023project\\aparus\\app\\Views\\aduan\\list.php')
 3 SYSTEMPATH\View\View.php(231): CodeIgniter\View\View->CodeIgniter\View\{closure}()
 4 SYSTEMPATH\Common.php(1190): CodeIgniter\View\View->render('Aduan\\list', [], true)
 5 APPPATH\Controllers\Aduan.php(28): view('Aduan\\list', [...])
 6 SYSTEMPATH\CodeIgniter.php(942): App\Controllers\Aduan->list()
 7 SYSTEMPATH\CodeIgniter.php(502): CodeIgniter\CodeIgniter->runController(Object(App\Controllers\Aduan))
 8 SYSTEMPATH\CodeIgniter.php(361): CodeIgniter\CodeIgniter->handleRequest(null, Object(Config\Cache), false)
 9 FCPATH\index.php(79): CodeIgniter\CodeIgniter->run()
10 SYSTEMPATH\Commands\Server\rewrite.php(47): require_once('C:\\2023project\\aparus\\public\\index.php')
INFO - 2023-12-06 20:26:41 --> Session: Class initialized using 'CodeIgniter\Session\Handlers\FileHandler' driver.
INFO - 2023-12-06 20:27:31 --> Session: Class initialized using 'CodeIgniter\Session\Handlers\FileHandler' driver.
INFO - 2023-12-06 20:32:46 --> Session: Class initialized using 'CodeIgniter\Session\Handlers\FileHandler' driver.
CRITICAL - 2023-12-06 20:32:46 --> Undefined index: icon
in APPPATH\Views\aduan\list.php on line 162.
 1 APPPATH\Views\aduan\list.php(162): CodeIgniter\Debug\Exceptions->errorHandler(8, 'Undefined index: icon', 'C:\\2023project\\aparus\\app\\Views\\aduan\\list.php', 162, [...])
 2 SYSTEMPATH\View\View.php(228): include('C:\\2023project\\aparus\\app\\Views\\aduan\\list.php')
 3 SYSTEMPATH\View\View.php(231): CodeIgniter\View\View->CodeIgniter\View\{closure}()
 4 SYSTEMPATH\Common.php(1190): CodeIgniter\View\View->render('Aduan\\list', [], true)
 5 APPPATH\Controllers\Aduan.php(28): view('Aduan\\list', [...])
 6 SYSTEMPATH\CodeIgniter.php(942): App\Controllers\Aduan->list()
 7 SYSTEMPATH\CodeIgniter.php(502): CodeIgniter\CodeIgniter->runController(Object(App\Controllers\Aduan))
 8 SYSTEMPATH\CodeIgniter.php(361): CodeIgniter\CodeIgniter->handleRequest(null, Object(Config\Cache), false)
 9 FCPATH\index.php(79): CodeIgniter\CodeIgniter->run()
10 SYSTEMPATH\Commands\Server\rewrite.php(47): require_once('C:\\2023project\\aparus\\public\\index.php')
INFO - 2023-12-06 20:33:03 --> Session: Class initialized using 'CodeIgniter\Session\Handlers\FileHandler' driver.
INFO - 2023-12-06 20:35:14 --> Session: Class initialized using 'CodeIgniter\Session\Handlers\FileHandler' driver.
CRITICAL - 2023-12-06 20:35:14 --> Call to undefined method CodeIgniter\Database\MySQLi\Result::countAll()
in APPPATH\Controllers\Aduan.php on line 28.
 1 SYSTEMPATH\CodeIgniter.php(942): App\Controllers\Aduan->list()
 2 SYSTEMPATH\CodeIgniter.php(502): CodeIgniter\CodeIgniter->runController(Object(App\Controllers\Aduan))
 3 SYSTEMPATH\CodeIgniter.php(361): CodeIgniter\CodeIgniter->handleRequest(null, Object(Config\Cache), false)
 4 FCPATH\index.php(79): CodeIgniter\CodeIgniter->run()
 5 SYSTEMPATH\Commands\Server\rewrite.php(47): require_once('C:\\2023project\\aparus\\public\\index.php')
INFO - 2023-12-06 20:36:15 --> Session: Class initialized using 'CodeIgniter\Session\Handlers\FileHandler' driver.
INFO - 2023-12-06 20:37:15 --> Session: Class initialized using 'CodeIgniter\Session\Handlers\FileHandler' driver.
INFO - 2023-12-06 20:37:57 --> Session: Class initialized using 'CodeIgniter\Session\Handlers\FileHandler' driver.
INFO - 2023-12-06 20:38:07 --> Session: Class initialized using 'CodeIgniter\Session\Handlers\FileHandler' driver.
INFO - 2023-12-06 20:39:01 --> Session: Class initialized using 'CodeIgniter\Session\Handlers\FileHandler' driver.
CRITICAL - 2023-12-06 20:39:01 --> Undefined index: jumlahperstatus
in APPPATH\Controllers\Aduan.php on line 28.
 1 APPPATH\Controllers\Aduan.php(28): CodeIgniter\Debug\Exceptions->errorHandler(8, 'Undefined index: jumlahperstatus', 'C:\\2023project\\aparus\\app\\Controllers\\Aduan.php', 28, [...])
 2 SYSTEMPATH\CodeIgniter.php(942): App\Controllers\Aduan->list()
 3 SYSTEMPATH\CodeIgniter.php(502): CodeIgniter\CodeIgniter->runController(Object(App\Controllers\Aduan))
 4 SYSTEMPATH\CodeIgniter.php(361): CodeIgniter\CodeIgniter->handleRequest(null, Object(Config\Cache), false)
 5 FCPATH\index.php(79): CodeIgniter\CodeIgniter->run()
 6 SYSTEMPATH\Commands\Server\rewrite.php(47): require_once('C:\\2023project\\aparus\\public\\index.php')
INFO - 2023-12-06 20:39:59 --> Session: Class initialized using 'CodeIgniter\Session\Handlers\FileHandler' driver.
CRITICAL - 2023-12-06 20:39:59 --> Undefined index: jumlahperstatus
in APPPATH\Controllers\Aduan.php on line 28.
 1 APPPATH\Controllers\Aduan.php(28): CodeIgniter\Debug\Exceptions->errorHandler(8, 'Undefined index: jumlahperstatus', 'C:\\2023project\\aparus\\app\\Controllers\\Aduan.php', 28, [...])
 2 SYSTEMPATH\CodeIgniter.php(942): App\Controllers\Aduan->list()
 3 SYSTEMPATH\CodeIgniter.php(502): CodeIgniter\CodeIgniter->runController(Object(App\Controllers\Aduan))
 4 SYSTEMPATH\CodeIgniter.php(361): CodeIgniter\CodeIgniter->handleRequest(null, Object(Config\Cache), false)
 5 FCPATH\index.php(79): CodeIgniter\CodeIgniter->run()
 6 SYSTEMPATH\Commands\Server\rewrite.php(47): require_once('C:\\2023project\\aparus\\public\\index.php')
INFO - 2023-12-06 20:44:24 --> Session: Class initialized using 'CodeIgniter\Session\Handlers\FileHandler' driver.
ERROR - 2023-12-06 20:44:24 --> mysqli_sql_exception: You have an error in your SQL syntax; check the manual that corresponds to your MariaDB server version for the right syntax to use near 'SELECT count(id_aduan) as total
FROM `aprs_aduan`' at line 1 in C:\2023project\aparus\system\Database\MySQLi\Connection.php:306
Stack trace:
#0 C:\2023project\aparus\system\Database\MySQLi\Connection.php(306): mysqli->query('SELECT SELECT c...', 0)
#1 C:\2023project\aparus\system\Database\BaseConnection.php(693): CodeIgniter\Database\MySQLi\Connection->execute('SELECT SELECT c...')
#2 C:\2023project\aparus\system\Database\BaseConnection.php(607): CodeIgniter\Database\BaseConnection->simpleQuery('SELECT SELECT c...')
#3 C:\2023project\aparus\system\Database\BaseBuilder.php(1615): CodeIgniter\Database\BaseConnection->query('SELECT SELECT c...', Array, false)
#4 C:\2023project\aparus\app\Models\Aduan_model.php(37): CodeIgniter\Database\BaseBuilder->get()
#5 C:\2023project\aparus\app\Controllers\Aduan.php(28): App\Models\Aduan_model->countTotalAduan()
#6 C:\2023project\aparus\system\CodeIgniter.php(942): App\Controllers\Aduan->list()
#7 C:\2023project\aparus\system\CodeIgniter.php(502): CodeIgniter\CodeIgniter->runController(Object(App\Controllers\Aduan))
#8 C:\2023project\aparus\system\CodeIgniter.php(361): CodeIgniter\CodeIgniter->handleRequest(NULL, Object(Config\Cache), false)
#9 C:\2023project\aparus\public\index.php(79): CodeIgniter\CodeIgniter->run()
#10 C:\2023project\aparus\system\Commands\Server\rewrite.php(47): require_once('C:\\2023project\\...')
#11 {main}
CRITICAL - 2023-12-06 20:44:24 --> You have an error in your SQL syntax; check the manual that corresponds to your MariaDB server version for the right syntax to use near 'SELECT count(id_aduan) as total
FROM `aprs_aduan`' at line 1
in SYSTEMPATH\Database\BaseConnection.php on line 647.
 1 SYSTEMPATH\Database\BaseBuilder.php(1615): CodeIgniter\Database\BaseConnection->query('SELECT SELECT count(id_aduan) as total
FROM `aprs_aduan`', [], false)
 2 APPPATH\Models\Aduan_model.php(37): CodeIgniter\Database\BaseBuilder->get()
 3 APPPATH\Controllers\Aduan.php(28): App\Models\Aduan_model->countTotalAduan()
 4 SYSTEMPATH\CodeIgniter.php(942): App\Controllers\Aduan->list()
 5 SYSTEMPATH\CodeIgniter.php(502): CodeIgniter\CodeIgniter->runController(Object(App\Controllers\Aduan))
 6 SYSTEMPATH\CodeIgniter.php(361): CodeIgniter\CodeIgniter->handleRequest(null, Object(Config\Cache), false)
 7 FCPATH\index.php(79): CodeIgniter\CodeIgniter->run()
 8 SYSTEMPATH\Commands\Server\rewrite.php(47): require_once('C:\\2023project\\aparus\\public\\index.php')
INFO - 2023-12-06 20:45:15 --> Session: Class initialized using 'CodeIgniter\Session\Handlers\FileHandler' driver.
CRITICAL - 2023-12-06 20:45:15 --> Call to a member function getResult() on int
in APPPATH\Controllers\Aduan.php on line 28.
 1 SYSTEMPATH\CodeIgniter.php(942): App\Controllers\Aduan->list()
 2 SYSTEMPATH\CodeIgniter.php(502): CodeIgniter\CodeIgniter->runController(Object(App\Controllers\Aduan))
 3 SYSTEMPATH\CodeIgniter.php(361): CodeIgniter\CodeIgniter->handleRequest(null, Object(Config\Cache), false)
 4 FCPATH\index.php(79): CodeIgniter\CodeIgniter->run()
 5 SYSTEMPATH\Commands\Server\rewrite.php(47): require_once('C:\\2023project\\aparus\\public\\index.php')
INFO - 2023-12-06 20:45:35 --> Session: Class initialized using 'CodeIgniter\Session\Handlers\FileHandler' driver.
INFO - 2023-12-06 20:46:07 --> Session: Class initialized using 'CodeIgniter\Session\Handlers\FileHandler' driver.
INFO - 2023-12-06 20:46:26 --> Session: Class initialized using 'CodeIgniter\Session\Handlers\FileHandler' driver.
INFO - 2023-12-06 20:48:35 --> Session: Class initialized using 'CodeIgniter\Session\Handlers\FileHandler' driver.
INFO - 2023-12-06 20:49:10 --> Session: Class initialized using 'CodeIgniter\Session\Handlers\FileHandler' driver.
INFO - 2023-12-06 20:50:43 --> Session: Class initialized using 'CodeIgniter\Session\Handlers\FileHandler' driver.
CRITICAL - 2023-12-06 20:50:43 --> Undefined variable: status
in APPPATH\Views\aduan\list.php on line 157.
 1 APPPATH\Views\aduan\list.php(157): CodeIgniter\Debug\Exceptions->errorHandler(8, 'Undefined variable: status', 'C:\\2023project\\aparus\\app\\Views\\aduan\\list.php', 157, [...])
 2 SYSTEMPATH\View\View.php(228): include('C:\\2023project\\aparus\\app\\Views\\aduan\\list.php')
 3 SYSTEMPATH\View\View.php(231): CodeIgniter\View\View->CodeIgniter\View\{closure}()
 4 SYSTEMPATH\Common.php(1190): CodeIgniter\View\View->render('Aduan\\list', [], true)
 5 APPPATH\Controllers\Aduan.php(29): view('Aduan\\list', [...])
 6 SYSTEMPATH\CodeIgniter.php(942): App\Controllers\Aduan->list()
 7 SYSTEMPATH\CodeIgniter.php(502): CodeIgniter\CodeIgniter->runController(Object(App\Controllers\Aduan))
 8 SYSTEMPATH\CodeIgniter.php(361): CodeIgniter\CodeIgniter->handleRequest(null, Object(Config\Cache), false)
 9 FCPATH\index.php(79): CodeIgniter\CodeIgniter->run()
10 SYSTEMPATH\Commands\Server\rewrite.php(47): require_once('C:\\2023project\\aparus\\public\\index.php')
INFO - 2023-12-06 20:50:57 --> Session: Class initialized using 'CodeIgniter\Session\Handlers\FileHandler' driver.
INFO - 2023-12-06 20:52:36 --> Session: Class initialized using 'CodeIgniter\Session\Handlers\FileHandler' driver.
INFO - 2023-12-06 20:52:40 --> Session: Class initialized using 'CodeIgniter\Session\Handlers\FileHandler' driver.
INFO - 2023-12-06 20:52:41 --> Session: Class initialized using 'CodeIgniter\Session\Handlers\FileHandler' driver.
INFO - 2023-12-06 20:53:57 --> Session: Class initialized using 'CodeIgniter\Session\Handlers\FileHandler' driver.
ERROR - 2023-12-06 20:53:58 --> mysqli_sql_exception: Illegal parameter data types varchar and row for operation '=' in C:\2023project\aparus\system\Database\MySQLi\Connection.php:306
Stack trace:
#0 C:\2023project\aparus\system\Database\MySQLi\Connection.php(306): mysqli->query('SELECT `judul`,...', 0)
#1 C:\2023project\aparus\system\Database\BaseConnection.php(693): CodeIgniter\Database\MySQLi\Connection->execute('SELECT `judul`,...')
#2 C:\2023project\aparus\system\Database\BaseConnection.php(607): CodeIgniter\Database\BaseConnection->simpleQuery('SELECT `judul`,...')
#3 C:\2023project\aparus\system\Database\BaseBuilder.php(1615): CodeIgniter\Database\BaseConnection->query('SELECT `judul`,...', Array, false)
#4 C:\2023project\aparus\app\Models\Aduan_model.php(21): CodeIgniter\Database\BaseBuilder->get()
#5 C:\2023project\aparus\app\Controllers\Aduan.php(27): App\Models\Aduan_model->getAduanWithUser(Array)
#6 C:\2023project\aparus\system\CodeIgniter.php(942): App\Controllers\Aduan->list()
#7 C:\2023project\aparus\system\CodeIgniter.php(502): CodeIgniter\CodeIgniter->runController(Object(App\Controllers\Aduan))
#8 C:\2023project\aparus\system\CodeIgniter.php(361): CodeIgniter\CodeIgniter->handleRequest(NULL, Object(Config\Cache), false)
#9 C:\2023project\aparus\public\index.php(79): CodeIgniter\CodeIgniter->run()
#10 C:\2023project\aparus\system\Commands\Server\rewrite.php(47): require_once('C:\\2023project\\...')
#11 {main}
CRITICAL - 2023-12-06 20:53:58 --> Illegal parameter data types varchar and row for operation '='
in SYSTEMPATH\Database\BaseConnection.php on line 647.
 1 SYSTEMPATH\Database\BaseBuilder.php(1615): CodeIgniter\Database\BaseConnection->query('SELECT `judul`, `deskripsi`, `pengadu`, `hunian`, `teknisi`, `ktp`, `nama`, `kode_penghuni`, `kontak`, `aprs_aduan`.`created_at` as `tgladuan`
FROM `aprs_aduan`
LEFT JOIN `aprs_penghuni` ON `kode_penghuni` = `pengadu`
WHERE `aprs_aduan`.`status` = :aduan.status:
ORDER BY `tgladuan` DESC', [...], false)
 2 APPPATH\Models\Aduan_model.php(21): CodeIgniter\Database\BaseBuilder->get()
 3 APPPATH\Controllers\Aduan.php(27): App\Models\Aduan_model->getAduanWithUser([...])
 4 SYSTEMPATH\CodeIgniter.php(942): App\Controllers\Aduan->list()
 5 SYSTEMPATH\CodeIgniter.php(502): CodeIgniter\CodeIgniter->runController(Object(App\Controllers\Aduan))
 6 SYSTEMPATH\CodeIgniter.php(361): CodeIgniter\CodeIgniter->handleRequest(null, Object(Config\Cache), false)
 7 FCPATH\index.php(79): CodeIgniter\CodeIgniter->run()
 8 SYSTEMPATH\Commands\Server\rewrite.php(47): require_once('C:\\2023project\\aparus\\public\\index.php')
INFO - 2023-12-06 20:55:34 --> Session: Class initialized using 'CodeIgniter\Session\Handlers\FileHandler' driver.
INFO - 2023-12-06 20:56:46 --> Session: Class initialized using 'CodeIgniter\Session\Handlers\FileHandler' driver.
INFO - 2023-12-06 20:59:16 --> Session: Class initialized using 'CodeIgniter\Session\Handlers\FileHandler' driver.
INFO - 2023-12-06 20:59:18 --> Session: Class initialized using 'CodeIgniter\Session\Handlers\FileHandler' driver.
CRITICAL - 2023-12-06 20:59:18 --> Undefined variable: total
in APPPATH\Views\aduan\list.php on line 110.
 1 APPPATH\Views\aduan\list.php(110): CodeIgniter\Debug\Exceptions->errorHandler(8, 'Undefined variable: total', 'C:\\2023project\\aparus\\app\\Views\\aduan\\list.php', 110, [...])
 2 SYSTEMPATH\View\View.php(228): include('C:\\2023project\\aparus\\app\\Views\\aduan\\list.php')
 3 SYSTEMPATH\View\View.php(231): CodeIgniter\View\View->CodeIgniter\View\{closure}()
 4 SYSTEMPATH\Common.php(1190): CodeIgniter\View\View->render('Aduan\\list', [], true)
 5 APPPATH\Controllers\Aduan.php(40): view('Aduan\\list', [...])
 6 SYSTEMPATH\CodeIgniter.php(942): App\Controllers\Aduan->selesai()
 7 SYSTEMPATH\CodeIgniter.php(502): CodeIgniter\CodeIgniter->runController(Object(App\Controllers\Aduan))
 8 SYSTEMPATH\CodeIgniter.php(361): CodeIgniter\CodeIgniter->handleRequest(null, Object(Config\Cache), false)
 9 FCPATH\index.php(79): CodeIgniter\CodeIgniter->run()
10 SYSTEMPATH\Commands\Server\rewrite.php(47): require_once('C:\\2023project\\aparus\\public\\index.php')
INFO - 2023-12-06 20:59:39 --> Session: Class initialized using 'CodeIgniter\Session\Handlers\FileHandler' driver.
CRITICAL - 2023-12-06 20:59:39 --> Undefined variable: total
in APPPATH\Views\aduan\list.php on line 110.
 1 APPPATH\Views\aduan\list.php(110): CodeIgniter\Debug\Exceptions->errorHandler(8, 'Undefined variable: total', 'C:\\2023project\\aparus\\app\\Views\\aduan\\list.php', 110, [...])
 2 SYSTEMPATH\View\View.php(228): include('C:\\2023project\\aparus\\app\\Views\\aduan\\list.php')
 3 SYSTEMPATH\View\View.php(231): CodeIgniter\View\View->CodeIgniter\View\{closure}()
 4 SYSTEMPATH\Common.php(1190): CodeIgniter\View\View->render('Aduan\\list', [], true)
 5 APPPATH\Controllers\Aduan.php(40): view('Aduan\\list', [...])
 6 SYSTEMPATH\CodeIgniter.php(942): App\Controllers\Aduan->selesai()
 7 SYSTEMPATH\CodeIgniter.php(502): CodeIgniter\CodeIgniter->runController(Object(App\Controllers\Aduan))
 8 SYSTEMPATH\CodeIgniter.php(361): CodeIgniter\CodeIgniter->handleRequest(null, Object(Config\Cache), false)
 9 FCPATH\index.php(79): CodeIgniter\CodeIgniter->run()
10 SYSTEMPATH\Commands\Server\rewrite.php(47): require_once('C:\\2023project\\aparus\\public\\index.php')
INFO - 2023-12-06 21:00:02 --> Session: Class initialized using 'CodeIgniter\Session\Handlers\FileHandler' driver.
CRITICAL - 2023-12-06 21:00:02 --> Undefined variable: total
in APPPATH\Views\aduan\list.php on line 110.
 1 APPPATH\Views\aduan\list.php(110): CodeIgniter\Debug\Exceptions->errorHandler(8, 'Undefined variable: total', 'C:\\2023project\\aparus\\app\\Views\\aduan\\list.php', 110, [...])
 2 SYSTEMPATH\View\View.php(228): include('C:\\2023project\\aparus\\app\\Views\\aduan\\list.php')
 3 SYSTEMPATH\View\View.php(231): CodeIgniter\View\View->CodeIgniter\View\{closure}()
 4 SYSTEMPATH\Common.php(1190): CodeIgniter\View\View->render('Aduan\\list', [], true)
 5 APPPATH\Controllers\Aduan.php(40): view('Aduan\\list', [...])
 6 SYSTEMPATH\CodeIgniter.php(942): App\Controllers\Aduan->selesai()
 7 SYSTEMPATH\CodeIgniter.php(502): CodeIgniter\CodeIgniter->runController(Object(App\Controllers\Aduan))
 8 SYSTEMPATH\CodeIgniter.php(361): CodeIgniter\CodeIgniter->handleRequest(null, Object(Config\Cache), false)
 9 FCPATH\index.php(79): CodeIgniter\CodeIgniter->run()
10 SYSTEMPATH\Commands\Server\rewrite.php(47): require_once('C:\\2023project\\aparus\\public\\index.php')
INFO - 2023-12-06 21:00:44 --> Session: Class initialized using 'CodeIgniter\Session\Handlers\FileHandler' driver.
INFO - 2023-12-06 21:00:50 --> Session: Class initialized using 'CodeIgniter\Session\Handlers\FileHandler' driver.
INFO - 2023-12-06 21:00:52 --> Session: Class initialized using 'CodeIgniter\Session\Handlers\FileHandler' driver.
INFO - 2023-12-06 21:00:54 --> Session: Class initialized using 'CodeIgniter\Session\Handlers\FileHandler' driver.
INFO - 2023-12-06 21:00:58 --> Session: Class initialized using 'CodeIgniter\Session\Handlers\FileHandler' driver.
INFO - 2023-12-06 21:01:00 --> Session: Class initialized using 'CodeIgniter\Session\Handlers\FileHandler' driver.
INFO - 2023-12-06 21:02:22 --> Session: Class initialized using 'CodeIgniter\Session\Handlers\FileHandler' driver.
INFO - 2023-12-06 21:02:22 --> Session: Class initialized using 'CodeIgniter\Session\Handlers\FileHandler' driver.
INFO - 2023-12-06 21:03:00 --> Session: Class initialized using 'CodeIgniter\Session\Handlers\FileHandler' driver.
INFO - 2023-12-06 21:03:00 --> Session: Class initialized using 'CodeIgniter\Session\Handlers\FileHandler' driver.
INFO - 2023-12-06 21:03:05 --> Session: Class initialized using 'CodeIgniter\Session\Handlers\FileHandler' driver.
INFO - 2023-12-06 21:03:16 --> Session: Class initialized using 'CodeIgniter\Session\Handlers\FileHandler' driver.
INFO - 2023-12-06 21:03:20 --> Session: Class initialized using 'CodeIgniter\Session\Handlers\FileHandler' driver.
INFO - 2023-12-06 21:03:21 --> Session: Class initialized using 'CodeIgniter\Session\Handlers\FileHandler' driver.
INFO - 2023-12-06 21:03:23 --> Session: Class initialized using 'CodeIgniter\Session\Handlers\FileHandler' driver.
INFO - 2023-12-06 21:03:26 --> Session: Class initialized using 'CodeIgniter\Session\Handlers\FileHandler' driver.
INFO - 2023-12-06 21:03:27 --> Session: Class initialized using 'CodeIgniter\Session\Handlers\FileHandler' driver.
INFO - 2023-12-06 21:03:43 --> Session: Class initialized using 'CodeIgniter\Session\Handlers\FileHandler' driver.
INFO - 2023-12-06 21:03:58 --> Session: Class initialized using 'CodeIgniter\Session\Handlers\FileHandler' driver.
INFO - 2023-12-06 21:04:10 --> Session: Class initialized using 'CodeIgniter\Session\Handlers\FileHandler' driver.
INFO - 2023-12-06 21:04:12 --> Session: Class initialized using 'CodeIgniter\Session\Handlers\FileHandler' driver.
INFO - 2023-12-06 21:04:14 --> Session: Class initialized using 'CodeIgniter\Session\Handlers\FileHandler' driver.
INFO - 2023-12-06 21:04:17 --> Session: Class initialized using 'CodeIgniter\Session\Handlers\FileHandler' driver.
INFO - 2023-12-06 21:04:19 --> Session: Class initialized using 'CodeIgniter\Session\Handlers\FileHandler' driver.
INFO - 2023-12-06 21:04:38 --> Session: Class initialized using 'CodeIgniter\Session\Handlers\FileHandler' driver.
INFO - 2023-12-06 21:04:41 --> Session: Class initialized using 'CodeIgniter\Session\Handlers\FileHandler' driver.
INFO - 2023-12-06 21:04:45 --> Session: Class initialized using 'CodeIgniter\Session\Handlers\FileHandler' driver.
INFO - 2023-12-06 21:05:41 --> Session: Class initialized using 'CodeIgniter\Session\Handlers\FileHandler' driver.
INFO - 2023-12-06 21:08:17 --> Session: Class initialized using 'CodeIgniter\Session\Handlers\FileHandler' driver.
INFO - 2023-12-06 21:09:32 --> Session: Class initialized using 'CodeIgniter\Session\Handlers\FileHandler' driver.
INFO - 2023-12-06 21:09:35 --> Session: Class initialized using 'CodeIgniter\Session\Handlers\FileHandler' driver.
INFO - 2023-12-06 21:09:39 --> Session: Class initialized using 'CodeIgniter\Session\Handlers\FileHandler' driver.
INFO - 2023-12-06 21:09:41 --> Session: Class initialized using 'CodeIgniter\Session\Handlers\FileHandler' driver.
INFO - 2023-12-06 21:09:59 --> Session: Class initialized using 'CodeIgniter\Session\Handlers\FileHandler' driver.
INFO - 2023-12-06 21:10:01 --> Session: Class initialized using 'CodeIgniter\Session\Handlers\FileHandler' driver.
INFO - 2023-12-06 21:10:03 --> Session: Class initialized using 'CodeIgniter\Session\Handlers\FileHandler' driver.
INFO - 2023-12-06 21:12:02 --> Session: Class initialized using 'CodeIgniter\Session\Handlers\FileHandler' driver.
INFO - 2023-12-06 21:13:48 --> Session: Class initialized using 'CodeIgniter\Session\Handlers\FileHandler' driver.
CRITICAL - 2023-12-06 21:13:49 --> Argument 2 passed to view() must be of the type array, int given, called in C:\2023project\aparus\app\Controllers\Aduan.php on line 98
in SYSTEMPATH\Common.php on line 1178.
 1 APPPATH\Controllers\Aduan.php(98): view('Aduan\\tvmedia', 0)
 2 SYSTEMPATH\CodeIgniter.php(942): App\Controllers\Aduan->tvmedia()
 3 SYSTEMPATH\CodeIgniter.php(502): CodeIgniter\CodeIgniter->runController(Object(App\Controllers\Aduan))
 4 SYSTEMPATH\CodeIgniter.php(361): CodeIgniter\CodeIgniter->handleRequest(null, Object(Config\Cache), false)
 5 FCPATH\index.php(79): CodeIgniter\CodeIgniter->run()
 6 SYSTEMPATH\Commands\Server\rewrite.php(47): require_once('C:\\2023project\\aparus\\public\\index.php')
INFO - 2023-12-06 21:14:06 --> Session: Class initialized using 'CodeIgniter\Session\Handlers\FileHandler' driver.
INFO - 2023-12-06 21:14:06 --> Session: Class initialized using 'CodeIgniter\Session\Handlers\FileHandler' driver.
INFO - 2023-12-06 21:14:06 --> Session: Class initialized using 'CodeIgniter\Session\Handlers\FileHandler' driver.
INFO - 2023-12-06 21:14:06 --> Session: Class initialized using 'CodeIgniter\Session\Handlers\FileHandler' driver.
INFO - 2023-12-06 21:14:06 --> Session: Class initialized using 'CodeIgniter\Session\Handlers\FileHandler' driver.
INFO - 2023-12-06 21:14:06 --> Session: Class initialized using 'CodeIgniter\Session\Handlers\FileHandler' driver.
INFO - 2023-12-06 21:14:06 --> Session: Class initialized using 'CodeIgniter\Session\Handlers\FileHandler' driver.
INFO - 2023-12-06 21:14:07 --> Session: Class initialized using 'CodeIgniter\Session\Handlers\FileHandler' driver.
INFO - 2023-12-06 21:14:07 --> Session: Class initialized using 'CodeIgniter\Session\Handlers\FileHandler' driver.
INFO - 2023-12-06 21:14:07 --> Session: Class initialized using 'CodeIgniter\Session\Handlers\FileHandler' driver.
INFO - 2023-12-06 21:14:07 --> Session: Class initialized using 'CodeIgniter\Session\Handlers\FileHandler' driver.
INFO - 2023-12-06 21:14:07 --> Session: Class initialized using 'CodeIgniter\Session\Handlers\FileHandler' driver.
INFO - 2023-12-06 21:14:07 --> Session: Class initialized using 'CodeIgniter\Session\Handlers\FileHandler' driver.
INFO - 2023-12-06 21:14:07 --> Session: Class initialized using 'CodeIgniter\Session\Handlers\FileHandler' driver.
INFO - 2023-12-06 21:14:07 --> Session: Class initialized using 'CodeIgniter\Session\Handlers\FileHandler' driver.
INFO - 2023-12-06 21:14:07 --> Session: Class initialized using 'CodeIgniter\Session\Handlers\FileHandler' driver.
INFO - 2023-12-06 21:14:07 --> Session: Class initialized using 'CodeIgniter\Session\Handlers\FileHandler' driver.
INFO - 2023-12-06 21:14:07 --> Session: Class initialized using 'CodeIgniter\Session\Handlers\FileHandler' driver.
INFO - 2023-12-06 21:14:07 --> Session: Class initialized using 'CodeIgniter\Session\Handlers\FileHandler' driver.
INFO - 2023-12-06 21:14:07 --> Session: Class initialized using 'CodeIgniter\Session\Handlers\FileHandler' driver.
INFO - 2023-12-06 21:14:07 --> Session: Class initialized using 'CodeIgniter\Session\Handlers\FileHandler' driver.
INFO - 2023-12-06 21:14:08 --> Session: Class initialized using 'CodeIgniter\Session\Handlers\FileHandler' driver.
INFO - 2023-12-06 21:14:08 --> Session: Class initialized using 'CodeIgniter\Session\Handlers\FileHandler' driver.
INFO - 2023-12-06 21:14:08 --> Session: Class initialized using 'CodeIgniter\Session\Handlers\FileHandler' driver.
INFO - 2023-12-06 21:14:08 --> Session: Class initialized using 'CodeIgniter\Session\Handlers\FileHandler' driver.
INFO - 2023-12-06 21:15:07 --> Session: Class initialized using 'CodeIgniter\Session\Handlers\FileHandler' driver.
INFO - 2023-12-06 21:15:07 --> Session: Class initialized using 'CodeIgniter\Session\Handlers\FileHandler' driver.
INFO - 2023-12-06 21:15:07 --> Session: Class initialized using 'CodeIgniter\Session\Handlers\FileHandler' driver.
INFO - 2023-12-06 21:15:07 --> Session: Class initialized using 'CodeIgniter\Session\Handlers\FileHandler' driver.
INFO - 2023-12-06 21:15:07 --> Session: Class initialized using 'CodeIgniter\Session\Handlers\FileHandler' driver.
INFO - 2023-12-06 21:15:07 --> Session: Class initialized using 'CodeIgniter\Session\Handlers\FileHandler' driver.
INFO - 2023-12-06 21:15:08 --> Session: Class initialized using 'CodeIgniter\Session\Handlers\FileHandler' driver.
INFO - 2023-12-06 21:15:08 --> Session: Class initialized using 'CodeIgniter\Session\Handlers\FileHandler' driver.
INFO - 2023-12-06 21:15:08 --> Session: Class initialized using 'CodeIgniter\Session\Handlers\FileHandler' driver.
INFO - 2023-12-06 21:15:08 --> Session: Class initialized using 'CodeIgniter\Session\Handlers\FileHandler' driver.
INFO - 2023-12-06 21:15:08 --> Session: Class initialized using 'CodeIgniter\Session\Handlers\FileHandler' driver.
INFO - 2023-12-06 21:15:08 --> Session: Class initialized using 'CodeIgniter\Session\Handlers\FileHandler' driver.
INFO - 2023-12-06 21:15:08 --> Session: Class initialized using 'CodeIgniter\Session\Handlers\FileHandler' driver.
INFO - 2023-12-06 21:15:08 --> Session: Class initialized using 'CodeIgniter\Session\Handlers\FileHandler' driver.
INFO - 2023-12-06 21:15:08 --> Session: Class initialized using 'CodeIgniter\Session\Handlers\FileHandler' driver.
INFO - 2023-12-06 21:15:08 --> Session: Class initialized using 'CodeIgniter\Session\Handlers\FileHandler' driver.
INFO - 2023-12-06 21:15:08 --> Session: Class initialized using 'CodeIgniter\Session\Handlers\FileHandler' driver.
INFO - 2023-12-06 21:15:08 --> Session: Class initialized using 'CodeIgniter\Session\Handlers\FileHandler' driver.
INFO - 2023-12-06 21:15:08 --> Session: Class initialized using 'CodeIgniter\Session\Handlers\FileHandler' driver.
INFO - 2023-12-06 21:15:08 --> Session: Class initialized using 'CodeIgniter\Session\Handlers\FileHandler' driver.
INFO - 2023-12-06 21:15:09 --> Session: Class initialized using 'CodeIgniter\Session\Handlers\FileHandler' driver.
INFO - 2023-12-06 21:15:09 --> Session: Class initialized using 'CodeIgniter\Session\Handlers\FileHandler' driver.
INFO - 2023-12-06 21:15:09 --> Session: Class initialized using 'CodeIgniter\Session\Handlers\FileHandler' driver.
INFO - 2023-12-06 21:15:09 --> Session: Class initialized using 'CodeIgniter\Session\Handlers\FileHandler' driver.
INFO - 2023-12-06 21:15:09 --> Session: Class initialized using 'CodeIgniter\Session\Handlers\FileHandler' driver.
INFO - 2023-12-06 21:15:32 --> Session: Class initialized using 'CodeIgniter\Session\Handlers\FileHandler' driver.
INFO - 2023-12-06 21:15:32 --> Session: Class initialized using 'CodeIgniter\Session\Handlers\FileHandler' driver.
INFO - 2023-12-06 21:15:32 --> Session: Class initialized using 'CodeIgniter\Session\Handlers\FileHandler' driver.
INFO - 2023-12-06 21:15:32 --> Session: Class initialized using 'CodeIgniter\Session\Handlers\FileHandler' driver.
INFO - 2023-12-06 21:15:32 --> Session: Class initialized using 'CodeIgniter\Session\Handlers\FileHandler' driver.
INFO - 2023-12-06 21:15:32 --> Session: Class initialized using 'CodeIgniter\Session\Handlers\FileHandler' driver.
INFO - 2023-12-06 21:15:32 --> Session: Class initialized using 'CodeIgniter\Session\Handlers\FileHandler' driver.
INFO - 2023-12-06 21:15:32 --> Session: Class initialized using 'CodeIgniter\Session\Handlers\FileHandler' driver.
INFO - 2023-12-06 21:15:32 --> Session: Class initialized using 'CodeIgniter\Session\Handlers\FileHandler' driver.
INFO - 2023-12-06 21:15:32 --> Session: Class initialized using 'CodeIgniter\Session\Handlers\FileHandler' driver.
INFO - 2023-12-06 21:15:33 --> Session: Class initialized using 'CodeIgniter\Session\Handlers\FileHandler' driver.
INFO - 2023-12-06 21:15:33 --> Session: Class initialized using 'CodeIgniter\Session\Handlers\FileHandler' driver.
INFO - 2023-12-06 21:15:33 --> Session: Class initialized using 'CodeIgniter\Session\Handlers\FileHandler' driver.
INFO - 2023-12-06 21:15:33 --> Session: Class initialized using 'CodeIgniter\Session\Handlers\FileHandler' driver.
INFO - 2023-12-06 21:15:33 --> Session: Class initialized using 'CodeIgniter\Session\Handlers\FileHandler' driver.
INFO - 2023-12-06 21:15:33 --> Session: Class initialized using 'CodeIgniter\Session\Handlers\FileHandler' driver.
INFO - 2023-12-06 21:15:33 --> Session: Class initialized using 'CodeIgniter\Session\Handlers\FileHandler' driver.
INFO - 2023-12-06 21:15:33 --> Session: Class initialized using 'CodeIgniter\Session\Handlers\FileHandler' driver.
INFO - 2023-12-06 21:15:33 --> Session: Class initialized using 'CodeIgniter\Session\Handlers\FileHandler' driver.
INFO - 2023-12-06 21:15:33 --> Session: Class initialized using 'CodeIgniter\Session\Handlers\FileHandler' driver.
INFO - 2023-12-06 21:15:33 --> Session: Class initialized using 'CodeIgniter\Session\Handlers\FileHandler' driver.
INFO - 2023-12-06 21:15:33 --> Session: Class initialized using 'CodeIgniter\Session\Handlers\FileHandler' driver.
INFO - 2023-12-06 21:15:33 --> Session: Class initialized using 'CodeIgniter\Session\Handlers\FileHandler' driver.
INFO - 2023-12-06 21:15:33 --> Session: Class initialized using 'CodeIgniter\Session\Handlers\FileHandler' driver.
INFO - 2023-12-06 21:15:34 --> Session: Class initialized using 'CodeIgniter\Session\Handlers\FileHandler' driver.
INFO - 2023-12-06 21:16:03 --> Session: Class initialized using 'CodeIgniter\Session\Handlers\FileHandler' driver.
INFO - 2023-12-06 21:16:04 --> Session: Class initialized using 'CodeIgniter\Session\Handlers\FileHandler' driver.
INFO - 2023-12-06 21:16:04 --> Session: Class initialized using 'CodeIgniter\Session\Handlers\FileHandler' driver.
INFO - 2023-12-06 21:16:04 --> Session: Class initialized using 'CodeIgniter\Session\Handlers\FileHandler' driver.
INFO - 2023-12-06 21:16:04 --> Session: Class initialized using 'CodeIgniter\Session\Handlers\FileHandler' driver.
INFO - 2023-12-06 21:16:04 --> Session: Class initialized using 'CodeIgniter\Session\Handlers\FileHandler' driver.
INFO - 2023-12-06 21:16:04 --> Session: Class initialized using 'CodeIgniter\Session\Handlers\FileHandler' driver.
INFO - 2023-12-06 21:16:04 --> Session: Class initialized using 'CodeIgniter\Session\Handlers\FileHandler' driver.
INFO - 2023-12-06 21:16:04 --> Session: Class initialized using 'CodeIgniter\Session\Handlers\FileHandler' driver.
INFO - 2023-12-06 21:16:04 --> Session: Class initialized using 'CodeIgniter\Session\Handlers\FileHandler' driver.
INFO - 2023-12-06 21:16:04 --> Session: Class initialized using 'CodeIgniter\Session\Handlers\FileHandler' driver.
INFO - 2023-12-06 21:16:04 --> Session: Class initialized using 'CodeIgniter\Session\Handlers\FileHandler' driver.
INFO - 2023-12-06 21:16:04 --> Session: Class initialized using 'CodeIgniter\Session\Handlers\FileHandler' driver.
INFO - 2023-12-06 21:16:04 --> Session: Class initialized using 'CodeIgniter\Session\Handlers\FileHandler' driver.
INFO - 2023-12-06 21:16:05 --> Session: Class initialized using 'CodeIgniter\Session\Handlers\FileHandler' driver.
INFO - 2023-12-06 21:16:05 --> Session: Class initialized using 'CodeIgniter\Session\Handlers\FileHandler' driver.
INFO - 2023-12-06 21:16:05 --> Session: Class initialized using 'CodeIgniter\Session\Handlers\FileHandler' driver.
INFO - 2023-12-06 21:16:05 --> Session: Class initialized using 'CodeIgniter\Session\Handlers\FileHandler' driver.
INFO - 2023-12-06 21:16:05 --> Session: Class initialized using 'CodeIgniter\Session\Handlers\FileHandler' driver.
INFO - 2023-12-06 21:16:05 --> Session: Class initialized using 'CodeIgniter\Session\Handlers\FileHandler' driver.
INFO - 2023-12-06 21:16:05 --> Session: Class initialized using 'CodeIgniter\Session\Handlers\FileHandler' driver.
INFO - 2023-12-06 21:16:05 --> Session: Class initialized using 'CodeIgniter\Session\Handlers\FileHandler' driver.
INFO - 2023-12-06 21:16:05 --> Session: Class initialized using 'CodeIgniter\Session\Handlers\FileHandler' driver.
INFO - 2023-12-06 21:16:05 --> Session: Class initialized using 'CodeIgniter\Session\Handlers\FileHandler' driver.
INFO - 2023-12-06 21:16:05 --> Session: Class initialized using 'CodeIgniter\Session\Handlers\FileHandler' driver.
INFO - 2023-12-06 21:16:30 --> Session: Class initialized using 'CodeIgniter\Session\Handlers\FileHandler' driver.
INFO - 2023-12-06 21:16:31 --> Session: Class initialized using 'CodeIgniter\Session\Handlers\FileHandler' driver.
INFO - 2023-12-06 21:16:53 --> Session: Class initialized using 'CodeIgniter\Session\Handlers\FileHandler' driver.
INFO - 2023-12-06 21:16:54 --> Session: Class initialized using 'CodeIgniter\Session\Handlers\FileHandler' driver.
INFO - 2023-12-06 21:16:54 --> Session: Class initialized using 'CodeIgniter\Session\Handlers\FileHandler' driver.
INFO - 2023-12-06 21:16:54 --> Session: Class initialized using 'CodeIgniter\Session\Handlers\FileHandler' driver.
INFO - 2023-12-06 21:16:54 --> Session: Class initialized using 'CodeIgniter\Session\Handlers\FileHandler' driver.
INFO - 2023-12-06 21:16:54 --> Session: Class initialized using 'CodeIgniter\Session\Handlers\FileHandler' driver.
INFO - 2023-12-06 21:16:54 --> Session: Class initialized using 'CodeIgniter\Session\Handlers\FileHandler' driver.
INFO - 2023-12-06 21:16:54 --> Session: Class initialized using 'CodeIgniter\Session\Handlers\FileHandler' driver.
INFO - 2023-12-06 21:16:54 --> Session: Class initialized using 'CodeIgniter\Session\Handlers\FileHandler' driver.
INFO - 2023-12-06 21:16:54 --> Session: Class initialized using 'CodeIgniter\Session\Handlers\FileHandler' driver.
INFO - 2023-12-06 21:16:54 --> Session: Class initialized using 'CodeIgniter\Session\Handlers\FileHandler' driver.
INFO - 2023-12-06 21:16:54 --> Session: Class initialized using 'CodeIgniter\Session\Handlers\FileHandler' driver.
INFO - 2023-12-06 21:16:55 --> Session: Class initialized using 'CodeIgniter\Session\Handlers\FileHandler' driver.
INFO - 2023-12-06 21:16:55 --> Session: Class initialized using 'CodeIgniter\Session\Handlers\FileHandler' driver.
INFO - 2023-12-06 21:16:55 --> Session: Class initialized using 'CodeIgniter\Session\Handlers\FileHandler' driver.
INFO - 2023-12-06 21:16:55 --> Session: Class initialized using 'CodeIgniter\Session\Handlers\FileHandler' driver.
INFO - 2023-12-06 21:16:55 --> Session: Class initialized using 'CodeIgniter\Session\Handlers\FileHandler' driver.
INFO - 2023-12-06 21:16:55 --> Session: Class initialized using 'CodeIgniter\Session\Handlers\FileHandler' driver.
INFO - 2023-12-06 21:16:55 --> Session: Class initialized using 'CodeIgniter\Session\Handlers\FileHandler' driver.
INFO - 2023-12-06 21:16:55 --> Session: Class initialized using 'CodeIgniter\Session\Handlers\FileHandler' driver.
INFO - 2023-12-06 21:16:55 --> Session: Class initialized using 'CodeIgniter\Session\Handlers\FileHandler' driver.
INFO - 2023-12-06 21:16:55 --> Session: Class initialized using 'CodeIgniter\Session\Handlers\FileHandler' driver.
INFO - 2023-12-06 21:16:55 --> Session: Class initialized using 'CodeIgniter\Session\Handlers\FileHandler' driver.
INFO - 2023-12-06 21:16:55 --> Session: Class initialized using 'CodeIgniter\Session\Handlers\FileHandler' driver.
INFO - 2023-12-06 21:16:55 --> Session: Class initialized using 'CodeIgniter\Session\Handlers\FileHandler' driver.
INFO - 2023-12-06 21:16:55 --> Session: Class initialized using 'CodeIgniter\Session\Handlers\FileHandler' driver.
INFO - 2023-12-06 21:20:17 --> Session: Class initialized using 'CodeIgniter\Session\Handlers\FileHandler' driver.
INFO - 2023-12-06 21:20:17 --> Session: Class initialized using 'CodeIgniter\Session\Handlers\FileHandler' driver.
INFO - 2023-12-06 21:20:17 --> Session: Class initialized using 'CodeIgniter\Session\Handlers\FileHandler' driver.
INFO - 2023-12-06 21:20:17 --> Session: Class initialized using 'CodeIgniter\Session\Handlers\FileHandler' driver.
INFO - 2023-12-06 21:20:18 --> Session: Class initialized using 'CodeIgniter\Session\Handlers\FileHandler' driver.
INFO - 2023-12-06 21:20:18 --> Session: Class initialized using 'CodeIgniter\Session\Handlers\FileHandler' driver.
INFO - 2023-12-06 21:20:18 --> Session: Class initialized using 'CodeIgniter\Session\Handlers\FileHandler' driver.
INFO - 2023-12-06 21:20:18 --> Session: Class initialized using 'CodeIgniter\Session\Handlers\FileHandler' driver.
INFO - 2023-12-06 21:20:18 --> Session: Class initialized using 'CodeIgniter\Session\Handlers\FileHandler' driver.
INFO - 2023-12-06 21:20:18 --> Session: Class initialized using 'CodeIgniter\Session\Handlers\FileHandler' driver.
INFO - 2023-12-06 21:20:18 --> Session: Class initialized using 'CodeIgniter\Session\Handlers\FileHandler' driver.
INFO - 2023-12-06 21:20:18 --> Session: Class initialized using 'CodeIgniter\Session\Handlers\FileHandler' driver.
INFO - 2023-12-06 21:20:18 --> Session: Class initialized using 'CodeIgniter\Session\Handlers\FileHandler' driver.
INFO - 2023-12-06 21:20:18 --> Session: Class initialized using 'CodeIgniter\Session\Handlers\FileHandler' driver.
INFO - 2023-12-06 21:20:18 --> Session: Class initialized using 'CodeIgniter\Session\Handlers\FileHandler' driver.
INFO - 2023-12-06 21:20:18 --> Session: Class initialized using 'CodeIgniter\Session\Handlers\FileHandler' driver.
INFO - 2023-12-06 21:20:19 --> Session: Class initialized using 'CodeIgniter\Session\Handlers\FileHandler' driver.
INFO - 2023-12-06 21:20:19 --> Session: Class initialized using 'CodeIgniter\Session\Handlers\FileHandler' driver.
INFO - 2023-12-06 21:20:19 --> Session: Class initialized using 'CodeIgniter\Session\Handlers\FileHandler' driver.
INFO - 2023-12-06 21:20:19 --> Session: Class initialized using 'CodeIgniter\Session\Handlers\FileHandler' driver.
INFO - 2023-12-06 21:20:19 --> Session: Class initialized using 'CodeIgniter\Session\Handlers\FileHandler' driver.
INFO - 2023-12-06 21:20:19 --> Session: Class initialized using 'CodeIgniter\Session\Handlers\FileHandler' driver.
INFO - 2023-12-06 21:20:19 --> Session: Class initialized using 'CodeIgniter\Session\Handlers\FileHandler' driver.
INFO - 2023-12-06 21:20:19 --> Session: Class initialized using 'CodeIgniter\Session\Handlers\FileHandler' driver.
INFO - 2023-12-06 21:20:19 --> Session: Class initialized using 'CodeIgniter\Session\Handlers\FileHandler' driver.
INFO - 2023-12-06 21:20:19 --> Session: Class initialized using 'CodeIgniter\Session\Handlers\FileHandler' driver.
INFO - 2023-12-06 21:21:22 --> Session: Class initialized using 'CodeIgniter\Session\Handlers\FileHandler' driver.
INFO - 2023-12-06 21:21:22 --> Session: Class initialized using 'CodeIgniter\Session\Handlers\FileHandler' driver.
INFO - 2023-12-06 21:21:22 --> Session: Class initialized using 'CodeIgniter\Session\Handlers\FileHandler' driver.
INFO - 2023-12-06 21:21:22 --> Session: Class initialized using 'CodeIgniter\Session\Handlers\FileHandler' driver.
INFO - 2023-12-06 21:21:23 --> Session: Class initialized using 'CodeIgniter\Session\Handlers\FileHandler' driver.
INFO - 2023-12-06 21:21:23 --> Session: Class initialized using 'CodeIgniter\Session\Handlers\FileHandler' driver.
INFO - 2023-12-06 21:21:23 --> Session: Class initialized using 'CodeIgniter\Session\Handlers\FileHandler' driver.
INFO - 2023-12-06 21:21:23 --> Session: Class initialized using 'CodeIgniter\Session\Handlers\FileHandler' driver.
INFO - 2023-12-06 21:21:23 --> Session: Class initialized using 'CodeIgniter\Session\Handlers\FileHandler' driver.
INFO - 2023-12-06 21:21:23 --> Session: Class initialized using 'CodeIgniter\Session\Handlers\FileHandler' driver.
INFO - 2023-12-06 21:21:23 --> Session: Class initialized using 'CodeIgniter\Session\Handlers\FileHandler' driver.
INFO - 2023-12-06 21:21:23 --> Session: Class initialized using 'CodeIgniter\Session\Handlers\FileHandler' driver.
INFO - 2023-12-06 21:21:23 --> Session: Class initialized using 'CodeIgniter\Session\Handlers\FileHandler' driver.
INFO - 2023-12-06 21:21:23 --> Session: Class initialized using 'CodeIgniter\Session\Handlers\FileHandler' driver.
INFO - 2023-12-06 21:21:23 --> Session: Class initialized using 'CodeIgniter\Session\Handlers\FileHandler' driver.
INFO - 2023-12-06 21:21:23 --> Session: Class initialized using 'CodeIgniter\Session\Handlers\FileHandler' driver.
INFO - 2023-12-06 21:21:23 --> Session: Class initialized using 'CodeIgniter\Session\Handlers\FileHandler' driver.
INFO - 2023-12-06 21:21:38 --> Session: Class initialized using 'CodeIgniter\Session\Handlers\FileHandler' driver.
INFO - 2023-12-06 21:21:39 --> Session: Class initialized using 'CodeIgniter\Session\Handlers\FileHandler' driver.
INFO - 2023-12-06 21:21:39 --> Session: Class initialized using 'CodeIgniter\Session\Handlers\FileHandler' driver.
INFO - 2023-12-06 21:21:39 --> Session: Class initialized using 'CodeIgniter\Session\Handlers\FileHandler' driver.
INFO - 2023-12-06 21:21:39 --> Session: Class initialized using 'CodeIgniter\Session\Handlers\FileHandler' driver.
INFO - 2023-12-06 21:21:39 --> Session: Class initialized using 'CodeIgniter\Session\Handlers\FileHandler' driver.
INFO - 2023-12-06 21:21:39 --> Session: Class initialized using 'CodeIgniter\Session\Handlers\FileHandler' driver.
INFO - 2023-12-06 21:21:39 --> Session: Class initialized using 'CodeIgniter\Session\Handlers\FileHandler' driver.
INFO - 2023-12-06 21:21:39 --> Session: Class initialized using 'CodeIgniter\Session\Handlers\FileHandler' driver.
INFO - 2023-12-06 21:21:39 --> Session: Class initialized using 'CodeIgniter\Session\Handlers\FileHandler' driver.
INFO - 2023-12-06 21:21:39 --> Session: Class initialized using 'CodeIgniter\Session\Handlers\FileHandler' driver.
INFO - 2023-12-06 21:21:39 --> Session: Class initialized using 'CodeIgniter\Session\Handlers\FileHandler' driver.
INFO - 2023-12-06 21:21:39 --> Session: Class initialized using 'CodeIgniter\Session\Handlers\FileHandler' driver.
INFO - 2023-12-06 21:21:40 --> Session: Class initialized using 'CodeIgniter\Session\Handlers\FileHandler' driver.
INFO - 2023-12-06 21:21:40 --> Session: Class initialized using 'CodeIgniter\Session\Handlers\FileHandler' driver.
INFO - 2023-12-06 21:21:40 --> Session: Class initialized using 'CodeIgniter\Session\Handlers\FileHandler' driver.
INFO - 2023-12-06 21:21:40 --> Session: Class initialized using 'CodeIgniter\Session\Handlers\FileHandler' driver.
INFO - 2023-12-06 21:22:06 --> Session: Class initialized using 'CodeIgniter\Session\Handlers\FileHandler' driver.
INFO - 2023-12-06 21:22:06 --> Session: Class initialized using 'CodeIgniter\Session\Handlers\FileHandler' driver.
INFO - 2023-12-06 21:22:06 --> Session: Class initialized using 'CodeIgniter\Session\Handlers\FileHandler' driver.
INFO - 2023-12-06 21:22:06 --> Session: Class initialized using 'CodeIgniter\Session\Handlers\FileHandler' driver.
INFO - 2023-12-06 21:22:07 --> Session: Class initialized using 'CodeIgniter\Session\Handlers\FileHandler' driver.
INFO - 2023-12-06 21:22:07 --> Session: Class initialized using 'CodeIgniter\Session\Handlers\FileHandler' driver.
INFO - 2023-12-06 21:22:07 --> Session: Class initialized using 'CodeIgniter\Session\Handlers\FileHandler' driver.
INFO - 2023-12-06 21:22:07 --> Session: Class initialized using 'CodeIgniter\Session\Handlers\FileHandler' driver.
INFO - 2023-12-06 21:22:07 --> Session: Class initialized using 'CodeIgniter\Session\Handlers\FileHandler' driver.
INFO - 2023-12-06 21:22:07 --> Session: Class initialized using 'CodeIgniter\Session\Handlers\FileHandler' driver.
INFO - 2023-12-06 21:22:07 --> Session: Class initialized using 'CodeIgniter\Session\Handlers\FileHandler' driver.
INFO - 2023-12-06 21:22:07 --> Session: Class initialized using 'CodeIgniter\Session\Handlers\FileHandler' driver.
INFO - 2023-12-06 21:22:07 --> Session: Class initialized using 'CodeIgniter\Session\Handlers\FileHandler' driver.
INFO - 2023-12-06 21:22:07 --> Session: Class initialized using 'CodeIgniter\Session\Handlers\FileHandler' driver.
INFO - 2023-12-06 21:22:07 --> Session: Class initialized using 'CodeIgniter\Session\Handlers\FileHandler' driver.
INFO - 2023-12-06 21:22:07 --> Session: Class initialized using 'CodeIgniter\Session\Handlers\FileHandler' driver.
INFO - 2023-12-06 21:22:08 --> Session: Class initialized using 'CodeIgniter\Session\Handlers\FileHandler' driver.
INFO - 2023-12-06 21:22:35 --> Session: Class initialized using 'CodeIgniter\Session\Handlers\FileHandler' driver.
INFO - 2023-12-06 21:22:35 --> Session: Class initialized using 'CodeIgniter\Session\Handlers\FileHandler' driver.
INFO - 2023-12-06 21:22:35 --> Session: Class initialized using 'CodeIgniter\Session\Handlers\FileHandler' driver.
INFO - 2023-12-06 21:22:35 --> Session: Class initialized using 'CodeIgniter\Session\Handlers\FileHandler' driver.
INFO - 2023-12-06 21:22:35 --> Session: Class initialized using 'CodeIgniter\Session\Handlers\FileHandler' driver.
INFO - 2023-12-06 21:22:35 --> Session: Class initialized using 'CodeIgniter\Session\Handlers\FileHandler' driver.
INFO - 2023-12-06 21:22:35 --> Session: Class initialized using 'CodeIgniter\Session\Handlers\FileHandler' driver.
INFO - 2023-12-06 21:22:35 --> Session: Class initialized using 'CodeIgniter\Session\Handlers\FileHandler' driver.
INFO - 2023-12-06 21:22:35 --> Session: Class initialized using 'CodeIgniter\Session\Handlers\FileHandler' driver.
INFO - 2023-12-06 21:22:35 --> Session: Class initialized using 'CodeIgniter\Session\Handlers\FileHandler' driver.
INFO - 2023-12-06 21:22:35 --> Session: Class initialized using 'CodeIgniter\Session\Handlers\FileHandler' driver.
INFO - 2023-12-06 21:23:55 --> Session: Class initialized using 'CodeIgniter\Session\Handlers\FileHandler' driver.
INFO - 2023-12-06 21:23:55 --> Session: Class initialized using 'CodeIgniter\Session\Handlers\FileHandler' driver.
INFO - 2023-12-06 21:23:55 --> Session: Class initialized using 'CodeIgniter\Session\Handlers\FileHandler' driver.
INFO - 2023-12-06 21:23:55 --> Session: Class initialized using 'CodeIgniter\Session\Handlers\FileHandler' driver.
INFO - 2023-12-06 21:23:55 --> Session: Class initialized using 'CodeIgniter\Session\Handlers\FileHandler' driver.
INFO - 2023-12-06 21:23:56 --> Session: Class initialized using 'CodeIgniter\Session\Handlers\FileHandler' driver.
INFO - 2023-12-06 21:23:56 --> Session: Class initialized using 'CodeIgniter\Session\Handlers\FileHandler' driver.
INFO - 2023-12-06 21:23:56 --> Session: Class initialized using 'CodeIgniter\Session\Handlers\FileHandler' driver.
INFO - 2023-12-06 21:23:56 --> Session: Class initialized using 'CodeIgniter\Session\Handlers\FileHandler' driver.
INFO - 2023-12-06 21:23:56 --> Session: Class initialized using 'CodeIgniter\Session\Handlers\FileHandler' driver.
INFO - 2023-12-06 21:23:56 --> Session: Class initialized using 'CodeIgniter\Session\Handlers\FileHandler' driver.
INFO - 2023-12-06 21:23:56 --> Session: Class initialized using 'CodeIgniter\Session\Handlers\FileHandler' driver.
INFO - 2023-12-06 21:23:56 --> Session: Class initialized using 'CodeIgniter\Session\Handlers\FileHandler' driver.
INFO - 2023-12-06 21:23:56 --> Session: Class initialized using 'CodeIgniter\Session\Handlers\FileHandler' driver.
INFO - 2023-12-06 21:23:56 --> Session: Class initialized using 'CodeIgniter\Session\Handlers\FileHandler' driver.
INFO - 2023-12-06 21:23:56 --> Session: Class initialized using 'CodeIgniter\Session\Handlers\FileHandler' driver.
INFO - 2023-12-06 21:24:55 --> Session: Class initialized using 'CodeIgniter\Session\Handlers\FileHandler' driver.
INFO - 2023-12-06 21:24:55 --> Session: Class initialized using 'CodeIgniter\Session\Handlers\FileHandler' driver.
INFO - 2023-12-06 21:24:55 --> Session: Class initialized using 'CodeIgniter\Session\Handlers\FileHandler' driver.
INFO - 2023-12-06 21:24:55 --> Session: Class initialized using 'CodeIgniter\Session\Handlers\FileHandler' driver.
INFO - 2023-12-06 21:24:55 --> Session: Class initialized using 'CodeIgniter\Session\Handlers\FileHandler' driver.
INFO - 2023-12-06 21:24:55 --> Session: Class initialized using 'CodeIgniter\Session\Handlers\FileHandler' driver.
INFO - 2023-12-06 21:24:55 --> Session: Class initialized using 'CodeIgniter\Session\Handlers\FileHandler' driver.
INFO - 2023-12-06 21:24:55 --> Session: Class initialized using 'CodeIgniter\Session\Handlers\FileHandler' driver.
INFO - 2023-12-06 21:24:55 --> Session: Class initialized using 'CodeIgniter\Session\Handlers\FileHandler' driver.
INFO - 2023-12-06 21:24:57 --> Session: Class initialized using 'CodeIgniter\Session\Handlers\FileHandler' driver.
INFO - 2023-12-06 21:24:57 --> Session: Class initialized using 'CodeIgniter\Session\Handlers\FileHandler' driver.
INFO - 2023-12-06 21:26:23 --> Session: Class initialized using 'CodeIgniter\Session\Handlers\FileHandler' driver.
INFO - 2023-12-06 21:26:23 --> Session: Class initialized using 'CodeIgniter\Session\Handlers\FileHandler' driver.
INFO - 2023-12-06 21:26:23 --> Session: Class initialized using 'CodeIgniter\Session\Handlers\FileHandler' driver.
INFO - 2023-12-06 21:26:23 --> Session: Class initialized using 'CodeIgniter\Session\Handlers\FileHandler' driver.
INFO - 2023-12-06 21:26:23 --> Session: Class initialized using 'CodeIgniter\Session\Handlers\FileHandler' driver.
INFO - 2023-12-06 21:26:24 --> Session: Class initialized using 'CodeIgniter\Session\Handlers\FileHandler' driver.
INFO - 2023-12-06 21:26:24 --> Session: Class initialized using 'CodeIgniter\Session\Handlers\FileHandler' driver.
INFO - 2023-12-06 21:26:24 --> Session: Class initialized using 'CodeIgniter\Session\Handlers\FileHandler' driver.
INFO - 2023-12-06 21:26:24 --> Session: Class initialized using 'CodeIgniter\Session\Handlers\FileHandler' driver.
INFO - 2023-12-06 21:26:24 --> Session: Class initialized using 'CodeIgniter\Session\Handlers\FileHandler' driver.
INFO - 2023-12-06 21:26:24 --> Session: Class initialized using 'CodeIgniter\Session\Handlers\FileHandler' driver.
INFO - 2023-12-06 21:27:36 --> Session: Class initialized using 'CodeIgniter\Session\Handlers\FileHandler' driver.
INFO - 2023-12-06 21:27:36 --> Session: Class initialized using 'CodeIgniter\Session\Handlers\FileHandler' driver.
INFO - 2023-12-06 21:27:36 --> Session: Class initialized using 'CodeIgniter\Session\Handlers\FileHandler' driver.
INFO - 2023-12-06 21:27:36 --> Session: Class initialized using 'CodeIgniter\Session\Handlers\FileHandler' driver.
INFO - 2023-12-06 21:27:36 --> Session: Class initialized using 'CodeIgniter\Session\Handlers\FileHandler' driver.
INFO - 2023-12-06 21:27:36 --> Session: Class initialized using 'CodeIgniter\Session\Handlers\FileHandler' driver.
INFO - 2023-12-06 21:27:36 --> Session: Class initialized using 'CodeIgniter\Session\Handlers\FileHandler' driver.
INFO - 2023-12-06 21:27:36 --> Session: Class initialized using 'CodeIgniter\Session\Handlers\FileHandler' driver.
INFO - 2023-12-06 21:27:36 --> Session: Class initialized using 'CodeIgniter\Session\Handlers\FileHandler' driver.
INFO - 2023-12-06 21:27:36 --> Session: Class initialized using 'CodeIgniter\Session\Handlers\FileHandler' driver.
INFO - 2023-12-06 21:27:36 --> Session: Class initialized using 'CodeIgniter\Session\Handlers\FileHandler' driver.
INFO - 2023-12-06 21:28:01 --> Session: Class initialized using 'CodeIgniter\Session\Handlers\FileHandler' driver.
INFO - 2023-12-06 21:28:01 --> Session: Class initialized using 'CodeIgniter\Session\Handlers\FileHandler' driver.
INFO - 2023-12-06 21:28:01 --> Session: Class initialized using 'CodeIgniter\Session\Handlers\FileHandler' driver.
INFO - 2023-12-06 21:28:01 --> Session: Class initialized using 'CodeIgniter\Session\Handlers\FileHandler' driver.
INFO - 2023-12-06 21:28:01 --> Session: Class initialized using 'CodeIgniter\Session\Handlers\FileHandler' driver.
INFO - 2023-12-06 21:28:01 --> Session: Class initialized using 'CodeIgniter\Session\Handlers\FileHandler' driver.
INFO - 2023-12-06 21:28:01 --> Session: Class initialized using 'CodeIgniter\Session\Handlers\FileHandler' driver.
INFO - 2023-12-06 21:28:01 --> Session: Class initialized using 'CodeIgniter\Session\Handlers\FileHandler' driver.
INFO - 2023-12-06 21:28:02 --> Session: Class initialized using 'CodeIgniter\Session\Handlers\FileHandler' driver.
INFO - 2023-12-06 21:28:02 --> Session: Class initialized using 'CodeIgniter\Session\Handlers\FileHandler' driver.
INFO - 2023-12-06 21:28:02 --> Session: Class initialized using 'CodeIgniter\Session\Handlers\FileHandler' driver.
INFO - 2023-12-06 21:28:31 --> Session: Class initialized using 'CodeIgniter\Session\Handlers\FileHandler' driver.
INFO - 2023-12-06 21:28:31 --> Session: Class initialized using 'CodeIgniter\Session\Handlers\FileHandler' driver.
INFO - 2023-12-06 21:28:32 --> Session: Class initialized using 'CodeIgniter\Session\Handlers\FileHandler' driver.
INFO - 2023-12-06 21:28:33 --> Session: Class initialized using 'CodeIgniter\Session\Handlers\FileHandler' driver.
INFO - 2023-12-06 21:28:33 --> Session: Class initialized using 'CodeIgniter\Session\Handlers\FileHandler' driver.
INFO - 2023-12-06 21:28:33 --> Session: Class initialized using 'CodeIgniter\Session\Handlers\FileHandler' driver.
INFO - 2023-12-06 21:28:33 --> Session: Class initialized using 'CodeIgniter\Session\Handlers\FileHandler' driver.
INFO - 2023-12-06 21:28:34 --> Session: Class initialized using 'CodeIgniter\Session\Handlers\FileHandler' driver.
INFO - 2023-12-06 21:28:34 --> Session: Class initialized using 'CodeIgniter\Session\Handlers\FileHandler' driver.
INFO - 2023-12-06 21:28:34 --> Session: Class initialized using 'CodeIgniter\Session\Handlers\FileHandler' driver.
INFO - 2023-12-06 21:28:34 --> Session: Class initialized using 'CodeIgniter\Session\Handlers\FileHandler' driver.
INFO - 2023-12-06 21:28:47 --> Session: Class initialized using 'CodeIgniter\Session\Handlers\FileHandler' driver.
INFO - 2023-12-06 21:28:48 --> Session: Class initialized using 'CodeIgniter\Session\Handlers\FileHandler' driver.
INFO - 2023-12-06 21:28:48 --> Session: Class initialized using 'CodeIgniter\Session\Handlers\FileHandler' driver.
INFO - 2023-12-06 21:28:48 --> Session: Class initialized using 'CodeIgniter\Session\Handlers\FileHandler' driver.
INFO - 2023-12-06 21:28:48 --> Session: Class initialized using 'CodeIgniter\Session\Handlers\FileHandler' driver.
INFO - 2023-12-06 21:28:48 --> Session: Class initialized using 'CodeIgniter\Session\Handlers\FileHandler' driver.
INFO - 2023-12-06 21:28:48 --> Session: Class initialized using 'CodeIgniter\Session\Handlers\FileHandler' driver.
INFO - 2023-12-06 21:28:48 --> Session: Class initialized using 'CodeIgniter\Session\Handlers\FileHandler' driver.
INFO - 2023-12-06 21:28:48 --> Session: Class initialized using 'CodeIgniter\Session\Handlers\FileHandler' driver.
INFO - 2023-12-06 21:28:48 --> Session: Class initialized using 'CodeIgniter\Session\Handlers\FileHandler' driver.
INFO - 2023-12-06 21:28:48 --> Session: Class initialized using 'CodeIgniter\Session\Handlers\FileHandler' driver.
INFO - 2023-12-06 21:29:02 --> Session: Class initialized using 'CodeIgniter\Session\Handlers\FileHandler' driver.
INFO - 2023-12-06 21:29:02 --> Session: Class initialized using 'CodeIgniter\Session\Handlers\FileHandler' driver.
INFO - 2023-12-06 21:29:02 --> Session: Class initialized using 'CodeIgniter\Session\Handlers\FileHandler' driver.
INFO - 2023-12-06 21:29:02 --> Session: Class initialized using 'CodeIgniter\Session\Handlers\FileHandler' driver.
INFO - 2023-12-06 21:29:02 --> Session: Class initialized using 'CodeIgniter\Session\Handlers\FileHandler' driver.
INFO - 2023-12-06 21:29:02 --> Session: Class initialized using 'CodeIgniter\Session\Handlers\FileHandler' driver.
INFO - 2023-12-06 21:29:02 --> Session: Class initialized using 'CodeIgniter\Session\Handlers\FileHandler' driver.
INFO - 2023-12-06 21:29:02 --> Session: Class initialized using 'CodeIgniter\Session\Handlers\FileHandler' driver.
INFO - 2023-12-06 21:29:02 --> Session: Class initialized using 'CodeIgniter\Session\Handlers\FileHandler' driver.
INFO - 2023-12-06 21:29:02 --> Session: Class initialized using 'CodeIgniter\Session\Handlers\FileHandler' driver.
INFO - 2023-12-06 21:29:03 --> Session: Class initialized using 'CodeIgniter\Session\Handlers\FileHandler' driver.
INFO - 2023-12-06 21:29:11 --> Session: Class initialized using 'CodeIgniter\Session\Handlers\FileHandler' driver.
INFO - 2023-12-06 21:29:12 --> Session: Class initialized using 'CodeIgniter\Session\Handlers\FileHandler' driver.
INFO - 2023-12-06 21:29:12 --> Session: Class initialized using 'CodeIgniter\Session\Handlers\FileHandler' driver.
INFO - 2023-12-06 21:29:12 --> Session: Class initialized using 'CodeIgniter\Session\Handlers\FileHandler' driver.
INFO - 2023-12-06 21:29:12 --> Session: Class initialized using 'CodeIgniter\Session\Handlers\FileHandler' driver.
INFO - 2023-12-06 21:29:12 --> Session: Class initialized using 'CodeIgniter\Session\Handlers\FileHandler' driver.
INFO - 2023-12-06 21:29:12 --> Session: Class initialized using 'CodeIgniter\Session\Handlers\FileHandler' driver.
INFO - 2023-12-06 21:29:12 --> Session: Class initialized using 'CodeIgniter\Session\Handlers\FileHandler' driver.
INFO - 2023-12-06 21:29:12 --> Session: Class initialized using 'CodeIgniter\Session\Handlers\FileHandler' driver.
INFO - 2023-12-06 21:29:12 --> Session: Class initialized using 'CodeIgniter\Session\Handlers\FileHandler' driver.
INFO - 2023-12-06 21:29:12 --> Session: Class initialized using 'CodeIgniter\Session\Handlers\FileHandler' driver.
INFO - 2023-12-06 21:29:20 --> Session: Class initialized using 'CodeIgniter\Session\Handlers\FileHandler' driver.
INFO - 2023-12-06 21:29:20 --> Session: Class initialized using 'CodeIgniter\Session\Handlers\FileHandler' driver.
INFO - 2023-12-06 21:29:21 --> Session: Class initialized using 'CodeIgniter\Session\Handlers\FileHandler' driver.
INFO - 2023-12-06 21:29:21 --> Session: Class initialized using 'CodeIgniter\Session\Handlers\FileHandler' driver.
INFO - 2023-12-06 21:29:21 --> Session: Class initialized using 'CodeIgniter\Session\Handlers\FileHandler' driver.
INFO - 2023-12-06 21:29:21 --> Session: Class initialized using 'CodeIgniter\Session\Handlers\FileHandler' driver.
INFO - 2023-12-06 21:29:21 --> Session: Class initialized using 'CodeIgniter\Session\Handlers\FileHandler' driver.
INFO - 2023-12-06 21:29:21 --> Session: Class initialized using 'CodeIgniter\Session\Handlers\FileHandler' driver.
INFO - 2023-12-06 21:29:21 --> Session: Class initialized using 'CodeIgniter\Session\Handlers\FileHandler' driver.
INFO - 2023-12-06 21:29:21 --> Session: Class initialized using 'CodeIgniter\Session\Handlers\FileHandler' driver.
INFO - 2023-12-06 21:29:21 --> Session: Class initialized using 'CodeIgniter\Session\Handlers\FileHandler' driver.
INFO - 2023-12-06 21:29:28 --> Session: Class initialized using 'CodeIgniter\Session\Handlers\FileHandler' driver.
INFO - 2023-12-06 21:29:28 --> Session: Class initialized using 'CodeIgniter\Session\Handlers\FileHandler' driver.
INFO - 2023-12-06 21:29:29 --> Session: Class initialized using 'CodeIgniter\Session\Handlers\FileHandler' driver.
INFO - 2023-12-06 21:29:29 --> Session: Class initialized using 'CodeIgniter\Session\Handlers\FileHandler' driver.
INFO - 2023-12-06 21:29:29 --> Session: Class initialized using 'CodeIgniter\Session\Handlers\FileHandler' driver.
INFO - 2023-12-06 21:29:29 --> Session: Class initialized using 'CodeIgniter\Session\Handlers\FileHandler' driver.
INFO - 2023-12-06 21:29:29 --> Session: Class initialized using 'CodeIgniter\Session\Handlers\FileHandler' driver.
INFO - 2023-12-06 21:29:29 --> Session: Class initialized using 'CodeIgniter\Session\Handlers\FileHandler' driver.
INFO - 2023-12-06 21:29:29 --> Session: Class initialized using 'CodeIgniter\Session\Handlers\FileHandler' driver.
INFO - 2023-12-06 21:29:29 --> Session: Class initialized using 'CodeIgniter\Session\Handlers\FileHandler' driver.
INFO - 2023-12-06 21:29:29 --> Session: Class initialized using 'CodeIgniter\Session\Handlers\FileHandler' driver.
INFO - 2023-12-06 21:29:42 --> Session: Class initialized using 'CodeIgniter\Session\Handlers\FileHandler' driver.
INFO - 2023-12-06 21:29:42 --> Session: Class initialized using 'CodeIgniter\Session\Handlers\FileHandler' driver.
INFO - 2023-12-06 21:29:42 --> Session: Class initialized using 'CodeIgniter\Session\Handlers\FileHandler' driver.
INFO - 2023-12-06 21:29:42 --> Session: Class initialized using 'CodeIgniter\Session\Handlers\FileHandler' driver.
INFO - 2023-12-06 21:29:43 --> Session: Class initialized using 'CodeIgniter\Session\Handlers\FileHandler' driver.
INFO - 2023-12-06 21:29:43 --> Session: Class initialized using 'CodeIgniter\Session\Handlers\FileHandler' driver.
INFO - 2023-12-06 21:29:43 --> Session: Class initialized using 'CodeIgniter\Session\Handlers\FileHandler' driver.
INFO - 2023-12-06 21:29:43 --> Session: Class initialized using 'CodeIgniter\Session\Handlers\FileHandler' driver.
INFO - 2023-12-06 21:29:43 --> Session: Class initialized using 'CodeIgniter\Session\Handlers\FileHandler' driver.
INFO - 2023-12-06 21:29:43 --> Session: Class initialized using 'CodeIgniter\Session\Handlers\FileHandler' driver.
INFO - 2023-12-06 21:29:43 --> Session: Class initialized using 'CodeIgniter\Session\Handlers\FileHandler' driver.
INFO - 2023-12-06 21:29:52 --> Session: Class initialized using 'CodeIgniter\Session\Handlers\FileHandler' driver.
INFO - 2023-12-06 21:29:52 --> Session: Class initialized using 'CodeIgniter\Session\Handlers\FileHandler' driver.
INFO - 2023-12-06 21:29:52 --> Session: Class initialized using 'CodeIgniter\Session\Handlers\FileHandler' driver.
INFO - 2023-12-06 21:29:52 --> Session: Class initialized using 'CodeIgniter\Session\Handlers\FileHandler' driver.
INFO - 2023-12-06 21:29:53 --> Session: Class initialized using 'CodeIgniter\Session\Handlers\FileHandler' driver.
INFO - 2023-12-06 21:29:53 --> Session: Class initialized using 'CodeIgniter\Session\Handlers\FileHandler' driver.
INFO - 2023-12-06 21:29:53 --> Session: Class initialized using 'CodeIgniter\Session\Handlers\FileHandler' driver.
INFO - 2023-12-06 21:29:53 --> Session: Class initialized using 'CodeIgniter\Session\Handlers\FileHandler' driver.
INFO - 2023-12-06 21:29:53 --> Session: Class initialized using 'CodeIgniter\Session\Handlers\FileHandler' driver.
INFO - 2023-12-06 21:29:53 --> Session: Class initialized using 'CodeIgniter\Session\Handlers\FileHandler' driver.
INFO - 2023-12-06 21:29:53 --> Session: Class initialized using 'CodeIgniter\Session\Handlers\FileHandler' driver.
INFO - 2023-12-06 21:30:08 --> Session: Class initialized using 'CodeIgniter\Session\Handlers\FileHandler' driver.
INFO - 2023-12-06 21:30:08 --> Session: Class initialized using 'CodeIgniter\Session\Handlers\FileHandler' driver.
INFO - 2023-12-06 21:30:08 --> Session: Class initialized using 'CodeIgniter\Session\Handlers\FileHandler' driver.
INFO - 2023-12-06 21:30:08 --> Session: Class initialized using 'CodeIgniter\Session\Handlers\FileHandler' driver.
INFO - 2023-12-06 21:30:08 --> Session: Class initialized using 'CodeIgniter\Session\Handlers\FileHandler' driver.
INFO - 2023-12-06 21:30:08 --> Session: Class initialized using 'CodeIgniter\Session\Handlers\FileHandler' driver.
INFO - 2023-12-06 21:30:08 --> Session: Class initialized using 'CodeIgniter\Session\Handlers\FileHandler' driver.
INFO - 2023-12-06 21:30:08 --> Session: Class initialized using 'CodeIgniter\Session\Handlers\FileHandler' driver.
INFO - 2023-12-06 21:30:08 --> Session: Class initialized using 'CodeIgniter\Session\Handlers\FileHandler' driver.
INFO - 2023-12-06 21:30:09 --> Session: Class initialized using 'CodeIgniter\Session\Handlers\FileHandler' driver.
INFO - 2023-12-06 21:30:09 --> Session: Class initialized using 'CodeIgniter\Session\Handlers\FileHandler' driver.
INFO - 2023-12-06 21:30:20 --> Session: Class initialized using 'CodeIgniter\Session\Handlers\FileHandler' driver.
INFO - 2023-12-06 21:30:20 --> Session: Class initialized using 'CodeIgniter\Session\Handlers\FileHandler' driver.
INFO - 2023-12-06 21:30:20 --> Session: Class initialized using 'CodeIgniter\Session\Handlers\FileHandler' driver.
INFO - 2023-12-06 21:30:20 --> Session: Class initialized using 'CodeIgniter\Session\Handlers\FileHandler' driver.
INFO - 2023-12-06 21:30:21 --> Session: Class initialized using 'CodeIgniter\Session\Handlers\FileHandler' driver.
INFO - 2023-12-06 21:30:21 --> Session: Class initialized using 'CodeIgniter\Session\Handlers\FileHandler' driver.
INFO - 2023-12-06 21:30:21 --> Session: Class initialized using 'CodeIgniter\Session\Handlers\FileHandler' driver.
INFO - 2023-12-06 21:30:21 --> Session: Class initialized using 'CodeIgniter\Session\Handlers\FileHandler' driver.
INFO - 2023-12-06 21:30:21 --> Session: Class initialized using 'CodeIgniter\Session\Handlers\FileHandler' driver.
INFO - 2023-12-06 21:30:22 --> Session: Class initialized using 'CodeIgniter\Session\Handlers\FileHandler' driver.
INFO - 2023-12-06 21:30:22 --> Session: Class initialized using 'CodeIgniter\Session\Handlers\FileHandler' driver.
INFO - 2023-12-06 21:30:41 --> Session: Class initialized using 'CodeIgniter\Session\Handlers\FileHandler' driver.
INFO - 2023-12-06 21:30:41 --> Session: Class initialized using 'CodeIgniter\Session\Handlers\FileHandler' driver.
INFO - 2023-12-06 21:30:41 --> Session: Class initialized using 'CodeIgniter\Session\Handlers\FileHandler' driver.
INFO - 2023-12-06 21:30:41 --> Session: Class initialized using 'CodeIgniter\Session\Handlers\FileHandler' driver.
INFO - 2023-12-06 21:30:42 --> Session: Class initialized using 'CodeIgniter\Session\Handlers\FileHandler' driver.
INFO - 2023-12-06 21:30:42 --> Session: Class initialized using 'CodeIgniter\Session\Handlers\FileHandler' driver.
INFO - 2023-12-06 21:30:42 --> Session: Class initialized using 'CodeIgniter\Session\Handlers\FileHandler' driver.
INFO - 2023-12-06 21:30:42 --> Session: Class initialized using 'CodeIgniter\Session\Handlers\FileHandler' driver.
INFO - 2023-12-06 21:30:42 --> Session: Class initialized using 'CodeIgniter\Session\Handlers\FileHandler' driver.
INFO - 2023-12-06 21:30:42 --> Session: Class initialized using 'CodeIgniter\Session\Handlers\FileHandler' driver.
INFO - 2023-12-06 21:30:42 --> Session: Class initialized using 'CodeIgniter\Session\Handlers\FileHandler' driver.
INFO - 2023-12-06 21:30:42 --> Session: Class initialized using 'CodeIgniter\Session\Handlers\FileHandler' driver.
INFO - 2023-12-06 21:30:42 --> Session: Class initialized using 'CodeIgniter\Session\Handlers\FileHandler' driver.
INFO - 2023-12-06 21:30:43 --> Session: Class initialized using 'CodeIgniter\Session\Handlers\FileHandler' driver.
INFO - 2023-12-06 21:30:54 --> Session: Class initialized using 'CodeIgniter\Session\Handlers\FileHandler' driver.
INFO - 2023-12-06 21:30:54 --> Session: Class initialized using 'CodeIgniter\Session\Handlers\FileHandler' driver.
INFO - 2023-12-06 21:30:54 --> Session: Class initialized using 'CodeIgniter\Session\Handlers\FileHandler' driver.
INFO - 2023-12-06 21:30:55 --> Session: Class initialized using 'CodeIgniter\Session\Handlers\FileHandler' driver.
INFO - 2023-12-06 21:30:55 --> Session: Class initialized using 'CodeIgniter\Session\Handlers\FileHandler' driver.
INFO - 2023-12-06 21:30:55 --> Session: Class initialized using 'CodeIgniter\Session\Handlers\FileHandler' driver.
INFO - 2023-12-06 21:30:55 --> Session: Class initialized using 'CodeIgniter\Session\Handlers\FileHandler' driver.
INFO - 2023-12-06 21:30:55 --> Session: Class initialized using 'CodeIgniter\Session\Handlers\FileHandler' driver.
INFO - 2023-12-06 21:30:55 --> Session: Class initialized using 'CodeIgniter\Session\Handlers\FileHandler' driver.
INFO - 2023-12-06 21:30:55 --> Session: Class initialized using 'CodeIgniter\Session\Handlers\FileHandler' driver.
INFO - 2023-12-06 21:30:55 --> Session: Class initialized using 'CodeIgniter\Session\Handlers\FileHandler' driver.
INFO - 2023-12-06 21:30:57 --> Session: Class initialized using 'CodeIgniter\Session\Handlers\FileHandler' driver.
INFO - 2023-12-06 21:30:57 --> Session: Class initialized using 'CodeIgniter\Session\Handlers\FileHandler' driver.
INFO - 2023-12-06 21:31:27 --> Session: Class initialized using 'CodeIgniter\Session\Handlers\FileHandler' driver.
INFO - 2023-12-06 21:31:27 --> Session: Class initialized using 'CodeIgniter\Session\Handlers\FileHandler' driver.
INFO - 2023-12-06 21:31:27 --> Session: Class initialized using 'CodeIgniter\Session\Handlers\FileHandler' driver.
INFO - 2023-12-06 21:31:27 --> Session: Class initialized using 'CodeIgniter\Session\Handlers\FileHandler' driver.
INFO - 2023-12-06 21:31:27 --> Session: Class initialized using 'CodeIgniter\Session\Handlers\FileHandler' driver.
INFO - 2023-12-06 21:31:27 --> Session: Class initialized using 'CodeIgniter\Session\Handlers\FileHandler' driver.
INFO - 2023-12-06 21:31:27 --> Session: Class initialized using 'CodeIgniter\Session\Handlers\FileHandler' driver.
INFO - 2023-12-06 21:31:27 --> Session: Class initialized using 'CodeIgniter\Session\Handlers\FileHandler' driver.
INFO - 2023-12-06 21:31:27 --> Session: Class initialized using 'CodeIgniter\Session\Handlers\FileHandler' driver.
INFO - 2023-12-06 21:31:28 --> Session: Class initialized using 'CodeIgniter\Session\Handlers\FileHandler' driver.
INFO - 2023-12-06 21:31:28 --> Session: Class initialized using 'CodeIgniter\Session\Handlers\FileHandler' driver.
INFO - 2023-12-06 21:31:54 --> Session: Class initialized using 'CodeIgniter\Session\Handlers\FileHandler' driver.
INFO - 2023-12-06 21:31:54 --> Session: Class initialized using 'CodeIgniter\Session\Handlers\FileHandler' driver.
INFO - 2023-12-06 21:31:55 --> Session: Class initialized using 'CodeIgniter\Session\Handlers\FileHandler' driver.
INFO - 2023-12-06 21:31:55 --> Session: Class initialized using 'CodeIgniter\Session\Handlers\FileHandler' driver.
INFO - 2023-12-06 21:31:55 --> Session: Class initialized using 'CodeIgniter\Session\Handlers\FileHandler' driver.
INFO - 2023-12-06 21:31:55 --> Session: Class initialized using 'CodeIgniter\Session\Handlers\FileHandler' driver.
INFO - 2023-12-06 21:31:55 --> Session: Class initialized using 'CodeIgniter\Session\Handlers\FileHandler' driver.
INFO - 2023-12-06 21:31:55 --> Session: Class initialized using 'CodeIgniter\Session\Handlers\FileHandler' driver.
INFO - 2023-12-06 21:31:55 --> Session: Class initialized using 'CodeIgniter\Session\Handlers\FileHandler' driver.
INFO - 2023-12-06 21:31:55 --> Session: Class initialized using 'CodeIgniter\Session\Handlers\FileHandler' driver.
INFO - 2023-12-06 21:31:55 --> Session: Class initialized using 'CodeIgniter\Session\Handlers\FileHandler' driver.
INFO - 2023-12-06 21:33:03 --> Session: Class initialized using 'CodeIgniter\Session\Handlers\FileHandler' driver.
INFO - 2023-12-06 21:33:03 --> Session: Class initialized using 'CodeIgniter\Session\Handlers\FileHandler' driver.
INFO - 2023-12-06 21:33:03 --> Session: Class initialized using 'CodeIgniter\Session\Handlers\FileHandler' driver.
INFO - 2023-12-06 21:33:04 --> Session: Class initialized using 'CodeIgniter\Session\Handlers\FileHandler' driver.
INFO - 2023-12-06 21:33:04 --> Session: Class initialized using 'CodeIgniter\Session\Handlers\FileHandler' driver.
INFO - 2023-12-06 21:33:04 --> Session: Class initialized using 'CodeIgniter\Session\Handlers\FileHandler' driver.
INFO - 2023-12-06 21:33:04 --> Session: Class initialized using 'CodeIgniter\Session\Handlers\FileHandler' driver.
INFO - 2023-12-06 21:33:04 --> Session: Class initialized using 'CodeIgniter\Session\Handlers\FileHandler' driver.
INFO - 2023-12-06 21:33:04 --> Session: Class initialized using 'CodeIgniter\Session\Handlers\FileHandler' driver.
INFO - 2023-12-06 21:33:04 --> Session: Class initialized using 'CodeIgniter\Session\Handlers\FileHandler' driver.
INFO - 2023-12-06 21:33:04 --> Session: Class initialized using 'CodeIgniter\Session\Handlers\FileHandler' driver.
INFO - 2023-12-06 21:33:35 --> Session: Class initialized using 'CodeIgniter\Session\Handlers\FileHandler' driver.
INFO - 2023-12-06 21:33:36 --> Session: Class initialized using 'CodeIgniter\Session\Handlers\FileHandler' driver.
INFO - 2023-12-06 21:33:36 --> Session: Class initialized using 'CodeIgniter\Session\Handlers\FileHandler' driver.
INFO - 2023-12-06 21:33:36 --> Session: Class initialized using 'CodeIgniter\Session\Handlers\FileHandler' driver.
INFO - 2023-12-06 21:33:36 --> Session: Class initialized using 'CodeIgniter\Session\Handlers\FileHandler' driver.
INFO - 2023-12-06 21:33:36 --> Session: Class initialized using 'CodeIgniter\Session\Handlers\FileHandler' driver.
INFO - 2023-12-06 21:33:36 --> Session: Class initialized using 'CodeIgniter\Session\Handlers\FileHandler' driver.
INFO - 2023-12-06 21:33:36 --> Session: Class initialized using 'CodeIgniter\Session\Handlers\FileHandler' driver.
INFO - 2023-12-06 21:33:36 --> Session: Class initialized using 'CodeIgniter\Session\Handlers\FileHandler' driver.
INFO - 2023-12-06 21:33:39 --> Session: Class initialized using 'CodeIgniter\Session\Handlers\FileHandler' driver.
INFO - 2023-12-06 21:33:39 --> Session: Class initialized using 'CodeIgniter\Session\Handlers\FileHandler' driver.
INFO - 2023-12-06 21:33:54 --> Session: Class initialized using 'CodeIgniter\Session\Handlers\FileHandler' driver.
INFO - 2023-12-06 21:33:54 --> Session: Class initialized using 'CodeIgniter\Session\Handlers\FileHandler' driver.
INFO - 2023-12-06 21:33:54 --> Session: Class initialized using 'CodeIgniter\Session\Handlers\FileHandler' driver.
INFO - 2023-12-06 21:33:54 --> Session: Class initialized using 'CodeIgniter\Session\Handlers\FileHandler' driver.
INFO - 2023-12-06 21:33:54 --> Session: Class initialized using 'CodeIgniter\Session\Handlers\FileHandler' driver.
INFO - 2023-12-06 21:33:54 --> Session: Class initialized using 'CodeIgniter\Session\Handlers\FileHandler' driver.
INFO - 2023-12-06 21:33:55 --> Session: Class initialized using 'CodeIgniter\Session\Handlers\FileHandler' driver.
INFO - 2023-12-06 21:33:55 --> Session: Class initialized using 'CodeIgniter\Session\Handlers\FileHandler' driver.
INFO - 2023-12-06 21:33:55 --> Session: Class initialized using 'CodeIgniter\Session\Handlers\FileHandler' driver.
INFO - 2023-12-06 21:33:55 --> Session: Class initialized using 'CodeIgniter\Session\Handlers\FileHandler' driver.
INFO - 2023-12-06 21:33:55 --> Session: Class initialized using 'CodeIgniter\Session\Handlers\FileHandler' driver.
INFO - 2023-12-06 21:34:06 --> Session: Class initialized using 'CodeIgniter\Session\Handlers\FileHandler' driver.
INFO - 2023-12-06 21:34:06 --> Session: Class initialized using 'CodeIgniter\Session\Handlers\FileHandler' driver.
INFO - 2023-12-06 21:34:06 --> Session: Class initialized using 'CodeIgniter\Session\Handlers\FileHandler' driver.
INFO - 2023-12-06 21:34:06 --> Session: Class initialized using 'CodeIgniter\Session\Handlers\FileHandler' driver.
INFO - 2023-12-06 21:34:06 --> Session: Class initialized using 'CodeIgniter\Session\Handlers\FileHandler' driver.
INFO - 2023-12-06 21:34:06 --> Session: Class initialized using 'CodeIgniter\Session\Handlers\FileHandler' driver.
INFO - 2023-12-06 21:34:07 --> Session: Class initialized using 'CodeIgniter\Session\Handlers\FileHandler' driver.
INFO - 2023-12-06 21:34:07 --> Session: Class initialized using 'CodeIgniter\Session\Handlers\FileHandler' driver.
INFO - 2023-12-06 21:34:07 --> Session: Class initialized using 'CodeIgniter\Session\Handlers\FileHandler' driver.
INFO - 2023-12-06 21:34:07 --> Session: Class initialized using 'CodeIgniter\Session\Handlers\FileHandler' driver.
INFO - 2023-12-06 21:34:07 --> Session: Class initialized using 'CodeIgniter\Session\Handlers\FileHandler' driver.
INFO - 2023-12-06 21:34:27 --> Session: Class initialized using 'CodeIgniter\Session\Handlers\FileHandler' driver.
INFO - 2023-12-06 21:34:27 --> Session: Class initialized using 'CodeIgniter\Session\Handlers\FileHandler' driver.
INFO - 2023-12-06 21:34:28 --> Session: Class initialized using 'CodeIgniter\Session\Handlers\FileHandler' driver.
INFO - 2023-12-06 21:34:30 --> Session: Class initialized using 'CodeIgniter\Session\Handlers\FileHandler' driver.
INFO - 2023-12-06 21:34:30 --> Session: Class initialized using 'CodeIgniter\Session\Handlers\FileHandler' driver.
INFO - 2023-12-06 21:34:30 --> Session: Class initialized using 'CodeIgniter\Session\Handlers\FileHandler' driver.
INFO - 2023-12-06 21:34:30 --> Session: Class initialized using 'CodeIgniter\Session\Handlers\FileHandler' driver.
INFO - 2023-12-06 21:34:30 --> Session: Class initialized using 'CodeIgniter\Session\Handlers\FileHandler' driver.
INFO - 2023-12-06 21:34:30 --> Session: Class initialized using 'CodeIgniter\Session\Handlers\FileHandler' driver.
INFO - 2023-12-06 21:34:30 --> Session: Class initialized using 'CodeIgniter\Session\Handlers\FileHandler' driver.
INFO - 2023-12-06 21:34:30 --> Session: Class initialized using 'CodeIgniter\Session\Handlers\FileHandler' driver.
INFO - 2023-12-06 21:34:39 --> Session: Class initialized using 'CodeIgniter\Session\Handlers\FileHandler' driver.
INFO - 2023-12-06 21:34:39 --> Session: Class initialized using 'CodeIgniter\Session\Handlers\FileHandler' driver.
INFO - 2023-12-06 21:34:39 --> Session: Class initialized using 'CodeIgniter\Session\Handlers\FileHandler' driver.
INFO - 2023-12-06 21:34:39 --> Session: Class initialized using 'CodeIgniter\Session\Handlers\FileHandler' driver.
INFO - 2023-12-06 21:34:39 --> Session: Class initialized using 'CodeIgniter\Session\Handlers\FileHandler' driver.
INFO - 2023-12-06 21:34:39 --> Session: Class initialized using 'CodeIgniter\Session\Handlers\FileHandler' driver.
INFO - 2023-12-06 21:34:39 --> Session: Class initialized using 'CodeIgniter\Session\Handlers\FileHandler' driver.
INFO - 2023-12-06 21:34:39 --> Session: Class initialized using 'CodeIgniter\Session\Handlers\FileHandler' driver.
INFO - 2023-12-06 21:34:40 --> Session: Class initialized using 'CodeIgniter\Session\Handlers\FileHandler' driver.
INFO - 2023-12-06 21:34:40 --> Session: Class initialized using 'CodeIgniter\Session\Handlers\FileHandler' driver.
INFO - 2023-12-06 21:34:40 --> Session: Class initialized using 'CodeIgniter\Session\Handlers\FileHandler' driver.
INFO - 2023-12-06 21:34:59 --> Session: Class initialized using 'CodeIgniter\Session\Handlers\FileHandler' driver.
INFO - 2023-12-06 21:34:59 --> Session: Class initialized using 'CodeIgniter\Session\Handlers\FileHandler' driver.
INFO - 2023-12-06 21:34:59 --> Session: Class initialized using 'CodeIgniter\Session\Handlers\FileHandler' driver.
INFO - 2023-12-06 21:35:00 --> Session: Class initialized using 'CodeIgniter\Session\Handlers\FileHandler' driver.
INFO - 2023-12-06 21:35:00 --> Session: Class initialized using 'CodeIgniter\Session\Handlers\FileHandler' driver.
INFO - 2023-12-06 21:35:00 --> Session: Class initialized using 'CodeIgniter\Session\Handlers\FileHandler' driver.
INFO - 2023-12-06 21:35:00 --> Session: Class initialized using 'CodeIgniter\Session\Handlers\FileHandler' driver.
INFO - 2023-12-06 21:35:00 --> Session: Class initialized using 'CodeIgniter\Session\Handlers\FileHandler' driver.
INFO - 2023-12-06 21:35:00 --> Session: Class initialized using 'CodeIgniter\Session\Handlers\FileHandler' driver.
INFO - 2023-12-06 21:35:00 --> Session: Class initialized using 'CodeIgniter\Session\Handlers\FileHandler' driver.
INFO - 2023-12-06 21:35:00 --> Session: Class initialized using 'CodeIgniter\Session\Handlers\FileHandler' driver.
INFO - 2023-12-06 21:39:37 --> Session: Class initialized using 'CodeIgniter\Session\Handlers\FileHandler' driver.
INFO - 2023-12-06 21:39:42 --> Session: Class initialized using 'CodeIgniter\Session\Handlers\FileHandler' driver.
INFO - 2023-12-06 21:39:47 --> Session: Class initialized using 'CodeIgniter\Session\Handlers\FileHandler' driver.
INFO - 2023-12-06 21:40:02 --> Session: Class initialized using 'CodeIgniter\Session\Handlers\FileHandler' driver.
INFO - 2023-12-06 21:40:02 --> Session: Class initialized using 'CodeIgniter\Session\Handlers\FileHandler' driver.
INFO - 2023-12-06 21:40:02 --> Session: Class initialized using 'CodeIgniter\Session\Handlers\FileHandler' driver.
INFO - 2023-12-06 21:40:02 --> Session: Class initialized using 'CodeIgniter\Session\Handlers\FileHandler' driver.
INFO - 2023-12-06 21:40:02 --> Session: Class initialized using 'CodeIgniter\Session\Handlers\FileHandler' driver.
INFO - 2023-12-06 21:40:02 --> Session: Class initialized using 'CodeIgniter\Session\Handlers\FileHandler' driver.
INFO - 2023-12-06 21:40:02 --> Session: Class initialized using 'CodeIgniter\Session\Handlers\FileHandler' driver.
INFO - 2023-12-06 21:40:02 --> Session: Class initialized using 'CodeIgniter\Session\Handlers\FileHandler' driver.
INFO - 2023-12-06 21:40:03 --> Session: Class initialized using 'CodeIgniter\Session\Handlers\FileHandler' driver.
INFO - 2023-12-06 21:40:03 --> Session: Class initialized using 'CodeIgniter\Session\Handlers\FileHandler' driver.
INFO - 2023-12-06 21:40:03 --> Session: Class initialized using 'CodeIgniter\Session\Handlers\FileHandler' driver.
INFO - 2023-12-06 21:42:23 --> Session: Class initialized using 'CodeIgniter\Session\Handlers\FileHandler' driver.
INFO - 2023-12-06 21:42:23 --> Session: Class initialized using 'CodeIgniter\Session\Handlers\FileHandler' driver.
INFO - 2023-12-06 21:42:23 --> Session: Class initialized using 'CodeIgniter\Session\Handlers\FileHandler' driver.
INFO - 2023-12-06 21:42:23 --> Session: Class initialized using 'CodeIgniter\Session\Handlers\FileHandler' driver.
INFO - 2023-12-06 21:42:23 --> Session: Class initialized using 'CodeIgniter\Session\Handlers\FileHandler' driver.
INFO - 2023-12-06 21:42:23 --> Session: Class initialized using 'CodeIgniter\Session\Handlers\FileHandler' driver.
INFO - 2023-12-06 21:42:23 --> Session: Class initialized using 'CodeIgniter\Session\Handlers\FileHandler' driver.
INFO - 2023-12-06 21:42:23 --> Session: Class initialized using 'CodeIgniter\Session\Handlers\FileHandler' driver.
INFO - 2023-12-06 21:42:23 --> Session: Class initialized using 'CodeIgniter\Session\Handlers\FileHandler' driver.
INFO - 2023-12-06 21:42:24 --> Session: Class initialized using 'CodeIgniter\Session\Handlers\FileHandler' driver.
INFO - 2023-12-06 21:42:24 --> Session: Class initialized using 'CodeIgniter\Session\Handlers\FileHandler' driver.
INFO - 2023-12-06 21:42:24 --> Session: Class initialized using 'CodeIgniter\Session\Handlers\FileHandler' driver.
INFO - 2023-12-06 22:43:37 --> Session: Class initialized using 'CodeIgniter\Session\Handlers\FileHandler' driver.
INFO - 2023-12-06 22:43:37 --> Session: Class initialized using 'CodeIgniter\Session\Handlers\FileHandler' driver.
INFO - 2023-12-06 22:43:38 --> Session: Class initialized using 'CodeIgniter\Session\Handlers\FileHandler' driver.
INFO - 2023-12-06 22:43:38 --> Session: Class initialized using 'CodeIgniter\Session\Handlers\FileHandler' driver.
INFO - 2023-12-06 22:43:38 --> Session: Class initialized using 'CodeIgniter\Session\Handlers\FileHandler' driver.
INFO - 2023-12-06 22:43:38 --> Session: Class initialized using 'CodeIgniter\Session\Handlers\FileHandler' driver.
INFO - 2023-12-06 22:43:38 --> Session: Class initialized using 'CodeIgniter\Session\Handlers\FileHandler' driver.
INFO - 2023-12-06 22:43:38 --> Session: Class initialized using 'CodeIgniter\Session\Handlers\FileHandler' driver.
INFO - 2023-12-06 22:43:38 --> Session: Class initialized using 'CodeIgniter\Session\Handlers\FileHandler' driver.
INFO - 2023-12-06 22:43:38 --> Session: Class initialized using 'CodeIgniter\Session\Handlers\FileHandler' driver.
INFO - 2023-12-06 22:43:38 --> Session: Class initialized using 'CodeIgniter\Session\Handlers\FileHandler' driver.
INFO - 2023-12-06 22:43:38 --> Session: Class initialized using 'CodeIgniter\Session\Handlers\FileHandler' driver.
INFO - 2023-12-06 22:45:58 --> Session: Class initialized using 'CodeIgniter\Session\Handlers\FileHandler' driver.
INFO - 2023-12-06 22:45:58 --> Session: Class initialized using 'CodeIgniter\Session\Handlers\FileHandler' driver.
INFO - 2023-12-06 22:45:59 --> Session: Class initialized using 'CodeIgniter\Session\Handlers\FileHandler' driver.
INFO - 2023-12-06 22:45:59 --> Session: Class initialized using 'CodeIgniter\Session\Handlers\FileHandler' driver.
INFO - 2023-12-06 22:45:59 --> Session: Class initialized using 'CodeIgniter\Session\Handlers\FileHandler' driver.
INFO - 2023-12-06 22:45:59 --> Session: Class initialized using 'CodeIgniter\Session\Handlers\FileHandler' driver.
INFO - 2023-12-06 22:45:59 --> Session: Class initialized using 'CodeIgniter\Session\Handlers\FileHandler' driver.
INFO - 2023-12-06 22:45:59 --> Session: Class initialized using 'CodeIgniter\Session\Handlers\FileHandler' driver.
INFO - 2023-12-06 22:45:59 --> Session: Class initialized using 'CodeIgniter\Session\Handlers\FileHandler' driver.
INFO - 2023-12-06 22:45:59 --> Session: Class initialized using 'CodeIgniter\Session\Handlers\FileHandler' driver.
INFO - 2023-12-06 22:45:59 --> Session: Class initialized using 'CodeIgniter\Session\Handlers\FileHandler' driver.
INFO - 2023-12-06 22:45:59 --> Session: Class initialized using 'CodeIgniter\Session\Handlers\FileHandler' driver.
INFO - 2023-12-06 22:46:18 --> Session: Class initialized using 'CodeIgniter\Session\Handlers\FileHandler' driver.
INFO - 2023-12-06 22:46:18 --> Session: Class initialized using 'CodeIgniter\Session\Handlers\FileHandler' driver.
INFO - 2023-12-06 22:46:18 --> Session: Class initialized using 'CodeIgniter\Session\Handlers\FileHandler' driver.
INFO - 2023-12-06 22:46:18 --> Session: Class initialized using 'CodeIgniter\Session\Handlers\FileHandler' driver.
INFO - 2023-12-06 22:46:18 --> Session: Class initialized using 'CodeIgniter\Session\Handlers\FileHandler' driver.
INFO - 2023-12-06 22:46:19 --> Session: Class initialized using 'CodeIgniter\Session\Handlers\FileHandler' driver.
INFO - 2023-12-06 22:46:19 --> Session: Class initialized using 'CodeIgniter\Session\Handlers\FileHandler' driver.
INFO - 2023-12-06 22:46:19 --> Session: Class initialized using 'CodeIgniter\Session\Handlers\FileHandler' driver.
INFO - 2023-12-06 22:46:19 --> Session: Class initialized using 'CodeIgniter\Session\Handlers\FileHandler' driver.
INFO - 2023-12-06 22:46:19 --> Session: Class initialized using 'CodeIgniter\Session\Handlers\FileHandler' driver.
INFO - 2023-12-06 22:46:19 --> Session: Class initialized using 'CodeIgniter\Session\Handlers\FileHandler' driver.
INFO - 2023-12-06 22:47:18 --> Session: Class initialized using 'CodeIgniter\Session\Handlers\FileHandler' driver.
INFO - 2023-12-06 22:47:18 --> Session: Class initialized using 'CodeIgniter\Session\Handlers\FileHandler' driver.
INFO - 2023-12-06 22:47:18 --> Session: Class initialized using 'CodeIgniter\Session\Handlers\FileHandler' driver.
INFO - 2023-12-06 22:47:18 --> Session: Class initialized using 'CodeIgniter\Session\Handlers\FileHandler' driver.
INFO - 2023-12-06 22:47:19 --> Session: Class initialized using 'CodeIgniter\Session\Handlers\FileHandler' driver.
INFO - 2023-12-06 22:47:19 --> Session: Class initialized using 'CodeIgniter\Session\Handlers\FileHandler' driver.
INFO - 2023-12-06 22:47:19 --> Session: Class initialized using 'CodeIgniter\Session\Handlers\FileHandler' driver.
INFO - 2023-12-06 22:47:19 --> Session: Class initialized using 'CodeIgniter\Session\Handlers\FileHandler' driver.
INFO - 2023-12-06 22:47:19 --> Session: Class initialized using 'CodeIgniter\Session\Handlers\FileHandler' driver.
INFO - 2023-12-06 22:47:19 --> Session: Class initialized using 'CodeIgniter\Session\Handlers\FileHandler' driver.
INFO - 2023-12-06 22:47:19 --> Session: Class initialized using 'CodeIgniter\Session\Handlers\FileHandler' driver.
INFO - 2023-12-06 22:48:04 --> Session: Class initialized using 'CodeIgniter\Session\Handlers\FileHandler' driver.
INFO - 2023-12-06 22:48:04 --> Session: Class initialized using 'CodeIgniter\Session\Handlers\FileHandler' driver.
INFO - 2023-12-06 22:48:04 --> Session: Class initialized using 'CodeIgniter\Session\Handlers\FileHandler' driver.
INFO - 2023-12-06 22:48:04 --> Session: Class initialized using 'CodeIgniter\Session\Handlers\FileHandler' driver.
INFO - 2023-12-06 22:48:04 --> Session: Class initialized using 'CodeIgniter\Session\Handlers\FileHandler' driver.
INFO - 2023-12-06 22:48:04 --> Session: Class initialized using 'CodeIgniter\Session\Handlers\FileHandler' driver.
INFO - 2023-12-06 22:48:04 --> Session: Class initialized using 'CodeIgniter\Session\Handlers\FileHandler' driver.
INFO - 2023-12-06 22:48:04 --> Session: Class initialized using 'CodeIgniter\Session\Handlers\FileHandler' driver.
INFO - 2023-12-06 22:48:05 --> Session: Class initialized using 'CodeIgniter\Session\Handlers\FileHandler' driver.
INFO - 2023-12-06 22:48:05 --> Session: Class initialized using 'CodeIgniter\Session\Handlers\FileHandler' driver.
INFO - 2023-12-06 22:48:05 --> Session: Class initialized using 'CodeIgniter\Session\Handlers\FileHandler' driver.
INFO - 2023-12-06 22:48:44 --> Session: Class initialized using 'CodeIgniter\Session\Handlers\FileHandler' driver.
INFO - 2023-12-06 22:48:45 --> Session: Class initialized using 'CodeIgniter\Session\Handlers\FileHandler' driver.
INFO - 2023-12-06 22:48:45 --> Session: Class initialized using 'CodeIgniter\Session\Handlers\FileHandler' driver.
INFO - 2023-12-06 22:48:45 --> Session: Class initialized using 'CodeIgniter\Session\Handlers\FileHandler' driver.
INFO - 2023-12-06 22:48:45 --> Session: Class initialized using 'CodeIgniter\Session\Handlers\FileHandler' driver.
INFO - 2023-12-06 22:48:45 --> Session: Class initialized using 'CodeIgniter\Session\Handlers\FileHandler' driver.
INFO - 2023-12-06 22:48:45 --> Session: Class initialized using 'CodeIgniter\Session\Handlers\FileHandler' driver.
INFO - 2023-12-06 22:48:45 --> Session: Class initialized using 'CodeIgniter\Session\Handlers\FileHandler' driver.
INFO - 2023-12-06 22:48:45 --> Session: Class initialized using 'CodeIgniter\Session\Handlers\FileHandler' driver.
INFO - 2023-12-06 22:48:45 --> Session: Class initialized using 'CodeIgniter\Session\Handlers\FileHandler' driver.
INFO - 2023-12-06 22:48:45 --> Session: Class initialized using 'CodeIgniter\Session\Handlers\FileHandler' driver.
INFO - 2023-12-06 22:49:28 --> Session: Class initialized using 'CodeIgniter\Session\Handlers\FileHandler' driver.
INFO - 2023-12-06 22:49:29 --> Session: Class initialized using 'CodeIgniter\Session\Handlers\FileHandler' driver.
INFO - 2023-12-06 22:49:29 --> Session: Class initialized using 'CodeIgniter\Session\Handlers\FileHandler' driver.
INFO - 2023-12-06 22:49:29 --> Session: Class initialized using 'CodeIgniter\Session\Handlers\FileHandler' driver.
INFO - 2023-12-06 22:49:29 --> Session: Class initialized using 'CodeIgniter\Session\Handlers\FileHandler' driver.
INFO - 2023-12-06 22:49:29 --> Session: Class initialized using 'CodeIgniter\Session\Handlers\FileHandler' driver.
INFO - 2023-12-06 22:49:29 --> Session: Class initialized using 'CodeIgniter\Session\Handlers\FileHandler' driver.
INFO - 2023-12-06 22:49:29 --> Session: Class initialized using 'CodeIgniter\Session\Handlers\FileHandler' driver.
INFO - 2023-12-06 22:49:29 --> Session: Class initialized using 'CodeIgniter\Session\Handlers\FileHandler' driver.
INFO - 2023-12-06 22:49:29 --> Session: Class initialized using 'CodeIgniter\Session\Handlers\FileHandler' driver.
INFO - 2023-12-06 22:49:29 --> Session: Class initialized using 'CodeIgniter\Session\Handlers\FileHandler' driver.
INFO - 2023-12-06 22:50:24 --> Session: Class initialized using 'CodeIgniter\Session\Handlers\FileHandler' driver.
INFO - 2023-12-06 22:50:24 --> Session: Class initialized using 'CodeIgniter\Session\Handlers\FileHandler' driver.
INFO - 2023-12-06 22:50:24 --> Session: Class initialized using 'CodeIgniter\Session\Handlers\FileHandler' driver.
INFO - 2023-12-06 22:50:24 --> Session: Class initialized using 'CodeIgniter\Session\Handlers\FileHandler' driver.
INFO - 2023-12-06 22:50:24 --> Session: Class initialized using 'CodeIgniter\Session\Handlers\FileHandler' driver.
INFO - 2023-12-06 22:50:24 --> Session: Class initialized using 'CodeIgniter\Session\Handlers\FileHandler' driver.
INFO - 2023-12-06 22:50:24 --> Session: Class initialized using 'CodeIgniter\Session\Handlers\FileHandler' driver.
INFO - 2023-12-06 22:50:24 --> Session: Class initialized using 'CodeIgniter\Session\Handlers\FileHandler' driver.
INFO - 2023-12-06 22:50:24 --> Session: Class initialized using 'CodeIgniter\Session\Handlers\FileHandler' driver.
INFO - 2023-12-06 22:50:25 --> Session: Class initialized using 'CodeIgniter\Session\Handlers\FileHandler' driver.
INFO - 2023-12-06 22:50:25 --> Session: Class initialized using 'CodeIgniter\Session\Handlers\FileHandler' driver.
INFO - 2023-12-06 22:50:40 --> Session: Class initialized using 'CodeIgniter\Session\Handlers\FileHandler' driver.
INFO - 2023-12-06 22:50:40 --> Session: Class initialized using 'CodeIgniter\Session\Handlers\FileHandler' driver.
INFO - 2023-12-06 22:50:40 --> Session: Class initialized using 'CodeIgniter\Session\Handlers\FileHandler' driver.
INFO - 2023-12-06 22:50:40 --> Session: Class initialized using 'CodeIgniter\Session\Handlers\FileHandler' driver.
INFO - 2023-12-06 22:50:40 --> Session: Class initialized using 'CodeIgniter\Session\Handlers\FileHandler' driver.
INFO - 2023-12-06 22:50:40 --> Session: Class initialized using 'CodeIgniter\Session\Handlers\FileHandler' driver.
INFO - 2023-12-06 22:50:40 --> Session: Class initialized using 'CodeIgniter\Session\Handlers\FileHandler' driver.
INFO - 2023-12-06 22:50:40 --> Session: Class initialized using 'CodeIgniter\Session\Handlers\FileHandler' driver.
INFO - 2023-12-06 22:50:40 --> Session: Class initialized using 'CodeIgniter\Session\Handlers\FileHandler' driver.
INFO - 2023-12-06 22:50:41 --> Session: Class initialized using 'CodeIgniter\Session\Handlers\FileHandler' driver.
INFO - 2023-12-06 22:50:41 --> Session: Class initialized using 'CodeIgniter\Session\Handlers\FileHandler' driver.
INFO - 2023-12-06 22:51:03 --> Session: Class initialized using 'CodeIgniter\Session\Handlers\FileHandler' driver.
INFO - 2023-12-06 22:51:03 --> Session: Class initialized using 'CodeIgniter\Session\Handlers\FileHandler' driver.
INFO - 2023-12-06 22:51:03 --> Session: Class initialized using 'CodeIgniter\Session\Handlers\FileHandler' driver.
INFO - 2023-12-06 22:51:03 --> Session: Class initialized using 'CodeIgniter\Session\Handlers\FileHandler' driver.
INFO - 2023-12-06 22:51:03 --> Session: Class initialized using 'CodeIgniter\Session\Handlers\FileHandler' driver.
INFO - 2023-12-06 22:51:03 --> Session: Class initialized using 'CodeIgniter\Session\Handlers\FileHandler' driver.
INFO - 2023-12-06 22:51:04 --> Session: Class initialized using 'CodeIgniter\Session\Handlers\FileHandler' driver.
INFO - 2023-12-06 22:51:04 --> Session: Class initialized using 'CodeIgniter\Session\Handlers\FileHandler' driver.
INFO - 2023-12-06 22:51:04 --> Session: Class initialized using 'CodeIgniter\Session\Handlers\FileHandler' driver.
INFO - 2023-12-06 22:51:04 --> Session: Class initialized using 'CodeIgniter\Session\Handlers\FileHandler' driver.
INFO - 2023-12-06 22:51:04 --> Session: Class initialized using 'CodeIgniter\Session\Handlers\FileHandler' driver.
INFO - 2023-12-06 22:51:16 --> Session: Class initialized using 'CodeIgniter\Session\Handlers\FileHandler' driver.
INFO - 2023-12-06 22:51:16 --> Session: Class initialized using 'CodeIgniter\Session\Handlers\FileHandler' driver.
INFO - 2023-12-06 22:51:16 --> Session: Class initialized using 'CodeIgniter\Session\Handlers\FileHandler' driver.
INFO - 2023-12-06 22:51:16 --> Session: Class initialized using 'CodeIgniter\Session\Handlers\FileHandler' driver.
INFO - 2023-12-06 22:51:16 --> Session: Class initialized using 'CodeIgniter\Session\Handlers\FileHandler' driver.
INFO - 2023-12-06 22:51:16 --> Session: Class initialized using 'CodeIgniter\Session\Handlers\FileHandler' driver.
INFO - 2023-12-06 22:51:16 --> Session: Class initialized using 'CodeIgniter\Session\Handlers\FileHandler' driver.
INFO - 2023-12-06 22:51:17 --> Session: Class initialized using 'CodeIgniter\Session\Handlers\FileHandler' driver.
INFO - 2023-12-06 22:51:17 --> Session: Class initialized using 'CodeIgniter\Session\Handlers\FileHandler' driver.
INFO - 2023-12-06 22:51:17 --> Session: Class initialized using 'CodeIgniter\Session\Handlers\FileHandler' driver.
INFO - 2023-12-06 22:51:17 --> Session: Class initialized using 'CodeIgniter\Session\Handlers\FileHandler' driver.
INFO - 2023-12-06 22:52:07 --> Session: Class initialized using 'CodeIgniter\Session\Handlers\FileHandler' driver.
INFO - 2023-12-06 22:52:07 --> Session: Class initialized using 'CodeIgniter\Session\Handlers\FileHandler' driver.
INFO - 2023-12-06 22:52:07 --> Session: Class initialized using 'CodeIgniter\Session\Handlers\FileHandler' driver.
INFO - 2023-12-06 22:52:07 --> Session: Class initialized using 'CodeIgniter\Session\Handlers\FileHandler' driver.
INFO - 2023-12-06 22:52:07 --> Session: Class initialized using 'CodeIgniter\Session\Handlers\FileHandler' driver.
INFO - 2023-12-06 22:52:07 --> Session: Class initialized using 'CodeIgniter\Session\Handlers\FileHandler' driver.
INFO - 2023-12-06 22:52:07 --> Session: Class initialized using 'CodeIgniter\Session\Handlers\FileHandler' driver.
INFO - 2023-12-06 22:52:07 --> Session: Class initialized using 'CodeIgniter\Session\Handlers\FileHandler' driver.
INFO - 2023-12-06 22:52:08 --> Session: Class initialized using 'CodeIgniter\Session\Handlers\FileHandler' driver.
INFO - 2023-12-06 22:52:08 --> Session: Class initialized using 'CodeIgniter\Session\Handlers\FileHandler' driver.
INFO - 2023-12-06 22:52:08 --> Session: Class initialized using 'CodeIgniter\Session\Handlers\FileHandler' driver.
INFO - 2023-12-06 22:52:57 --> Session: Class initialized using 'CodeIgniter\Session\Handlers\FileHandler' driver.
INFO - 2023-12-06 22:53:05 --> Session: Class initialized using 'CodeIgniter\Session\Handlers\FileHandler' driver.
INFO - 2023-12-06 22:54:07 --> Session: Class initialized using 'CodeIgniter\Session\Handlers\FileHandler' driver.
INFO - 2023-12-06 22:54:10 --> Session: Class initialized using 'CodeIgniter\Session\Handlers\FileHandler' driver.
CRITICAL - 2023-12-06 22:54:11 --> Undefined variable: total
in APPPATH\Views\aduan\tvmedia.php on line 102.
 1 APPPATH\Views\aduan\tvmedia.php(102): CodeIgniter\Debug\Exceptions->errorHandler(8, 'Undefined variable: total', 'C:\\2023project\\aparus\\app\\Views\\aduan\\tvmedia.php', 102, [...])
 2 SYSTEMPATH\View\View.php(228): include('C:\\2023project\\aparus\\app\\Views\\aduan\\tvmedia.php')
 3 SYSTEMPATH\View\View.php(231): CodeIgniter\View\View->CodeIgniter\View\{closure}()
 4 SYSTEMPATH\Common.php(1190): CodeIgniter\View\View->render('Aduan\\tvmedia', [], true)
 5 APPPATH\Controllers\Aduan.php(98): view('Aduan\\tvmedia', [...])
 6 SYSTEMPATH\CodeIgniter.php(942): App\Controllers\Aduan->tvmedia()
 7 SYSTEMPATH\CodeIgniter.php(502): CodeIgniter\CodeIgniter->runController(Object(App\Controllers\Aduan))
 8 SYSTEMPATH\CodeIgniter.php(361): CodeIgniter\CodeIgniter->handleRequest(null, Object(Config\Cache), false)
 9 FCPATH\index.php(79): CodeIgniter\CodeIgniter->run()
10 SYSTEMPATH\Commands\Server\rewrite.php(47): require_once('C:\\2023project\\aparus\\public\\index.php')
INFO - 2023-12-06 22:54:40 --> Session: Class initialized using 'CodeIgniter\Session\Handlers\FileHandler' driver.
INFO - 2023-12-06 22:54:40 --> Session: Class initialized using 'CodeIgniter\Session\Handlers\FileHandler' driver.
INFO - 2023-12-06 22:54:40 --> Session: Class initialized using 'CodeIgniter\Session\Handlers\FileHandler' driver.
INFO - 2023-12-06 22:54:40 --> Session: Class initialized using 'CodeIgniter\Session\Handlers\FileHandler' driver.
INFO - 2023-12-06 22:54:40 --> Session: Class initialized using 'CodeIgniter\Session\Handlers\FileHandler' driver.
INFO - 2023-12-06 22:54:41 --> Session: Class initialized using 'CodeIgniter\Session\Handlers\FileHandler' driver.
INFO - 2023-12-06 22:54:41 --> Session: Class initialized using 'CodeIgniter\Session\Handlers\FileHandler' driver.
INFO - 2023-12-06 22:54:41 --> Session: Class initialized using 'CodeIgniter\Session\Handlers\FileHandler' driver.
INFO - 2023-12-06 22:54:41 --> Session: Class initialized using 'CodeIgniter\Session\Handlers\FileHandler' driver.
INFO - 2023-12-06 22:54:41 --> Session: Class initialized using 'CodeIgniter\Session\Handlers\FileHandler' driver.
INFO - 2023-12-06 22:54:42 --> Session: Class initialized using 'CodeIgniter\Session\Handlers\FileHandler' driver.
INFO - 2023-12-06 22:56:08 --> Session: Class initialized using 'CodeIgniter\Session\Handlers\FileHandler' driver.
INFO - 2023-12-06 22:56:08 --> Session: Class initialized using 'CodeIgniter\Session\Handlers\FileHandler' driver.
INFO - 2023-12-06 22:56:08 --> Session: Class initialized using 'CodeIgniter\Session\Handlers\FileHandler' driver.
INFO - 2023-12-06 22:56:08 --> Session: Class initialized using 'CodeIgniter\Session\Handlers\FileHandler' driver.
INFO - 2023-12-06 22:56:08 --> Session: Class initialized using 'CodeIgniter\Session\Handlers\FileHandler' driver.
INFO - 2023-12-06 22:56:08 --> Session: Class initialized using 'CodeIgniter\Session\Handlers\FileHandler' driver.
INFO - 2023-12-06 22:56:08 --> Session: Class initialized using 'CodeIgniter\Session\Handlers\FileHandler' driver.
INFO - 2023-12-06 22:56:08 --> Session: Class initialized using 'CodeIgniter\Session\Handlers\FileHandler' driver.
INFO - 2023-12-06 22:56:09 --> Session: Class initialized using 'CodeIgniter\Session\Handlers\FileHandler' driver.
INFO - 2023-12-06 22:56:09 --> Session: Class initialized using 'CodeIgniter\Session\Handlers\FileHandler' driver.
INFO - 2023-12-06 22:56:09 --> Session: Class initialized using 'CodeIgniter\Session\Handlers\FileHandler' driver.
INFO - 2023-12-06 22:56:32 --> Session: Class initialized using 'CodeIgniter\Session\Handlers\FileHandler' driver.
INFO - 2023-12-06 22:56:32 --> Session: Class initialized using 'CodeIgniter\Session\Handlers\FileHandler' driver.
INFO - 2023-12-06 22:56:32 --> Session: Class initialized using 'CodeIgniter\Session\Handlers\FileHandler' driver.
INFO - 2023-12-06 22:56:32 --> Session: Class initialized using 'CodeIgniter\Session\Handlers\FileHandler' driver.
INFO - 2023-12-06 22:56:32 --> Session: Class initialized using 'CodeIgniter\Session\Handlers\FileHandler' driver.
INFO - 2023-12-06 22:56:32 --> Session: Class initialized using 'CodeIgniter\Session\Handlers\FileHandler' driver.
INFO - 2023-12-06 22:56:32 --> Session: Class initialized using 'CodeIgniter\Session\Handlers\FileHandler' driver.
INFO - 2023-12-06 22:56:32 --> Session: Class initialized using 'CodeIgniter\Session\Handlers\FileHandler' driver.
INFO - 2023-12-06 22:56:33 --> Session: Class initialized using 'CodeIgniter\Session\Handlers\FileHandler' driver.
INFO - 2023-12-06 22:56:33 --> Session: Class initialized using 'CodeIgniter\Session\Handlers\FileHandler' driver.
INFO - 2023-12-06 22:56:33 --> Session: Class initialized using 'CodeIgniter\Session\Handlers\FileHandler' driver.
INFO - 2023-12-06 22:57:09 --> Session: Class initialized using 'CodeIgniter\Session\Handlers\FileHandler' driver.
INFO - 2023-12-06 22:57:10 --> Session: Class initialized using 'CodeIgniter\Session\Handlers\FileHandler' driver.
INFO - 2023-12-06 22:57:10 --> Session: Class initialized using 'CodeIgniter\Session\Handlers\FileHandler' driver.
INFO - 2023-12-06 22:57:10 --> Session: Class initialized using 'CodeIgniter\Session\Handlers\FileHandler' driver.
INFO - 2023-12-06 22:57:10 --> Session: Class initialized using 'CodeIgniter\Session\Handlers\FileHandler' driver.
INFO - 2023-12-06 22:57:10 --> Session: Class initialized using 'CodeIgniter\Session\Handlers\FileHandler' driver.
INFO - 2023-12-06 22:57:10 --> Session: Class initialized using 'CodeIgniter\Session\Handlers\FileHandler' driver.
INFO - 2023-12-06 22:57:10 --> Session: Class initialized using 'CodeIgniter\Session\Handlers\FileHandler' driver.
INFO - 2023-12-06 22:57:10 --> Session: Class initialized using 'CodeIgniter\Session\Handlers\FileHandler' driver.
INFO - 2023-12-06 22:57:10 --> Session: Class initialized using 'CodeIgniter\Session\Handlers\FileHandler' driver.
INFO - 2023-12-06 22:57:10 --> Session: Class initialized using 'CodeIgniter\Session\Handlers\FileHandler' driver.
