INFO - 2023-11-30 08:53:19 --> Session: Class initialized using 'CodeIgniter\Session\Handlers\FileHandler' driver.
INFO - 2023-11-30 08:53:19 --> Session: Class initialized using 'CodeIgniter\Session\Handlers\FileHandler' driver.
INFO - 2023-11-30 08:53:31 --> Session: Class initialized using 'CodeIgniter\Session\Handlers\FileHandler' driver.
ERROR - 2023-11-30 08:53:35 --> Error connecting to the database: mysqli_sql_exception: No connection could be made because the target machine actively refused it.
 in C:\2023project\aparus\system\Database\MySQLi\Connection.php:185
Stack trace:
#0 C:\2023project\aparus\system\Database\MySQLi\Connection.php(185): mysqli->real_connect('localhost', 'root', '', 'aparus', 3306, '', 0)
#1 C:\2023project\aparus\system\Database\BaseConnection.php(392): CodeIgniter\Database\MySQLi\Connection->connect(false)
#2 C:\2023project\aparus\system\Database\BaseConnection.php(575): CodeIgniter\Database\BaseConnection->initialize()
#3 C:\2023project\aparus\system\Database\BaseBuilder.php(1615): CodeIgniter\Database\BaseConnection->query('SELECT *\nFROM `...', Array, false)
#4 C:\2023project\aparus\system\Model.php(264): CodeIgniter\Database\BaseBuilder->get()
#5 C:\2023project\aparus\system\BaseModel.php(662): CodeIgniter\Model->doFirst()
#6 C:\2023project\aparus\app\Controllers\Auth.php(89): CodeIgniter\BaseModel->first()
#7 C:\2023project\aparus\system\CodeIgniter.php(942): App\Controllers\Auth->verify()
#8 C:\2023project\aparus\system\CodeIgniter.php(502): CodeIgniter\CodeIgniter->runController(Object(App\Controllers\Auth))
#9 C:\2023project\aparus\system\CodeIgniter.php(361): CodeIgniter\CodeIgniter->handleRequest(NULL, Object(Config\Cache), false)
#10 C:\2023project\aparus\public\index.php(79): CodeIgniter\CodeIgniter->run()
#11 C:\2023project\aparus\system\Commands\Server\rewrite.php(47): require_once('C:\\2023project\\...')
#12 {main}

Next CodeIgniter\Database\Exceptions\DatabaseException: No connection could be made because the target machine actively refused it.
 in C:\2023project\aparus\system\Database\MySQLi\Connection.php:229
Stack trace:
#0 C:\2023project\aparus\system\Database\BaseConnection.php(392): CodeIgniter\Database\MySQLi\Connection->connect(false)
#1 C:\2023project\aparus\system\Database\BaseConnection.php(575): CodeIgniter\Database\BaseConnection->initialize()
#2 C:\2023project\aparus\system\Database\BaseBuilder.php(1615): CodeIgniter\Database\BaseConnection->query('SELECT *\nFROM `...', Array, false)
#3 C:\2023project\aparus\system\Model.php(264): CodeIgniter\Database\BaseBuilder->get()
#4 C:\2023project\aparus\system\BaseModel.php(662): CodeIgniter\Model->doFirst()
#5 C:\2023project\aparus\app\Controllers\Auth.php(89): CodeIgniter\BaseModel->first()
#6 C:\2023project\aparus\system\CodeIgniter.php(942): App\Controllers\Auth->verify()
#7 C:\2023project\aparus\system\CodeIgniter.php(502): CodeIgniter\CodeIgniter->runController(Object(App\Controllers\Auth))
#8 C:\2023project\aparus\system\CodeIgniter.php(361): CodeIgniter\CodeIgniter->handleRequest(NULL, Object(Config\Cache), false)
#9 C:\2023project\aparus\public\index.php(79): CodeIgniter\CodeIgniter->run()
#10 C:\2023project\aparus\system\Commands\Server\rewrite.php(47): require_once('C:\\2023project\\...')
#11 {main}
CRITICAL - 2023-11-30 08:53:35 --> Unable to connect to the database.
Main connection [MySQLi]: No connection could be made because the target machine actively refused it.

in SYSTEMPATH\Database\BaseConnection.php on line 428.
 1 SYSTEMPATH\Database\BaseConnection.php(575): CodeIgniter\Database\BaseConnection->initialize()
 2 SYSTEMPATH\Database\BaseBuilder.php(1615): CodeIgniter\Database\BaseConnection->query('SELECT *
FROM `aprs_user`
WHERE `user_nick` = :user_nick:
 LIMIT 1', [...], false)
 3 SYSTEMPATH\Model.php(264): CodeIgniter\Database\BaseBuilder->get()
 4 SYSTEMPATH\BaseModel.php(662): CodeIgniter\Model->doFirst()
 5 APPPATH\Controllers\Auth.php(89): CodeIgniter\BaseModel->first()
 6 SYSTEMPATH\CodeIgniter.php(942): App\Controllers\Auth->verify()
 7 SYSTEMPATH\CodeIgniter.php(502): CodeIgniter\CodeIgniter->runController(Object(App\Controllers\Auth))
 8 SYSTEMPATH\CodeIgniter.php(361): CodeIgniter\CodeIgniter->handleRequest(null, Object(Config\Cache), false)
 9 FCPATH\index.php(79): CodeIgniter\CodeIgniter->run()
10 SYSTEMPATH\Commands\Server\rewrite.php(47): require_once('C:\\2023project\\aparus\\public\\index.php')
INFO - 2023-11-30 08:53:50 --> Session: Class initialized using 'CodeIgniter\Session\Handlers\FileHandler' driver.
INFO - 2023-11-30 08:53:52 --> Session: Class initialized using 'CodeIgniter\Session\Handlers\FileHandler' driver.
INFO - 2023-11-30 08:54:00 --> Session: Class initialized using 'CodeIgniter\Session\Handlers\FileHandler' driver.
INFO - 2023-11-30 08:54:00 --> Session: Class initialized using 'CodeIgniter\Session\Handlers\FileHandler' driver.
INFO - 2023-11-30 08:55:12 --> Session: Class initialized using 'CodeIgniter\Session\Handlers\FileHandler' driver.
INFO - 2023-11-30 08:55:15 --> Session: Class initialized using 'CodeIgniter\Session\Handlers\FileHandler' driver.
INFO - 2023-11-30 08:55:20 --> Session: Class initialized using 'CodeIgniter\Session\Handlers\FileHandler' driver.
INFO - 2023-11-30 08:55:22 --> Session: Class initialized using 'CodeIgniter\Session\Handlers\FileHandler' driver.
INFO - 2023-11-30 08:55:23 --> Session: Class initialized using 'CodeIgniter\Session\Handlers\FileHandler' driver.
INFO - 2023-11-30 08:55:24 --> Session: Class initialized using 'CodeIgniter\Session\Handlers\FileHandler' driver.
INFO - 2023-11-30 08:55:28 --> Session: Class initialized using 'CodeIgniter\Session\Handlers\FileHandler' driver.
INFO - 2023-11-30 08:55:29 --> Session: Class initialized using 'CodeIgniter\Session\Handlers\FileHandler' driver.
INFO - 2023-11-30 08:55:41 --> Session: Class initialized using 'CodeIgniter\Session\Handlers\FileHandler' driver.
INFO - 2023-11-30 08:55:41 --> Session: Class initialized using 'CodeIgniter\Session\Handlers\FileHandler' driver.
INFO - 2023-11-30 08:55:41 --> Session: Class initialized using 'CodeIgniter\Session\Handlers\FileHandler' driver.
CRITICAL - 2023-11-30 08:55:41 --> Trying to access array offset on value of type null
in APPPATH\Views\rusun\lantai.php on line 114.
 1 APPPATH\Views\rusun\lantai.php(114): CodeIgniter\Debug\Exceptions->errorHandler(8, 'Trying to access array offset on value of type null', 'C:\\2023project\\aparus\\app\\Views\\rusun\\lantai.php', 114, [...])
 2 SYSTEMPATH\View\View.php(228): include('C:\\2023project\\aparus\\app\\Views\\rusun\\lantai.php')
 3 SYSTEMPATH\View\View.php(231): CodeIgniter\View\View->CodeIgniter\View\{closure}()
 4 SYSTEMPATH\Common.php(1190): CodeIgniter\View\View->render('rusun/lantai', [], true)
 5 APPPATH\Controllers\Rusun.php(136): view('rusun/lantai', [...])
 6 SYSTEMPATH\CodeIgniter.php(942): App\Controllers\Rusun->lantai('assets', 'images', 'companies', 'img-1.png')
 7 SYSTEMPATH\CodeIgniter.php(502): CodeIgniter\CodeIgniter->runController(Object(App\Controllers\Rusun))
 8 SYSTEMPATH\CodeIgniter.php(361): CodeIgniter\CodeIgniter->handleRequest(null, Object(Config\Cache), false)
 9 FCPATH\index.php(79): CodeIgniter\CodeIgniter->run()
10 SYSTEMPATH\Commands\Server\rewrite.php(47): require_once('C:\\2023project\\aparus\\public\\index.php')
INFO - 2023-11-30 08:55:41 --> Session: Class initialized using 'CodeIgniter\Session\Handlers\FileHandler' driver.
CRITICAL - 2023-11-30 08:55:41 --> Trying to access array offset on value of type null
in APPPATH\Views\rusun\lantai.php on line 114.
 1 APPPATH\Views\rusun\lantai.php(114): CodeIgniter\Debug\Exceptions->errorHandler(8, 'Trying to access array offset on value of type null', 'C:\\2023project\\aparus\\app\\Views\\rusun\\lantai.php', 114, [...])
 2 SYSTEMPATH\View\View.php(228): include('C:\\2023project\\aparus\\app\\Views\\rusun\\lantai.php')
 3 SYSTEMPATH\View\View.php(231): CodeIgniter\View\View->CodeIgniter\View\{closure}()
 4 SYSTEMPATH\Common.php(1190): CodeIgniter\View\View->render('rusun/lantai', [], true)
 5 APPPATH\Controllers\Rusun.php(136): view('rusun/lantai', [...])
 6 SYSTEMPATH\CodeIgniter.php(942): App\Controllers\Rusun->lantai('assets', 'images', 'companies', 'img-3.png')
 7 SYSTEMPATH\CodeIgniter.php(502): CodeIgniter\CodeIgniter->runController(Object(App\Controllers\Rusun))
 8 SYSTEMPATH\CodeIgniter.php(361): CodeIgniter\CodeIgniter->handleRequest(null, Object(Config\Cache), false)
 9 FCPATH\index.php(79): CodeIgniter\CodeIgniter->run()
10 SYSTEMPATH\Commands\Server\rewrite.php(47): require_once('C:\\2023project\\aparus\\public\\index.php')
INFO - 2023-11-30 08:55:41 --> Session: Class initialized using 'CodeIgniter\Session\Handlers\FileHandler' driver.
CRITICAL - 2023-11-30 08:55:41 --> Trying to access array offset on value of type null
in APPPATH\Views\rusun\lantai.php on line 114.
 1 APPPATH\Views\rusun\lantai.php(114): CodeIgniter\Debug\Exceptions->errorHandler(8, 'Trying to access array offset on value of type null', 'C:\\2023project\\aparus\\app\\Views\\rusun\\lantai.php', 114, [...])
 2 SYSTEMPATH\View\View.php(228): include('C:\\2023project\\aparus\\app\\Views\\rusun\\lantai.php')
 3 SYSTEMPATH\View\View.php(231): CodeIgniter\View\View->CodeIgniter\View\{closure}()
 4 SYSTEMPATH\Common.php(1190): CodeIgniter\View\View->render('rusun/lantai', [], true)
 5 APPPATH\Controllers\Rusun.php(136): view('rusun/lantai', [...])
 6 SYSTEMPATH\CodeIgniter.php(942): App\Controllers\Rusun->lantai('assets', 'images', 'companies', 'img-2.png')
 7 SYSTEMPATH\CodeIgniter.php(502): CodeIgniter\CodeIgniter->runController(Object(App\Controllers\Rusun))
 8 SYSTEMPATH\CodeIgniter.php(361): CodeIgniter\CodeIgniter->handleRequest(null, Object(Config\Cache), false)
 9 FCPATH\index.php(79): CodeIgniter\CodeIgniter->run()
10 SYSTEMPATH\Commands\Server\rewrite.php(47): require_once('C:\\2023project\\aparus\\public\\index.php')
INFO - 2023-11-30 08:55:41 --> Session: Class initialized using 'CodeIgniter\Session\Handlers\FileHandler' driver.
CRITICAL - 2023-11-30 08:55:42 --> Trying to access array offset on value of type null
in APPPATH\Views\rusun\lantai.php on line 114.
 1 APPPATH\Views\rusun\lantai.php(114): CodeIgniter\Debug\Exceptions->errorHandler(8, 'Trying to access array offset on value of type null', 'C:\\2023project\\aparus\\app\\Views\\rusun\\lantai.php', 114, [...])
 2 SYSTEMPATH\View\View.php(228): include('C:\\2023project\\aparus\\app\\Views\\rusun\\lantai.php')
 3 SYSTEMPATH\View\View.php(231): CodeIgniter\View\View->CodeIgniter\View\{closure}()
 4 SYSTEMPATH\Common.php(1190): CodeIgniter\View\View->render('rusun/lantai', [], true)
 5 APPPATH\Controllers\Rusun.php(136): view('rusun/lantai', [...])
 6 SYSTEMPATH\CodeIgniter.php(942): App\Controllers\Rusun->lantai('assets', 'images', 'companies', 'img-4.png')
 7 SYSTEMPATH\CodeIgniter.php(502): CodeIgniter\CodeIgniter->runController(Object(App\Controllers\Rusun))
 8 SYSTEMPATH\CodeIgniter.php(361): CodeIgniter\CodeIgniter->handleRequest(null, Object(Config\Cache), false)
 9 FCPATH\index.php(79): CodeIgniter\CodeIgniter->run()
10 SYSTEMPATH\Commands\Server\rewrite.php(47): require_once('C:\\2023project\\aparus\\public\\index.php')
INFO - 2023-11-30 08:55:42 --> Session: Class initialized using 'CodeIgniter\Session\Handlers\FileHandler' driver.
CRITICAL - 2023-11-30 08:55:42 --> Trying to access array offset on value of type null
in APPPATH\Views\rusun\lantai.php on line 114.
 1 APPPATH\Views\rusun\lantai.php(114): CodeIgniter\Debug\Exceptions->errorHandler(8, 'Trying to access array offset on value of type null', 'C:\\2023project\\aparus\\app\\Views\\rusun\\lantai.php', 114, [...])
 2 SYSTEMPATH\View\View.php(228): include('C:\\2023project\\aparus\\app\\Views\\rusun\\lantai.php')
 3 SYSTEMPATH\View\View.php(231): CodeIgniter\View\View->CodeIgniter\View\{closure}()
 4 SYSTEMPATH\Common.php(1190): CodeIgniter\View\View->render('rusun/lantai', [], true)
 5 APPPATH\Controllers\Rusun.php(136): view('rusun/lantai', [...])
 6 SYSTEMPATH\CodeIgniter.php(942): App\Controllers\Rusun->lantai('assets', 'images', 'companies', 'img-5.png')
 7 SYSTEMPATH\CodeIgniter.php(502): CodeIgniter\CodeIgniter->runController(Object(App\Controllers\Rusun))
 8 SYSTEMPATH\CodeIgniter.php(361): CodeIgniter\CodeIgniter->handleRequest(null, Object(Config\Cache), false)
 9 FCPATH\index.php(79): CodeIgniter\CodeIgniter->run()
10 SYSTEMPATH\Commands\Server\rewrite.php(47): require_once('C:\\2023project\\aparus\\public\\index.php')
INFO - 2023-11-30 09:04:53 --> Session: Class initialized using 'CodeIgniter\Session\Handlers\FileHandler' driver.
INFO - 2023-11-30 09:04:53 --> Session: Class initialized using 'CodeIgniter\Session\Handlers\FileHandler' driver.
CRITICAL - 2023-11-30 09:04:53 --> Trying to access array offset on value of type null
in APPPATH\Views\rusun\lantai.php on line 114.
 1 APPPATH\Views\rusun\lantai.php(114): CodeIgniter\Debug\Exceptions->errorHandler(8, 'Trying to access array offset on value of type null', 'C:\\2023project\\aparus\\app\\Views\\rusun\\lantai.php', 114, [...])
 2 SYSTEMPATH\View\View.php(228): include('C:\\2023project\\aparus\\app\\Views\\rusun\\lantai.php')
 3 SYSTEMPATH\View\View.php(231): CodeIgniter\View\View->CodeIgniter\View\{closure}()
 4 SYSTEMPATH\Common.php(1190): CodeIgniter\View\View->render('rusun/lantai', [], true)
 5 APPPATH\Controllers\Rusun.php(136): view('rusun/lantai', [...])
 6 SYSTEMPATH\CodeIgniter.php(942): App\Controllers\Rusun->lantai('assets', 'images', 'companies', 'img-2.png')
 7 SYSTEMPATH\CodeIgniter.php(502): CodeIgniter\CodeIgniter->runController(Object(App\Controllers\Rusun))
 8 SYSTEMPATH\CodeIgniter.php(361): CodeIgniter\CodeIgniter->handleRequest(null, Object(Config\Cache), false)
 9 FCPATH\index.php(79): CodeIgniter\CodeIgniter->run()
10 SYSTEMPATH\Commands\Server\rewrite.php(47): require_once('C:\\2023project\\aparus\\public\\index.php')
INFO - 2023-11-30 09:04:53 --> Session: Class initialized using 'CodeIgniter\Session\Handlers\FileHandler' driver.
CRITICAL - 2023-11-30 09:04:53 --> Trying to access array offset on value of type null
in APPPATH\Views\rusun\lantai.php on line 114.
 1 APPPATH\Views\rusun\lantai.php(114): CodeIgniter\Debug\Exceptions->errorHandler(8, 'Trying to access array offset on value of type null', 'C:\\2023project\\aparus\\app\\Views\\rusun\\lantai.php', 114, [...])
 2 SYSTEMPATH\View\View.php(228): include('C:\\2023project\\aparus\\app\\Views\\rusun\\lantai.php')
 3 SYSTEMPATH\View\View.php(231): CodeIgniter\View\View->CodeIgniter\View\{closure}()
 4 SYSTEMPATH\Common.php(1190): CodeIgniter\View\View->render('rusun/lantai', [], true)
 5 APPPATH\Controllers\Rusun.php(136): view('rusun/lantai', [...])
 6 SYSTEMPATH\CodeIgniter.php(942): App\Controllers\Rusun->lantai('assets', 'images', 'companies', 'img-5.png')
 7 SYSTEMPATH\CodeIgniter.php(502): CodeIgniter\CodeIgniter->runController(Object(App\Controllers\Rusun))
 8 SYSTEMPATH\CodeIgniter.php(361): CodeIgniter\CodeIgniter->handleRequest(null, Object(Config\Cache), false)
 9 FCPATH\index.php(79): CodeIgniter\CodeIgniter->run()
10 SYSTEMPATH\Commands\Server\rewrite.php(47): require_once('C:\\2023project\\aparus\\public\\index.php')
INFO - 2023-11-30 09:04:53 --> Session: Class initialized using 'CodeIgniter\Session\Handlers\FileHandler' driver.
CRITICAL - 2023-11-30 09:04:53 --> Trying to access array offset on value of type null
in APPPATH\Views\rusun\lantai.php on line 114.
 1 APPPATH\Views\rusun\lantai.php(114): CodeIgniter\Debug\Exceptions->errorHandler(8, 'Trying to access array offset on value of type null', 'C:\\2023project\\aparus\\app\\Views\\rusun\\lantai.php', 114, [...])
 2 SYSTEMPATH\View\View.php(228): include('C:\\2023project\\aparus\\app\\Views\\rusun\\lantai.php')
 3 SYSTEMPATH\View\View.php(231): CodeIgniter\View\View->CodeIgniter\View\{closure}()
 4 SYSTEMPATH\Common.php(1190): CodeIgniter\View\View->render('rusun/lantai', [], true)
 5 APPPATH\Controllers\Rusun.php(136): view('rusun/lantai', [...])
 6 SYSTEMPATH\CodeIgniter.php(942): App\Controllers\Rusun->lantai('assets', 'images', 'companies', 'img-3.png')
 7 SYSTEMPATH\CodeIgniter.php(502): CodeIgniter\CodeIgniter->runController(Object(App\Controllers\Rusun))
 8 SYSTEMPATH\CodeIgniter.php(361): CodeIgniter\CodeIgniter->handleRequest(null, Object(Config\Cache), false)
 9 FCPATH\index.php(79): CodeIgniter\CodeIgniter->run()
10 SYSTEMPATH\Commands\Server\rewrite.php(47): require_once('C:\\2023project\\aparus\\public\\index.php')
INFO - 2023-11-30 09:04:53 --> Session: Class initialized using 'CodeIgniter\Session\Handlers\FileHandler' driver.
INFO - 2023-11-30 09:04:53 --> Session: Class initialized using 'CodeIgniter\Session\Handlers\FileHandler' driver.
CRITICAL - 2023-11-30 09:04:54 --> Trying to access array offset on value of type null
in APPPATH\Views\rusun\lantai.php on line 114.
 1 APPPATH\Views\rusun\lantai.php(114): CodeIgniter\Debug\Exceptions->errorHandler(8, 'Trying to access array offset on value of type null', 'C:\\2023project\\aparus\\app\\Views\\rusun\\lantai.php', 114, [...])
 2 SYSTEMPATH\View\View.php(228): include('C:\\2023project\\aparus\\app\\Views\\rusun\\lantai.php')
 3 SYSTEMPATH\View\View.php(231): CodeIgniter\View\View->CodeIgniter\View\{closure}()
 4 SYSTEMPATH\Common.php(1190): CodeIgniter\View\View->render('rusun/lantai', [], true)
 5 APPPATH\Controllers\Rusun.php(136): view('rusun/lantai', [...])
 6 SYSTEMPATH\CodeIgniter.php(942): App\Controllers\Rusun->lantai('assets', 'images', 'companies', 'img-4.png')
 7 SYSTEMPATH\CodeIgniter.php(502): CodeIgniter\CodeIgniter->runController(Object(App\Controllers\Rusun))
 8 SYSTEMPATH\CodeIgniter.php(361): CodeIgniter\CodeIgniter->handleRequest(null, Object(Config\Cache), false)
 9 FCPATH\index.php(79): CodeIgniter\CodeIgniter->run()
10 SYSTEMPATH\Commands\Server\rewrite.php(47): require_once('C:\\2023project\\aparus\\public\\index.php')
INFO - 2023-11-30 09:04:54 --> Session: Class initialized using 'CodeIgniter\Session\Handlers\FileHandler' driver.
CRITICAL - 2023-11-30 09:04:54 --> Trying to access array offset on value of type null
in APPPATH\Views\rusun\lantai.php on line 114.
 1 APPPATH\Views\rusun\lantai.php(114): CodeIgniter\Debug\Exceptions->errorHandler(8, 'Trying to access array offset on value of type null', 'C:\\2023project\\aparus\\app\\Views\\rusun\\lantai.php', 114, [...])
 2 SYSTEMPATH\View\View.php(228): include('C:\\2023project\\aparus\\app\\Views\\rusun\\lantai.php')
 3 SYSTEMPATH\View\View.php(231): CodeIgniter\View\View->CodeIgniter\View\{closure}()
 4 SYSTEMPATH\Common.php(1190): CodeIgniter\View\View->render('rusun/lantai', [], true)
 5 APPPATH\Controllers\Rusun.php(136): view('rusun/lantai', [...])
 6 SYSTEMPATH\CodeIgniter.php(942): App\Controllers\Rusun->lantai('assets', 'images', 'companies', 'img-1.png')
 7 SYSTEMPATH\CodeIgniter.php(502): CodeIgniter\CodeIgniter->runController(Object(App\Controllers\Rusun))
 8 SYSTEMPATH\CodeIgniter.php(361): CodeIgniter\CodeIgniter->handleRequest(null, Object(Config\Cache), false)
 9 FCPATH\index.php(79): CodeIgniter\CodeIgniter->run()
10 SYSTEMPATH\Commands\Server\rewrite.php(47): require_once('C:\\2023project\\aparus\\public\\index.php')
INFO - 2023-11-30 09:06:35 --> Session: Class initialized using 'CodeIgniter\Session\Handlers\FileHandler' driver.
INFO - 2023-11-30 09:06:35 --> Session: Class initialized using 'CodeIgniter\Session\Handlers\FileHandler' driver.
CRITICAL - 2023-11-30 09:06:35 --> Trying to access array offset on value of type null
in APPPATH\Views\rusun\lantai.php on line 114.
 1 APPPATH\Views\rusun\lantai.php(114): CodeIgniter\Debug\Exceptions->errorHandler(8, 'Trying to access array offset on value of type null', 'C:\\2023project\\aparus\\app\\Views\\rusun\\lantai.php', 114, [...])
 2 SYSTEMPATH\View\View.php(228): include('C:\\2023project\\aparus\\app\\Views\\rusun\\lantai.php')
 3 SYSTEMPATH\View\View.php(231): CodeIgniter\View\View->CodeIgniter\View\{closure}()
 4 SYSTEMPATH\Common.php(1190): CodeIgniter\View\View->render('rusun/lantai', [], true)
 5 APPPATH\Controllers\Rusun.php(136): view('rusun/lantai', [...])
 6 SYSTEMPATH\CodeIgniter.php(942): App\Controllers\Rusun->lantai('assets', 'images', 'companies', 'img-1.png')
 7 SYSTEMPATH\CodeIgniter.php(502): CodeIgniter\CodeIgniter->runController(Object(App\Controllers\Rusun))
 8 SYSTEMPATH\CodeIgniter.php(361): CodeIgniter\CodeIgniter->handleRequest(null, Object(Config\Cache), false)
 9 FCPATH\index.php(79): CodeIgniter\CodeIgniter->run()
10 SYSTEMPATH\Commands\Server\rewrite.php(47): require_once('C:\\2023project\\aparus\\public\\index.php')
INFO - 2023-11-30 09:06:35 --> Session: Class initialized using 'CodeIgniter\Session\Handlers\FileHandler' driver.
CRITICAL - 2023-11-30 09:06:36 --> Trying to access array offset on value of type null
in APPPATH\Views\rusun\lantai.php on line 114.
 1 APPPATH\Views\rusun\lantai.php(114): CodeIgniter\Debug\Exceptions->errorHandler(8, 'Trying to access array offset on value of type null', 'C:\\2023project\\aparus\\app\\Views\\rusun\\lantai.php', 114, [...])
 2 SYSTEMPATH\View\View.php(228): include('C:\\2023project\\aparus\\app\\Views\\rusun\\lantai.php')
 3 SYSTEMPATH\View\View.php(231): CodeIgniter\View\View->CodeIgniter\View\{closure}()
 4 SYSTEMPATH\Common.php(1190): CodeIgniter\View\View->render('rusun/lantai', [], true)
 5 APPPATH\Controllers\Rusun.php(136): view('rusun/lantai', [...])
 6 SYSTEMPATH\CodeIgniter.php(942): App\Controllers\Rusun->lantai('assets', 'images', 'companies', 'img-2.png')
 7 SYSTEMPATH\CodeIgniter.php(502): CodeIgniter\CodeIgniter->runController(Object(App\Controllers\Rusun))
 8 SYSTEMPATH\CodeIgniter.php(361): CodeIgniter\CodeIgniter->handleRequest(null, Object(Config\Cache), false)
 9 FCPATH\index.php(79): CodeIgniter\CodeIgniter->run()
10 SYSTEMPATH\Commands\Server\rewrite.php(47): require_once('C:\\2023project\\aparus\\public\\index.php')
INFO - 2023-11-30 09:06:36 --> Session: Class initialized using 'CodeIgniter\Session\Handlers\FileHandler' driver.
CRITICAL - 2023-11-30 09:06:36 --> Trying to access array offset on value of type null
in APPPATH\Views\rusun\lantai.php on line 114.
 1 APPPATH\Views\rusun\lantai.php(114): CodeIgniter\Debug\Exceptions->errorHandler(8, 'Trying to access array offset on value of type null', 'C:\\2023project\\aparus\\app\\Views\\rusun\\lantai.php', 114, [...])
 2 SYSTEMPATH\View\View.php(228): include('C:\\2023project\\aparus\\app\\Views\\rusun\\lantai.php')
 3 SYSTEMPATH\View\View.php(231): CodeIgniter\View\View->CodeIgniter\View\{closure}()
 4 SYSTEMPATH\Common.php(1190): CodeIgniter\View\View->render('rusun/lantai', [], true)
 5 APPPATH\Controllers\Rusun.php(136): view('rusun/lantai', [...])
 6 SYSTEMPATH\CodeIgniter.php(942): App\Controllers\Rusun->lantai('assets', 'images', 'companies', 'img-5.png')
 7 SYSTEMPATH\CodeIgniter.php(502): CodeIgniter\CodeIgniter->runController(Object(App\Controllers\Rusun))
 8 SYSTEMPATH\CodeIgniter.php(361): CodeIgniter\CodeIgniter->handleRequest(null, Object(Config\Cache), false)
 9 FCPATH\index.php(79): CodeIgniter\CodeIgniter->run()
10 SYSTEMPATH\Commands\Server\rewrite.php(47): require_once('C:\\2023project\\aparus\\public\\index.php')
INFO - 2023-11-30 09:06:36 --> Session: Class initialized using 'CodeIgniter\Session\Handlers\FileHandler' driver.
CRITICAL - 2023-11-30 09:06:36 --> Trying to access array offset on value of type null
in APPPATH\Views\rusun\lantai.php on line 114.
 1 APPPATH\Views\rusun\lantai.php(114): CodeIgniter\Debug\Exceptions->errorHandler(8, 'Trying to access array offset on value of type null', 'C:\\2023project\\aparus\\app\\Views\\rusun\\lantai.php', 114, [...])
 2 SYSTEMPATH\View\View.php(228): include('C:\\2023project\\aparus\\app\\Views\\rusun\\lantai.php')
 3 SYSTEMPATH\View\View.php(231): CodeIgniter\View\View->CodeIgniter\View\{closure}()
 4 SYSTEMPATH\Common.php(1190): CodeIgniter\View\View->render('rusun/lantai', [], true)
 5 APPPATH\Controllers\Rusun.php(136): view('rusun/lantai', [...])
 6 SYSTEMPATH\CodeIgniter.php(942): App\Controllers\Rusun->lantai('assets', 'images', 'companies', 'img-3.png')
 7 SYSTEMPATH\CodeIgniter.php(502): CodeIgniter\CodeIgniter->runController(Object(App\Controllers\Rusun))
 8 SYSTEMPATH\CodeIgniter.php(361): CodeIgniter\CodeIgniter->handleRequest(null, Object(Config\Cache), false)
 9 FCPATH\index.php(79): CodeIgniter\CodeIgniter->run()
10 SYSTEMPATH\Commands\Server\rewrite.php(47): require_once('C:\\2023project\\aparus\\public\\index.php')
INFO - 2023-11-30 09:06:36 --> Session: Class initialized using 'CodeIgniter\Session\Handlers\FileHandler' driver.
INFO - 2023-11-30 09:06:36 --> Session: Class initialized using 'CodeIgniter\Session\Handlers\FileHandler' driver.
CRITICAL - 2023-11-30 09:06:36 --> Trying to access array offset on value of type null
in APPPATH\Views\rusun\lantai.php on line 114.
 1 APPPATH\Views\rusun\lantai.php(114): CodeIgniter\Debug\Exceptions->errorHandler(8, 'Trying to access array offset on value of type null', 'C:\\2023project\\aparus\\app\\Views\\rusun\\lantai.php', 114, [...])
 2 SYSTEMPATH\View\View.php(228): include('C:\\2023project\\aparus\\app\\Views\\rusun\\lantai.php')
 3 SYSTEMPATH\View\View.php(231): CodeIgniter\View\View->CodeIgniter\View\{closure}()
 4 SYSTEMPATH\Common.php(1190): CodeIgniter\View\View->render('rusun/lantai', [], true)
 5 APPPATH\Controllers\Rusun.php(136): view('rusun/lantai', [...])
 6 SYSTEMPATH\CodeIgniter.php(942): App\Controllers\Rusun->lantai('assets', 'images', 'companies', 'img-4.png')
 7 SYSTEMPATH\CodeIgniter.php(502): CodeIgniter\CodeIgniter->runController(Object(App\Controllers\Rusun))
 8 SYSTEMPATH\CodeIgniter.php(361): CodeIgniter\CodeIgniter->handleRequest(null, Object(Config\Cache), false)
 9 FCPATH\index.php(79): CodeIgniter\CodeIgniter->run()
10 SYSTEMPATH\Commands\Server\rewrite.php(47): require_once('C:\\2023project\\aparus\\public\\index.php')
INFO - 2023-11-30 09:07:02 --> Session: Class initialized using 'CodeIgniter\Session\Handlers\FileHandler' driver.
INFO - 2023-11-30 09:07:02 --> Session: Class initialized using 'CodeIgniter\Session\Handlers\FileHandler' driver.
CRITICAL - 2023-11-30 09:07:02 --> Trying to access array offset on value of type null
in APPPATH\Views\rusun\lantai.php on line 114.
 1 APPPATH\Views\rusun\lantai.php(114): CodeIgniter\Debug\Exceptions->errorHandler(8, 'Trying to access array offset on value of type null', 'C:\\2023project\\aparus\\app\\Views\\rusun\\lantai.php', 114, [...])
 2 SYSTEMPATH\View\View.php(228): include('C:\\2023project\\aparus\\app\\Views\\rusun\\lantai.php')
 3 SYSTEMPATH\View\View.php(231): CodeIgniter\View\View->CodeIgniter\View\{closure}()
 4 SYSTEMPATH\Common.php(1190): CodeIgniter\View\View->render('rusun/lantai', [], true)
 5 APPPATH\Controllers\Rusun.php(136): view('rusun/lantai', [...])
 6 SYSTEMPATH\CodeIgniter.php(942): App\Controllers\Rusun->lantai('assets', 'images', 'companies', 'img-3.png')
 7 SYSTEMPATH\CodeIgniter.php(502): CodeIgniter\CodeIgniter->runController(Object(App\Controllers\Rusun))
 8 SYSTEMPATH\CodeIgniter.php(361): CodeIgniter\CodeIgniter->handleRequest(null, Object(Config\Cache), false)
 9 FCPATH\index.php(79): CodeIgniter\CodeIgniter->run()
10 SYSTEMPATH\Commands\Server\rewrite.php(47): require_once('C:\\2023project\\aparus\\public\\index.php')
INFO - 2023-11-30 09:07:02 --> Session: Class initialized using 'CodeIgniter\Session\Handlers\FileHandler' driver.
INFO - 2023-11-30 09:07:02 --> Session: Class initialized using 'CodeIgniter\Session\Handlers\FileHandler' driver.
CRITICAL - 2023-11-30 09:07:02 --> Trying to access array offset on value of type null
in APPPATH\Views\rusun\lantai.php on line 114.
 1 APPPATH\Views\rusun\lantai.php(114): CodeIgniter\Debug\Exceptions->errorHandler(8, 'Trying to access array offset on value of type null', 'C:\\2023project\\aparus\\app\\Views\\rusun\\lantai.php', 114, [...])
 2 SYSTEMPATH\View\View.php(228): include('C:\\2023project\\aparus\\app\\Views\\rusun\\lantai.php')
 3 SYSTEMPATH\View\View.php(231): CodeIgniter\View\View->CodeIgniter\View\{closure}()
 4 SYSTEMPATH\Common.php(1190): CodeIgniter\View\View->render('rusun/lantai', [], true)
 5 APPPATH\Controllers\Rusun.php(136): view('rusun/lantai', [...])
 6 SYSTEMPATH\CodeIgniter.php(942): App\Controllers\Rusun->lantai('assets', 'images', 'companies', 'img-2.png')
 7 SYSTEMPATH\CodeIgniter.php(502): CodeIgniter\CodeIgniter->runController(Object(App\Controllers\Rusun))
 8 SYSTEMPATH\CodeIgniter.php(361): CodeIgniter\CodeIgniter->handleRequest(null, Object(Config\Cache), false)
 9 FCPATH\index.php(79): CodeIgniter\CodeIgniter->run()
10 SYSTEMPATH\Commands\Server\rewrite.php(47): require_once('C:\\2023project\\aparus\\public\\index.php')
INFO - 2023-11-30 09:07:02 --> Session: Class initialized using 'CodeIgniter\Session\Handlers\FileHandler' driver.
CRITICAL - 2023-11-30 09:07:02 --> Trying to access array offset on value of type null
in APPPATH\Views\rusun\lantai.php on line 114.
 1 APPPATH\Views\rusun\lantai.php(114): CodeIgniter\Debug\Exceptions->errorHandler(8, 'Trying to access array offset on value of type null', 'C:\\2023project\\aparus\\app\\Views\\rusun\\lantai.php', 114, [...])
 2 SYSTEMPATH\View\View.php(228): include('C:\\2023project\\aparus\\app\\Views\\rusun\\lantai.php')
 3 SYSTEMPATH\View\View.php(231): CodeIgniter\View\View->CodeIgniter\View\{closure}()
 4 SYSTEMPATH\Common.php(1190): CodeIgniter\View\View->render('rusun/lantai', [], true)
 5 APPPATH\Controllers\Rusun.php(136): view('rusun/lantai', [...])
 6 SYSTEMPATH\CodeIgniter.php(942): App\Controllers\Rusun->lantai('assets', 'images', 'companies', 'img-5.png')
 7 SYSTEMPATH\CodeIgniter.php(502): CodeIgniter\CodeIgniter->runController(Object(App\Controllers\Rusun))
 8 SYSTEMPATH\CodeIgniter.php(361): CodeIgniter\CodeIgniter->handleRequest(null, Object(Config\Cache), false)
 9 FCPATH\index.php(79): CodeIgniter\CodeIgniter->run()
10 SYSTEMPATH\Commands\Server\rewrite.php(47): require_once('C:\\2023project\\aparus\\public\\index.php')
INFO - 2023-11-30 09:07:02 --> Session: Class initialized using 'CodeIgniter\Session\Handlers\FileHandler' driver.
CRITICAL - 2023-11-30 09:07:02 --> Trying to access array offset on value of type null
in APPPATH\Views\rusun\lantai.php on line 114.
 1 APPPATH\Views\rusun\lantai.php(114): CodeIgniter\Debug\Exceptions->errorHandler(8, 'Trying to access array offset on value of type null', 'C:\\2023project\\aparus\\app\\Views\\rusun\\lantai.php', 114, [...])
 2 SYSTEMPATH\View\View.php(228): include('C:\\2023project\\aparus\\app\\Views\\rusun\\lantai.php')
 3 SYSTEMPATH\View\View.php(231): CodeIgniter\View\View->CodeIgniter\View\{closure}()
 4 SYSTEMPATH\Common.php(1190): CodeIgniter\View\View->render('rusun/lantai', [], true)
 5 APPPATH\Controllers\Rusun.php(136): view('rusun/lantai', [...])
 6 SYSTEMPATH\CodeIgniter.php(942): App\Controllers\Rusun->lantai('assets', 'images', 'companies', 'img-4.png')
 7 SYSTEMPATH\CodeIgniter.php(502): CodeIgniter\CodeIgniter->runController(Object(App\Controllers\Rusun))
 8 SYSTEMPATH\CodeIgniter.php(361): CodeIgniter\CodeIgniter->handleRequest(null, Object(Config\Cache), false)
 9 FCPATH\index.php(79): CodeIgniter\CodeIgniter->run()
10 SYSTEMPATH\Commands\Server\rewrite.php(47): require_once('C:\\2023project\\aparus\\public\\index.php')
INFO - 2023-11-30 09:07:02 --> Session: Class initialized using 'CodeIgniter\Session\Handlers\FileHandler' driver.
CRITICAL - 2023-11-30 09:07:02 --> Trying to access array offset on value of type null
in APPPATH\Views\rusun\lantai.php on line 114.
 1 APPPATH\Views\rusun\lantai.php(114): CodeIgniter\Debug\Exceptions->errorHandler(8, 'Trying to access array offset on value of type null', 'C:\\2023project\\aparus\\app\\Views\\rusun\\lantai.php', 114, [...])
 2 SYSTEMPATH\View\View.php(228): include('C:\\2023project\\aparus\\app\\Views\\rusun\\lantai.php')
 3 SYSTEMPATH\View\View.php(231): CodeIgniter\View\View->CodeIgniter\View\{closure}()
 4 SYSTEMPATH\Common.php(1190): CodeIgniter\View\View->render('rusun/lantai', [], true)
 5 APPPATH\Controllers\Rusun.php(136): view('rusun/lantai', [...])
 6 SYSTEMPATH\CodeIgniter.php(942): App\Controllers\Rusun->lantai('assets', 'images', 'companies', 'img-1.png')
 7 SYSTEMPATH\CodeIgniter.php(502): CodeIgniter\CodeIgniter->runController(Object(App\Controllers\Rusun))
 8 SYSTEMPATH\CodeIgniter.php(361): CodeIgniter\CodeIgniter->handleRequest(null, Object(Config\Cache), false)
 9 FCPATH\index.php(79): CodeIgniter\CodeIgniter->run()
10 SYSTEMPATH\Commands\Server\rewrite.php(47): require_once('C:\\2023project\\aparus\\public\\index.php')
INFO - 2023-11-30 09:07:12 --> Session: Class initialized using 'CodeIgniter\Session\Handlers\FileHandler' driver.
INFO - 2023-11-30 09:07:12 --> Session: Class initialized using 'CodeIgniter\Session\Handlers\FileHandler' driver.
INFO - 2023-11-30 09:07:12 --> Session: Class initialized using 'CodeIgniter\Session\Handlers\FileHandler' driver.
CRITICAL - 2023-11-30 09:07:12 --> Trying to access array offset on value of type null
in APPPATH\Views\rusun\lantai.php on line 114.
 1 APPPATH\Views\rusun\lantai.php(114): CodeIgniter\Debug\Exceptions->errorHandler(8, 'Trying to access array offset on value of type null', 'C:\\2023project\\aparus\\app\\Views\\rusun\\lantai.php', 114, [...])
 2 SYSTEMPATH\View\View.php(228): include('C:\\2023project\\aparus\\app\\Views\\rusun\\lantai.php')
 3 SYSTEMPATH\View\View.php(231): CodeIgniter\View\View->CodeIgniter\View\{closure}()
 4 SYSTEMPATH\Common.php(1190): CodeIgniter\View\View->render('rusun/lantai', [], true)
 5 APPPATH\Controllers\Rusun.php(136): view('rusun/lantai', [...])
 6 SYSTEMPATH\CodeIgniter.php(942): App\Controllers\Rusun->lantai('assets', 'images', 'companies', 'img-3.png')
 7 SYSTEMPATH\CodeIgniter.php(502): CodeIgniter\CodeIgniter->runController(Object(App\Controllers\Rusun))
 8 SYSTEMPATH\CodeIgniter.php(361): CodeIgniter\CodeIgniter->handleRequest(null, Object(Config\Cache), false)
 9 FCPATH\index.php(79): CodeIgniter\CodeIgniter->run()
10 SYSTEMPATH\Commands\Server\rewrite.php(47): require_once('C:\\2023project\\aparus\\public\\index.php')
INFO - 2023-11-30 09:07:12 --> Session: Class initialized using 'CodeIgniter\Session\Handlers\FileHandler' driver.
CRITICAL - 2023-11-30 09:07:12 --> Trying to access array offset on value of type null
in APPPATH\Views\rusun\lantai.php on line 114.
 1 APPPATH\Views\rusun\lantai.php(114): CodeIgniter\Debug\Exceptions->errorHandler(8, 'Trying to access array offset on value of type null', 'C:\\2023project\\aparus\\app\\Views\\rusun\\lantai.php', 114, [...])
 2 SYSTEMPATH\View\View.php(228): include('C:\\2023project\\aparus\\app\\Views\\rusun\\lantai.php')
 3 SYSTEMPATH\View\View.php(231): CodeIgniter\View\View->CodeIgniter\View\{closure}()
 4 SYSTEMPATH\Common.php(1190): CodeIgniter\View\View->render('rusun/lantai', [], true)
 5 APPPATH\Controllers\Rusun.php(136): view('rusun/lantai', [...])
 6 SYSTEMPATH\CodeIgniter.php(942): App\Controllers\Rusun->lantai('assets', 'images', 'companies', 'img-5.png')
 7 SYSTEMPATH\CodeIgniter.php(502): CodeIgniter\CodeIgniter->runController(Object(App\Controllers\Rusun))
 8 SYSTEMPATH\CodeIgniter.php(361): CodeIgniter\CodeIgniter->handleRequest(null, Object(Config\Cache), false)
 9 FCPATH\index.php(79): CodeIgniter\CodeIgniter->run()
10 SYSTEMPATH\Commands\Server\rewrite.php(47): require_once('C:\\2023project\\aparus\\public\\index.php')
INFO - 2023-11-30 09:07:12 --> Session: Class initialized using 'CodeIgniter\Session\Handlers\FileHandler' driver.
CRITICAL - 2023-11-30 09:07:12 --> Trying to access array offset on value of type null
in APPPATH\Views\rusun\lantai.php on line 114.
 1 APPPATH\Views\rusun\lantai.php(114): CodeIgniter\Debug\Exceptions->errorHandler(8, 'Trying to access array offset on value of type null', 'C:\\2023project\\aparus\\app\\Views\\rusun\\lantai.php', 114, [...])
 2 SYSTEMPATH\View\View.php(228): include('C:\\2023project\\aparus\\app\\Views\\rusun\\lantai.php')
 3 SYSTEMPATH\View\View.php(231): CodeIgniter\View\View->CodeIgniter\View\{closure}()
 4 SYSTEMPATH\Common.php(1190): CodeIgniter\View\View->render('rusun/lantai', [], true)
 5 APPPATH\Controllers\Rusun.php(136): view('rusun/lantai', [...])
 6 SYSTEMPATH\CodeIgniter.php(942): App\Controllers\Rusun->lantai('assets', 'images', 'companies', 'img-2.png')
 7 SYSTEMPATH\CodeIgniter.php(502): CodeIgniter\CodeIgniter->runController(Object(App\Controllers\Rusun))
 8 SYSTEMPATH\CodeIgniter.php(361): CodeIgniter\CodeIgniter->handleRequest(null, Object(Config\Cache), false)
 9 FCPATH\index.php(79): CodeIgniter\CodeIgniter->run()
10 SYSTEMPATH\Commands\Server\rewrite.php(47): require_once('C:\\2023project\\aparus\\public\\index.php')
INFO - 2023-11-30 09:07:13 --> Session: Class initialized using 'CodeIgniter\Session\Handlers\FileHandler' driver.
CRITICAL - 2023-11-30 09:07:13 --> Trying to access array offset on value of type null
in APPPATH\Views\rusun\lantai.php on line 114.
 1 APPPATH\Views\rusun\lantai.php(114): CodeIgniter\Debug\Exceptions->errorHandler(8, 'Trying to access array offset on value of type null', 'C:\\2023project\\aparus\\app\\Views\\rusun\\lantai.php', 114, [...])
 2 SYSTEMPATH\View\View.php(228): include('C:\\2023project\\aparus\\app\\Views\\rusun\\lantai.php')
 3 SYSTEMPATH\View\View.php(231): CodeIgniter\View\View->CodeIgniter\View\{closure}()
 4 SYSTEMPATH\Common.php(1190): CodeIgniter\View\View->render('rusun/lantai', [], true)
 5 APPPATH\Controllers\Rusun.php(136): view('rusun/lantai', [...])
 6 SYSTEMPATH\CodeIgniter.php(942): App\Controllers\Rusun->lantai('assets', 'images', 'companies', 'img-1.png')
 7 SYSTEMPATH\CodeIgniter.php(502): CodeIgniter\CodeIgniter->runController(Object(App\Controllers\Rusun))
 8 SYSTEMPATH\CodeIgniter.php(361): CodeIgniter\CodeIgniter->handleRequest(null, Object(Config\Cache), false)
 9 FCPATH\index.php(79): CodeIgniter\CodeIgniter->run()
10 SYSTEMPATH\Commands\Server\rewrite.php(47): require_once('C:\\2023project\\aparus\\public\\index.php')
INFO - 2023-11-30 09:07:13 --> Session: Class initialized using 'CodeIgniter\Session\Handlers\FileHandler' driver.
CRITICAL - 2023-11-30 09:07:13 --> Trying to access array offset on value of type null
in APPPATH\Views\rusun\lantai.php on line 114.
 1 APPPATH\Views\rusun\lantai.php(114): CodeIgniter\Debug\Exceptions->errorHandler(8, 'Trying to access array offset on value of type null', 'C:\\2023project\\aparus\\app\\Views\\rusun\\lantai.php', 114, [...])
 2 SYSTEMPATH\View\View.php(228): include('C:\\2023project\\aparus\\app\\Views\\rusun\\lantai.php')
 3 SYSTEMPATH\View\View.php(231): CodeIgniter\View\View->CodeIgniter\View\{closure}()
 4 SYSTEMPATH\Common.php(1190): CodeIgniter\View\View->render('rusun/lantai', [], true)
 5 APPPATH\Controllers\Rusun.php(136): view('rusun/lantai', [...])
 6 SYSTEMPATH\CodeIgniter.php(942): App\Controllers\Rusun->lantai('assets', 'images', 'companies', 'img-4.png')
 7 SYSTEMPATH\CodeIgniter.php(502): CodeIgniter\CodeIgniter->runController(Object(App\Controllers\Rusun))
 8 SYSTEMPATH\CodeIgniter.php(361): CodeIgniter\CodeIgniter->handleRequest(null, Object(Config\Cache), false)
 9 FCPATH\index.php(79): CodeIgniter\CodeIgniter->run()
10 SYSTEMPATH\Commands\Server\rewrite.php(47): require_once('C:\\2023project\\aparus\\public\\index.php')
INFO - 2023-11-30 09:13:18 --> Session: Class initialized using 'CodeIgniter\Session\Handlers\FileHandler' driver.
INFO - 2023-11-30 09:13:20 --> Session: Class initialized using 'CodeIgniter\Session\Handlers\FileHandler' driver.
INFO - 2023-11-30 09:13:20 --> Session: Class initialized using 'CodeIgniter\Session\Handlers\FileHandler' driver.
INFO - 2023-11-30 09:13:21 --> Session: Class initialized using 'CodeIgniter\Session\Handlers\FileHandler' driver.
CRITICAL - 2023-11-30 09:13:21 --> Trying to access array offset on value of type null
in APPPATH\Views\rusun\lantai.php on line 114.
 1 APPPATH\Views\rusun\lantai.php(114): CodeIgniter\Debug\Exceptions->errorHandler(8, 'Trying to access array offset on value of type null', 'C:\\2023project\\aparus\\app\\Views\\rusun\\lantai.php', 114, [...])
 2 SYSTEMPATH\View\View.php(228): include('C:\\2023project\\aparus\\app\\Views\\rusun\\lantai.php')
 3 SYSTEMPATH\View\View.php(231): CodeIgniter\View\View->CodeIgniter\View\{closure}()
 4 SYSTEMPATH\Common.php(1190): CodeIgniter\View\View->render('rusun/lantai', [], true)
 5 APPPATH\Controllers\Rusun.php(136): view('rusun/lantai', [...])
 6 SYSTEMPATH\CodeIgniter.php(942): App\Controllers\Rusun->lantai('assets', 'images', 'companies', 'img-1.png')
 7 SYSTEMPATH\CodeIgniter.php(502): CodeIgniter\CodeIgniter->runController(Object(App\Controllers\Rusun))
 8 SYSTEMPATH\CodeIgniter.php(361): CodeIgniter\CodeIgniter->handleRequest(null, Object(Config\Cache), false)
 9 FCPATH\index.php(79): CodeIgniter\CodeIgniter->run()
10 SYSTEMPATH\Commands\Server\rewrite.php(47): require_once('C:\\2023project\\aparus\\public\\index.php')
INFO - 2023-11-30 09:13:21 --> Session: Class initialized using 'CodeIgniter\Session\Handlers\FileHandler' driver.
CRITICAL - 2023-11-30 09:13:21 --> Trying to access array offset on value of type null
in APPPATH\Views\rusun\lantai.php on line 114.
 1 APPPATH\Views\rusun\lantai.php(114): CodeIgniter\Debug\Exceptions->errorHandler(8, 'Trying to access array offset on value of type null', 'C:\\2023project\\aparus\\app\\Views\\rusun\\lantai.php', 114, [...])
 2 SYSTEMPATH\View\View.php(228): include('C:\\2023project\\aparus\\app\\Views\\rusun\\lantai.php')
 3 SYSTEMPATH\View\View.php(231): CodeIgniter\View\View->CodeIgniter\View\{closure}()
 4 SYSTEMPATH\Common.php(1190): CodeIgniter\View\View->render('rusun/lantai', [], true)
 5 APPPATH\Controllers\Rusun.php(136): view('rusun/lantai', [...])
 6 SYSTEMPATH\CodeIgniter.php(942): App\Controllers\Rusun->lantai('assets', 'images', 'companies', 'img-3.png')
 7 SYSTEMPATH\CodeIgniter.php(502): CodeIgniter\CodeIgniter->runController(Object(App\Controllers\Rusun))
 8 SYSTEMPATH\CodeIgniter.php(361): CodeIgniter\CodeIgniter->handleRequest(null, Object(Config\Cache), false)
 9 FCPATH\index.php(79): CodeIgniter\CodeIgniter->run()
10 SYSTEMPATH\Commands\Server\rewrite.php(47): require_once('C:\\2023project\\aparus\\public\\index.php')
INFO - 2023-11-30 09:13:21 --> Session: Class initialized using 'CodeIgniter\Session\Handlers\FileHandler' driver.
CRITICAL - 2023-11-30 09:13:21 --> Trying to access array offset on value of type null
in APPPATH\Views\rusun\lantai.php on line 114.
 1 APPPATH\Views\rusun\lantai.php(114): CodeIgniter\Debug\Exceptions->errorHandler(8, 'Trying to access array offset on value of type null', 'C:\\2023project\\aparus\\app\\Views\\rusun\\lantai.php', 114, [...])
 2 SYSTEMPATH\View\View.php(228): include('C:\\2023project\\aparus\\app\\Views\\rusun\\lantai.php')
 3 SYSTEMPATH\View\View.php(231): CodeIgniter\View\View->CodeIgniter\View\{closure}()
 4 SYSTEMPATH\Common.php(1190): CodeIgniter\View\View->render('rusun/lantai', [], true)
 5 APPPATH\Controllers\Rusun.php(136): view('rusun/lantai', [...])
 6 SYSTEMPATH\CodeIgniter.php(942): App\Controllers\Rusun->lantai('assets', 'images', 'companies', 'img-4.png')
 7 SYSTEMPATH\CodeIgniter.php(502): CodeIgniter\CodeIgniter->runController(Object(App\Controllers\Rusun))
 8 SYSTEMPATH\CodeIgniter.php(361): CodeIgniter\CodeIgniter->handleRequest(null, Object(Config\Cache), false)
 9 FCPATH\index.php(79): CodeIgniter\CodeIgniter->run()
10 SYSTEMPATH\Commands\Server\rewrite.php(47): require_once('C:\\2023project\\aparus\\public\\index.php')
INFO - 2023-11-30 09:13:21 --> Session: Class initialized using 'CodeIgniter\Session\Handlers\FileHandler' driver.
CRITICAL - 2023-11-30 09:13:21 --> Trying to access array offset on value of type null
in APPPATH\Views\rusun\lantai.php on line 114.
 1 APPPATH\Views\rusun\lantai.php(114): CodeIgniter\Debug\Exceptions->errorHandler(8, 'Trying to access array offset on value of type null', 'C:\\2023project\\aparus\\app\\Views\\rusun\\lantai.php', 114, [...])
 2 SYSTEMPATH\View\View.php(228): include('C:\\2023project\\aparus\\app\\Views\\rusun\\lantai.php')
 3 SYSTEMPATH\View\View.php(231): CodeIgniter\View\View->CodeIgniter\View\{closure}()
 4 SYSTEMPATH\Common.php(1190): CodeIgniter\View\View->render('rusun/lantai', [], true)
 5 APPPATH\Controllers\Rusun.php(136): view('rusun/lantai', [...])
 6 SYSTEMPATH\CodeIgniter.php(942): App\Controllers\Rusun->lantai('assets', 'images', 'companies', 'img-2.png')
 7 SYSTEMPATH\CodeIgniter.php(502): CodeIgniter\CodeIgniter->runController(Object(App\Controllers\Rusun))
 8 SYSTEMPATH\CodeIgniter.php(361): CodeIgniter\CodeIgniter->handleRequest(null, Object(Config\Cache), false)
 9 FCPATH\index.php(79): CodeIgniter\CodeIgniter->run()
10 SYSTEMPATH\Commands\Server\rewrite.php(47): require_once('C:\\2023project\\aparus\\public\\index.php')
INFO - 2023-11-30 09:13:21 --> Session: Class initialized using 'CodeIgniter\Session\Handlers\FileHandler' driver.
CRITICAL - 2023-11-30 09:13:21 --> Trying to access array offset on value of type null
in APPPATH\Views\rusun\lantai.php on line 114.
 1 APPPATH\Views\rusun\lantai.php(114): CodeIgniter\Debug\Exceptions->errorHandler(8, 'Trying to access array offset on value of type null', 'C:\\2023project\\aparus\\app\\Views\\rusun\\lantai.php', 114, [...])
 2 SYSTEMPATH\View\View.php(228): include('C:\\2023project\\aparus\\app\\Views\\rusun\\lantai.php')
 3 SYSTEMPATH\View\View.php(231): CodeIgniter\View\View->CodeIgniter\View\{closure}()
 4 SYSTEMPATH\Common.php(1190): CodeIgniter\View\View->render('rusun/lantai', [], true)
 5 APPPATH\Controllers\Rusun.php(136): view('rusun/lantai', [...])
 6 SYSTEMPATH\CodeIgniter.php(942): App\Controllers\Rusun->lantai('assets', 'images', 'companies', 'img-5.png')
 7 SYSTEMPATH\CodeIgniter.php(502): CodeIgniter\CodeIgniter->runController(Object(App\Controllers\Rusun))
 8 SYSTEMPATH\CodeIgniter.php(361): CodeIgniter\CodeIgniter->handleRequest(null, Object(Config\Cache), false)
 9 FCPATH\index.php(79): CodeIgniter\CodeIgniter->run()
10 SYSTEMPATH\Commands\Server\rewrite.php(47): require_once('C:\\2023project\\aparus\\public\\index.php')
INFO - 2023-11-30 09:19:03 --> Session: Class initialized using 'CodeIgniter\Session\Handlers\FileHandler' driver.
INFO - 2023-11-30 09:19:03 --> Session: Class initialized using 'CodeIgniter\Session\Handlers\FileHandler' driver.
CRITICAL - 2023-11-30 09:19:03 --> Trying to access array offset on value of type null
in APPPATH\Views\rusun\lantai.php on line 114.
 1 APPPATH\Views\rusun\lantai.php(114): CodeIgniter\Debug\Exceptions->errorHandler(8, 'Trying to access array offset on value of type null', 'C:\\2023project\\aparus\\app\\Views\\rusun\\lantai.php', 114, [...])
 2 SYSTEMPATH\View\View.php(228): include('C:\\2023project\\aparus\\app\\Views\\rusun\\lantai.php')
 3 SYSTEMPATH\View\View.php(231): CodeIgniter\View\View->CodeIgniter\View\{closure}()
 4 SYSTEMPATH\Common.php(1190): CodeIgniter\View\View->render('rusun/lantai', [], true)
 5 APPPATH\Controllers\Rusun.php(136): view('rusun/lantai', [...])
 6 SYSTEMPATH\CodeIgniter.php(942): App\Controllers\Rusun->lantai('assets', 'images', 'companies', 'img-2.png')
 7 SYSTEMPATH\CodeIgniter.php(502): CodeIgniter\CodeIgniter->runController(Object(App\Controllers\Rusun))
 8 SYSTEMPATH\CodeIgniter.php(361): CodeIgniter\CodeIgniter->handleRequest(null, Object(Config\Cache), false)
 9 FCPATH\index.php(79): CodeIgniter\CodeIgniter->run()
10 SYSTEMPATH\Commands\Server\rewrite.php(47): require_once('C:\\2023project\\aparus\\public\\index.php')
INFO - 2023-11-30 09:19:03 --> Session: Class initialized using 'CodeIgniter\Session\Handlers\FileHandler' driver.
CRITICAL - 2023-11-30 09:19:03 --> Trying to access array offset on value of type null
in APPPATH\Views\rusun\lantai.php on line 114.
 1 APPPATH\Views\rusun\lantai.php(114): CodeIgniter\Debug\Exceptions->errorHandler(8, 'Trying to access array offset on value of type null', 'C:\\2023project\\aparus\\app\\Views\\rusun\\lantai.php', 114, [...])
 2 SYSTEMPATH\View\View.php(228): include('C:\\2023project\\aparus\\app\\Views\\rusun\\lantai.php')
 3 SYSTEMPATH\View\View.php(231): CodeIgniter\View\View->CodeIgniter\View\{closure}()
 4 SYSTEMPATH\Common.php(1190): CodeIgniter\View\View->render('rusun/lantai', [], true)
 5 APPPATH\Controllers\Rusun.php(136): view('rusun/lantai', [...])
 6 SYSTEMPATH\CodeIgniter.php(942): App\Controllers\Rusun->lantai('assets', 'images', 'companies', 'img-5.png')
 7 SYSTEMPATH\CodeIgniter.php(502): CodeIgniter\CodeIgniter->runController(Object(App\Controllers\Rusun))
 8 SYSTEMPATH\CodeIgniter.php(361): CodeIgniter\CodeIgniter->handleRequest(null, Object(Config\Cache), false)
 9 FCPATH\index.php(79): CodeIgniter\CodeIgniter->run()
10 SYSTEMPATH\Commands\Server\rewrite.php(47): require_once('C:\\2023project\\aparus\\public\\index.php')
INFO - 2023-11-30 09:19:03 --> Session: Class initialized using 'CodeIgniter\Session\Handlers\FileHandler' driver.
CRITICAL - 2023-11-30 09:19:04 --> Trying to access array offset on value of type null
in APPPATH\Views\rusun\lantai.php on line 114.
 1 APPPATH\Views\rusun\lantai.php(114): CodeIgniter\Debug\Exceptions->errorHandler(8, 'Trying to access array offset on value of type null', 'C:\\2023project\\aparus\\app\\Views\\rusun\\lantai.php', 114, [...])
 2 SYSTEMPATH\View\View.php(228): include('C:\\2023project\\aparus\\app\\Views\\rusun\\lantai.php')
 3 SYSTEMPATH\View\View.php(231): CodeIgniter\View\View->CodeIgniter\View\{closure}()
 4 SYSTEMPATH\Common.php(1190): CodeIgniter\View\View->render('rusun/lantai', [], true)
 5 APPPATH\Controllers\Rusun.php(136): view('rusun/lantai', [...])
 6 SYSTEMPATH\CodeIgniter.php(942): App\Controllers\Rusun->lantai('assets', 'images', 'companies', 'img-3.png')
 7 SYSTEMPATH\CodeIgniter.php(502): CodeIgniter\CodeIgniter->runController(Object(App\Controllers\Rusun))
 8 SYSTEMPATH\CodeIgniter.php(361): CodeIgniter\CodeIgniter->handleRequest(null, Object(Config\Cache), false)
 9 FCPATH\index.php(79): CodeIgniter\CodeIgniter->run()
10 SYSTEMPATH\Commands\Server\rewrite.php(47): require_once('C:\\2023project\\aparus\\public\\index.php')
INFO - 2023-11-30 09:19:04 --> Session: Class initialized using 'CodeIgniter\Session\Handlers\FileHandler' driver.
INFO - 2023-11-30 09:19:04 --> Session: Class initialized using 'CodeIgniter\Session\Handlers\FileHandler' driver.
CRITICAL - 2023-11-30 09:19:04 --> Trying to access array offset on value of type null
in APPPATH\Views\rusun\lantai.php on line 114.
 1 APPPATH\Views\rusun\lantai.php(114): CodeIgniter\Debug\Exceptions->errorHandler(8, 'Trying to access array offset on value of type null', 'C:\\2023project\\aparus\\app\\Views\\rusun\\lantai.php', 114, [...])
 2 SYSTEMPATH\View\View.php(228): include('C:\\2023project\\aparus\\app\\Views\\rusun\\lantai.php')
 3 SYSTEMPATH\View\View.php(231): CodeIgniter\View\View->CodeIgniter\View\{closure}()
 4 SYSTEMPATH\Common.php(1190): CodeIgniter\View\View->render('rusun/lantai', [], true)
 5 APPPATH\Controllers\Rusun.php(136): view('rusun/lantai', [...])
 6 SYSTEMPATH\CodeIgniter.php(942): App\Controllers\Rusun->lantai('assets', 'images', 'companies', 'img-4.png')
 7 SYSTEMPATH\CodeIgniter.php(502): CodeIgniter\CodeIgniter->runController(Object(App\Controllers\Rusun))
 8 SYSTEMPATH\CodeIgniter.php(361): CodeIgniter\CodeIgniter->handleRequest(null, Object(Config\Cache), false)
 9 FCPATH\index.php(79): CodeIgniter\CodeIgniter->run()
10 SYSTEMPATH\Commands\Server\rewrite.php(47): require_once('C:\\2023project\\aparus\\public\\index.php')
INFO - 2023-11-30 09:19:04 --> Session: Class initialized using 'CodeIgniter\Session\Handlers\FileHandler' driver.
CRITICAL - 2023-11-30 09:19:04 --> Trying to access array offset on value of type null
in APPPATH\Views\rusun\lantai.php on line 114.
 1 APPPATH\Views\rusun\lantai.php(114): CodeIgniter\Debug\Exceptions->errorHandler(8, 'Trying to access array offset on value of type null', 'C:\\2023project\\aparus\\app\\Views\\rusun\\lantai.php', 114, [...])
 2 SYSTEMPATH\View\View.php(228): include('C:\\2023project\\aparus\\app\\Views\\rusun\\lantai.php')
 3 SYSTEMPATH\View\View.php(231): CodeIgniter\View\View->CodeIgniter\View\{closure}()
 4 SYSTEMPATH\Common.php(1190): CodeIgniter\View\View->render('rusun/lantai', [], true)
 5 APPPATH\Controllers\Rusun.php(136): view('rusun/lantai', [...])
 6 SYSTEMPATH\CodeIgniter.php(942): App\Controllers\Rusun->lantai('assets', 'images', 'companies', 'img-1.png')
 7 SYSTEMPATH\CodeIgniter.php(502): CodeIgniter\CodeIgniter->runController(Object(App\Controllers\Rusun))
 8 SYSTEMPATH\CodeIgniter.php(361): CodeIgniter\CodeIgniter->handleRequest(null, Object(Config\Cache), false)
 9 FCPATH\index.php(79): CodeIgniter\CodeIgniter->run()
10 SYSTEMPATH\Commands\Server\rewrite.php(47): require_once('C:\\2023project\\aparus\\public\\index.php')
INFO - 2023-11-30 09:19:15 --> Session: Class initialized using 'CodeIgniter\Session\Handlers\FileHandler' driver.
INFO - 2023-11-30 09:19:23 --> Session: Class initialized using 'CodeIgniter\Session\Handlers\FileHandler' driver.
INFO - 2023-11-30 09:20:09 --> Session: Class initialized using 'CodeIgniter\Session\Handlers\FileHandler' driver.
INFO - 2023-11-30 09:20:39 --> Session: Class initialized using 'CodeIgniter\Session\Handlers\FileHandler' driver.
INFO - 2023-11-30 09:20:41 --> Session: Class initialized using 'CodeIgniter\Session\Handlers\FileHandler' driver.
INFO - 2023-11-30 09:20:43 --> Session: Class initialized using 'CodeIgniter\Session\Handlers\FileHandler' driver.
INFO - 2023-11-30 09:20:43 --> Session: Class initialized using 'CodeIgniter\Session\Handlers\FileHandler' driver.
INFO - 2023-11-30 09:20:49 --> Session: Class initialized using 'CodeIgniter\Session\Handlers\FileHandler' driver.
INFO - 2023-11-30 09:20:50 --> Session: Class initialized using 'CodeIgniter\Session\Handlers\FileHandler' driver.
INFO - 2023-11-30 09:20:50 --> Session: Class initialized using 'CodeIgniter\Session\Handlers\FileHandler' driver.
CRITICAL - 2023-11-30 09:20:50 --> Trying to access array offset on value of type null
in APPPATH\Views\rusun\lantai.php on line 114.
 1 APPPATH\Views\rusun\lantai.php(114): CodeIgniter\Debug\Exceptions->errorHandler(8, 'Trying to access array offset on value of type null', 'C:\\2023project\\aparus\\app\\Views\\rusun\\lantai.php', 114, [...])
 2 SYSTEMPATH\View\View.php(228): include('C:\\2023project\\aparus\\app\\Views\\rusun\\lantai.php')
 3 SYSTEMPATH\View\View.php(231): CodeIgniter\View\View->CodeIgniter\View\{closure}()
 4 SYSTEMPATH\Common.php(1190): CodeIgniter\View\View->render('rusun/lantai', [], true)
 5 APPPATH\Controllers\Rusun.php(136): view('rusun/lantai', [...])
 6 SYSTEMPATH\CodeIgniter.php(942): App\Controllers\Rusun->lantai('assets', 'images', 'companies', 'img-1.png')
 7 SYSTEMPATH\CodeIgniter.php(502): CodeIgniter\CodeIgniter->runController(Object(App\Controllers\Rusun))
 8 SYSTEMPATH\CodeIgniter.php(361): CodeIgniter\CodeIgniter->handleRequest(null, Object(Config\Cache), false)
 9 FCPATH\index.php(79): CodeIgniter\CodeIgniter->run()
10 SYSTEMPATH\Commands\Server\rewrite.php(47): require_once('C:\\2023project\\aparus\\public\\index.php')
INFO - 2023-11-30 09:20:50 --> Session: Class initialized using 'CodeIgniter\Session\Handlers\FileHandler' driver.
CRITICAL - 2023-11-30 09:20:50 --> Trying to access array offset on value of type null
in APPPATH\Views\rusun\lantai.php on line 114.
 1 APPPATH\Views\rusun\lantai.php(114): CodeIgniter\Debug\Exceptions->errorHandler(8, 'Trying to access array offset on value of type null', 'C:\\2023project\\aparus\\app\\Views\\rusun\\lantai.php', 114, [...])
 2 SYSTEMPATH\View\View.php(228): include('C:\\2023project\\aparus\\app\\Views\\rusun\\lantai.php')
 3 SYSTEMPATH\View\View.php(231): CodeIgniter\View\View->CodeIgniter\View\{closure}()
 4 SYSTEMPATH\Common.php(1190): CodeIgniter\View\View->render('rusun/lantai', [], true)
 5 APPPATH\Controllers\Rusun.php(136): view('rusun/lantai', [...])
 6 SYSTEMPATH\CodeIgniter.php(942): App\Controllers\Rusun->lantai('assets', 'images', 'companies', 'img-3.png')
 7 SYSTEMPATH\CodeIgniter.php(502): CodeIgniter\CodeIgniter->runController(Object(App\Controllers\Rusun))
 8 SYSTEMPATH\CodeIgniter.php(361): CodeIgniter\CodeIgniter->handleRequest(null, Object(Config\Cache), false)
 9 FCPATH\index.php(79): CodeIgniter\CodeIgniter->run()
10 SYSTEMPATH\Commands\Server\rewrite.php(47): require_once('C:\\2023project\\aparus\\public\\index.php')
INFO - 2023-11-30 09:20:50 --> Session: Class initialized using 'CodeIgniter\Session\Handlers\FileHandler' driver.
CRITICAL - 2023-11-30 09:20:50 --> Trying to access array offset on value of type null
in APPPATH\Views\rusun\lantai.php on line 114.
 1 APPPATH\Views\rusun\lantai.php(114): CodeIgniter\Debug\Exceptions->errorHandler(8, 'Trying to access array offset on value of type null', 'C:\\2023project\\aparus\\app\\Views\\rusun\\lantai.php', 114, [...])
 2 SYSTEMPATH\View\View.php(228): include('C:\\2023project\\aparus\\app\\Views\\rusun\\lantai.php')
 3 SYSTEMPATH\View\View.php(231): CodeIgniter\View\View->CodeIgniter\View\{closure}()
 4 SYSTEMPATH\Common.php(1190): CodeIgniter\View\View->render('rusun/lantai', [], true)
 5 APPPATH\Controllers\Rusun.php(136): view('rusun/lantai', [...])
 6 SYSTEMPATH\CodeIgniter.php(942): App\Controllers\Rusun->lantai('assets', 'images', 'companies', 'img-2.png')
 7 SYSTEMPATH\CodeIgniter.php(502): CodeIgniter\CodeIgniter->runController(Object(App\Controllers\Rusun))
 8 SYSTEMPATH\CodeIgniter.php(361): CodeIgniter\CodeIgniter->handleRequest(null, Object(Config\Cache), false)
 9 FCPATH\index.php(79): CodeIgniter\CodeIgniter->run()
10 SYSTEMPATH\Commands\Server\rewrite.php(47): require_once('C:\\2023project\\aparus\\public\\index.php')
INFO - 2023-11-30 09:20:50 --> Session: Class initialized using 'CodeIgniter\Session\Handlers\FileHandler' driver.
CRITICAL - 2023-11-30 09:20:50 --> Trying to access array offset on value of type null
in APPPATH\Views\rusun\lantai.php on line 114.
 1 APPPATH\Views\rusun\lantai.php(114): CodeIgniter\Debug\Exceptions->errorHandler(8, 'Trying to access array offset on value of type null', 'C:\\2023project\\aparus\\app\\Views\\rusun\\lantai.php', 114, [...])
 2 SYSTEMPATH\View\View.php(228): include('C:\\2023project\\aparus\\app\\Views\\rusun\\lantai.php')
 3 SYSTEMPATH\View\View.php(231): CodeIgniter\View\View->CodeIgniter\View\{closure}()
 4 SYSTEMPATH\Common.php(1190): CodeIgniter\View\View->render('rusun/lantai', [], true)
 5 APPPATH\Controllers\Rusun.php(136): view('rusun/lantai', [...])
 6 SYSTEMPATH\CodeIgniter.php(942): App\Controllers\Rusun->lantai('assets', 'images', 'companies', 'img-4.png')
 7 SYSTEMPATH\CodeIgniter.php(502): CodeIgniter\CodeIgniter->runController(Object(App\Controllers\Rusun))
 8 SYSTEMPATH\CodeIgniter.php(361): CodeIgniter\CodeIgniter->handleRequest(null, Object(Config\Cache), false)
 9 FCPATH\index.php(79): CodeIgniter\CodeIgniter->run()
10 SYSTEMPATH\Commands\Server\rewrite.php(47): require_once('C:\\2023project\\aparus\\public\\index.php')
INFO - 2023-11-30 09:20:50 --> Session: Class initialized using 'CodeIgniter\Session\Handlers\FileHandler' driver.
CRITICAL - 2023-11-30 09:20:50 --> Trying to access array offset on value of type null
in APPPATH\Views\rusun\lantai.php on line 114.
 1 APPPATH\Views\rusun\lantai.php(114): CodeIgniter\Debug\Exceptions->errorHandler(8, 'Trying to access array offset on value of type null', 'C:\\2023project\\aparus\\app\\Views\\rusun\\lantai.php', 114, [...])
 2 SYSTEMPATH\View\View.php(228): include('C:\\2023project\\aparus\\app\\Views\\rusun\\lantai.php')
 3 SYSTEMPATH\View\View.php(231): CodeIgniter\View\View->CodeIgniter\View\{closure}()
 4 SYSTEMPATH\Common.php(1190): CodeIgniter\View\View->render('rusun/lantai', [], true)
 5 APPPATH\Controllers\Rusun.php(136): view('rusun/lantai', [...])
 6 SYSTEMPATH\CodeIgniter.php(942): App\Controllers\Rusun->lantai('assets', 'images', 'companies', 'img-5.png')
 7 SYSTEMPATH\CodeIgniter.php(502): CodeIgniter\CodeIgniter->runController(Object(App\Controllers\Rusun))
 8 SYSTEMPATH\CodeIgniter.php(361): CodeIgniter\CodeIgniter->handleRequest(null, Object(Config\Cache), false)
 9 FCPATH\index.php(79): CodeIgniter\CodeIgniter->run()
10 SYSTEMPATH\Commands\Server\rewrite.php(47): require_once('C:\\2023project\\aparus\\public\\index.php')
INFO - 2023-11-30 09:22:00 --> Session: Class initialized using 'CodeIgniter\Session\Handlers\FileHandler' driver.
INFO - 2023-11-30 09:22:00 --> Session: Class initialized using 'CodeIgniter\Session\Handlers\FileHandler' driver.
CRITICAL - 2023-11-30 09:22:00 --> Trying to access array offset on value of type null
in APPPATH\Views\rusun\lantai.php on line 114.
 1 APPPATH\Views\rusun\lantai.php(114): CodeIgniter\Debug\Exceptions->errorHandler(8, 'Trying to access array offset on value of type null', 'C:\\2023project\\aparus\\app\\Views\\rusun\\lantai.php', 114, [...])
 2 SYSTEMPATH\View\View.php(228): include('C:\\2023project\\aparus\\app\\Views\\rusun\\lantai.php')
 3 SYSTEMPATH\View\View.php(231): CodeIgniter\View\View->CodeIgniter\View\{closure}()
 4 SYSTEMPATH\Common.php(1190): CodeIgniter\View\View->render('rusun/lantai', [], true)
 5 APPPATH\Controllers\Rusun.php(136): view('rusun/lantai', [...])
 6 SYSTEMPATH\CodeIgniter.php(942): App\Controllers\Rusun->lantai('assets', 'images', 'companies', 'img-3.png')
 7 SYSTEMPATH\CodeIgniter.php(502): CodeIgniter\CodeIgniter->runController(Object(App\Controllers\Rusun))
 8 SYSTEMPATH\CodeIgniter.php(361): CodeIgniter\CodeIgniter->handleRequest(null, Object(Config\Cache), false)
 9 FCPATH\index.php(79): CodeIgniter\CodeIgniter->run()
10 SYSTEMPATH\Commands\Server\rewrite.php(47): require_once('C:\\2023project\\aparus\\public\\index.php')
INFO - 2023-11-30 09:22:00 --> Session: Class initialized using 'CodeIgniter\Session\Handlers\FileHandler' driver.
CRITICAL - 2023-11-30 09:22:00 --> Trying to access array offset on value of type null
in APPPATH\Views\rusun\lantai.php on line 114.
 1 APPPATH\Views\rusun\lantai.php(114): CodeIgniter\Debug\Exceptions->errorHandler(8, 'Trying to access array offset on value of type null', 'C:\\2023project\\aparus\\app\\Views\\rusun\\lantai.php', 114, [...])
 2 SYSTEMPATH\View\View.php(228): include('C:\\2023project\\aparus\\app\\Views\\rusun\\lantai.php')
 3 SYSTEMPATH\View\View.php(231): CodeIgniter\View\View->CodeIgniter\View\{closure}()
 4 SYSTEMPATH\Common.php(1190): CodeIgniter\View\View->render('rusun/lantai', [], true)
 5 APPPATH\Controllers\Rusun.php(136): view('rusun/lantai', [...])
 6 SYSTEMPATH\CodeIgniter.php(942): App\Controllers\Rusun->lantai('assets', 'images', 'companies', 'img-2.png')
 7 SYSTEMPATH\CodeIgniter.php(502): CodeIgniter\CodeIgniter->runController(Object(App\Controllers\Rusun))
 8 SYSTEMPATH\CodeIgniter.php(361): CodeIgniter\CodeIgniter->handleRequest(null, Object(Config\Cache), false)
 9 FCPATH\index.php(79): CodeIgniter\CodeIgniter->run()
10 SYSTEMPATH\Commands\Server\rewrite.php(47): require_once('C:\\2023project\\aparus\\public\\index.php')
INFO - 2023-11-30 09:22:00 --> Session: Class initialized using 'CodeIgniter\Session\Handlers\FileHandler' driver.
CRITICAL - 2023-11-30 09:22:00 --> Trying to access array offset on value of type null
in APPPATH\Views\rusun\lantai.php on line 114.
 1 APPPATH\Views\rusun\lantai.php(114): CodeIgniter\Debug\Exceptions->errorHandler(8, 'Trying to access array offset on value of type null', 'C:\\2023project\\aparus\\app\\Views\\rusun\\lantai.php', 114, [...])
 2 SYSTEMPATH\View\View.php(228): include('C:\\2023project\\aparus\\app\\Views\\rusun\\lantai.php')
 3 SYSTEMPATH\View\View.php(231): CodeIgniter\View\View->CodeIgniter\View\{closure}()
 4 SYSTEMPATH\Common.php(1190): CodeIgniter\View\View->render('rusun/lantai', [], true)
 5 APPPATH\Controllers\Rusun.php(136): view('rusun/lantai', [...])
 6 SYSTEMPATH\CodeIgniter.php(942): App\Controllers\Rusun->lantai('assets', 'images', 'companies', 'img-4.png')
 7 SYSTEMPATH\CodeIgniter.php(502): CodeIgniter\CodeIgniter->runController(Object(App\Controllers\Rusun))
 8 SYSTEMPATH\CodeIgniter.php(361): CodeIgniter\CodeIgniter->handleRequest(null, Object(Config\Cache), false)
 9 FCPATH\index.php(79): CodeIgniter\CodeIgniter->run()
10 SYSTEMPATH\Commands\Server\rewrite.php(47): require_once('C:\\2023project\\aparus\\public\\index.php')
INFO - 2023-11-30 09:22:00 --> Session: Class initialized using 'CodeIgniter\Session\Handlers\FileHandler' driver.
CRITICAL - 2023-11-30 09:22:00 --> Trying to access array offset on value of type null
in APPPATH\Views\rusun\lantai.php on line 114.
 1 APPPATH\Views\rusun\lantai.php(114): CodeIgniter\Debug\Exceptions->errorHandler(8, 'Trying to access array offset on value of type null', 'C:\\2023project\\aparus\\app\\Views\\rusun\\lantai.php', 114, [...])
 2 SYSTEMPATH\View\View.php(228): include('C:\\2023project\\aparus\\app\\Views\\rusun\\lantai.php')
 3 SYSTEMPATH\View\View.php(231): CodeIgniter\View\View->CodeIgniter\View\{closure}()
 4 SYSTEMPATH\Common.php(1190): CodeIgniter\View\View->render('rusun/lantai', [], true)
 5 APPPATH\Controllers\Rusun.php(136): view('rusun/lantai', [...])
 6 SYSTEMPATH\CodeIgniter.php(942): App\Controllers\Rusun->lantai('assets', 'images', 'companies', 'img-5.png')
 7 SYSTEMPATH\CodeIgniter.php(502): CodeIgniter\CodeIgniter->runController(Object(App\Controllers\Rusun))
 8 SYSTEMPATH\CodeIgniter.php(361): CodeIgniter\CodeIgniter->handleRequest(null, Object(Config\Cache), false)
 9 FCPATH\index.php(79): CodeIgniter\CodeIgniter->run()
10 SYSTEMPATH\Commands\Server\rewrite.php(47): require_once('C:\\2023project\\aparus\\public\\index.php')
INFO - 2023-11-30 09:22:01 --> Session: Class initialized using 'CodeIgniter\Session\Handlers\FileHandler' driver.
CRITICAL - 2023-11-30 09:22:01 --> Trying to access array offset on value of type null
in APPPATH\Views\rusun\lantai.php on line 114.
 1 APPPATH\Views\rusun\lantai.php(114): CodeIgniter\Debug\Exceptions->errorHandler(8, 'Trying to access array offset on value of type null', 'C:\\2023project\\aparus\\app\\Views\\rusun\\lantai.php', 114, [...])
 2 SYSTEMPATH\View\View.php(228): include('C:\\2023project\\aparus\\app\\Views\\rusun\\lantai.php')
 3 SYSTEMPATH\View\View.php(231): CodeIgniter\View\View->CodeIgniter\View\{closure}()
 4 SYSTEMPATH\Common.php(1190): CodeIgniter\View\View->render('rusun/lantai', [], true)
 5 APPPATH\Controllers\Rusun.php(136): view('rusun/lantai', [...])
 6 SYSTEMPATH\CodeIgniter.php(942): App\Controllers\Rusun->lantai('assets', 'images', 'companies', 'img-1.png')
 7 SYSTEMPATH\CodeIgniter.php(502): CodeIgniter\CodeIgniter->runController(Object(App\Controllers\Rusun))
 8 SYSTEMPATH\CodeIgniter.php(361): CodeIgniter\CodeIgniter->handleRequest(null, Object(Config\Cache), false)
 9 FCPATH\index.php(79): CodeIgniter\CodeIgniter->run()
10 SYSTEMPATH\Commands\Server\rewrite.php(47): require_once('C:\\2023project\\aparus\\public\\index.php')
INFO - 2023-11-30 09:22:01 --> Session: Class initialized using 'CodeIgniter\Session\Handlers\FileHandler' driver.
INFO - 2023-11-30 09:22:21 --> Session: Class initialized using 'CodeIgniter\Session\Handlers\FileHandler' driver.
INFO - 2023-11-30 09:22:21 --> Session: Class initialized using 'CodeIgniter\Session\Handlers\FileHandler' driver.
CRITICAL - 2023-11-30 09:22:22 --> Trying to access array offset on value of type null
in APPPATH\Views\rusun\lantai.php on line 95.
 1 APPPATH\Views\rusun\lantai.php(95): CodeIgniter\Debug\Exceptions->errorHandler(8, 'Trying to access array offset on value of type null', 'C:\\2023project\\aparus\\app\\Views\\rusun\\lantai.php', 95, [...])
 2 SYSTEMPATH\View\View.php(228): include('C:\\2023project\\aparus\\app\\Views\\rusun\\lantai.php')
 3 SYSTEMPATH\View\View.php(231): CodeIgniter\View\View->CodeIgniter\View\{closure}()
 4 SYSTEMPATH\Common.php(1190): CodeIgniter\View\View->render('rusun/lantai', [], true)
 5 APPPATH\Controllers\Rusun.php(136): view('rusun/lantai', [...])
 6 SYSTEMPATH\CodeIgniter.php(942): App\Controllers\Rusun->lantai('assets', 'images', 'companies', 'img-3.png')
 7 SYSTEMPATH\CodeIgniter.php(502): CodeIgniter\CodeIgniter->runController(Object(App\Controllers\Rusun))
 8 SYSTEMPATH\CodeIgniter.php(361): CodeIgniter\CodeIgniter->handleRequest(null, Object(Config\Cache), false)
 9 FCPATH\index.php(79): CodeIgniter\CodeIgniter->run()
10 SYSTEMPATH\Commands\Server\rewrite.php(47): require_once('C:\\2023project\\aparus\\public\\index.php')
INFO - 2023-11-30 09:22:22 --> Session: Class initialized using 'CodeIgniter\Session\Handlers\FileHandler' driver.
CRITICAL - 2023-11-30 09:22:22 --> Trying to access array offset on value of type null
in APPPATH\Views\rusun\lantai.php on line 95.
 1 APPPATH\Views\rusun\lantai.php(95): CodeIgniter\Debug\Exceptions->errorHandler(8, 'Trying to access array offset on value of type null', 'C:\\2023project\\aparus\\app\\Views\\rusun\\lantai.php', 95, [...])
 2 SYSTEMPATH\View\View.php(228): include('C:\\2023project\\aparus\\app\\Views\\rusun\\lantai.php')
 3 SYSTEMPATH\View\View.php(231): CodeIgniter\View\View->CodeIgniter\View\{closure}()
 4 SYSTEMPATH\Common.php(1190): CodeIgniter\View\View->render('rusun/lantai', [], true)
 5 APPPATH\Controllers\Rusun.php(136): view('rusun/lantai', [...])
 6 SYSTEMPATH\CodeIgniter.php(942): App\Controllers\Rusun->lantai('assets', 'images', 'companies', 'img-5.png')
 7 SYSTEMPATH\CodeIgniter.php(502): CodeIgniter\CodeIgniter->runController(Object(App\Controllers\Rusun))
 8 SYSTEMPATH\CodeIgniter.php(361): CodeIgniter\CodeIgniter->handleRequest(null, Object(Config\Cache), false)
 9 FCPATH\index.php(79): CodeIgniter\CodeIgniter->run()
10 SYSTEMPATH\Commands\Server\rewrite.php(47): require_once('C:\\2023project\\aparus\\public\\index.php')
INFO - 2023-11-30 09:22:22 --> Session: Class initialized using 'CodeIgniter\Session\Handlers\FileHandler' driver.
CRITICAL - 2023-11-30 09:22:22 --> Trying to access array offset on value of type null
in APPPATH\Views\rusun\lantai.php on line 95.
 1 APPPATH\Views\rusun\lantai.php(95): CodeIgniter\Debug\Exceptions->errorHandler(8, 'Trying to access array offset on value of type null', 'C:\\2023project\\aparus\\app\\Views\\rusun\\lantai.php', 95, [...])
 2 SYSTEMPATH\View\View.php(228): include('C:\\2023project\\aparus\\app\\Views\\rusun\\lantai.php')
 3 SYSTEMPATH\View\View.php(231): CodeIgniter\View\View->CodeIgniter\View\{closure}()
 4 SYSTEMPATH\Common.php(1190): CodeIgniter\View\View->render('rusun/lantai', [], true)
 5 APPPATH\Controllers\Rusun.php(136): view('rusun/lantai', [...])
 6 SYSTEMPATH\CodeIgniter.php(942): App\Controllers\Rusun->lantai('assets', 'images', 'companies', 'img-2.png')
 7 SYSTEMPATH\CodeIgniter.php(502): CodeIgniter\CodeIgniter->runController(Object(App\Controllers\Rusun))
 8 SYSTEMPATH\CodeIgniter.php(361): CodeIgniter\CodeIgniter->handleRequest(null, Object(Config\Cache), false)
 9 FCPATH\index.php(79): CodeIgniter\CodeIgniter->run()
10 SYSTEMPATH\Commands\Server\rewrite.php(47): require_once('C:\\2023project\\aparus\\public\\index.php')
INFO - 2023-11-30 09:22:22 --> Session: Class initialized using 'CodeIgniter\Session\Handlers\FileHandler' driver.
CRITICAL - 2023-11-30 09:22:22 --> Trying to access array offset on value of type null
in APPPATH\Views\rusun\lantai.php on line 95.
 1 APPPATH\Views\rusun\lantai.php(95): CodeIgniter\Debug\Exceptions->errorHandler(8, 'Trying to access array offset on value of type null', 'C:\\2023project\\aparus\\app\\Views\\rusun\\lantai.php', 95, [...])
 2 SYSTEMPATH\View\View.php(228): include('C:\\2023project\\aparus\\app\\Views\\rusun\\lantai.php')
 3 SYSTEMPATH\View\View.php(231): CodeIgniter\View\View->CodeIgniter\View\{closure}()
 4 SYSTEMPATH\Common.php(1190): CodeIgniter\View\View->render('rusun/lantai', [], true)
 5 APPPATH\Controllers\Rusun.php(136): view('rusun/lantai', [...])
 6 SYSTEMPATH\CodeIgniter.php(942): App\Controllers\Rusun->lantai('assets', 'images', 'companies', 'img-4.png')
 7 SYSTEMPATH\CodeIgniter.php(502): CodeIgniter\CodeIgniter->runController(Object(App\Controllers\Rusun))
 8 SYSTEMPATH\CodeIgniter.php(361): CodeIgniter\CodeIgniter->handleRequest(null, Object(Config\Cache), false)
 9 FCPATH\index.php(79): CodeIgniter\CodeIgniter->run()
10 SYSTEMPATH\Commands\Server\rewrite.php(47): require_once('C:\\2023project\\aparus\\public\\index.php')
INFO - 2023-11-30 09:22:22 --> Session: Class initialized using 'CodeIgniter\Session\Handlers\FileHandler' driver.
CRITICAL - 2023-11-30 09:22:22 --> Trying to access array offset on value of type null
in APPPATH\Views\rusun\lantai.php on line 95.
 1 APPPATH\Views\rusun\lantai.php(95): CodeIgniter\Debug\Exceptions->errorHandler(8, 'Trying to access array offset on value of type null', 'C:\\2023project\\aparus\\app\\Views\\rusun\\lantai.php', 95, [...])
 2 SYSTEMPATH\View\View.php(228): include('C:\\2023project\\aparus\\app\\Views\\rusun\\lantai.php')
 3 SYSTEMPATH\View\View.php(231): CodeIgniter\View\View->CodeIgniter\View\{closure}()
 4 SYSTEMPATH\Common.php(1190): CodeIgniter\View\View->render('rusun/lantai', [], true)
 5 APPPATH\Controllers\Rusun.php(136): view('rusun/lantai', [...])
 6 SYSTEMPATH\CodeIgniter.php(942): App\Controllers\Rusun->lantai('assets', 'images', 'companies', 'img-1.png')
 7 SYSTEMPATH\CodeIgniter.php(502): CodeIgniter\CodeIgniter->runController(Object(App\Controllers\Rusun))
 8 SYSTEMPATH\CodeIgniter.php(361): CodeIgniter\CodeIgniter->handleRequest(null, Object(Config\Cache), false)
 9 FCPATH\index.php(79): CodeIgniter\CodeIgniter->run()
10 SYSTEMPATH\Commands\Server\rewrite.php(47): require_once('C:\\2023project\\aparus\\public\\index.php')
INFO - 2023-11-30 09:23:41 --> Session: Class initialized using 'CodeIgniter\Session\Handlers\FileHandler' driver.
INFO - 2023-11-30 09:23:41 --> Session: Class initialized using 'CodeIgniter\Session\Handlers\FileHandler' driver.
CRITICAL - 2023-11-30 09:23:41 --> Trying to access array offset on value of type null
in APPPATH\Views\rusun\lantai.php on line 95.
 1 APPPATH\Views\rusun\lantai.php(95): CodeIgniter\Debug\Exceptions->errorHandler(8, 'Trying to access array offset on value of type null', 'C:\\2023project\\aparus\\app\\Views\\rusun\\lantai.php', 95, [...])
 2 SYSTEMPATH\View\View.php(228): include('C:\\2023project\\aparus\\app\\Views\\rusun\\lantai.php')
 3 SYSTEMPATH\View\View.php(231): CodeIgniter\View\View->CodeIgniter\View\{closure}()
 4 SYSTEMPATH\Common.php(1190): CodeIgniter\View\View->render('rusun/lantai', [], true)
 5 APPPATH\Controllers\Rusun.php(136): view('rusun/lantai', [...])
 6 SYSTEMPATH\CodeIgniter.php(942): App\Controllers\Rusun->lantai('assets', 'images', 'companies', 'img-2.png')
 7 SYSTEMPATH\CodeIgniter.php(502): CodeIgniter\CodeIgniter->runController(Object(App\Controllers\Rusun))
 8 SYSTEMPATH\CodeIgniter.php(361): CodeIgniter\CodeIgniter->handleRequest(null, Object(Config\Cache), false)
 9 FCPATH\index.php(79): CodeIgniter\CodeIgniter->run()
10 SYSTEMPATH\Commands\Server\rewrite.php(47): require_once('C:\\2023project\\aparus\\public\\index.php')
INFO - 2023-11-30 09:23:41 --> Session: Class initialized using 'CodeIgniter\Session\Handlers\FileHandler' driver.
CRITICAL - 2023-11-30 09:23:41 --> Trying to access array offset on value of type null
in APPPATH\Views\rusun\lantai.php on line 95.
 1 APPPATH\Views\rusun\lantai.php(95): CodeIgniter\Debug\Exceptions->errorHandler(8, 'Trying to access array offset on value of type null', 'C:\\2023project\\aparus\\app\\Views\\rusun\\lantai.php', 95, [...])
 2 SYSTEMPATH\View\View.php(228): include('C:\\2023project\\aparus\\app\\Views\\rusun\\lantai.php')
 3 SYSTEMPATH\View\View.php(231): CodeIgniter\View\View->CodeIgniter\View\{closure}()
 4 SYSTEMPATH\Common.php(1190): CodeIgniter\View\View->render('rusun/lantai', [], true)
 5 APPPATH\Controllers\Rusun.php(136): view('rusun/lantai', [...])
 6 SYSTEMPATH\CodeIgniter.php(942): App\Controllers\Rusun->lantai('assets', 'images', 'companies', 'img-3.png')
 7 SYSTEMPATH\CodeIgniter.php(502): CodeIgniter\CodeIgniter->runController(Object(App\Controllers\Rusun))
 8 SYSTEMPATH\CodeIgniter.php(361): CodeIgniter\CodeIgniter->handleRequest(null, Object(Config\Cache), false)
 9 FCPATH\index.php(79): CodeIgniter\CodeIgniter->run()
10 SYSTEMPATH\Commands\Server\rewrite.php(47): require_once('C:\\2023project\\aparus\\public\\index.php')
INFO - 2023-11-30 09:23:41 --> Session: Class initialized using 'CodeIgniter\Session\Handlers\FileHandler' driver.
CRITICAL - 2023-11-30 09:23:41 --> Trying to access array offset on value of type null
in APPPATH\Views\rusun\lantai.php on line 95.
 1 APPPATH\Views\rusun\lantai.php(95): CodeIgniter\Debug\Exceptions->errorHandler(8, 'Trying to access array offset on value of type null', 'C:\\2023project\\aparus\\app\\Views\\rusun\\lantai.php', 95, [...])
 2 SYSTEMPATH\View\View.php(228): include('C:\\2023project\\aparus\\app\\Views\\rusun\\lantai.php')
 3 SYSTEMPATH\View\View.php(231): CodeIgniter\View\View->CodeIgniter\View\{closure}()
 4 SYSTEMPATH\Common.php(1190): CodeIgniter\View\View->render('rusun/lantai', [], true)
 5 APPPATH\Controllers\Rusun.php(136): view('rusun/lantai', [...])
 6 SYSTEMPATH\CodeIgniter.php(942): App\Controllers\Rusun->lantai('assets', 'images', 'companies', 'img-1.png')
 7 SYSTEMPATH\CodeIgniter.php(502): CodeIgniter\CodeIgniter->runController(Object(App\Controllers\Rusun))
 8 SYSTEMPATH\CodeIgniter.php(361): CodeIgniter\CodeIgniter->handleRequest(null, Object(Config\Cache), false)
 9 FCPATH\index.php(79): CodeIgniter\CodeIgniter->run()
10 SYSTEMPATH\Commands\Server\rewrite.php(47): require_once('C:\\2023project\\aparus\\public\\index.php')
INFO - 2023-11-30 09:23:41 --> Session: Class initialized using 'CodeIgniter\Session\Handlers\FileHandler' driver.
CRITICAL - 2023-11-30 09:23:42 --> Trying to access array offset on value of type null
in APPPATH\Views\rusun\lantai.php on line 95.
 1 APPPATH\Views\rusun\lantai.php(95): CodeIgniter\Debug\Exceptions->errorHandler(8, 'Trying to access array offset on value of type null', 'C:\\2023project\\aparus\\app\\Views\\rusun\\lantai.php', 95, [...])
 2 SYSTEMPATH\View\View.php(228): include('C:\\2023project\\aparus\\app\\Views\\rusun\\lantai.php')
 3 SYSTEMPATH\View\View.php(231): CodeIgniter\View\View->CodeIgniter\View\{closure}()
 4 SYSTEMPATH\Common.php(1190): CodeIgniter\View\View->render('rusun/lantai', [], true)
 5 APPPATH\Controllers\Rusun.php(136): view('rusun/lantai', [...])
 6 SYSTEMPATH\CodeIgniter.php(942): App\Controllers\Rusun->lantai('assets', 'images', 'companies', 'img-5.png')
 7 SYSTEMPATH\CodeIgniter.php(502): CodeIgniter\CodeIgniter->runController(Object(App\Controllers\Rusun))
 8 SYSTEMPATH\CodeIgniter.php(361): CodeIgniter\CodeIgniter->handleRequest(null, Object(Config\Cache), false)
 9 FCPATH\index.php(79): CodeIgniter\CodeIgniter->run()
10 SYSTEMPATH\Commands\Server\rewrite.php(47): require_once('C:\\2023project\\aparus\\public\\index.php')
INFO - 2023-11-30 09:23:42 --> Session: Class initialized using 'CodeIgniter\Session\Handlers\FileHandler' driver.
CRITICAL - 2023-11-30 09:23:42 --> Trying to access array offset on value of type null
in APPPATH\Views\rusun\lantai.php on line 95.
 1 APPPATH\Views\rusun\lantai.php(95): CodeIgniter\Debug\Exceptions->errorHandler(8, 'Trying to access array offset on value of type null', 'C:\\2023project\\aparus\\app\\Views\\rusun\\lantai.php', 95, [...])
 2 SYSTEMPATH\View\View.php(228): include('C:\\2023project\\aparus\\app\\Views\\rusun\\lantai.php')
 3 SYSTEMPATH\View\View.php(231): CodeIgniter\View\View->CodeIgniter\View\{closure}()
 4 SYSTEMPATH\Common.php(1190): CodeIgniter\View\View->render('rusun/lantai', [], true)
 5 APPPATH\Controllers\Rusun.php(136): view('rusun/lantai', [...])
 6 SYSTEMPATH\CodeIgniter.php(942): App\Controllers\Rusun->lantai('assets', 'images', 'companies', 'img-4.png')
 7 SYSTEMPATH\CodeIgniter.php(502): CodeIgniter\CodeIgniter->runController(Object(App\Controllers\Rusun))
 8 SYSTEMPATH\CodeIgniter.php(361): CodeIgniter\CodeIgniter->handleRequest(null, Object(Config\Cache), false)
 9 FCPATH\index.php(79): CodeIgniter\CodeIgniter->run()
10 SYSTEMPATH\Commands\Server\rewrite.php(47): require_once('C:\\2023project\\aparus\\public\\index.php')
INFO - 2023-11-30 09:24:01 --> Session: Class initialized using 'CodeIgniter\Session\Handlers\FileHandler' driver.
INFO - 2023-11-30 09:24:01 --> Session: Class initialized using 'CodeIgniter\Session\Handlers\FileHandler' driver.
CRITICAL - 2023-11-30 09:24:01 --> Trying to access array offset on value of type null
in APPPATH\Views\rusun\lantai.php on line 95.
 1 APPPATH\Views\rusun\lantai.php(95): CodeIgniter\Debug\Exceptions->errorHandler(8, 'Trying to access array offset on value of type null', 'C:\\2023project\\aparus\\app\\Views\\rusun\\lantai.php', 95, [...])
 2 SYSTEMPATH\View\View.php(228): include('C:\\2023project\\aparus\\app\\Views\\rusun\\lantai.php')
 3 SYSTEMPATH\View\View.php(231): CodeIgniter\View\View->CodeIgniter\View\{closure}()
 4 SYSTEMPATH\Common.php(1190): CodeIgniter\View\View->render('rusun/lantai', [], true)
 5 APPPATH\Controllers\Rusun.php(136): view('rusun/lantai', [...])
 6 SYSTEMPATH\CodeIgniter.php(942): App\Controllers\Rusun->lantai('assets', 'images', 'companies', 'img-5.png')
 7 SYSTEMPATH\CodeIgniter.php(502): CodeIgniter\CodeIgniter->runController(Object(App\Controllers\Rusun))
 8 SYSTEMPATH\CodeIgniter.php(361): CodeIgniter\CodeIgniter->handleRequest(null, Object(Config\Cache), false)
 9 FCPATH\index.php(79): CodeIgniter\CodeIgniter->run()
10 SYSTEMPATH\Commands\Server\rewrite.php(47): require_once('C:\\2023project\\aparus\\public\\index.php')
INFO - 2023-11-30 09:24:01 --> Session: Class initialized using 'CodeIgniter\Session\Handlers\FileHandler' driver.
CRITICAL - 2023-11-30 09:24:01 --> Trying to access array offset on value of type null
in APPPATH\Views\rusun\lantai.php on line 95.
 1 APPPATH\Views\rusun\lantai.php(95): CodeIgniter\Debug\Exceptions->errorHandler(8, 'Trying to access array offset on value of type null', 'C:\\2023project\\aparus\\app\\Views\\rusun\\lantai.php', 95, [...])
 2 SYSTEMPATH\View\View.php(228): include('C:\\2023project\\aparus\\app\\Views\\rusun\\lantai.php')
 3 SYSTEMPATH\View\View.php(231): CodeIgniter\View\View->CodeIgniter\View\{closure}()
 4 SYSTEMPATH\Common.php(1190): CodeIgniter\View\View->render('rusun/lantai', [], true)
 5 APPPATH\Controllers\Rusun.php(136): view('rusun/lantai', [...])
 6 SYSTEMPATH\CodeIgniter.php(942): App\Controllers\Rusun->lantai('assets', 'images', 'companies', 'img-2.png')
 7 SYSTEMPATH\CodeIgniter.php(502): CodeIgniter\CodeIgniter->runController(Object(App\Controllers\Rusun))
 8 SYSTEMPATH\CodeIgniter.php(361): CodeIgniter\CodeIgniter->handleRequest(null, Object(Config\Cache), false)
 9 FCPATH\index.php(79): CodeIgniter\CodeIgniter->run()
10 SYSTEMPATH\Commands\Server\rewrite.php(47): require_once('C:\\2023project\\aparus\\public\\index.php')
INFO - 2023-11-30 09:24:01 --> Session: Class initialized using 'CodeIgniter\Session\Handlers\FileHandler' driver.
CRITICAL - 2023-11-30 09:24:01 --> Trying to access array offset on value of type null
in APPPATH\Views\rusun\lantai.php on line 95.
 1 APPPATH\Views\rusun\lantai.php(95): CodeIgniter\Debug\Exceptions->errorHandler(8, 'Trying to access array offset on value of type null', 'C:\\2023project\\aparus\\app\\Views\\rusun\\lantai.php', 95, [...])
 2 SYSTEMPATH\View\View.php(228): include('C:\\2023project\\aparus\\app\\Views\\rusun\\lantai.php')
 3 SYSTEMPATH\View\View.php(231): CodeIgniter\View\View->CodeIgniter\View\{closure}()
 4 SYSTEMPATH\Common.php(1190): CodeIgniter\View\View->render('rusun/lantai', [], true)
 5 APPPATH\Controllers\Rusun.php(136): view('rusun/lantai', [...])
 6 SYSTEMPATH\CodeIgniter.php(942): App\Controllers\Rusun->lantai('assets', 'images', 'companies', 'img-1.png')
 7 SYSTEMPATH\CodeIgniter.php(502): CodeIgniter\CodeIgniter->runController(Object(App\Controllers\Rusun))
 8 SYSTEMPATH\CodeIgniter.php(361): CodeIgniter\CodeIgniter->handleRequest(null, Object(Config\Cache), false)
 9 FCPATH\index.php(79): CodeIgniter\CodeIgniter->run()
10 SYSTEMPATH\Commands\Server\rewrite.php(47): require_once('C:\\2023project\\aparus\\public\\index.php')
INFO - 2023-11-30 09:24:01 --> Session: Class initialized using 'CodeIgniter\Session\Handlers\FileHandler' driver.
CRITICAL - 2023-11-30 09:24:01 --> Trying to access array offset on value of type null
in APPPATH\Views\rusun\lantai.php on line 95.
 1 APPPATH\Views\rusun\lantai.php(95): CodeIgniter\Debug\Exceptions->errorHandler(8, 'Trying to access array offset on value of type null', 'C:\\2023project\\aparus\\app\\Views\\rusun\\lantai.php', 95, [...])
 2 SYSTEMPATH\View\View.php(228): include('C:\\2023project\\aparus\\app\\Views\\rusun\\lantai.php')
 3 SYSTEMPATH\View\View.php(231): CodeIgniter\View\View->CodeIgniter\View\{closure}()
 4 SYSTEMPATH\Common.php(1190): CodeIgniter\View\View->render('rusun/lantai', [], true)
 5 APPPATH\Controllers\Rusun.php(136): view('rusun/lantai', [...])
 6 SYSTEMPATH\CodeIgniter.php(942): App\Controllers\Rusun->lantai('assets', 'images', 'companies', 'img-3.png')
 7 SYSTEMPATH\CodeIgniter.php(502): CodeIgniter\CodeIgniter->runController(Object(App\Controllers\Rusun))
 8 SYSTEMPATH\CodeIgniter.php(361): CodeIgniter\CodeIgniter->handleRequest(null, Object(Config\Cache), false)
 9 FCPATH\index.php(79): CodeIgniter\CodeIgniter->run()
10 SYSTEMPATH\Commands\Server\rewrite.php(47): require_once('C:\\2023project\\aparus\\public\\index.php')
INFO - 2023-11-30 09:24:01 --> Session: Class initialized using 'CodeIgniter\Session\Handlers\FileHandler' driver.
CRITICAL - 2023-11-30 09:24:01 --> Trying to access array offset on value of type null
in APPPATH\Views\rusun\lantai.php on line 95.
 1 APPPATH\Views\rusun\lantai.php(95): CodeIgniter\Debug\Exceptions->errorHandler(8, 'Trying to access array offset on value of type null', 'C:\\2023project\\aparus\\app\\Views\\rusun\\lantai.php', 95, [...])
 2 SYSTEMPATH\View\View.php(228): include('C:\\2023project\\aparus\\app\\Views\\rusun\\lantai.php')
 3 SYSTEMPATH\View\View.php(231): CodeIgniter\View\View->CodeIgniter\View\{closure}()
 4 SYSTEMPATH\Common.php(1190): CodeIgniter\View\View->render('rusun/lantai', [], true)
 5 APPPATH\Controllers\Rusun.php(136): view('rusun/lantai', [...])
 6 SYSTEMPATH\CodeIgniter.php(942): App\Controllers\Rusun->lantai('assets', 'images', 'companies', 'img-4.png')
 7 SYSTEMPATH\CodeIgniter.php(502): CodeIgniter\CodeIgniter->runController(Object(App\Controllers\Rusun))
 8 SYSTEMPATH\CodeIgniter.php(361): CodeIgniter\CodeIgniter->handleRequest(null, Object(Config\Cache), false)
 9 FCPATH\index.php(79): CodeIgniter\CodeIgniter->run()
10 SYSTEMPATH\Commands\Server\rewrite.php(47): require_once('C:\\2023project\\aparus\\public\\index.php')
INFO - 2023-11-30 09:33:14 --> Session: Class initialized using 'CodeIgniter\Session\Handlers\FileHandler' driver.
INFO - 2023-11-30 09:33:14 --> Session: Class initialized using 'CodeIgniter\Session\Handlers\FileHandler' driver.
CRITICAL - 2023-11-30 09:33:14 --> Trying to access array offset on value of type null
in APPPATH\Views\rusun\lantai.php on line 95.
 1 APPPATH\Views\rusun\lantai.php(95): CodeIgniter\Debug\Exceptions->errorHandler(8, 'Trying to access array offset on value of type null', 'C:\\2023project\\aparus\\app\\Views\\rusun\\lantai.php', 95, [...])
 2 SYSTEMPATH\View\View.php(228): include('C:\\2023project\\aparus\\app\\Views\\rusun\\lantai.php')
 3 SYSTEMPATH\View\View.php(231): CodeIgniter\View\View->CodeIgniter\View\{closure}()
 4 SYSTEMPATH\Common.php(1190): CodeIgniter\View\View->render('rusun/lantai', [], true)
 5 APPPATH\Controllers\Rusun.php(136): view('rusun/lantai', [...])
 6 SYSTEMPATH\CodeIgniter.php(942): App\Controllers\Rusun->lantai('assets', 'images', 'companies', 'img-1.png')
 7 SYSTEMPATH\CodeIgniter.php(502): CodeIgniter\CodeIgniter->runController(Object(App\Controllers\Rusun))
 8 SYSTEMPATH\CodeIgniter.php(361): CodeIgniter\CodeIgniter->handleRequest(null, Object(Config\Cache), false)
 9 FCPATH\index.php(79): CodeIgniter\CodeIgniter->run()
10 SYSTEMPATH\Commands\Server\rewrite.php(47): require_once('C:\\2023project\\aparus\\public\\index.php')
INFO - 2023-11-30 09:33:14 --> Session: Class initialized using 'CodeIgniter\Session\Handlers\FileHandler' driver.
CRITICAL - 2023-11-30 09:33:14 --> Trying to access array offset on value of type null
in APPPATH\Views\rusun\lantai.php on line 95.
 1 APPPATH\Views\rusun\lantai.php(95): CodeIgniter\Debug\Exceptions->errorHandler(8, 'Trying to access array offset on value of type null', 'C:\\2023project\\aparus\\app\\Views\\rusun\\lantai.php', 95, [...])
 2 SYSTEMPATH\View\View.php(228): include('C:\\2023project\\aparus\\app\\Views\\rusun\\lantai.php')
 3 SYSTEMPATH\View\View.php(231): CodeIgniter\View\View->CodeIgniter\View\{closure}()
 4 SYSTEMPATH\Common.php(1190): CodeIgniter\View\View->render('rusun/lantai', [], true)
 5 APPPATH\Controllers\Rusun.php(136): view('rusun/lantai', [...])
 6 SYSTEMPATH\CodeIgniter.php(942): App\Controllers\Rusun->lantai('assets', 'images', 'companies', 'img-2.png')
 7 SYSTEMPATH\CodeIgniter.php(502): CodeIgniter\CodeIgniter->runController(Object(App\Controllers\Rusun))
 8 SYSTEMPATH\CodeIgniter.php(361): CodeIgniter\CodeIgniter->handleRequest(null, Object(Config\Cache), false)
 9 FCPATH\index.php(79): CodeIgniter\CodeIgniter->run()
10 SYSTEMPATH\Commands\Server\rewrite.php(47): require_once('C:\\2023project\\aparus\\public\\index.php')
INFO - 2023-11-30 09:33:15 --> Session: Class initialized using 'CodeIgniter\Session\Handlers\FileHandler' driver.
CRITICAL - 2023-11-30 09:33:15 --> Trying to access array offset on value of type null
in APPPATH\Views\rusun\lantai.php on line 95.
 1 APPPATH\Views\rusun\lantai.php(95): CodeIgniter\Debug\Exceptions->errorHandler(8, 'Trying to access array offset on value of type null', 'C:\\2023project\\aparus\\app\\Views\\rusun\\lantai.php', 95, [...])
 2 SYSTEMPATH\View\View.php(228): include('C:\\2023project\\aparus\\app\\Views\\rusun\\lantai.php')
 3 SYSTEMPATH\View\View.php(231): CodeIgniter\View\View->CodeIgniter\View\{closure}()
 4 SYSTEMPATH\Common.php(1190): CodeIgniter\View\View->render('rusun/lantai', [], true)
 5 APPPATH\Controllers\Rusun.php(136): view('rusun/lantai', [...])
 6 SYSTEMPATH\CodeIgniter.php(942): App\Controllers\Rusun->lantai('assets', 'images', 'companies', 'img-3.png')
 7 SYSTEMPATH\CodeIgniter.php(502): CodeIgniter\CodeIgniter->runController(Object(App\Controllers\Rusun))
 8 SYSTEMPATH\CodeIgniter.php(361): CodeIgniter\CodeIgniter->handleRequest(null, Object(Config\Cache), false)
 9 FCPATH\index.php(79): CodeIgniter\CodeIgniter->run()
10 SYSTEMPATH\Commands\Server\rewrite.php(47): require_once('C:\\2023project\\aparus\\public\\index.php')
INFO - 2023-11-30 09:33:15 --> Session: Class initialized using 'CodeIgniter\Session\Handlers\FileHandler' driver.
CRITICAL - 2023-11-30 09:33:15 --> Trying to access array offset on value of type null
in APPPATH\Views\rusun\lantai.php on line 95.
 1 APPPATH\Views\rusun\lantai.php(95): CodeIgniter\Debug\Exceptions->errorHandler(8, 'Trying to access array offset on value of type null', 'C:\\2023project\\aparus\\app\\Views\\rusun\\lantai.php', 95, [...])
 2 SYSTEMPATH\View\View.php(228): include('C:\\2023project\\aparus\\app\\Views\\rusun\\lantai.php')
 3 SYSTEMPATH\View\View.php(231): CodeIgniter\View\View->CodeIgniter\View\{closure}()
 4 SYSTEMPATH\Common.php(1190): CodeIgniter\View\View->render('rusun/lantai', [], true)
 5 APPPATH\Controllers\Rusun.php(136): view('rusun/lantai', [...])
 6 SYSTEMPATH\CodeIgniter.php(942): App\Controllers\Rusun->lantai('assets', 'images', 'companies', 'img-4.png')
 7 SYSTEMPATH\CodeIgniter.php(502): CodeIgniter\CodeIgniter->runController(Object(App\Controllers\Rusun))
 8 SYSTEMPATH\CodeIgniter.php(361): CodeIgniter\CodeIgniter->handleRequest(null, Object(Config\Cache), false)
 9 FCPATH\index.php(79): CodeIgniter\CodeIgniter->run()
10 SYSTEMPATH\Commands\Server\rewrite.php(47): require_once('C:\\2023project\\aparus\\public\\index.php')
INFO - 2023-11-30 09:33:15 --> Session: Class initialized using 'CodeIgniter\Session\Handlers\FileHandler' driver.
CRITICAL - 2023-11-30 09:33:15 --> Trying to access array offset on value of type null
in APPPATH\Views\rusun\lantai.php on line 95.
 1 APPPATH\Views\rusun\lantai.php(95): CodeIgniter\Debug\Exceptions->errorHandler(8, 'Trying to access array offset on value of type null', 'C:\\2023project\\aparus\\app\\Views\\rusun\\lantai.php', 95, [...])
 2 SYSTEMPATH\View\View.php(228): include('C:\\2023project\\aparus\\app\\Views\\rusun\\lantai.php')
 3 SYSTEMPATH\View\View.php(231): CodeIgniter\View\View->CodeIgniter\View\{closure}()
 4 SYSTEMPATH\Common.php(1190): CodeIgniter\View\View->render('rusun/lantai', [], true)
 5 APPPATH\Controllers\Rusun.php(136): view('rusun/lantai', [...])
 6 SYSTEMPATH\CodeIgniter.php(942): App\Controllers\Rusun->lantai('assets', 'images', 'companies', 'img-5.png')
 7 SYSTEMPATH\CodeIgniter.php(502): CodeIgniter\CodeIgniter->runController(Object(App\Controllers\Rusun))
 8 SYSTEMPATH\CodeIgniter.php(361): CodeIgniter\CodeIgniter->handleRequest(null, Object(Config\Cache), false)
 9 FCPATH\index.php(79): CodeIgniter\CodeIgniter->run()
10 SYSTEMPATH\Commands\Server\rewrite.php(47): require_once('C:\\2023project\\aparus\\public\\index.php')
INFO - 2023-11-30 09:33:15 --> Session: Class initialized using 'CodeIgniter\Session\Handlers\FileHandler' driver.
CRITICAL - 2023-11-30 09:33:15 --> Trying to access array offset on value of type null
in APPPATH\Views\rusun\lantai.php on line 95.
 1 APPPATH\Views\rusun\lantai.php(95): CodeIgniter\Debug\Exceptions->errorHandler(8, 'Trying to access array offset on value of type null', 'C:\\2023project\\aparus\\app\\Views\\rusun\\lantai.php', 95, [...])
 2 SYSTEMPATH\View\View.php(228): include('C:\\2023project\\aparus\\app\\Views\\rusun\\lantai.php')
 3 SYSTEMPATH\View\View.php(231): CodeIgniter\View\View->CodeIgniter\View\{closure}()
 4 SYSTEMPATH\Common.php(1190): CodeIgniter\View\View->render('rusun/lantai', [], true)
 5 APPPATH\Controllers\Rusun.php(136): view('rusun/lantai', [...])
 6 SYSTEMPATH\CodeIgniter.php(942): App\Controllers\Rusun->lantai('assets', 'images', 'companies', 'img-2.png')
 7 SYSTEMPATH\CodeIgniter.php(502): CodeIgniter\CodeIgniter->runController(Object(App\Controllers\Rusun))
 8 SYSTEMPATH\CodeIgniter.php(361): CodeIgniter\CodeIgniter->handleRequest(null, Object(Config\Cache), false)
 9 FCPATH\index.php(79): CodeIgniter\CodeIgniter->run()
10 SYSTEMPATH\Commands\Server\rewrite.php(47): require_once('C:\\2023project\\aparus\\public\\index.php')
INFO - 2023-11-30 09:33:15 --> Session: Class initialized using 'CodeIgniter\Session\Handlers\FileHandler' driver.
CRITICAL - 2023-11-30 09:33:15 --> Trying to access array offset on value of type null
in APPPATH\Views\rusun\lantai.php on line 95.
 1 APPPATH\Views\rusun\lantai.php(95): CodeIgniter\Debug\Exceptions->errorHandler(8, 'Trying to access array offset on value of type null', 'C:\\2023project\\aparus\\app\\Views\\rusun\\lantai.php', 95, [...])
 2 SYSTEMPATH\View\View.php(228): include('C:\\2023project\\aparus\\app\\Views\\rusun\\lantai.php')
 3 SYSTEMPATH\View\View.php(231): CodeIgniter\View\View->CodeIgniter\View\{closure}()
 4 SYSTEMPATH\Common.php(1190): CodeIgniter\View\View->render('rusun/lantai', [], true)
 5 APPPATH\Controllers\Rusun.php(136): view('rusun/lantai', [...])
 6 SYSTEMPATH\CodeIgniter.php(942): App\Controllers\Rusun->lantai('assets', 'images', 'companies', 'img-1.png')
 7 SYSTEMPATH\CodeIgniter.php(502): CodeIgniter\CodeIgniter->runController(Object(App\Controllers\Rusun))
 8 SYSTEMPATH\CodeIgniter.php(361): CodeIgniter\CodeIgniter->handleRequest(null, Object(Config\Cache), false)
 9 FCPATH\index.php(79): CodeIgniter\CodeIgniter->run()
10 SYSTEMPATH\Commands\Server\rewrite.php(47): require_once('C:\\2023project\\aparus\\public\\index.php')
INFO - 2023-11-30 09:33:15 --> Session: Class initialized using 'CodeIgniter\Session\Handlers\FileHandler' driver.
CRITICAL - 2023-11-30 09:33:15 --> Trying to access array offset on value of type null
in APPPATH\Views\rusun\lantai.php on line 95.
 1 APPPATH\Views\rusun\lantai.php(95): CodeIgniter\Debug\Exceptions->errorHandler(8, 'Trying to access array offset on value of type null', 'C:\\2023project\\aparus\\app\\Views\\rusun\\lantai.php', 95, [...])
 2 SYSTEMPATH\View\View.php(228): include('C:\\2023project\\aparus\\app\\Views\\rusun\\lantai.php')
 3 SYSTEMPATH\View\View.php(231): CodeIgniter\View\View->CodeIgniter\View\{closure}()
 4 SYSTEMPATH\Common.php(1190): CodeIgniter\View\View->render('rusun/lantai', [], true)
 5 APPPATH\Controllers\Rusun.php(136): view('rusun/lantai', [...])
 6 SYSTEMPATH\CodeIgniter.php(942): App\Controllers\Rusun->lantai('assets', 'images', 'companies', 'img-3.png')
 7 SYSTEMPATH\CodeIgniter.php(502): CodeIgniter\CodeIgniter->runController(Object(App\Controllers\Rusun))
 8 SYSTEMPATH\CodeIgniter.php(361): CodeIgniter\CodeIgniter->handleRequest(null, Object(Config\Cache), false)
 9 FCPATH\index.php(79): CodeIgniter\CodeIgniter->run()
10 SYSTEMPATH\Commands\Server\rewrite.php(47): require_once('C:\\2023project\\aparus\\public\\index.php')
INFO - 2023-11-30 09:34:31 --> Session: Class initialized using 'CodeIgniter\Session\Handlers\FileHandler' driver.
INFO - 2023-11-30 09:34:31 --> Session: Class initialized using 'CodeIgniter\Session\Handlers\FileHandler' driver.
CRITICAL - 2023-11-30 09:34:31 --> Trying to access array offset on value of type null
in APPPATH\Views\rusun\lantai.php on line 56.
 1 APPPATH\Views\rusun\lantai.php(56): CodeIgniter\Debug\Exceptions->errorHandler(8, 'Trying to access array offset on value of type null', 'C:\\2023project\\aparus\\app\\Views\\rusun\\lantai.php', 56, [...])
 2 SYSTEMPATH\View\View.php(228): include('C:\\2023project\\aparus\\app\\Views\\rusun\\lantai.php')
 3 SYSTEMPATH\View\View.php(231): CodeIgniter\View\View->CodeIgniter\View\{closure}()
 4 SYSTEMPATH\Common.php(1190): CodeIgniter\View\View->render('rusun/lantai', [], true)
 5 APPPATH\Controllers\Rusun.php(136): view('rusun/lantai', [...])
 6 SYSTEMPATH\CodeIgniter.php(942): App\Controllers\Rusun->lantai('assets', 'images', 'companies', 'img-3.png')
 7 SYSTEMPATH\CodeIgniter.php(502): CodeIgniter\CodeIgniter->runController(Object(App\Controllers\Rusun))
 8 SYSTEMPATH\CodeIgniter.php(361): CodeIgniter\CodeIgniter->handleRequest(null, Object(Config\Cache), false)
 9 FCPATH\index.php(79): CodeIgniter\CodeIgniter->run()
10 SYSTEMPATH\Commands\Server\rewrite.php(47): require_once('C:\\2023project\\aparus\\public\\index.php')
INFO - 2023-11-30 09:34:32 --> Session: Class initialized using 'CodeIgniter\Session\Handlers\FileHandler' driver.
CRITICAL - 2023-11-30 09:34:32 --> Trying to access array offset on value of type null
in APPPATH\Views\rusun\lantai.php on line 56.
 1 APPPATH\Views\rusun\lantai.php(56): CodeIgniter\Debug\Exceptions->errorHandler(8, 'Trying to access array offset on value of type null', 'C:\\2023project\\aparus\\app\\Views\\rusun\\lantai.php', 56, [...])
 2 SYSTEMPATH\View\View.php(228): include('C:\\2023project\\aparus\\app\\Views\\rusun\\lantai.php')
 3 SYSTEMPATH\View\View.php(231): CodeIgniter\View\View->CodeIgniter\View\{closure}()
 4 SYSTEMPATH\Common.php(1190): CodeIgniter\View\View->render('rusun/lantai', [], true)
 5 APPPATH\Controllers\Rusun.php(136): view('rusun/lantai', [...])
 6 SYSTEMPATH\CodeIgniter.php(942): App\Controllers\Rusun->lantai('assets', 'images', 'companies', 'img-4.png')
 7 SYSTEMPATH\CodeIgniter.php(502): CodeIgniter\CodeIgniter->runController(Object(App\Controllers\Rusun))
 8 SYSTEMPATH\CodeIgniter.php(361): CodeIgniter\CodeIgniter->handleRequest(null, Object(Config\Cache), false)
 9 FCPATH\index.php(79): CodeIgniter\CodeIgniter->run()
10 SYSTEMPATH\Commands\Server\rewrite.php(47): require_once('C:\\2023project\\aparus\\public\\index.php')
INFO - 2023-11-30 09:34:32 --> Session: Class initialized using 'CodeIgniter\Session\Handlers\FileHandler' driver.
CRITICAL - 2023-11-30 09:34:32 --> Trying to access array offset on value of type null
in APPPATH\Views\rusun\lantai.php on line 56.
 1 APPPATH\Views\rusun\lantai.php(56): CodeIgniter\Debug\Exceptions->errorHandler(8, 'Trying to access array offset on value of type null', 'C:\\2023project\\aparus\\app\\Views\\rusun\\lantai.php', 56, [...])
 2 SYSTEMPATH\View\View.php(228): include('C:\\2023project\\aparus\\app\\Views\\rusun\\lantai.php')
 3 SYSTEMPATH\View\View.php(231): CodeIgniter\View\View->CodeIgniter\View\{closure}()
 4 SYSTEMPATH\Common.php(1190): CodeIgniter\View\View->render('rusun/lantai', [], true)
 5 APPPATH\Controllers\Rusun.php(136): view('rusun/lantai', [...])
 6 SYSTEMPATH\CodeIgniter.php(942): App\Controllers\Rusun->lantai('assets', 'images', 'companies', 'img-5.png')
 7 SYSTEMPATH\CodeIgniter.php(502): CodeIgniter\CodeIgniter->runController(Object(App\Controllers\Rusun))
 8 SYSTEMPATH\CodeIgniter.php(361): CodeIgniter\CodeIgniter->handleRequest(null, Object(Config\Cache), false)
 9 FCPATH\index.php(79): CodeIgniter\CodeIgniter->run()
10 SYSTEMPATH\Commands\Server\rewrite.php(47): require_once('C:\\2023project\\aparus\\public\\index.php')
INFO - 2023-11-30 09:34:32 --> Session: Class initialized using 'CodeIgniter\Session\Handlers\FileHandler' driver.
CRITICAL - 2023-11-30 09:34:32 --> Trying to access array offset on value of type null
in APPPATH\Views\rusun\lantai.php on line 56.
 1 APPPATH\Views\rusun\lantai.php(56): CodeIgniter\Debug\Exceptions->errorHandler(8, 'Trying to access array offset on value of type null', 'C:\\2023project\\aparus\\app\\Views\\rusun\\lantai.php', 56, [...])
 2 SYSTEMPATH\View\View.php(228): include('C:\\2023project\\aparus\\app\\Views\\rusun\\lantai.php')
 3 SYSTEMPATH\View\View.php(231): CodeIgniter\View\View->CodeIgniter\View\{closure}()
 4 SYSTEMPATH\Common.php(1190): CodeIgniter\View\View->render('rusun/lantai', [], true)
 5 APPPATH\Controllers\Rusun.php(136): view('rusun/lantai', [...])
 6 SYSTEMPATH\CodeIgniter.php(942): App\Controllers\Rusun->lantai('assets', 'images', 'companies', 'img-2.png')
 7 SYSTEMPATH\CodeIgniter.php(502): CodeIgniter\CodeIgniter->runController(Object(App\Controllers\Rusun))
 8 SYSTEMPATH\CodeIgniter.php(361): CodeIgniter\CodeIgniter->handleRequest(null, Object(Config\Cache), false)
 9 FCPATH\index.php(79): CodeIgniter\CodeIgniter->run()
10 SYSTEMPATH\Commands\Server\rewrite.php(47): require_once('C:\\2023project\\aparus\\public\\index.php')
INFO - 2023-11-30 09:34:32 --> Session: Class initialized using 'CodeIgniter\Session\Handlers\FileHandler' driver.
CRITICAL - 2023-11-30 09:34:32 --> Trying to access array offset on value of type null
in APPPATH\Views\rusun\lantai.php on line 56.
 1 APPPATH\Views\rusun\lantai.php(56): CodeIgniter\Debug\Exceptions->errorHandler(8, 'Trying to access array offset on value of type null', 'C:\\2023project\\aparus\\app\\Views\\rusun\\lantai.php', 56, [...])
 2 SYSTEMPATH\View\View.php(228): include('C:\\2023project\\aparus\\app\\Views\\rusun\\lantai.php')
 3 SYSTEMPATH\View\View.php(231): CodeIgniter\View\View->CodeIgniter\View\{closure}()
 4 SYSTEMPATH\Common.php(1190): CodeIgniter\View\View->render('rusun/lantai', [], true)
 5 APPPATH\Controllers\Rusun.php(136): view('rusun/lantai', [...])
 6 SYSTEMPATH\CodeIgniter.php(942): App\Controllers\Rusun->lantai('assets', 'images', 'companies', 'img-1.png')
 7 SYSTEMPATH\CodeIgniter.php(502): CodeIgniter\CodeIgniter->runController(Object(App\Controllers\Rusun))
 8 SYSTEMPATH\CodeIgniter.php(361): CodeIgniter\CodeIgniter->handleRequest(null, Object(Config\Cache), false)
 9 FCPATH\index.php(79): CodeIgniter\CodeIgniter->run()
10 SYSTEMPATH\Commands\Server\rewrite.php(47): require_once('C:\\2023project\\aparus\\public\\index.php')
INFO - 2023-11-30 09:34:47 --> Session: Class initialized using 'CodeIgniter\Session\Handlers\FileHandler' driver.
INFO - 2023-11-30 09:34:48 --> Session: Class initialized using 'CodeIgniter\Session\Handlers\FileHandler' driver.
CRITICAL - 2023-11-30 09:34:48 --> Trying to access array offset on value of type null
in APPPATH\Views\rusun\lantai.php on line 56.
 1 APPPATH\Views\rusun\lantai.php(56): CodeIgniter\Debug\Exceptions->errorHandler(8, 'Trying to access array offset on value of type null', 'C:\\2023project\\aparus\\app\\Views\\rusun\\lantai.php', 56, [...])
 2 SYSTEMPATH\View\View.php(228): include('C:\\2023project\\aparus\\app\\Views\\rusun\\lantai.php')
 3 SYSTEMPATH\View\View.php(231): CodeIgniter\View\View->CodeIgniter\View\{closure}()
 4 SYSTEMPATH\Common.php(1190): CodeIgniter\View\View->render('rusun/lantai', [], true)
 5 APPPATH\Controllers\Rusun.php(136): view('rusun/lantai', [...])
 6 SYSTEMPATH\CodeIgniter.php(942): App\Controllers\Rusun->lantai('assets', 'images', 'companies', 'img-1.png')
 7 SYSTEMPATH\CodeIgniter.php(502): CodeIgniter\CodeIgniter->runController(Object(App\Controllers\Rusun))
 8 SYSTEMPATH\CodeIgniter.php(361): CodeIgniter\CodeIgniter->handleRequest(null, Object(Config\Cache), false)
 9 FCPATH\index.php(79): CodeIgniter\CodeIgniter->run()
10 SYSTEMPATH\Commands\Server\rewrite.php(47): require_once('C:\\2023project\\aparus\\public\\index.php')
INFO - 2023-11-30 09:34:48 --> Session: Class initialized using 'CodeIgniter\Session\Handlers\FileHandler' driver.
CRITICAL - 2023-11-30 09:34:48 --> Trying to access array offset on value of type null
in APPPATH\Views\rusun\lantai.php on line 56.
 1 APPPATH\Views\rusun\lantai.php(56): CodeIgniter\Debug\Exceptions->errorHandler(8, 'Trying to access array offset on value of type null', 'C:\\2023project\\aparus\\app\\Views\\rusun\\lantai.php', 56, [...])
 2 SYSTEMPATH\View\View.php(228): include('C:\\2023project\\aparus\\app\\Views\\rusun\\lantai.php')
 3 SYSTEMPATH\View\View.php(231): CodeIgniter\View\View->CodeIgniter\View\{closure}()
 4 SYSTEMPATH\Common.php(1190): CodeIgniter\View\View->render('rusun/lantai', [], true)
 5 APPPATH\Controllers\Rusun.php(136): view('rusun/lantai', [...])
 6 SYSTEMPATH\CodeIgniter.php(942): App\Controllers\Rusun->lantai('assets', 'images', 'companies', 'img-3.png')
 7 SYSTEMPATH\CodeIgniter.php(502): CodeIgniter\CodeIgniter->runController(Object(App\Controllers\Rusun))
 8 SYSTEMPATH\CodeIgniter.php(361): CodeIgniter\CodeIgniter->handleRequest(null, Object(Config\Cache), false)
 9 FCPATH\index.php(79): CodeIgniter\CodeIgniter->run()
10 SYSTEMPATH\Commands\Server\rewrite.php(47): require_once('C:\\2023project\\aparus\\public\\index.php')
INFO - 2023-11-30 09:34:48 --> Session: Class initialized using 'CodeIgniter\Session\Handlers\FileHandler' driver.
CRITICAL - 2023-11-30 09:34:48 --> Trying to access array offset on value of type null
in APPPATH\Views\rusun\lantai.php on line 56.
 1 APPPATH\Views\rusun\lantai.php(56): CodeIgniter\Debug\Exceptions->errorHandler(8, 'Trying to access array offset on value of type null', 'C:\\2023project\\aparus\\app\\Views\\rusun\\lantai.php', 56, [...])
 2 SYSTEMPATH\View\View.php(228): include('C:\\2023project\\aparus\\app\\Views\\rusun\\lantai.php')
 3 SYSTEMPATH\View\View.php(231): CodeIgniter\View\View->CodeIgniter\View\{closure}()
 4 SYSTEMPATH\Common.php(1190): CodeIgniter\View\View->render('rusun/lantai', [], true)
 5 APPPATH\Controllers\Rusun.php(136): view('rusun/lantai', [...])
 6 SYSTEMPATH\CodeIgniter.php(942): App\Controllers\Rusun->lantai('assets', 'images', 'companies', 'img-2.png')
 7 SYSTEMPATH\CodeIgniter.php(502): CodeIgniter\CodeIgniter->runController(Object(App\Controllers\Rusun))
 8 SYSTEMPATH\CodeIgniter.php(361): CodeIgniter\CodeIgniter->handleRequest(null, Object(Config\Cache), false)
 9 FCPATH\index.php(79): CodeIgniter\CodeIgniter->run()
10 SYSTEMPATH\Commands\Server\rewrite.php(47): require_once('C:\\2023project\\aparus\\public\\index.php')
INFO - 2023-11-30 09:34:48 --> Session: Class initialized using 'CodeIgniter\Session\Handlers\FileHandler' driver.
CRITICAL - 2023-11-30 09:34:48 --> Trying to access array offset on value of type null
in APPPATH\Views\rusun\lantai.php on line 56.
 1 APPPATH\Views\rusun\lantai.php(56): CodeIgniter\Debug\Exceptions->errorHandler(8, 'Trying to access array offset on value of type null', 'C:\\2023project\\aparus\\app\\Views\\rusun\\lantai.php', 56, [...])
 2 SYSTEMPATH\View\View.php(228): include('C:\\2023project\\aparus\\app\\Views\\rusun\\lantai.php')
 3 SYSTEMPATH\View\View.php(231): CodeIgniter\View\View->CodeIgniter\View\{closure}()
 4 SYSTEMPATH\Common.php(1190): CodeIgniter\View\View->render('rusun/lantai', [], true)
 5 APPPATH\Controllers\Rusun.php(136): view('rusun/lantai', [...])
 6 SYSTEMPATH\CodeIgniter.php(942): App\Controllers\Rusun->lantai('assets', 'images', 'companies', 'img-4.png')
 7 SYSTEMPATH\CodeIgniter.php(502): CodeIgniter\CodeIgniter->runController(Object(App\Controllers\Rusun))
 8 SYSTEMPATH\CodeIgniter.php(361): CodeIgniter\CodeIgniter->handleRequest(null, Object(Config\Cache), false)
 9 FCPATH\index.php(79): CodeIgniter\CodeIgniter->run()
10 SYSTEMPATH\Commands\Server\rewrite.php(47): require_once('C:\\2023project\\aparus\\public\\index.php')
INFO - 2023-11-30 09:34:48 --> Session: Class initialized using 'CodeIgniter\Session\Handlers\FileHandler' driver.
CRITICAL - 2023-11-30 09:34:48 --> Trying to access array offset on value of type null
in APPPATH\Views\rusun\lantai.php on line 56.
 1 APPPATH\Views\rusun\lantai.php(56): CodeIgniter\Debug\Exceptions->errorHandler(8, 'Trying to access array offset on value of type null', 'C:\\2023project\\aparus\\app\\Views\\rusun\\lantai.php', 56, [...])
 2 SYSTEMPATH\View\View.php(228): include('C:\\2023project\\aparus\\app\\Views\\rusun\\lantai.php')
 3 SYSTEMPATH\View\View.php(231): CodeIgniter\View\View->CodeIgniter\View\{closure}()
 4 SYSTEMPATH\Common.php(1190): CodeIgniter\View\View->render('rusun/lantai', [], true)
 5 APPPATH\Controllers\Rusun.php(136): view('rusun/lantai', [...])
 6 SYSTEMPATH\CodeIgniter.php(942): App\Controllers\Rusun->lantai('assets', 'images', 'companies', 'img-5.png')
 7 SYSTEMPATH\CodeIgniter.php(502): CodeIgniter\CodeIgniter->runController(Object(App\Controllers\Rusun))
 8 SYSTEMPATH\CodeIgniter.php(361): CodeIgniter\CodeIgniter->handleRequest(null, Object(Config\Cache), false)
 9 FCPATH\index.php(79): CodeIgniter\CodeIgniter->run()
10 SYSTEMPATH\Commands\Server\rewrite.php(47): require_once('C:\\2023project\\aparus\\public\\index.php')
INFO - 2023-11-30 09:35:27 --> Session: Class initialized using 'CodeIgniter\Session\Handlers\FileHandler' driver.
ERROR - 2023-11-30 09:35:27 --> mysqli_sql_exception: Column 'lantai_nama' cannot be null in C:\2023project\aparus\system\Database\MySQLi\Connection.php:306
Stack trace:
#0 C:\2023project\aparus\system\Database\MySQLi\Connection.php(306): mysqli->query('INSERT INTO `ap...', 0)
#1 C:\2023project\aparus\system\Database\BaseConnection.php(693): CodeIgniter\Database\MySQLi\Connection->execute('INSERT INTO `ap...')
#2 C:\2023project\aparus\system\Database\BaseConnection.php(607): CodeIgniter\Database\BaseConnection->simpleQuery('INSERT INTO `ap...')
#3 C:\2023project\aparus\system\Database\BaseBuilder.php(2308): CodeIgniter\Database\BaseConnection->query('INSERT INTO `ap...', Array, false)
#4 C:\2023project\aparus\system\Model.php(319): CodeIgniter\Database\BaseBuilder->insert()
#5 C:\2023project\aparus\system\BaseModel.php(788): CodeIgniter\Model->doInsert(Array)
#6 C:\2023project\aparus\system\Model.php(715): CodeIgniter\BaseModel->insert(Array, false)
#7 C:\2023project\aparus\system\BaseModel.php(698): CodeIgniter\Model->insert(Array, false)
#8 C:\2023project\aparus\app\Controllers\Rusun.php(149): CodeIgniter\BaseModel->save(Array)
#9 C:\2023project\aparus\system\CodeIgniter.php(942): App\Controllers\Rusun->tambahLantai()
#10 C:\2023project\aparus\system\CodeIgniter.php(502): CodeIgniter\CodeIgniter->runController(Object(App\Controllers\Rusun))
#11 C:\2023project\aparus\system\CodeIgniter.php(361): CodeIgniter\CodeIgniter->handleRequest(NULL, Object(Config\Cache), false)
#12 C:\2023project\aparus\public\index.php(79): CodeIgniter\CodeIgniter->run()
#13 C:\2023project\aparus\system\Commands\Server\rewrite.php(47): require_once('C:\\2023project\\...')
#14 {main}
CRITICAL - 2023-11-30 09:35:27 --> Column 'lantai_nama' cannot be null
in SYSTEMPATH\Database\BaseConnection.php on line 647.
 1 SYSTEMPATH\Database\BaseBuilder.php(2308): CodeIgniter\Database\BaseConnection->query('INSERT INTO `aprs_master_lantai` (`lantai_nama`, `lantai_kode`, `id_rusun`) VALUES (:lantai_nama:, :lantai_kode:, :id_rusun:)', [...], false)
 2 SYSTEMPATH\Model.php(319): CodeIgniter\Database\BaseBuilder->insert()
 3 SYSTEMPATH\BaseModel.php(788): CodeIgniter\Model->doInsert([...])
 4 SYSTEMPATH\Model.php(715): CodeIgniter\BaseModel->insert([...], false)
 5 SYSTEMPATH\BaseModel.php(698): CodeIgniter\Model->insert([...], false)
 6 APPPATH\Controllers\Rusun.php(149): CodeIgniter\BaseModel->save([...])
 7 SYSTEMPATH\CodeIgniter.php(942): App\Controllers\Rusun->tambahLantai()
 8 SYSTEMPATH\CodeIgniter.php(502): CodeIgniter\CodeIgniter->runController(Object(App\Controllers\Rusun))
 9 SYSTEMPATH\CodeIgniter.php(361): CodeIgniter\CodeIgniter->handleRequest(null, Object(Config\Cache), false)
10 FCPATH\index.php(79): CodeIgniter\CodeIgniter->run()
11 SYSTEMPATH\Commands\Server\rewrite.php(47): require_once('C:\\2023project\\aparus\\public\\index.php')
INFO - 2023-11-30 09:35:54 --> Session: Class initialized using 'CodeIgniter\Session\Handlers\FileHandler' driver.
INFO - 2023-11-30 09:35:54 --> Session: Class initialized using 'CodeIgniter\Session\Handlers\FileHandler' driver.
CRITICAL - 2023-11-30 09:35:55 --> Trying to access array offset on value of type null
in APPPATH\Views\rusun\lantai.php on line 56.
 1 APPPATH\Views\rusun\lantai.php(56): CodeIgniter\Debug\Exceptions->errorHandler(8, 'Trying to access array offset on value of type null', 'C:\\2023project\\aparus\\app\\Views\\rusun\\lantai.php', 56, [...])
 2 SYSTEMPATH\View\View.php(228): include('C:\\2023project\\aparus\\app\\Views\\rusun\\lantai.php')
 3 SYSTEMPATH\View\View.php(231): CodeIgniter\View\View->CodeIgniter\View\{closure}()
 4 SYSTEMPATH\Common.php(1190): CodeIgniter\View\View->render('rusun/lantai', [], true)
 5 APPPATH\Controllers\Rusun.php(136): view('rusun/lantai', [...])
 6 SYSTEMPATH\CodeIgniter.php(942): App\Controllers\Rusun->lantai('assets', 'images', 'companies', 'img-1.png')
 7 SYSTEMPATH\CodeIgniter.php(502): CodeIgniter\CodeIgniter->runController(Object(App\Controllers\Rusun))
 8 SYSTEMPATH\CodeIgniter.php(361): CodeIgniter\CodeIgniter->handleRequest(null, Object(Config\Cache), false)
 9 FCPATH\index.php(79): CodeIgniter\CodeIgniter->run()
10 SYSTEMPATH\Commands\Server\rewrite.php(47): require_once('C:\\2023project\\aparus\\public\\index.php')
INFO - 2023-11-30 09:35:55 --> Session: Class initialized using 'CodeIgniter\Session\Handlers\FileHandler' driver.
CRITICAL - 2023-11-30 09:35:55 --> Trying to access array offset on value of type null
in APPPATH\Views\rusun\lantai.php on line 56.
 1 APPPATH\Views\rusun\lantai.php(56): CodeIgniter\Debug\Exceptions->errorHandler(8, 'Trying to access array offset on value of type null', 'C:\\2023project\\aparus\\app\\Views\\rusun\\lantai.php', 56, [...])
 2 SYSTEMPATH\View\View.php(228): include('C:\\2023project\\aparus\\app\\Views\\rusun\\lantai.php')
 3 SYSTEMPATH\View\View.php(231): CodeIgniter\View\View->CodeIgniter\View\{closure}()
 4 SYSTEMPATH\Common.php(1190): CodeIgniter\View\View->render('rusun/lantai', [], true)
 5 APPPATH\Controllers\Rusun.php(136): view('rusun/lantai', [...])
 6 SYSTEMPATH\CodeIgniter.php(942): App\Controllers\Rusun->lantai('assets', 'images', 'companies', 'img-3.png')
 7 SYSTEMPATH\CodeIgniter.php(502): CodeIgniter\CodeIgniter->runController(Object(App\Controllers\Rusun))
 8 SYSTEMPATH\CodeIgniter.php(361): CodeIgniter\CodeIgniter->handleRequest(null, Object(Config\Cache), false)
 9 FCPATH\index.php(79): CodeIgniter\CodeIgniter->run()
10 SYSTEMPATH\Commands\Server\rewrite.php(47): require_once('C:\\2023project\\aparus\\public\\index.php')
INFO - 2023-11-30 09:35:55 --> Session: Class initialized using 'CodeIgniter\Session\Handlers\FileHandler' driver.
CRITICAL - 2023-11-30 09:35:55 --> Trying to access array offset on value of type null
in APPPATH\Views\rusun\lantai.php on line 56.
 1 APPPATH\Views\rusun\lantai.php(56): CodeIgniter\Debug\Exceptions->errorHandler(8, 'Trying to access array offset on value of type null', 'C:\\2023project\\aparus\\app\\Views\\rusun\\lantai.php', 56, [...])
 2 SYSTEMPATH\View\View.php(228): include('C:\\2023project\\aparus\\app\\Views\\rusun\\lantai.php')
 3 SYSTEMPATH\View\View.php(231): CodeIgniter\View\View->CodeIgniter\View\{closure}()
 4 SYSTEMPATH\Common.php(1190): CodeIgniter\View\View->render('rusun/lantai', [], true)
 5 APPPATH\Controllers\Rusun.php(136): view('rusun/lantai', [...])
 6 SYSTEMPATH\CodeIgniter.php(942): App\Controllers\Rusun->lantai('assets', 'images', 'companies', 'img-2.png')
 7 SYSTEMPATH\CodeIgniter.php(502): CodeIgniter\CodeIgniter->runController(Object(App\Controllers\Rusun))
 8 SYSTEMPATH\CodeIgniter.php(361): CodeIgniter\CodeIgniter->handleRequest(null, Object(Config\Cache), false)
 9 FCPATH\index.php(79): CodeIgniter\CodeIgniter->run()
10 SYSTEMPATH\Commands\Server\rewrite.php(47): require_once('C:\\2023project\\aparus\\public\\index.php')
INFO - 2023-11-30 09:35:55 --> Session: Class initialized using 'CodeIgniter\Session\Handlers\FileHandler' driver.
CRITICAL - 2023-11-30 09:35:55 --> Trying to access array offset on value of type null
in APPPATH\Views\rusun\lantai.php on line 56.
 1 APPPATH\Views\rusun\lantai.php(56): CodeIgniter\Debug\Exceptions->errorHandler(8, 'Trying to access array offset on value of type null', 'C:\\2023project\\aparus\\app\\Views\\rusun\\lantai.php', 56, [...])
 2 SYSTEMPATH\View\View.php(228): include('C:\\2023project\\aparus\\app\\Views\\rusun\\lantai.php')
 3 SYSTEMPATH\View\View.php(231): CodeIgniter\View\View->CodeIgniter\View\{closure}()
 4 SYSTEMPATH\Common.php(1190): CodeIgniter\View\View->render('rusun/lantai', [], true)
 5 APPPATH\Controllers\Rusun.php(136): view('rusun/lantai', [...])
 6 SYSTEMPATH\CodeIgniter.php(942): App\Controllers\Rusun->lantai('assets', 'images', 'companies', 'img-4.png')
 7 SYSTEMPATH\CodeIgniter.php(502): CodeIgniter\CodeIgniter->runController(Object(App\Controllers\Rusun))
 8 SYSTEMPATH\CodeIgniter.php(361): CodeIgniter\CodeIgniter->handleRequest(null, Object(Config\Cache), false)
 9 FCPATH\index.php(79): CodeIgniter\CodeIgniter->run()
10 SYSTEMPATH\Commands\Server\rewrite.php(47): require_once('C:\\2023project\\aparus\\public\\index.php')
INFO - 2023-11-30 09:35:55 --> Session: Class initialized using 'CodeIgniter\Session\Handlers\FileHandler' driver.
CRITICAL - 2023-11-30 09:35:55 --> Trying to access array offset on value of type null
in APPPATH\Views\rusun\lantai.php on line 56.
 1 APPPATH\Views\rusun\lantai.php(56): CodeIgniter\Debug\Exceptions->errorHandler(8, 'Trying to access array offset on value of type null', 'C:\\2023project\\aparus\\app\\Views\\rusun\\lantai.php', 56, [...])
 2 SYSTEMPATH\View\View.php(228): include('C:\\2023project\\aparus\\app\\Views\\rusun\\lantai.php')
 3 SYSTEMPATH\View\View.php(231): CodeIgniter\View\View->CodeIgniter\View\{closure}()
 4 SYSTEMPATH\Common.php(1190): CodeIgniter\View\View->render('rusun/lantai', [], true)
 5 APPPATH\Controllers\Rusun.php(136): view('rusun/lantai', [...])
 6 SYSTEMPATH\CodeIgniter.php(942): App\Controllers\Rusun->lantai('assets', 'images', 'companies', 'img-5.png')
 7 SYSTEMPATH\CodeIgniter.php(502): CodeIgniter\CodeIgniter->runController(Object(App\Controllers\Rusun))
 8 SYSTEMPATH\CodeIgniter.php(361): CodeIgniter\CodeIgniter->handleRequest(null, Object(Config\Cache), false)
 9 FCPATH\index.php(79): CodeIgniter\CodeIgniter->run()
10 SYSTEMPATH\Commands\Server\rewrite.php(47): require_once('C:\\2023project\\aparus\\public\\index.php')
INFO - 2023-11-30 09:36:03 --> Session: Class initialized using 'CodeIgniter\Session\Handlers\FileHandler' driver.
ERROR - 2023-11-30 09:36:03 --> mysqli_sql_exception: Column 'lantai_nama' cannot be null in C:\2023project\aparus\system\Database\MySQLi\Connection.php:306
Stack trace:
#0 C:\2023project\aparus\system\Database\MySQLi\Connection.php(306): mysqli->query('INSERT INTO `ap...', 0)
#1 C:\2023project\aparus\system\Database\BaseConnection.php(693): CodeIgniter\Database\MySQLi\Connection->execute('INSERT INTO `ap...')
#2 C:\2023project\aparus\system\Database\BaseConnection.php(607): CodeIgniter\Database\BaseConnection->simpleQuery('INSERT INTO `ap...')
#3 C:\2023project\aparus\system\Database\BaseBuilder.php(2308): CodeIgniter\Database\BaseConnection->query('INSERT INTO `ap...', Array, false)
#4 C:\2023project\aparus\system\Model.php(319): CodeIgniter\Database\BaseBuilder->insert()
#5 C:\2023project\aparus\system\BaseModel.php(788): CodeIgniter\Model->doInsert(Array)
#6 C:\2023project\aparus\system\Model.php(715): CodeIgniter\BaseModel->insert(Array, false)
#7 C:\2023project\aparus\system\BaseModel.php(698): CodeIgniter\Model->insert(Array, false)
#8 C:\2023project\aparus\app\Controllers\Rusun.php(149): CodeIgniter\BaseModel->save(Array)
#9 C:\2023project\aparus\system\CodeIgniter.php(942): App\Controllers\Rusun->tambahLantai()
#10 C:\2023project\aparus\system\CodeIgniter.php(502): CodeIgniter\CodeIgniter->runController(Object(App\Controllers\Rusun))
#11 C:\2023project\aparus\system\CodeIgniter.php(361): CodeIgniter\CodeIgniter->handleRequest(NULL, Object(Config\Cache), false)
#12 C:\2023project\aparus\public\index.php(79): CodeIgniter\CodeIgniter->run()
#13 C:\2023project\aparus\system\Commands\Server\rewrite.php(47): require_once('C:\\2023project\\...')
#14 {main}
CRITICAL - 2023-11-30 09:36:03 --> Column 'lantai_nama' cannot be null
in SYSTEMPATH\Database\BaseConnection.php on line 647.
 1 SYSTEMPATH\Database\BaseBuilder.php(2308): CodeIgniter\Database\BaseConnection->query('INSERT INTO `aprs_master_lantai` (`lantai_nama`, `lantai_kode`, `id_rusun`) VALUES (:lantai_nama:, :lantai_kode:, :id_rusun:)', [...], false)
 2 SYSTEMPATH\Model.php(319): CodeIgniter\Database\BaseBuilder->insert()
 3 SYSTEMPATH\BaseModel.php(788): CodeIgniter\Model->doInsert([...])
 4 SYSTEMPATH\Model.php(715): CodeIgniter\BaseModel->insert([...], false)
 5 SYSTEMPATH\BaseModel.php(698): CodeIgniter\Model->insert([...], false)
 6 APPPATH\Controllers\Rusun.php(149): CodeIgniter\BaseModel->save([...])
 7 SYSTEMPATH\CodeIgniter.php(942): App\Controllers\Rusun->tambahLantai()
 8 SYSTEMPATH\CodeIgniter.php(502): CodeIgniter\CodeIgniter->runController(Object(App\Controllers\Rusun))
 9 SYSTEMPATH\CodeIgniter.php(361): CodeIgniter\CodeIgniter->handleRequest(null, Object(Config\Cache), false)
10 FCPATH\index.php(79): CodeIgniter\CodeIgniter->run()
11 SYSTEMPATH\Commands\Server\rewrite.php(47): require_once('C:\\2023project\\aparus\\public\\index.php')
INFO - 2023-11-30 09:36:23 --> Session: Class initialized using 'CodeIgniter\Session\Handlers\FileHandler' driver.
INFO - 2023-11-30 09:36:24 --> Session: Class initialized using 'CodeIgniter\Session\Handlers\FileHandler' driver.
CRITICAL - 2023-11-30 09:36:24 --> Trying to access array offset on value of type null
in APPPATH\Views\rusun\lantai.php on line 56.
 1 APPPATH\Views\rusun\lantai.php(56): CodeIgniter\Debug\Exceptions->errorHandler(8, 'Trying to access array offset on value of type null', 'C:\\2023project\\aparus\\app\\Views\\rusun\\lantai.php', 56, [...])
 2 SYSTEMPATH\View\View.php(228): include('C:\\2023project\\aparus\\app\\Views\\rusun\\lantai.php')
 3 SYSTEMPATH\View\View.php(231): CodeIgniter\View\View->CodeIgniter\View\{closure}()
 4 SYSTEMPATH\Common.php(1190): CodeIgniter\View\View->render('rusun/lantai', [], true)
 5 APPPATH\Controllers\Rusun.php(136): view('rusun/lantai', [...])
 6 SYSTEMPATH\CodeIgniter.php(942): App\Controllers\Rusun->lantai('assets', 'images', 'companies', 'img-1.png')
 7 SYSTEMPATH\CodeIgniter.php(502): CodeIgniter\CodeIgniter->runController(Object(App\Controllers\Rusun))
 8 SYSTEMPATH\CodeIgniter.php(361): CodeIgniter\CodeIgniter->handleRequest(null, Object(Config\Cache), false)
 9 FCPATH\index.php(79): CodeIgniter\CodeIgniter->run()
10 SYSTEMPATH\Commands\Server\rewrite.php(47): require_once('C:\\2023project\\aparus\\public\\index.php')
INFO - 2023-11-30 09:36:24 --> Session: Class initialized using 'CodeIgniter\Session\Handlers\FileHandler' driver.
CRITICAL - 2023-11-30 09:36:24 --> Trying to access array offset on value of type null
in APPPATH\Views\rusun\lantai.php on line 56.
 1 APPPATH\Views\rusun\lantai.php(56): CodeIgniter\Debug\Exceptions->errorHandler(8, 'Trying to access array offset on value of type null', 'C:\\2023project\\aparus\\app\\Views\\rusun\\lantai.php', 56, [...])
 2 SYSTEMPATH\View\View.php(228): include('C:\\2023project\\aparus\\app\\Views\\rusun\\lantai.php')
 3 SYSTEMPATH\View\View.php(231): CodeIgniter\View\View->CodeIgniter\View\{closure}()
 4 SYSTEMPATH\Common.php(1190): CodeIgniter\View\View->render('rusun/lantai', [], true)
 5 APPPATH\Controllers\Rusun.php(136): view('rusun/lantai', [...])
 6 SYSTEMPATH\CodeIgniter.php(942): App\Controllers\Rusun->lantai('assets', 'images', 'companies', 'img-3.png')
 7 SYSTEMPATH\CodeIgniter.php(502): CodeIgniter\CodeIgniter->runController(Object(App\Controllers\Rusun))
 8 SYSTEMPATH\CodeIgniter.php(361): CodeIgniter\CodeIgniter->handleRequest(null, Object(Config\Cache), false)
 9 FCPATH\index.php(79): CodeIgniter\CodeIgniter->run()
10 SYSTEMPATH\Commands\Server\rewrite.php(47): require_once('C:\\2023project\\aparus\\public\\index.php')
INFO - 2023-11-30 09:36:24 --> Session: Class initialized using 'CodeIgniter\Session\Handlers\FileHandler' driver.
CRITICAL - 2023-11-30 09:36:24 --> Trying to access array offset on value of type null
in APPPATH\Views\rusun\lantai.php on line 56.
 1 APPPATH\Views\rusun\lantai.php(56): CodeIgniter\Debug\Exceptions->errorHandler(8, 'Trying to access array offset on value of type null', 'C:\\2023project\\aparus\\app\\Views\\rusun\\lantai.php', 56, [...])
 2 SYSTEMPATH\View\View.php(228): include('C:\\2023project\\aparus\\app\\Views\\rusun\\lantai.php')
 3 SYSTEMPATH\View\View.php(231): CodeIgniter\View\View->CodeIgniter\View\{closure}()
 4 SYSTEMPATH\Common.php(1190): CodeIgniter\View\View->render('rusun/lantai', [], true)
 5 APPPATH\Controllers\Rusun.php(136): view('rusun/lantai', [...])
 6 SYSTEMPATH\CodeIgniter.php(942): App\Controllers\Rusun->lantai('assets', 'images', 'companies', 'img-2.png')
 7 SYSTEMPATH\CodeIgniter.php(502): CodeIgniter\CodeIgniter->runController(Object(App\Controllers\Rusun))
 8 SYSTEMPATH\CodeIgniter.php(361): CodeIgniter\CodeIgniter->handleRequest(null, Object(Config\Cache), false)
 9 FCPATH\index.php(79): CodeIgniter\CodeIgniter->run()
10 SYSTEMPATH\Commands\Server\rewrite.php(47): require_once('C:\\2023project\\aparus\\public\\index.php')
INFO - 2023-11-30 09:36:24 --> Session: Class initialized using 'CodeIgniter\Session\Handlers\FileHandler' driver.
CRITICAL - 2023-11-30 09:36:24 --> Trying to access array offset on value of type null
in APPPATH\Views\rusun\lantai.php on line 56.
 1 APPPATH\Views\rusun\lantai.php(56): CodeIgniter\Debug\Exceptions->errorHandler(8, 'Trying to access array offset on value of type null', 'C:\\2023project\\aparus\\app\\Views\\rusun\\lantai.php', 56, [...])
 2 SYSTEMPATH\View\View.php(228): include('C:\\2023project\\aparus\\app\\Views\\rusun\\lantai.php')
 3 SYSTEMPATH\View\View.php(231): CodeIgniter\View\View->CodeIgniter\View\{closure}()
 4 SYSTEMPATH\Common.php(1190): CodeIgniter\View\View->render('rusun/lantai', [], true)
 5 APPPATH\Controllers\Rusun.php(136): view('rusun/lantai', [...])
 6 SYSTEMPATH\CodeIgniter.php(942): App\Controllers\Rusun->lantai('assets', 'images', 'companies', 'img-4.png')
 7 SYSTEMPATH\CodeIgniter.php(502): CodeIgniter\CodeIgniter->runController(Object(App\Controllers\Rusun))
 8 SYSTEMPATH\CodeIgniter.php(361): CodeIgniter\CodeIgniter->handleRequest(null, Object(Config\Cache), false)
 9 FCPATH\index.php(79): CodeIgniter\CodeIgniter->run()
10 SYSTEMPATH\Commands\Server\rewrite.php(47): require_once('C:\\2023project\\aparus\\public\\index.php')
INFO - 2023-11-30 09:36:24 --> Session: Class initialized using 'CodeIgniter\Session\Handlers\FileHandler' driver.
CRITICAL - 2023-11-30 09:36:24 --> Trying to access array offset on value of type null
in APPPATH\Views\rusun\lantai.php on line 56.
 1 APPPATH\Views\rusun\lantai.php(56): CodeIgniter\Debug\Exceptions->errorHandler(8, 'Trying to access array offset on value of type null', 'C:\\2023project\\aparus\\app\\Views\\rusun\\lantai.php', 56, [...])
 2 SYSTEMPATH\View\View.php(228): include('C:\\2023project\\aparus\\app\\Views\\rusun\\lantai.php')
 3 SYSTEMPATH\View\View.php(231): CodeIgniter\View\View->CodeIgniter\View\{closure}()
 4 SYSTEMPATH\Common.php(1190): CodeIgniter\View\View->render('rusun/lantai', [], true)
 5 APPPATH\Controllers\Rusun.php(136): view('rusun/lantai', [...])
 6 SYSTEMPATH\CodeIgniter.php(942): App\Controllers\Rusun->lantai('assets', 'images', 'companies', 'img-5.png')
 7 SYSTEMPATH\CodeIgniter.php(502): CodeIgniter\CodeIgniter->runController(Object(App\Controllers\Rusun))
 8 SYSTEMPATH\CodeIgniter.php(361): CodeIgniter\CodeIgniter->handleRequest(null, Object(Config\Cache), false)
 9 FCPATH\index.php(79): CodeIgniter\CodeIgniter->run()
10 SYSTEMPATH\Commands\Server\rewrite.php(47): require_once('C:\\2023project\\aparus\\public\\index.php')
INFO - 2023-11-30 09:36:29 --> Session: Class initialized using 'CodeIgniter\Session\Handlers\FileHandler' driver.
INFO - 2023-11-30 09:36:29 --> Session: Class initialized using 'CodeIgniter\Session\Handlers\FileHandler' driver.
CRITICAL - 2023-11-30 09:36:29 --> Trying to access array offset on value of type null
in APPPATH\Views\rusun\lantai.php on line 56.
 1 APPPATH\Views\rusun\lantai.php(56): CodeIgniter\Debug\Exceptions->errorHandler(8, 'Trying to access array offset on value of type null', 'C:\\2023project\\aparus\\app\\Views\\rusun\\lantai.php', 56, [...])
 2 SYSTEMPATH\View\View.php(228): include('C:\\2023project\\aparus\\app\\Views\\rusun\\lantai.php')
 3 SYSTEMPATH\View\View.php(231): CodeIgniter\View\View->CodeIgniter\View\{closure}()
 4 SYSTEMPATH\Common.php(1190): CodeIgniter\View\View->render('rusun/lantai', [], true)
 5 APPPATH\Controllers\Rusun.php(136): view('rusun/lantai', [...])
 6 SYSTEMPATH\CodeIgniter.php(942): App\Controllers\Rusun->lantai('assets', 'images', 'companies', 'img-1.png')
 7 SYSTEMPATH\CodeIgniter.php(502): CodeIgniter\CodeIgniter->runController(Object(App\Controllers\Rusun))
 8 SYSTEMPATH\CodeIgniter.php(361): CodeIgniter\CodeIgniter->handleRequest(null, Object(Config\Cache), false)
 9 FCPATH\index.php(79): CodeIgniter\CodeIgniter->run()
10 SYSTEMPATH\Commands\Server\rewrite.php(47): require_once('C:\\2023project\\aparus\\public\\index.php')
INFO - 2023-11-30 09:36:29 --> Session: Class initialized using 'CodeIgniter\Session\Handlers\FileHandler' driver.
CRITICAL - 2023-11-30 09:36:29 --> Trying to access array offset on value of type null
in APPPATH\Views\rusun\lantai.php on line 56.
 1 APPPATH\Views\rusun\lantai.php(56): CodeIgniter\Debug\Exceptions->errorHandler(8, 'Trying to access array offset on value of type null', 'C:\\2023project\\aparus\\app\\Views\\rusun\\lantai.php', 56, [...])
 2 SYSTEMPATH\View\View.php(228): include('C:\\2023project\\aparus\\app\\Views\\rusun\\lantai.php')
 3 SYSTEMPATH\View\View.php(231): CodeIgniter\View\View->CodeIgniter\View\{closure}()
 4 SYSTEMPATH\Common.php(1190): CodeIgniter\View\View->render('rusun/lantai', [], true)
 5 APPPATH\Controllers\Rusun.php(136): view('rusun/lantai', [...])
 6 SYSTEMPATH\CodeIgniter.php(942): App\Controllers\Rusun->lantai('assets', 'images', 'companies', 'img-3.png')
 7 SYSTEMPATH\CodeIgniter.php(502): CodeIgniter\CodeIgniter->runController(Object(App\Controllers\Rusun))
 8 SYSTEMPATH\CodeIgniter.php(361): CodeIgniter\CodeIgniter->handleRequest(null, Object(Config\Cache), false)
 9 FCPATH\index.php(79): CodeIgniter\CodeIgniter->run()
10 SYSTEMPATH\Commands\Server\rewrite.php(47): require_once('C:\\2023project\\aparus\\public\\index.php')
INFO - 2023-11-30 09:36:29 --> Session: Class initialized using 'CodeIgniter\Session\Handlers\FileHandler' driver.
CRITICAL - 2023-11-30 09:36:29 --> Trying to access array offset on value of type null
in APPPATH\Views\rusun\lantai.php on line 56.
 1 APPPATH\Views\rusun\lantai.php(56): CodeIgniter\Debug\Exceptions->errorHandler(8, 'Trying to access array offset on value of type null', 'C:\\2023project\\aparus\\app\\Views\\rusun\\lantai.php', 56, [...])
 2 SYSTEMPATH\View\View.php(228): include('C:\\2023project\\aparus\\app\\Views\\rusun\\lantai.php')
 3 SYSTEMPATH\View\View.php(231): CodeIgniter\View\View->CodeIgniter\View\{closure}()
 4 SYSTEMPATH\Common.php(1190): CodeIgniter\View\View->render('rusun/lantai', [], true)
 5 APPPATH\Controllers\Rusun.php(136): view('rusun/lantai', [...])
 6 SYSTEMPATH\CodeIgniter.php(942): App\Controllers\Rusun->lantai('assets', 'images', 'companies', 'img-2.png')
 7 SYSTEMPATH\CodeIgniter.php(502): CodeIgniter\CodeIgniter->runController(Object(App\Controllers\Rusun))
 8 SYSTEMPATH\CodeIgniter.php(361): CodeIgniter\CodeIgniter->handleRequest(null, Object(Config\Cache), false)
 9 FCPATH\index.php(79): CodeIgniter\CodeIgniter->run()
10 SYSTEMPATH\Commands\Server\rewrite.php(47): require_once('C:\\2023project\\aparus\\public\\index.php')
INFO - 2023-11-30 09:36:29 --> Session: Class initialized using 'CodeIgniter\Session\Handlers\FileHandler' driver.
CRITICAL - 2023-11-30 09:36:29 --> Trying to access array offset on value of type null
in APPPATH\Views\rusun\lantai.php on line 56.
 1 APPPATH\Views\rusun\lantai.php(56): CodeIgniter\Debug\Exceptions->errorHandler(8, 'Trying to access array offset on value of type null', 'C:\\2023project\\aparus\\app\\Views\\rusun\\lantai.php', 56, [...])
 2 SYSTEMPATH\View\View.php(228): include('C:\\2023project\\aparus\\app\\Views\\rusun\\lantai.php')
 3 SYSTEMPATH\View\View.php(231): CodeIgniter\View\View->CodeIgniter\View\{closure}()
 4 SYSTEMPATH\Common.php(1190): CodeIgniter\View\View->render('rusun/lantai', [], true)
 5 APPPATH\Controllers\Rusun.php(136): view('rusun/lantai', [...])
 6 SYSTEMPATH\CodeIgniter.php(942): App\Controllers\Rusun->lantai('assets', 'images', 'companies', 'img-4.png')
 7 SYSTEMPATH\CodeIgniter.php(502): CodeIgniter\CodeIgniter->runController(Object(App\Controllers\Rusun))
 8 SYSTEMPATH\CodeIgniter.php(361): CodeIgniter\CodeIgniter->handleRequest(null, Object(Config\Cache), false)
 9 FCPATH\index.php(79): CodeIgniter\CodeIgniter->run()
10 SYSTEMPATH\Commands\Server\rewrite.php(47): require_once('C:\\2023project\\aparus\\public\\index.php')
INFO - 2023-11-30 09:36:30 --> Session: Class initialized using 'CodeIgniter\Session\Handlers\FileHandler' driver.
CRITICAL - 2023-11-30 09:36:30 --> Trying to access array offset on value of type null
in APPPATH\Views\rusun\lantai.php on line 56.
 1 APPPATH\Views\rusun\lantai.php(56): CodeIgniter\Debug\Exceptions->errorHandler(8, 'Trying to access array offset on value of type null', 'C:\\2023project\\aparus\\app\\Views\\rusun\\lantai.php', 56, [...])
 2 SYSTEMPATH\View\View.php(228): include('C:\\2023project\\aparus\\app\\Views\\rusun\\lantai.php')
 3 SYSTEMPATH\View\View.php(231): CodeIgniter\View\View->CodeIgniter\View\{closure}()
 4 SYSTEMPATH\Common.php(1190): CodeIgniter\View\View->render('rusun/lantai', [], true)
 5 APPPATH\Controllers\Rusun.php(136): view('rusun/lantai', [...])
 6 SYSTEMPATH\CodeIgniter.php(942): App\Controllers\Rusun->lantai('assets', 'images', 'companies', 'img-5.png')
 7 SYSTEMPATH\CodeIgniter.php(502): CodeIgniter\CodeIgniter->runController(Object(App\Controllers\Rusun))
 8 SYSTEMPATH\CodeIgniter.php(361): CodeIgniter\CodeIgniter->handleRequest(null, Object(Config\Cache), false)
 9 FCPATH\index.php(79): CodeIgniter\CodeIgniter->run()
10 SYSTEMPATH\Commands\Server\rewrite.php(47): require_once('C:\\2023project\\aparus\\public\\index.php')
INFO - 2023-11-30 09:36:36 --> Session: Class initialized using 'CodeIgniter\Session\Handlers\FileHandler' driver.
INFO - 2023-11-30 09:36:37 --> Session: Class initialized using 'CodeIgniter\Session\Handlers\FileHandler' driver.
INFO - 2023-11-30 09:36:37 --> Session: Class initialized using 'CodeIgniter\Session\Handlers\FileHandler' driver.
CRITICAL - 2023-11-30 09:36:37 --> Trying to access array offset on value of type null
in APPPATH\Views\rusun\lantai.php on line 56.
 1 APPPATH\Views\rusun\lantai.php(56): CodeIgniter\Debug\Exceptions->errorHandler(8, 'Trying to access array offset on value of type null', 'C:\\2023project\\aparus\\app\\Views\\rusun\\lantai.php', 56, [...])
 2 SYSTEMPATH\View\View.php(228): include('C:\\2023project\\aparus\\app\\Views\\rusun\\lantai.php')
 3 SYSTEMPATH\View\View.php(231): CodeIgniter\View\View->CodeIgniter\View\{closure}()
 4 SYSTEMPATH\Common.php(1190): CodeIgniter\View\View->render('rusun/lantai', [], true)
 5 APPPATH\Controllers\Rusun.php(136): view('rusun/lantai', [...])
 6 SYSTEMPATH\CodeIgniter.php(942): App\Controllers\Rusun->lantai('assets', 'images', 'companies', 'img-1.png')
 7 SYSTEMPATH\CodeIgniter.php(502): CodeIgniter\CodeIgniter->runController(Object(App\Controllers\Rusun))
 8 SYSTEMPATH\CodeIgniter.php(361): CodeIgniter\CodeIgniter->handleRequest(null, Object(Config\Cache), false)
 9 FCPATH\index.php(79): CodeIgniter\CodeIgniter->run()
10 SYSTEMPATH\Commands\Server\rewrite.php(47): require_once('C:\\2023project\\aparus\\public\\index.php')
INFO - 2023-11-30 09:36:37 --> Session: Class initialized using 'CodeIgniter\Session\Handlers\FileHandler' driver.
CRITICAL - 2023-11-30 09:36:37 --> Trying to access array offset on value of type null
in APPPATH\Views\rusun\lantai.php on line 56.
 1 APPPATH\Views\rusun\lantai.php(56): CodeIgniter\Debug\Exceptions->errorHandler(8, 'Trying to access array offset on value of type null', 'C:\\2023project\\aparus\\app\\Views\\rusun\\lantai.php', 56, [...])
 2 SYSTEMPATH\View\View.php(228): include('C:\\2023project\\aparus\\app\\Views\\rusun\\lantai.php')
 3 SYSTEMPATH\View\View.php(231): CodeIgniter\View\View->CodeIgniter\View\{closure}()
 4 SYSTEMPATH\Common.php(1190): CodeIgniter\View\View->render('rusun/lantai', [], true)
 5 APPPATH\Controllers\Rusun.php(136): view('rusun/lantai', [...])
 6 SYSTEMPATH\CodeIgniter.php(942): App\Controllers\Rusun->lantai('assets', 'images', 'companies', 'img-3.png')
 7 SYSTEMPATH\CodeIgniter.php(502): CodeIgniter\CodeIgniter->runController(Object(App\Controllers\Rusun))
 8 SYSTEMPATH\CodeIgniter.php(361): CodeIgniter\CodeIgniter->handleRequest(null, Object(Config\Cache), false)
 9 FCPATH\index.php(79): CodeIgniter\CodeIgniter->run()
10 SYSTEMPATH\Commands\Server\rewrite.php(47): require_once('C:\\2023project\\aparus\\public\\index.php')
INFO - 2023-11-30 09:36:37 --> Session: Class initialized using 'CodeIgniter\Session\Handlers\FileHandler' driver.
CRITICAL - 2023-11-30 09:36:37 --> Trying to access array offset on value of type null
in APPPATH\Views\rusun\lantai.php on line 56.
 1 APPPATH\Views\rusun\lantai.php(56): CodeIgniter\Debug\Exceptions->errorHandler(8, 'Trying to access array offset on value of type null', 'C:\\2023project\\aparus\\app\\Views\\rusun\\lantai.php', 56, [...])
 2 SYSTEMPATH\View\View.php(228): include('C:\\2023project\\aparus\\app\\Views\\rusun\\lantai.php')
 3 SYSTEMPATH\View\View.php(231): CodeIgniter\View\View->CodeIgniter\View\{closure}()
 4 SYSTEMPATH\Common.php(1190): CodeIgniter\View\View->render('rusun/lantai', [], true)
 5 APPPATH\Controllers\Rusun.php(136): view('rusun/lantai', [...])
 6 SYSTEMPATH\CodeIgniter.php(942): App\Controllers\Rusun->lantai('assets', 'images', 'companies', 'img-2.png')
 7 SYSTEMPATH\CodeIgniter.php(502): CodeIgniter\CodeIgniter->runController(Object(App\Controllers\Rusun))
 8 SYSTEMPATH\CodeIgniter.php(361): CodeIgniter\CodeIgniter->handleRequest(null, Object(Config\Cache), false)
 9 FCPATH\index.php(79): CodeIgniter\CodeIgniter->run()
10 SYSTEMPATH\Commands\Server\rewrite.php(47): require_once('C:\\2023project\\aparus\\public\\index.php')
INFO - 2023-11-30 09:36:37 --> Session: Class initialized using 'CodeIgniter\Session\Handlers\FileHandler' driver.
CRITICAL - 2023-11-30 09:36:37 --> Trying to access array offset on value of type null
in APPPATH\Views\rusun\lantai.php on line 56.
 1 APPPATH\Views\rusun\lantai.php(56): CodeIgniter\Debug\Exceptions->errorHandler(8, 'Trying to access array offset on value of type null', 'C:\\2023project\\aparus\\app\\Views\\rusun\\lantai.php', 56, [...])
 2 SYSTEMPATH\View\View.php(228): include('C:\\2023project\\aparus\\app\\Views\\rusun\\lantai.php')
 3 SYSTEMPATH\View\View.php(231): CodeIgniter\View\View->CodeIgniter\View\{closure}()
 4 SYSTEMPATH\Common.php(1190): CodeIgniter\View\View->render('rusun/lantai', [], true)
 5 APPPATH\Controllers\Rusun.php(136): view('rusun/lantai', [...])
 6 SYSTEMPATH\CodeIgniter.php(942): App\Controllers\Rusun->lantai('assets', 'images', 'companies', 'img-4.png')
 7 SYSTEMPATH\CodeIgniter.php(502): CodeIgniter\CodeIgniter->runController(Object(App\Controllers\Rusun))
 8 SYSTEMPATH\CodeIgniter.php(361): CodeIgniter\CodeIgniter->handleRequest(null, Object(Config\Cache), false)
 9 FCPATH\index.php(79): CodeIgniter\CodeIgniter->run()
10 SYSTEMPATH\Commands\Server\rewrite.php(47): require_once('C:\\2023project\\aparus\\public\\index.php')
INFO - 2023-11-30 09:36:37 --> Session: Class initialized using 'CodeIgniter\Session\Handlers\FileHandler' driver.
CRITICAL - 2023-11-30 09:36:37 --> Trying to access array offset on value of type null
in APPPATH\Views\rusun\lantai.php on line 56.
 1 APPPATH\Views\rusun\lantai.php(56): CodeIgniter\Debug\Exceptions->errorHandler(8, 'Trying to access array offset on value of type null', 'C:\\2023project\\aparus\\app\\Views\\rusun\\lantai.php', 56, [...])
 2 SYSTEMPATH\View\View.php(228): include('C:\\2023project\\aparus\\app\\Views\\rusun\\lantai.php')
 3 SYSTEMPATH\View\View.php(231): CodeIgniter\View\View->CodeIgniter\View\{closure}()
 4 SYSTEMPATH\Common.php(1190): CodeIgniter\View\View->render('rusun/lantai', [], true)
 5 APPPATH\Controllers\Rusun.php(136): view('rusun/lantai', [...])
 6 SYSTEMPATH\CodeIgniter.php(942): App\Controllers\Rusun->lantai('assets', 'images', 'companies', 'img-5.png')
 7 SYSTEMPATH\CodeIgniter.php(502): CodeIgniter\CodeIgniter->runController(Object(App\Controllers\Rusun))
 8 SYSTEMPATH\CodeIgniter.php(361): CodeIgniter\CodeIgniter->handleRequest(null, Object(Config\Cache), false)
 9 FCPATH\index.php(79): CodeIgniter\CodeIgniter->run()
10 SYSTEMPATH\Commands\Server\rewrite.php(47): require_once('C:\\2023project\\aparus\\public\\index.php')
INFO - 2023-11-30 09:38:04 --> Session: Class initialized using 'CodeIgniter\Session\Handlers\FileHandler' driver.
INFO - 2023-11-30 09:38:04 --> Session: Class initialized using 'CodeIgniter\Session\Handlers\FileHandler' driver.
CRITICAL - 2023-11-30 09:38:04 --> Trying to access array offset on value of type null
in APPPATH\Views\rusun\lantai.php on line 70.
 1 APPPATH\Views\rusun\lantai.php(70): CodeIgniter\Debug\Exceptions->errorHandler(8, 'Trying to access array offset on value of type null', 'C:\\2023project\\aparus\\app\\Views\\rusun\\lantai.php', 70, [...])
 2 SYSTEMPATH\View\View.php(228): include('C:\\2023project\\aparus\\app\\Views\\rusun\\lantai.php')
 3 SYSTEMPATH\View\View.php(231): CodeIgniter\View\View->CodeIgniter\View\{closure}()
 4 SYSTEMPATH\Common.php(1190): CodeIgniter\View\View->render('rusun/lantai', [], true)
 5 APPPATH\Controllers\Rusun.php(136): view('rusun/lantai', [...])
 6 SYSTEMPATH\CodeIgniter.php(942): App\Controllers\Rusun->lantai('assets', 'images', 'companies', 'img-1.png')
 7 SYSTEMPATH\CodeIgniter.php(502): CodeIgniter\CodeIgniter->runController(Object(App\Controllers\Rusun))
 8 SYSTEMPATH\CodeIgniter.php(361): CodeIgniter\CodeIgniter->handleRequest(null, Object(Config\Cache), false)
 9 FCPATH\index.php(79): CodeIgniter\CodeIgniter->run()
10 SYSTEMPATH\Commands\Server\rewrite.php(47): require_once('C:\\2023project\\aparus\\public\\index.php')
INFO - 2023-11-30 09:38:04 --> Session: Class initialized using 'CodeIgniter\Session\Handlers\FileHandler' driver.
CRITICAL - 2023-11-30 09:38:04 --> Trying to access array offset on value of type null
in APPPATH\Views\rusun\lantai.php on line 70.
 1 APPPATH\Views\rusun\lantai.php(70): CodeIgniter\Debug\Exceptions->errorHandler(8, 'Trying to access array offset on value of type null', 'C:\\2023project\\aparus\\app\\Views\\rusun\\lantai.php', 70, [...])
 2 SYSTEMPATH\View\View.php(228): include('C:\\2023project\\aparus\\app\\Views\\rusun\\lantai.php')
 3 SYSTEMPATH\View\View.php(231): CodeIgniter\View\View->CodeIgniter\View\{closure}()
 4 SYSTEMPATH\Common.php(1190): CodeIgniter\View\View->render('rusun/lantai', [], true)
 5 APPPATH\Controllers\Rusun.php(136): view('rusun/lantai', [...])
 6 SYSTEMPATH\CodeIgniter.php(942): App\Controllers\Rusun->lantai('assets', 'images', 'companies', 'img-3.png')
 7 SYSTEMPATH\CodeIgniter.php(502): CodeIgniter\CodeIgniter->runController(Object(App\Controllers\Rusun))
 8 SYSTEMPATH\CodeIgniter.php(361): CodeIgniter\CodeIgniter->handleRequest(null, Object(Config\Cache), false)
 9 FCPATH\index.php(79): CodeIgniter\CodeIgniter->run()
10 SYSTEMPATH\Commands\Server\rewrite.php(47): require_once('C:\\2023project\\aparus\\public\\index.php')
INFO - 2023-11-30 09:38:04 --> Session: Class initialized using 'CodeIgniter\Session\Handlers\FileHandler' driver.
CRITICAL - 2023-11-30 09:38:04 --> Trying to access array offset on value of type null
in APPPATH\Views\rusun\lantai.php on line 70.
 1 APPPATH\Views\rusun\lantai.php(70): CodeIgniter\Debug\Exceptions->errorHandler(8, 'Trying to access array offset on value of type null', 'C:\\2023project\\aparus\\app\\Views\\rusun\\lantai.php', 70, [...])
 2 SYSTEMPATH\View\View.php(228): include('C:\\2023project\\aparus\\app\\Views\\rusun\\lantai.php')
 3 SYSTEMPATH\View\View.php(231): CodeIgniter\View\View->CodeIgniter\View\{closure}()
 4 SYSTEMPATH\Common.php(1190): CodeIgniter\View\View->render('rusun/lantai', [], true)
 5 APPPATH\Controllers\Rusun.php(136): view('rusun/lantai', [...])
 6 SYSTEMPATH\CodeIgniter.php(942): App\Controllers\Rusun->lantai('assets', 'images', 'companies', 'img-2.png')
 7 SYSTEMPATH\CodeIgniter.php(502): CodeIgniter\CodeIgniter->runController(Object(App\Controllers\Rusun))
 8 SYSTEMPATH\CodeIgniter.php(361): CodeIgniter\CodeIgniter->handleRequest(null, Object(Config\Cache), false)
 9 FCPATH\index.php(79): CodeIgniter\CodeIgniter->run()
10 SYSTEMPATH\Commands\Server\rewrite.php(47): require_once('C:\\2023project\\aparus\\public\\index.php')
INFO - 2023-11-30 09:38:05 --> Session: Class initialized using 'CodeIgniter\Session\Handlers\FileHandler' driver.
CRITICAL - 2023-11-30 09:38:05 --> Trying to access array offset on value of type null
in APPPATH\Views\rusun\lantai.php on line 70.
 1 APPPATH\Views\rusun\lantai.php(70): CodeIgniter\Debug\Exceptions->errorHandler(8, 'Trying to access array offset on value of type null', 'C:\\2023project\\aparus\\app\\Views\\rusun\\lantai.php', 70, [...])
 2 SYSTEMPATH\View\View.php(228): include('C:\\2023project\\aparus\\app\\Views\\rusun\\lantai.php')
 3 SYSTEMPATH\View\View.php(231): CodeIgniter\View\View->CodeIgniter\View\{closure}()
 4 SYSTEMPATH\Common.php(1190): CodeIgniter\View\View->render('rusun/lantai', [], true)
 5 APPPATH\Controllers\Rusun.php(136): view('rusun/lantai', [...])
 6 SYSTEMPATH\CodeIgniter.php(942): App\Controllers\Rusun->lantai('assets', 'images', 'companies', 'img-4.png')
 7 SYSTEMPATH\CodeIgniter.php(502): CodeIgniter\CodeIgniter->runController(Object(App\Controllers\Rusun))
 8 SYSTEMPATH\CodeIgniter.php(361): CodeIgniter\CodeIgniter->handleRequest(null, Object(Config\Cache), false)
 9 FCPATH\index.php(79): CodeIgniter\CodeIgniter->run()
10 SYSTEMPATH\Commands\Server\rewrite.php(47): require_once('C:\\2023project\\aparus\\public\\index.php')
INFO - 2023-11-30 09:38:05 --> Session: Class initialized using 'CodeIgniter\Session\Handlers\FileHandler' driver.
CRITICAL - 2023-11-30 09:38:05 --> Trying to access array offset on value of type null
in APPPATH\Views\rusun\lantai.php on line 70.
 1 APPPATH\Views\rusun\lantai.php(70): CodeIgniter\Debug\Exceptions->errorHandler(8, 'Trying to access array offset on value of type null', 'C:\\2023project\\aparus\\app\\Views\\rusun\\lantai.php', 70, [...])
 2 SYSTEMPATH\View\View.php(228): include('C:\\2023project\\aparus\\app\\Views\\rusun\\lantai.php')
 3 SYSTEMPATH\View\View.php(231): CodeIgniter\View\View->CodeIgniter\View\{closure}()
 4 SYSTEMPATH\Common.php(1190): CodeIgniter\View\View->render('rusun/lantai', [], true)
 5 APPPATH\Controllers\Rusun.php(136): view('rusun/lantai', [...])
 6 SYSTEMPATH\CodeIgniter.php(942): App\Controllers\Rusun->lantai('assets', 'images', 'companies', 'img-5.png')
 7 SYSTEMPATH\CodeIgniter.php(502): CodeIgniter\CodeIgniter->runController(Object(App\Controllers\Rusun))
 8 SYSTEMPATH\CodeIgniter.php(361): CodeIgniter\CodeIgniter->handleRequest(null, Object(Config\Cache), false)
 9 FCPATH\index.php(79): CodeIgniter\CodeIgniter->run()
10 SYSTEMPATH\Commands\Server\rewrite.php(47): require_once('C:\\2023project\\aparus\\public\\index.php')
INFO - 2023-11-30 09:38:11 --> Session: Class initialized using 'CodeIgniter\Session\Handlers\FileHandler' driver.
INFO - 2023-11-30 09:38:12 --> Session: Class initialized using 'CodeIgniter\Session\Handlers\FileHandler' driver.
INFO - 2023-11-30 09:38:12 --> Session: Class initialized using 'CodeIgniter\Session\Handlers\FileHandler' driver.
CRITICAL - 2023-11-30 09:38:12 --> Trying to access array offset on value of type null
in APPPATH\Views\rusun\lantai.php on line 70.
 1 APPPATH\Views\rusun\lantai.php(70): CodeIgniter\Debug\Exceptions->errorHandler(8, 'Trying to access array offset on value of type null', 'C:\\2023project\\aparus\\app\\Views\\rusun\\lantai.php', 70, [...])
 2 SYSTEMPATH\View\View.php(228): include('C:\\2023project\\aparus\\app\\Views\\rusun\\lantai.php')
 3 SYSTEMPATH\View\View.php(231): CodeIgniter\View\View->CodeIgniter\View\{closure}()
 4 SYSTEMPATH\Common.php(1190): CodeIgniter\View\View->render('rusun/lantai', [], true)
 5 APPPATH\Controllers\Rusun.php(136): view('rusun/lantai', [...])
 6 SYSTEMPATH\CodeIgniter.php(942): App\Controllers\Rusun->lantai('assets', 'images', 'companies', 'img-1.png')
 7 SYSTEMPATH\CodeIgniter.php(502): CodeIgniter\CodeIgniter->runController(Object(App\Controllers\Rusun))
 8 SYSTEMPATH\CodeIgniter.php(361): CodeIgniter\CodeIgniter->handleRequest(null, Object(Config\Cache), false)
 9 FCPATH\index.php(79): CodeIgniter\CodeIgniter->run()
10 SYSTEMPATH\Commands\Server\rewrite.php(47): require_once('C:\\2023project\\aparus\\public\\index.php')
INFO - 2023-11-30 09:38:12 --> Session: Class initialized using 'CodeIgniter\Session\Handlers\FileHandler' driver.
CRITICAL - 2023-11-30 09:38:12 --> Trying to access array offset on value of type null
in APPPATH\Views\rusun\lantai.php on line 70.
 1 APPPATH\Views\rusun\lantai.php(70): CodeIgniter\Debug\Exceptions->errorHandler(8, 'Trying to access array offset on value of type null', 'C:\\2023project\\aparus\\app\\Views\\rusun\\lantai.php', 70, [...])
 2 SYSTEMPATH\View\View.php(228): include('C:\\2023project\\aparus\\app\\Views\\rusun\\lantai.php')
 3 SYSTEMPATH\View\View.php(231): CodeIgniter\View\View->CodeIgniter\View\{closure}()
 4 SYSTEMPATH\Common.php(1190): CodeIgniter\View\View->render('rusun/lantai', [], true)
 5 APPPATH\Controllers\Rusun.php(136): view('rusun/lantai', [...])
 6 SYSTEMPATH\CodeIgniter.php(942): App\Controllers\Rusun->lantai('assets', 'images', 'companies', 'img-4.png')
 7 SYSTEMPATH\CodeIgniter.php(502): CodeIgniter\CodeIgniter->runController(Object(App\Controllers\Rusun))
 8 SYSTEMPATH\CodeIgniter.php(361): CodeIgniter\CodeIgniter->handleRequest(null, Object(Config\Cache), false)
 9 FCPATH\index.php(79): CodeIgniter\CodeIgniter->run()
10 SYSTEMPATH\Commands\Server\rewrite.php(47): require_once('C:\\2023project\\aparus\\public\\index.php')
INFO - 2023-11-30 09:38:12 --> Session: Class initialized using 'CodeIgniter\Session\Handlers\FileHandler' driver.
CRITICAL - 2023-11-30 09:38:12 --> Trying to access array offset on value of type null
in APPPATH\Views\rusun\lantai.php on line 70.
 1 APPPATH\Views\rusun\lantai.php(70): CodeIgniter\Debug\Exceptions->errorHandler(8, 'Trying to access array offset on value of type null', 'C:\\2023project\\aparus\\app\\Views\\rusun\\lantai.php', 70, [...])
 2 SYSTEMPATH\View\View.php(228): include('C:\\2023project\\aparus\\app\\Views\\rusun\\lantai.php')
 3 SYSTEMPATH\View\View.php(231): CodeIgniter\View\View->CodeIgniter\View\{closure}()
 4 SYSTEMPATH\Common.php(1190): CodeIgniter\View\View->render('rusun/lantai', [], true)
 5 APPPATH\Controllers\Rusun.php(136): view('rusun/lantai', [...])
 6 SYSTEMPATH\CodeIgniter.php(942): App\Controllers\Rusun->lantai('assets', 'images', 'companies', 'img-5.png')
 7 SYSTEMPATH\CodeIgniter.php(502): CodeIgniter\CodeIgniter->runController(Object(App\Controllers\Rusun))
 8 SYSTEMPATH\CodeIgniter.php(361): CodeIgniter\CodeIgniter->handleRequest(null, Object(Config\Cache), false)
 9 FCPATH\index.php(79): CodeIgniter\CodeIgniter->run()
10 SYSTEMPATH\Commands\Server\rewrite.php(47): require_once('C:\\2023project\\aparus\\public\\index.php')
INFO - 2023-11-30 09:38:12 --> Session: Class initialized using 'CodeIgniter\Session\Handlers\FileHandler' driver.
CRITICAL - 2023-11-30 09:38:12 --> Trying to access array offset on value of type null
in APPPATH\Views\rusun\lantai.php on line 70.
 1 APPPATH\Views\rusun\lantai.php(70): CodeIgniter\Debug\Exceptions->errorHandler(8, 'Trying to access array offset on value of type null', 'C:\\2023project\\aparus\\app\\Views\\rusun\\lantai.php', 70, [...])
 2 SYSTEMPATH\View\View.php(228): include('C:\\2023project\\aparus\\app\\Views\\rusun\\lantai.php')
 3 SYSTEMPATH\View\View.php(231): CodeIgniter\View\View->CodeIgniter\View\{closure}()
 4 SYSTEMPATH\Common.php(1190): CodeIgniter\View\View->render('rusun/lantai', [], true)
 5 APPPATH\Controllers\Rusun.php(136): view('rusun/lantai', [...])
 6 SYSTEMPATH\CodeIgniter.php(942): App\Controllers\Rusun->lantai('assets', 'images', 'companies', 'img-3.png')
 7 SYSTEMPATH\CodeIgniter.php(502): CodeIgniter\CodeIgniter->runController(Object(App\Controllers\Rusun))
 8 SYSTEMPATH\CodeIgniter.php(361): CodeIgniter\CodeIgniter->handleRequest(null, Object(Config\Cache), false)
 9 FCPATH\index.php(79): CodeIgniter\CodeIgniter->run()
10 SYSTEMPATH\Commands\Server\rewrite.php(47): require_once('C:\\2023project\\aparus\\public\\index.php')
INFO - 2023-11-30 09:38:12 --> Session: Class initialized using 'CodeIgniter\Session\Handlers\FileHandler' driver.
CRITICAL - 2023-11-30 09:38:13 --> Trying to access array offset on value of type null
in APPPATH\Views\rusun\lantai.php on line 70.
 1 APPPATH\Views\rusun\lantai.php(70): CodeIgniter\Debug\Exceptions->errorHandler(8, 'Trying to access array offset on value of type null', 'C:\\2023project\\aparus\\app\\Views\\rusun\\lantai.php', 70, [...])
 2 SYSTEMPATH\View\View.php(228): include('C:\\2023project\\aparus\\app\\Views\\rusun\\lantai.php')
 3 SYSTEMPATH\View\View.php(231): CodeIgniter\View\View->CodeIgniter\View\{closure}()
 4 SYSTEMPATH\Common.php(1190): CodeIgniter\View\View->render('rusun/lantai', [], true)
 5 APPPATH\Controllers\Rusun.php(136): view('rusun/lantai', [...])
 6 SYSTEMPATH\CodeIgniter.php(942): App\Controllers\Rusun->lantai('assets', 'images', 'companies', 'img-2.png')
 7 SYSTEMPATH\CodeIgniter.php(502): CodeIgniter\CodeIgniter->runController(Object(App\Controllers\Rusun))
 8 SYSTEMPATH\CodeIgniter.php(361): CodeIgniter\CodeIgniter->handleRequest(null, Object(Config\Cache), false)
 9 FCPATH\index.php(79): CodeIgniter\CodeIgniter->run()
10 SYSTEMPATH\Commands\Server\rewrite.php(47): require_once('C:\\2023project\\aparus\\public\\index.php')
INFO - 2023-11-30 09:38:48 --> Session: Class initialized using 'CodeIgniter\Session\Handlers\FileHandler' driver.
INFO - 2023-11-30 09:38:48 --> Session: Class initialized using 'CodeIgniter\Session\Handlers\FileHandler' driver.
CRITICAL - 2023-11-30 09:38:48 --> Trying to access array offset on value of type null
in APPPATH\Views\rusun\lantai.php on line 70.
 1 APPPATH\Views\rusun\lantai.php(70): CodeIgniter\Debug\Exceptions->errorHandler(8, 'Trying to access array offset on value of type null', 'C:\\2023project\\aparus\\app\\Views\\rusun\\lantai.php', 70, [...])
 2 SYSTEMPATH\View\View.php(228): include('C:\\2023project\\aparus\\app\\Views\\rusun\\lantai.php')
 3 SYSTEMPATH\View\View.php(231): CodeIgniter\View\View->CodeIgniter\View\{closure}()
 4 SYSTEMPATH\Common.php(1190): CodeIgniter\View\View->render('rusun/lantai', [], true)
 5 APPPATH\Controllers\Rusun.php(136): view('rusun/lantai', [...])
 6 SYSTEMPATH\CodeIgniter.php(942): App\Controllers\Rusun->lantai('assets', 'images', 'companies', 'img-1.png')
 7 SYSTEMPATH\CodeIgniter.php(502): CodeIgniter\CodeIgniter->runController(Object(App\Controllers\Rusun))
 8 SYSTEMPATH\CodeIgniter.php(361): CodeIgniter\CodeIgniter->handleRequest(null, Object(Config\Cache), false)
 9 FCPATH\index.php(79): CodeIgniter\CodeIgniter->run()
10 SYSTEMPATH\Commands\Server\rewrite.php(47): require_once('C:\\2023project\\aparus\\public\\index.php')
INFO - 2023-11-30 09:38:48 --> Session: Class initialized using 'CodeIgniter\Session\Handlers\FileHandler' driver.
CRITICAL - 2023-11-30 09:38:48 --> Trying to access array offset on value of type null
in APPPATH\Views\rusun\lantai.php on line 70.
 1 APPPATH\Views\rusun\lantai.php(70): CodeIgniter\Debug\Exceptions->errorHandler(8, 'Trying to access array offset on value of type null', 'C:\\2023project\\aparus\\app\\Views\\rusun\\lantai.php', 70, [...])
 2 SYSTEMPATH\View\View.php(228): include('C:\\2023project\\aparus\\app\\Views\\rusun\\lantai.php')
 3 SYSTEMPATH\View\View.php(231): CodeIgniter\View\View->CodeIgniter\View\{closure}()
 4 SYSTEMPATH\Common.php(1190): CodeIgniter\View\View->render('rusun/lantai', [], true)
 5 APPPATH\Controllers\Rusun.php(136): view('rusun/lantai', [...])
 6 SYSTEMPATH\CodeIgniter.php(942): App\Controllers\Rusun->lantai('assets', 'images', 'companies', 'img-3.png')
 7 SYSTEMPATH\CodeIgniter.php(502): CodeIgniter\CodeIgniter->runController(Object(App\Controllers\Rusun))
 8 SYSTEMPATH\CodeIgniter.php(361): CodeIgniter\CodeIgniter->handleRequest(null, Object(Config\Cache), false)
 9 FCPATH\index.php(79): CodeIgniter\CodeIgniter->run()
10 SYSTEMPATH\Commands\Server\rewrite.php(47): require_once('C:\\2023project\\aparus\\public\\index.php')
INFO - 2023-11-30 09:38:48 --> Session: Class initialized using 'CodeIgniter\Session\Handlers\FileHandler' driver.
CRITICAL - 2023-11-30 09:38:48 --> Trying to access array offset on value of type null
in APPPATH\Views\rusun\lantai.php on line 70.
 1 APPPATH\Views\rusun\lantai.php(70): CodeIgniter\Debug\Exceptions->errorHandler(8, 'Trying to access array offset on value of type null', 'C:\\2023project\\aparus\\app\\Views\\rusun\\lantai.php', 70, [...])
 2 SYSTEMPATH\View\View.php(228): include('C:\\2023project\\aparus\\app\\Views\\rusun\\lantai.php')
 3 SYSTEMPATH\View\View.php(231): CodeIgniter\View\View->CodeIgniter\View\{closure}()
 4 SYSTEMPATH\Common.php(1190): CodeIgniter\View\View->render('rusun/lantai', [], true)
 5 APPPATH\Controllers\Rusun.php(136): view('rusun/lantai', [...])
 6 SYSTEMPATH\CodeIgniter.php(942): App\Controllers\Rusun->lantai('assets', 'images', 'companies', 'img-2.png')
 7 SYSTEMPATH\CodeIgniter.php(502): CodeIgniter\CodeIgniter->runController(Object(App\Controllers\Rusun))
 8 SYSTEMPATH\CodeIgniter.php(361): CodeIgniter\CodeIgniter->handleRequest(null, Object(Config\Cache), false)
 9 FCPATH\index.php(79): CodeIgniter\CodeIgniter->run()
10 SYSTEMPATH\Commands\Server\rewrite.php(47): require_once('C:\\2023project\\aparus\\public\\index.php')
INFO - 2023-11-30 09:38:48 --> Session: Class initialized using 'CodeIgniter\Session\Handlers\FileHandler' driver.
CRITICAL - 2023-11-30 09:38:48 --> Trying to access array offset on value of type null
in APPPATH\Views\rusun\lantai.php on line 70.
 1 APPPATH\Views\rusun\lantai.php(70): CodeIgniter\Debug\Exceptions->errorHandler(8, 'Trying to access array offset on value of type null', 'C:\\2023project\\aparus\\app\\Views\\rusun\\lantai.php', 70, [...])
 2 SYSTEMPATH\View\View.php(228): include('C:\\2023project\\aparus\\app\\Views\\rusun\\lantai.php')
 3 SYSTEMPATH\View\View.php(231): CodeIgniter\View\View->CodeIgniter\View\{closure}()
 4 SYSTEMPATH\Common.php(1190): CodeIgniter\View\View->render('rusun/lantai', [], true)
 5 APPPATH\Controllers\Rusun.php(136): view('rusun/lantai', [...])
 6 SYSTEMPATH\CodeIgniter.php(942): App\Controllers\Rusun->lantai('assets', 'images', 'companies', 'img-4.png')
 7 SYSTEMPATH\CodeIgniter.php(502): CodeIgniter\CodeIgniter->runController(Object(App\Controllers\Rusun))
 8 SYSTEMPATH\CodeIgniter.php(361): CodeIgniter\CodeIgniter->handleRequest(null, Object(Config\Cache), false)
 9 FCPATH\index.php(79): CodeIgniter\CodeIgniter->run()
10 SYSTEMPATH\Commands\Server\rewrite.php(47): require_once('C:\\2023project\\aparus\\public\\index.php')
INFO - 2023-11-30 09:38:49 --> Session: Class initialized using 'CodeIgniter\Session\Handlers\FileHandler' driver.
CRITICAL - 2023-11-30 09:38:49 --> Trying to access array offset on value of type null
in APPPATH\Views\rusun\lantai.php on line 70.
 1 APPPATH\Views\rusun\lantai.php(70): CodeIgniter\Debug\Exceptions->errorHandler(8, 'Trying to access array offset on value of type null', 'C:\\2023project\\aparus\\app\\Views\\rusun\\lantai.php', 70, [...])
 2 SYSTEMPATH\View\View.php(228): include('C:\\2023project\\aparus\\app\\Views\\rusun\\lantai.php')
 3 SYSTEMPATH\View\View.php(231): CodeIgniter\View\View->CodeIgniter\View\{closure}()
 4 SYSTEMPATH\Common.php(1190): CodeIgniter\View\View->render('rusun/lantai', [], true)
 5 APPPATH\Controllers\Rusun.php(136): view('rusun/lantai', [...])
 6 SYSTEMPATH\CodeIgniter.php(942): App\Controllers\Rusun->lantai('assets', 'images', 'companies', 'img-5.png')
 7 SYSTEMPATH\CodeIgniter.php(502): CodeIgniter\CodeIgniter->runController(Object(App\Controllers\Rusun))
 8 SYSTEMPATH\CodeIgniter.php(361): CodeIgniter\CodeIgniter->handleRequest(null, Object(Config\Cache), false)
 9 FCPATH\index.php(79): CodeIgniter\CodeIgniter->run()
10 SYSTEMPATH\Commands\Server\rewrite.php(47): require_once('C:\\2023project\\aparus\\public\\index.php')
INFO - 2023-11-30 09:39:06 --> Session: Class initialized using 'CodeIgniter\Session\Handlers\FileHandler' driver.
INFO - 2023-11-30 09:39:06 --> Session: Class initialized using 'CodeIgniter\Session\Handlers\FileHandler' driver.
CRITICAL - 2023-11-30 09:39:06 --> Trying to access array offset on value of type null
in APPPATH\Views\rusun\lantai.php on line 70.
 1 APPPATH\Views\rusun\lantai.php(70): CodeIgniter\Debug\Exceptions->errorHandler(8, 'Trying to access array offset on value of type null', 'C:\\2023project\\aparus\\app\\Views\\rusun\\lantai.php', 70, [...])
 2 SYSTEMPATH\View\View.php(228): include('C:\\2023project\\aparus\\app\\Views\\rusun\\lantai.php')
 3 SYSTEMPATH\View\View.php(231): CodeIgniter\View\View->CodeIgniter\View\{closure}()
 4 SYSTEMPATH\Common.php(1190): CodeIgniter\View\View->render('rusun/lantai', [], true)
 5 APPPATH\Controllers\Rusun.php(136): view('rusun/lantai', [...])
 6 SYSTEMPATH\CodeIgniter.php(942): App\Controllers\Rusun->lantai('assets', 'images', 'companies', 'img-1.png')
 7 SYSTEMPATH\CodeIgniter.php(502): CodeIgniter\CodeIgniter->runController(Object(App\Controllers\Rusun))
 8 SYSTEMPATH\CodeIgniter.php(361): CodeIgniter\CodeIgniter->handleRequest(null, Object(Config\Cache), false)
 9 FCPATH\index.php(79): CodeIgniter\CodeIgniter->run()
10 SYSTEMPATH\Commands\Server\rewrite.php(47): require_once('C:\\2023project\\aparus\\public\\index.php')
INFO - 2023-11-30 09:39:07 --> Session: Class initialized using 'CodeIgniter\Session\Handlers\FileHandler' driver.
CRITICAL - 2023-11-30 09:39:07 --> Trying to access array offset on value of type null
in APPPATH\Views\rusun\lantai.php on line 70.
 1 APPPATH\Views\rusun\lantai.php(70): CodeIgniter\Debug\Exceptions->errorHandler(8, 'Trying to access array offset on value of type null', 'C:\\2023project\\aparus\\app\\Views\\rusun\\lantai.php', 70, [...])
 2 SYSTEMPATH\View\View.php(228): include('C:\\2023project\\aparus\\app\\Views\\rusun\\lantai.php')
 3 SYSTEMPATH\View\View.php(231): CodeIgniter\View\View->CodeIgniter\View\{closure}()
 4 SYSTEMPATH\Common.php(1190): CodeIgniter\View\View->render('rusun/lantai', [], true)
 5 APPPATH\Controllers\Rusun.php(136): view('rusun/lantai', [...])
 6 SYSTEMPATH\CodeIgniter.php(942): App\Controllers\Rusun->lantai('assets', 'images', 'companies', 'img-3.png')
 7 SYSTEMPATH\CodeIgniter.php(502): CodeIgniter\CodeIgniter->runController(Object(App\Controllers\Rusun))
 8 SYSTEMPATH\CodeIgniter.php(361): CodeIgniter\CodeIgniter->handleRequest(null, Object(Config\Cache), false)
 9 FCPATH\index.php(79): CodeIgniter\CodeIgniter->run()
10 SYSTEMPATH\Commands\Server\rewrite.php(47): require_once('C:\\2023project\\aparus\\public\\index.php')
INFO - 2023-11-30 09:39:07 --> Session: Class initialized using 'CodeIgniter\Session\Handlers\FileHandler' driver.
CRITICAL - 2023-11-30 09:39:07 --> Trying to access array offset on value of type null
in APPPATH\Views\rusun\lantai.php on line 70.
 1 APPPATH\Views\rusun\lantai.php(70): CodeIgniter\Debug\Exceptions->errorHandler(8, 'Trying to access array offset on value of type null', 'C:\\2023project\\aparus\\app\\Views\\rusun\\lantai.php', 70, [...])
 2 SYSTEMPATH\View\View.php(228): include('C:\\2023project\\aparus\\app\\Views\\rusun\\lantai.php')
 3 SYSTEMPATH\View\View.php(231): CodeIgniter\View\View->CodeIgniter\View\{closure}()
 4 SYSTEMPATH\Common.php(1190): CodeIgniter\View\View->render('rusun/lantai', [], true)
 5 APPPATH\Controllers\Rusun.php(136): view('rusun/lantai', [...])
 6 SYSTEMPATH\CodeIgniter.php(942): App\Controllers\Rusun->lantai('assets', 'images', 'companies', 'img-2.png')
 7 SYSTEMPATH\CodeIgniter.php(502): CodeIgniter\CodeIgniter->runController(Object(App\Controllers\Rusun))
 8 SYSTEMPATH\CodeIgniter.php(361): CodeIgniter\CodeIgniter->handleRequest(null, Object(Config\Cache), false)
 9 FCPATH\index.php(79): CodeIgniter\CodeIgniter->run()
10 SYSTEMPATH\Commands\Server\rewrite.php(47): require_once('C:\\2023project\\aparus\\public\\index.php')
INFO - 2023-11-30 09:39:07 --> Session: Class initialized using 'CodeIgniter\Session\Handlers\FileHandler' driver.
CRITICAL - 2023-11-30 09:39:07 --> Trying to access array offset on value of type null
in APPPATH\Views\rusun\lantai.php on line 70.
 1 APPPATH\Views\rusun\lantai.php(70): CodeIgniter\Debug\Exceptions->errorHandler(8, 'Trying to access array offset on value of type null', 'C:\\2023project\\aparus\\app\\Views\\rusun\\lantai.php', 70, [...])
 2 SYSTEMPATH\View\View.php(228): include('C:\\2023project\\aparus\\app\\Views\\rusun\\lantai.php')
 3 SYSTEMPATH\View\View.php(231): CodeIgniter\View\View->CodeIgniter\View\{closure}()
 4 SYSTEMPATH\Common.php(1190): CodeIgniter\View\View->render('rusun/lantai', [], true)
 5 APPPATH\Controllers\Rusun.php(136): view('rusun/lantai', [...])
 6 SYSTEMPATH\CodeIgniter.php(942): App\Controllers\Rusun->lantai('assets', 'images', 'companies', 'img-4.png')
 7 SYSTEMPATH\CodeIgniter.php(502): CodeIgniter\CodeIgniter->runController(Object(App\Controllers\Rusun))
 8 SYSTEMPATH\CodeIgniter.php(361): CodeIgniter\CodeIgniter->handleRequest(null, Object(Config\Cache), false)
 9 FCPATH\index.php(79): CodeIgniter\CodeIgniter->run()
10 SYSTEMPATH\Commands\Server\rewrite.php(47): require_once('C:\\2023project\\aparus\\public\\index.php')
INFO - 2023-11-30 09:39:07 --> Session: Class initialized using 'CodeIgniter\Session\Handlers\FileHandler' driver.
CRITICAL - 2023-11-30 09:39:07 --> Trying to access array offset on value of type null
in APPPATH\Views\rusun\lantai.php on line 70.
 1 APPPATH\Views\rusun\lantai.php(70): CodeIgniter\Debug\Exceptions->errorHandler(8, 'Trying to access array offset on value of type null', 'C:\\2023project\\aparus\\app\\Views\\rusun\\lantai.php', 70, [...])
 2 SYSTEMPATH\View\View.php(228): include('C:\\2023project\\aparus\\app\\Views\\rusun\\lantai.php')
 3 SYSTEMPATH\View\View.php(231): CodeIgniter\View\View->CodeIgniter\View\{closure}()
 4 SYSTEMPATH\Common.php(1190): CodeIgniter\View\View->render('rusun/lantai', [], true)
 5 APPPATH\Controllers\Rusun.php(136): view('rusun/lantai', [...])
 6 SYSTEMPATH\CodeIgniter.php(942): App\Controllers\Rusun->lantai('assets', 'images', 'companies', 'img-5.png')
 7 SYSTEMPATH\CodeIgniter.php(502): CodeIgniter\CodeIgniter->runController(Object(App\Controllers\Rusun))
 8 SYSTEMPATH\CodeIgniter.php(361): CodeIgniter\CodeIgniter->handleRequest(null, Object(Config\Cache), false)
 9 FCPATH\index.php(79): CodeIgniter\CodeIgniter->run()
10 SYSTEMPATH\Commands\Server\rewrite.php(47): require_once('C:\\2023project\\aparus\\public\\index.php')
INFO - 2023-11-30 09:40:17 --> Session: Class initialized using 'CodeIgniter\Session\Handlers\FileHandler' driver.
INFO - 2023-11-30 09:40:18 --> Session: Class initialized using 'CodeIgniter\Session\Handlers\FileHandler' driver.
CRITICAL - 2023-11-30 09:40:18 --> Trying to access array offset on value of type null
in APPPATH\Views\rusun\lantai.php on line 70.
 1 APPPATH\Views\rusun\lantai.php(70): CodeIgniter\Debug\Exceptions->errorHandler(8, 'Trying to access array offset on value of type null', 'C:\\2023project\\aparus\\app\\Views\\rusun\\lantai.php', 70, [...])
 2 SYSTEMPATH\View\View.php(228): include('C:\\2023project\\aparus\\app\\Views\\rusun\\lantai.php')
 3 SYSTEMPATH\View\View.php(231): CodeIgniter\View\View->CodeIgniter\View\{closure}()
 4 SYSTEMPATH\Common.php(1190): CodeIgniter\View\View->render('rusun/lantai', [], true)
 5 APPPATH\Controllers\Rusun.php(136): view('rusun/lantai', [...])
 6 SYSTEMPATH\CodeIgniter.php(942): App\Controllers\Rusun->lantai('assets', 'images', 'companies', 'img-4.png')
 7 SYSTEMPATH\CodeIgniter.php(502): CodeIgniter\CodeIgniter->runController(Object(App\Controllers\Rusun))
 8 SYSTEMPATH\CodeIgniter.php(361): CodeIgniter\CodeIgniter->handleRequest(null, Object(Config\Cache), false)
 9 FCPATH\index.php(79): CodeIgniter\CodeIgniter->run()
10 SYSTEMPATH\Commands\Server\rewrite.php(47): require_once('C:\\2023project\\aparus\\public\\index.php')
INFO - 2023-11-30 09:40:18 --> Session: Class initialized using 'CodeIgniter\Session\Handlers\FileHandler' driver.
CRITICAL - 2023-11-30 09:40:18 --> Trying to access array offset on value of type null
in APPPATH\Views\rusun\lantai.php on line 70.
 1 APPPATH\Views\rusun\lantai.php(70): CodeIgniter\Debug\Exceptions->errorHandler(8, 'Trying to access array offset on value of type null', 'C:\\2023project\\aparus\\app\\Views\\rusun\\lantai.php', 70, [...])
 2 SYSTEMPATH\View\View.php(228): include('C:\\2023project\\aparus\\app\\Views\\rusun\\lantai.php')
 3 SYSTEMPATH\View\View.php(231): CodeIgniter\View\View->CodeIgniter\View\{closure}()
 4 SYSTEMPATH\Common.php(1190): CodeIgniter\View\View->render('rusun/lantai', [], true)
 5 APPPATH\Controllers\Rusun.php(136): view('rusun/lantai', [...])
 6 SYSTEMPATH\CodeIgniter.php(942): App\Controllers\Rusun->lantai('assets', 'images', 'companies', 'img-5.png')
 7 SYSTEMPATH\CodeIgniter.php(502): CodeIgniter\CodeIgniter->runController(Object(App\Controllers\Rusun))
 8 SYSTEMPATH\CodeIgniter.php(361): CodeIgniter\CodeIgniter->handleRequest(null, Object(Config\Cache), false)
 9 FCPATH\index.php(79): CodeIgniter\CodeIgniter->run()
10 SYSTEMPATH\Commands\Server\rewrite.php(47): require_once('C:\\2023project\\aparus\\public\\index.php')
INFO - 2023-11-30 09:40:18 --> Session: Class initialized using 'CodeIgniter\Session\Handlers\FileHandler' driver.
CRITICAL - 2023-11-30 09:40:18 --> Trying to access array offset on value of type null
in APPPATH\Views\rusun\lantai.php on line 70.
 1 APPPATH\Views\rusun\lantai.php(70): CodeIgniter\Debug\Exceptions->errorHandler(8, 'Trying to access array offset on value of type null', 'C:\\2023project\\aparus\\app\\Views\\rusun\\lantai.php', 70, [...])
 2 SYSTEMPATH\View\View.php(228): include('C:\\2023project\\aparus\\app\\Views\\rusun\\lantai.php')
 3 SYSTEMPATH\View\View.php(231): CodeIgniter\View\View->CodeIgniter\View\{closure}()
 4 SYSTEMPATH\Common.php(1190): CodeIgniter\View\View->render('rusun/lantai', [], true)
 5 APPPATH\Controllers\Rusun.php(136): view('rusun/lantai', [...])
 6 SYSTEMPATH\CodeIgniter.php(942): App\Controllers\Rusun->lantai('assets', 'images', 'companies', 'img-3.png')
 7 SYSTEMPATH\CodeIgniter.php(502): CodeIgniter\CodeIgniter->runController(Object(App\Controllers\Rusun))
 8 SYSTEMPATH\CodeIgniter.php(361): CodeIgniter\CodeIgniter->handleRequest(null, Object(Config\Cache), false)
 9 FCPATH\index.php(79): CodeIgniter\CodeIgniter->run()
10 SYSTEMPATH\Commands\Server\rewrite.php(47): require_once('C:\\2023project\\aparus\\public\\index.php')
INFO - 2023-11-30 09:40:18 --> Session: Class initialized using 'CodeIgniter\Session\Handlers\FileHandler' driver.
CRITICAL - 2023-11-30 09:40:18 --> Trying to access array offset on value of type null
in APPPATH\Views\rusun\lantai.php on line 70.
 1 APPPATH\Views\rusun\lantai.php(70): CodeIgniter\Debug\Exceptions->errorHandler(8, 'Trying to access array offset on value of type null', 'C:\\2023project\\aparus\\app\\Views\\rusun\\lantai.php', 70, [...])
 2 SYSTEMPATH\View\View.php(228): include('C:\\2023project\\aparus\\app\\Views\\rusun\\lantai.php')
 3 SYSTEMPATH\View\View.php(231): CodeIgniter\View\View->CodeIgniter\View\{closure}()
 4 SYSTEMPATH\Common.php(1190): CodeIgniter\View\View->render('rusun/lantai', [], true)
 5 APPPATH\Controllers\Rusun.php(136): view('rusun/lantai', [...])
 6 SYSTEMPATH\CodeIgniter.php(942): App\Controllers\Rusun->lantai('assets', 'images', 'companies', 'img-2.png')
 7 SYSTEMPATH\CodeIgniter.php(502): CodeIgniter\CodeIgniter->runController(Object(App\Controllers\Rusun))
 8 SYSTEMPATH\CodeIgniter.php(361): CodeIgniter\CodeIgniter->handleRequest(null, Object(Config\Cache), false)
 9 FCPATH\index.php(79): CodeIgniter\CodeIgniter->run()
10 SYSTEMPATH\Commands\Server\rewrite.php(47): require_once('C:\\2023project\\aparus\\public\\index.php')
INFO - 2023-11-30 09:41:40 --> Session: Class initialized using 'CodeIgniter\Session\Handlers\FileHandler' driver.
INFO - 2023-11-30 09:42:20 --> Session: Class initialized using 'CodeIgniter\Session\Handlers\FileHandler' driver.
INFO - 2023-11-30 09:42:37 --> Session: Class initialized using 'CodeIgniter\Session\Handlers\FileHandler' driver.
INFO - 2023-11-30 09:43:52 --> Session: Class initialized using 'CodeIgniter\Session\Handlers\FileHandler' driver.
INFO - 2023-11-30 09:44:09 --> Session: Class initialized using 'CodeIgniter\Session\Handlers\FileHandler' driver.
INFO - 2023-11-30 09:44:18 --> Session: Class initialized using 'CodeIgniter\Session\Handlers\FileHandler' driver.
INFO - 2023-11-30 09:45:09 --> Session: Class initialized using 'CodeIgniter\Session\Handlers\FileHandler' driver.
INFO - 2023-11-30 09:46:09 --> Session: Class initialized using 'CodeIgniter\Session\Handlers\FileHandler' driver.
INFO - 2023-11-30 09:46:48 --> Session: Class initialized using 'CodeIgniter\Session\Handlers\FileHandler' driver.
