INFO - 2023-12-02 00:03:32 --> Session: Class initialized using 'CodeIgniter\Session\Handlers\FileHandler' driver.
CRITICAL - 2023-12-02 00:03:32 --> Trying to access array offset on value of type null
in APPPATH\Views\rusun\kamar.php on line 78.
 1 APPPATH\Views\rusun\kamar.php(78): CodeIgniter\Debug\Exceptions->errorHandler(8, 'Trying to access array offset on value of type null', 'C:\\2023project\\aparus\\app\\Views\\rusun\\kamar.php', 78, [...])
 2 SYSTEMPATH\View\View.php(228): include('C:\\2023project\\aparus\\app\\Views\\rusun\\kamar.php')
 3 SYSTEMPATH\View\View.php(231): CodeIgniter\View\View->CodeIgniter\View\{closure}()
 4 SYSTEMPATH\Common.php(1190): CodeIgniter\View\View->render('rusun/kamar', [], true)
 5 APPPATH\Controllers\Rusun.php(275): view('rusun/kamar', [...])
 6 SYSTEMPATH\CodeIgniter.php(942): App\Controllers\Rusun->kamar('10', '11')
 7 SYSTEMPATH\CodeIgniter.php(502): CodeIgniter\CodeIgniter->runController(Object(App\Controllers\Rusun))
 8 SYSTEMPATH\CodeIgniter.php(361): CodeIgniter\CodeIgniter->handleRequest(null, Object(Config\Cache), false)
 9 FCPATH\index.php(79): CodeIgniter\CodeIgniter->run()
10 SYSTEMPATH\Commands\Server\rewrite.php(47): require_once('C:\\2023project\\aparus\\public\\index.php')
INFO - 2023-12-02 00:05:10 --> Session: Class initialized using 'CodeIgniter\Session\Handlers\FileHandler' driver.
CRITICAL - 2023-12-02 00:05:10 --> Trying to access array offset on value of type null
in APPPATH\Views\rusun\kamar.php on line 78.
 1 APPPATH\Views\rusun\kamar.php(78): CodeIgniter\Debug\Exceptions->errorHandler(8, 'Trying to access array offset on value of type null', 'C:\\2023project\\aparus\\app\\Views\\rusun\\kamar.php', 78, [...])
 2 SYSTEMPATH\View\View.php(228): include('C:\\2023project\\aparus\\app\\Views\\rusun\\kamar.php')
 3 SYSTEMPATH\View\View.php(231): CodeIgniter\View\View->CodeIgniter\View\{closure}()
 4 SYSTEMPATH\Common.php(1190): CodeIgniter\View\View->render('rusun/kamar', [], true)
 5 APPPATH\Controllers\Rusun.php(275): view('rusun/kamar', [...])
 6 SYSTEMPATH\CodeIgniter.php(942): App\Controllers\Rusun->kamar('10', '11')
 7 SYSTEMPATH\CodeIgniter.php(502): CodeIgniter\CodeIgniter->runController(Object(App\Controllers\Rusun))
 8 SYSTEMPATH\CodeIgniter.php(361): CodeIgniter\CodeIgniter->handleRequest(null, Object(Config\Cache), false)
 9 FCPATH\index.php(79): CodeIgniter\CodeIgniter->run()
10 SYSTEMPATH\Commands\Server\rewrite.php(47): require_once('C:\\2023project\\aparus\\public\\index.php')
INFO - 2023-12-02 00:06:11 --> Session: Class initialized using 'CodeIgniter\Session\Handlers\FileHandler' driver.
CRITICAL - 2023-12-02 00:06:11 --> Trying to access array offset on value of type null
in APPPATH\Views\rusun\kamar.php on line 78.
 1 APPPATH\Views\rusun\kamar.php(78): CodeIgniter\Debug\Exceptions->errorHandler(8, 'Trying to access array offset on value of type null', 'C:\\2023project\\aparus\\app\\Views\\rusun\\kamar.php', 78, [...])
 2 SYSTEMPATH\View\View.php(228): include('C:\\2023project\\aparus\\app\\Views\\rusun\\kamar.php')
 3 SYSTEMPATH\View\View.php(231): CodeIgniter\View\View->CodeIgniter\View\{closure}()
 4 SYSTEMPATH\Common.php(1190): CodeIgniter\View\View->render('rusun/kamar', [], true)
 5 APPPATH\Controllers\Rusun.php(276): view('rusun/kamar', [...])
 6 SYSTEMPATH\CodeIgniter.php(942): App\Controllers\Rusun->kamar('10', '11')
 7 SYSTEMPATH\CodeIgniter.php(502): CodeIgniter\CodeIgniter->runController(Object(App\Controllers\Rusun))
 8 SYSTEMPATH\CodeIgniter.php(361): CodeIgniter\CodeIgniter->handleRequest(null, Object(Config\Cache), false)
 9 FCPATH\index.php(79): CodeIgniter\CodeIgniter->run()
10 SYSTEMPATH\Commands\Server\rewrite.php(47): require_once('C:\\2023project\\aparus\\public\\index.php')
INFO - 2023-12-02 00:06:12 --> Session: Class initialized using 'CodeIgniter\Session\Handlers\FileHandler' driver.
CRITICAL - 2023-12-02 00:06:13 --> Trying to access array offset on value of type null
in APPPATH\Views\rusun\kamar.php on line 78.
 1 APPPATH\Views\rusun\kamar.php(78): CodeIgniter\Debug\Exceptions->errorHandler(8, 'Trying to access array offset on value of type null', 'C:\\2023project\\aparus\\app\\Views\\rusun\\kamar.php', 78, [...])
 2 SYSTEMPATH\View\View.php(228): include('C:\\2023project\\aparus\\app\\Views\\rusun\\kamar.php')
 3 SYSTEMPATH\View\View.php(231): CodeIgniter\View\View->CodeIgniter\View\{closure}()
 4 SYSTEMPATH\Common.php(1190): CodeIgniter\View\View->render('rusun/kamar', [], true)
 5 APPPATH\Controllers\Rusun.php(276): view('rusun/kamar', [...])
 6 SYSTEMPATH\CodeIgniter.php(942): App\Controllers\Rusun->kamar('10', '11')
 7 SYSTEMPATH\CodeIgniter.php(502): CodeIgniter\CodeIgniter->runController(Object(App\Controllers\Rusun))
 8 SYSTEMPATH\CodeIgniter.php(361): CodeIgniter\CodeIgniter->handleRequest(null, Object(Config\Cache), false)
 9 FCPATH\index.php(79): CodeIgniter\CodeIgniter->run()
10 SYSTEMPATH\Commands\Server\rewrite.php(47): require_once('C:\\2023project\\aparus\\public\\index.php')
INFO - 2023-12-02 00:06:13 --> Session: Class initialized using 'CodeIgniter\Session\Handlers\FileHandler' driver.
CRITICAL - 2023-12-02 00:06:13 --> Trying to access array offset on value of type null
in APPPATH\Views\rusun\kamar.php on line 78.
 1 APPPATH\Views\rusun\kamar.php(78): CodeIgniter\Debug\Exceptions->errorHandler(8, 'Trying to access array offset on value of type null', 'C:\\2023project\\aparus\\app\\Views\\rusun\\kamar.php', 78, [...])
 2 SYSTEMPATH\View\View.php(228): include('C:\\2023project\\aparus\\app\\Views\\rusun\\kamar.php')
 3 SYSTEMPATH\View\View.php(231): CodeIgniter\View\View->CodeIgniter\View\{closure}()
 4 SYSTEMPATH\Common.php(1190): CodeIgniter\View\View->render('rusun/kamar', [], true)
 5 APPPATH\Controllers\Rusun.php(276): view('rusun/kamar', [...])
 6 SYSTEMPATH\CodeIgniter.php(942): App\Controllers\Rusun->kamar('10', '11')
 7 SYSTEMPATH\CodeIgniter.php(502): CodeIgniter\CodeIgniter->runController(Object(App\Controllers\Rusun))
 8 SYSTEMPATH\CodeIgniter.php(361): CodeIgniter\CodeIgniter->handleRequest(null, Object(Config\Cache), false)
 9 FCPATH\index.php(79): CodeIgniter\CodeIgniter->run()
10 SYSTEMPATH\Commands\Server\rewrite.php(47): require_once('C:\\2023project\\aparus\\public\\index.php')
INFO - 2023-12-02 00:06:18 --> Session: Class initialized using 'CodeIgniter\Session\Handlers\FileHandler' driver.
INFO - 2023-12-02 00:06:32 --> Session: Class initialized using 'CodeIgniter\Session\Handlers\FileHandler' driver.
INFO - 2023-12-02 00:06:53 --> Session: Class initialized using 'CodeIgniter\Session\Handlers\FileHandler' driver.
INFO - 2023-12-02 00:07:16 --> Session: Class initialized using 'CodeIgniter\Session\Handlers\FileHandler' driver.
INFO - 2023-12-02 00:08:39 --> Session: Class initialized using 'CodeIgniter\Session\Handlers\FileHandler' driver.
INFO - 2023-12-02 00:09:01 --> Session: Class initialized using 'CodeIgniter\Session\Handlers\FileHandler' driver.
INFO - 2023-12-02 00:10:09 --> Session: Class initialized using 'CodeIgniter\Session\Handlers\FileHandler' driver.
CRITICAL - 2023-12-02 00:10:09 --> Undefined variable: r
in APPPATH\Views\rusun\kamar.php on line 180.
 1 APPPATH\Views\rusun\kamar.php(180): CodeIgniter\Debug\Exceptions->errorHandler(8, 'Undefined variable: r', 'C:\\2023project\\aparus\\app\\Views\\rusun\\kamar.php', 180, [...])
 2 SYSTEMPATH\View\View.php(228): include('C:\\2023project\\aparus\\app\\Views\\rusun\\kamar.php')
 3 SYSTEMPATH\View\View.php(231): CodeIgniter\View\View->CodeIgniter\View\{closure}()
 4 SYSTEMPATH\Common.php(1190): CodeIgniter\View\View->render('rusun/kamar', [], true)
 5 APPPATH\Controllers\Rusun.php(275): view('rusun/kamar', [...])
 6 SYSTEMPATH\CodeIgniter.php(942): App\Controllers\Rusun->kamar('10', '11')
 7 SYSTEMPATH\CodeIgniter.php(502): CodeIgniter\CodeIgniter->runController(Object(App\Controllers\Rusun))
 8 SYSTEMPATH\CodeIgniter.php(361): CodeIgniter\CodeIgniter->handleRequest(null, Object(Config\Cache), false)
 9 FCPATH\index.php(79): CodeIgniter\CodeIgniter->run()
10 SYSTEMPATH\Commands\Server\rewrite.php(47): require_once('C:\\2023project\\aparus\\public\\index.php')
INFO - 2023-12-02 00:10:36 --> Session: Class initialized using 'CodeIgniter\Session\Handlers\FileHandler' driver.
INFO - 2023-12-02 00:11:04 --> Session: Class initialized using 'CodeIgniter\Session\Handlers\FileHandler' driver.
INFO - 2023-12-02 00:11:44 --> Session: Class initialized using 'CodeIgniter\Session\Handlers\FileHandler' driver.
INFO - 2023-12-02 00:12:10 --> Session: Class initialized using 'CodeIgniter\Session\Handlers\FileHandler' driver.
INFO - 2023-12-02 00:12:21 --> Session: Class initialized using 'CodeIgniter\Session\Handlers\FileHandler' driver.
INFO - 2023-12-02 00:12:46 --> Session: Class initialized using 'CodeIgniter\Session\Handlers\FileHandler' driver.
INFO - 2023-12-02 00:13:18 --> Session: Class initialized using 'CodeIgniter\Session\Handlers\FileHandler' driver.
INFO - 2023-12-02 00:13:48 --> Session: Class initialized using 'CodeIgniter\Session\Handlers\FileHandler' driver.
INFO - 2023-12-02 00:14:07 --> Session: Class initialized using 'CodeIgniter\Session\Handlers\FileHandler' driver.
INFO - 2023-12-02 00:14:14 --> Session: Class initialized using 'CodeIgniter\Session\Handlers\FileHandler' driver.
INFO - 2023-12-02 00:14:53 --> Session: Class initialized using 'CodeIgniter\Session\Handlers\FileHandler' driver.
INFO - 2023-12-02 00:15:05 --> Session: Class initialized using 'CodeIgniter\Session\Handlers\FileHandler' driver.
INFO - 2023-12-02 00:15:58 --> Session: Class initialized using 'CodeIgniter\Session\Handlers\FileHandler' driver.
INFO - 2023-12-02 00:16:22 --> Session: Class initialized using 'CodeIgniter\Session\Handlers\FileHandler' driver.
INFO - 2023-12-02 00:16:40 --> Session: Class initialized using 'CodeIgniter\Session\Handlers\FileHandler' driver.
INFO - 2023-12-02 00:16:57 --> Session: Class initialized using 'CodeIgniter\Session\Handlers\FileHandler' driver.
INFO - 2023-12-02 00:17:33 --> Session: Class initialized using 'CodeIgniter\Session\Handlers\FileHandler' driver.
INFO - 2023-12-02 00:22:24 --> Session: Class initialized using 'CodeIgniter\Session\Handlers\FileHandler' driver.
INFO - 2023-12-02 00:23:01 --> Session: Class initialized using 'CodeIgniter\Session\Handlers\FileHandler' driver.
INFO - 2023-12-02 00:23:28 --> Session: Class initialized using 'CodeIgniter\Session\Handlers\FileHandler' driver.
INFO - 2023-12-02 00:23:36 --> Session: Class initialized using 'CodeIgniter\Session\Handlers\FileHandler' driver.
INFO - 2023-12-02 00:24:16 --> Session: Class initialized using 'CodeIgniter\Session\Handlers\FileHandler' driver.
INFO - 2023-12-02 00:24:42 --> Session: Class initialized using 'CodeIgniter\Session\Handlers\FileHandler' driver.
INFO - 2023-12-02 00:25:03 --> Session: Class initialized using 'CodeIgniter\Session\Handlers\FileHandler' driver.
INFO - 2023-12-02 00:25:36 --> Session: Class initialized using 'CodeIgniter\Session\Handlers\FileHandler' driver.
INFO - 2023-12-02 00:25:59 --> Session: Class initialized using 'CodeIgniter\Session\Handlers\FileHandler' driver.
INFO - 2023-12-02 00:27:08 --> Session: Class initialized using 'CodeIgniter\Session\Handlers\FileHandler' driver.
INFO - 2023-12-02 00:28:16 --> Session: Class initialized using 'CodeIgniter\Session\Handlers\FileHandler' driver.
INFO - 2023-12-02 00:28:30 --> Session: Class initialized using 'CodeIgniter\Session\Handlers\FileHandler' driver.
INFO - 2023-12-02 00:28:44 --> Session: Class initialized using 'CodeIgniter\Session\Handlers\FileHandler' driver.
INFO - 2023-12-02 00:30:32 --> Session: Class initialized using 'CodeIgniter\Session\Handlers\FileHandler' driver.
INFO - 2023-12-02 01:21:23 --> Session: Class initialized using 'CodeIgniter\Session\Handlers\FileHandler' driver.
INFO - 2023-12-02 01:21:50 --> Session: Class initialized using 'CodeIgniter\Session\Handlers\FileHandler' driver.
INFO - 2023-12-02 01:22:05 --> Session: Class initialized using 'CodeIgniter\Session\Handlers\FileHandler' driver.
INFO - 2023-12-02 01:24:11 --> Session: Class initialized using 'CodeIgniter\Session\Handlers\FileHandler' driver.
INFO - 2023-12-02 01:25:18 --> Session: Class initialized using 'CodeIgniter\Session\Handlers\FileHandler' driver.
INFO - 2023-12-02 01:26:00 --> Session: Class initialized using 'CodeIgniter\Session\Handlers\FileHandler' driver.
INFO - 2023-12-02 01:26:33 --> Session: Class initialized using 'CodeIgniter\Session\Handlers\FileHandler' driver.
CRITICAL - 2023-12-02 01:26:33 --> Undefined index: lantai_nama
in APPPATH\Views\rusun\kamar.php on line 147.
 1 APPPATH\Views\rusun\kamar.php(147): CodeIgniter\Debug\Exceptions->errorHandler(8, 'Undefined index: lantai_nama', 'C:\\2023project\\aparus\\app\\Views\\rusun\\kamar.php', 147, [...])
 2 SYSTEMPATH\View\View.php(228): include('C:\\2023project\\aparus\\app\\Views\\rusun\\kamar.php')
 3 SYSTEMPATH\View\View.php(231): CodeIgniter\View\View->CodeIgniter\View\{closure}()
 4 SYSTEMPATH\Common.php(1190): CodeIgniter\View\View->render('rusun/kamar', [], true)
 5 APPPATH\Controllers\Rusun.php(275): view('rusun/kamar', [...])
 6 SYSTEMPATH\CodeIgniter.php(942): App\Controllers\Rusun->kamar('10', '11')
 7 SYSTEMPATH\CodeIgniter.php(502): CodeIgniter\CodeIgniter->runController(Object(App\Controllers\Rusun))
 8 SYSTEMPATH\CodeIgniter.php(361): CodeIgniter\CodeIgniter->handleRequest(null, Object(Config\Cache), false)
 9 FCPATH\index.php(79): CodeIgniter\CodeIgniter->run()
10 SYSTEMPATH\Commands\Server\rewrite.php(47): require_once('C:\\2023project\\aparus\\public\\index.php')
INFO - 2023-12-02 01:26:52 --> Session: Class initialized using 'CodeIgniter\Session\Handlers\FileHandler' driver.
INFO - 2023-12-02 01:27:21 --> Session: Class initialized using 'CodeIgniter\Session\Handlers\FileHandler' driver.
INFO - 2023-12-02 01:27:57 --> Session: Class initialized using 'CodeIgniter\Session\Handlers\FileHandler' driver.
INFO - 2023-12-02 01:27:58 --> Session: Class initialized using 'CodeIgniter\Session\Handlers\FileHandler' driver.
INFO - 2023-12-02 01:28:03 --> Session: Class initialized using 'CodeIgniter\Session\Handlers\FileHandler' driver.
INFO - 2023-12-02 01:28:08 --> Session: Class initialized using 'CodeIgniter\Session\Handlers\FileHandler' driver.
INFO - 2023-12-02 01:30:03 --> Session: Class initialized using 'CodeIgniter\Session\Handlers\FileHandler' driver.
INFO - 2023-12-02 01:30:33 --> Session: Class initialized using 'CodeIgniter\Session\Handlers\FileHandler' driver.
INFO - 2023-12-02 01:31:04 --> Session: Class initialized using 'CodeIgniter\Session\Handlers\FileHandler' driver.
INFO - 2023-12-02 01:31:29 --> Session: Class initialized using 'CodeIgniter\Session\Handlers\FileHandler' driver.
INFO - 2023-12-02 01:31:41 --> Session: Class initialized using 'CodeIgniter\Session\Handlers\FileHandler' driver.
INFO - 2023-12-02 01:32:33 --> Session: Class initialized using 'CodeIgniter\Session\Handlers\FileHandler' driver.
INFO - 2023-12-02 01:32:57 --> Session: Class initialized using 'CodeIgniter\Session\Handlers\FileHandler' driver.
INFO - 2023-12-02 01:34:12 --> Session: Class initialized using 'CodeIgniter\Session\Handlers\FileHandler' driver.
INFO - 2023-12-02 01:35:06 --> Session: Class initialized using 'CodeIgniter\Session\Handlers\FileHandler' driver.
INFO - 2023-12-02 01:36:44 --> Session: Class initialized using 'CodeIgniter\Session\Handlers\FileHandler' driver.
INFO - 2023-12-02 01:37:50 --> Session: Class initialized using 'CodeIgniter\Session\Handlers\FileHandler' driver.
INFO - 2023-12-02 01:38:01 --> Session: Class initialized using 'CodeIgniter\Session\Handlers\FileHandler' driver.
INFO - 2023-12-02 01:38:37 --> Session: Class initialized using 'CodeIgniter\Session\Handlers\FileHandler' driver.
INFO - 2023-12-02 01:38:47 --> Session: Class initialized using 'CodeIgniter\Session\Handlers\FileHandler' driver.
INFO - 2023-12-02 01:39:39 --> Session: Class initialized using 'CodeIgniter\Session\Handlers\FileHandler' driver.
CRITICAL - 2023-12-02 01:39:39 --> syntax error, unexpected '<', expecting end of file
in APPPATH\Views\rusun\kamar.php on line 159.
 1 SYSTEMPATH\View\View.php(231): CodeIgniter\View\View->CodeIgniter\View\{closure}()
 2 SYSTEMPATH\Common.php(1190): CodeIgniter\View\View->render('rusun/kamar', [], true)
 3 APPPATH\Controllers\Rusun.php(275): view('rusun/kamar', [...])
 4 SYSTEMPATH\CodeIgniter.php(942): App\Controllers\Rusun->kamar('10', '11')
 5 SYSTEMPATH\CodeIgniter.php(502): CodeIgniter\CodeIgniter->runController(Object(App\Controllers\Rusun))
 6 SYSTEMPATH\CodeIgniter.php(361): CodeIgniter\CodeIgniter->handleRequest(null, Object(Config\Cache), false)
 7 FCPATH\index.php(79): CodeIgniter\CodeIgniter->run()
 8 SYSTEMPATH\Commands\Server\rewrite.php(47): require_once('C:\\2023project\\aparus\\public\\index.php')
INFO - 2023-12-02 01:39:47 --> Session: Class initialized using 'CodeIgniter\Session\Handlers\FileHandler' driver.
INFO - 2023-12-02 01:40:11 --> Session: Class initialized using 'CodeIgniter\Session\Handlers\FileHandler' driver.
INFO - 2023-12-02 01:41:02 --> Session: Class initialized using 'CodeIgniter\Session\Handlers\FileHandler' driver.
INFO - 2023-12-02 01:41:35 --> Session: Class initialized using 'CodeIgniter\Session\Handlers\FileHandler' driver.
INFO - 2023-12-02 01:42:27 --> Session: Class initialized using 'CodeIgniter\Session\Handlers\FileHandler' driver.
INFO - 2023-12-02 01:42:57 --> Session: Class initialized using 'CodeIgniter\Session\Handlers\FileHandler' driver.
INFO - 2023-12-02 01:43:51 --> Session: Class initialized using 'CodeIgniter\Session\Handlers\FileHandler' driver.
INFO - 2023-12-02 01:44:30 --> Session: Class initialized using 'CodeIgniter\Session\Handlers\FileHandler' driver.
INFO - 2023-12-02 01:46:25 --> Session: Class initialized using 'CodeIgniter\Session\Handlers\FileHandler' driver.
INFO - 2023-12-02 01:48:03 --> Session: Class initialized using 'CodeIgniter\Session\Handlers\FileHandler' driver.
INFO - 2023-12-02 01:48:22 --> Session: Class initialized using 'CodeIgniter\Session\Handlers\FileHandler' driver.
INFO - 2023-12-02 01:49:09 --> Session: Class initialized using 'CodeIgniter\Session\Handlers\FileHandler' driver.
INFO - 2023-12-02 01:49:12 --> Session: Class initialized using 'CodeIgniter\Session\Handlers\FileHandler' driver.
INFO - 2023-12-02 01:49:14 --> Session: Class initialized using 'CodeIgniter\Session\Handlers\FileHandler' driver.
INFO - 2023-12-02 01:49:20 --> Session: Class initialized using 'CodeIgniter\Session\Handlers\FileHandler' driver.
INFO - 2023-12-02 01:49:23 --> Session: Class initialized using 'CodeIgniter\Session\Handlers\FileHandler' driver.
INFO - 2023-12-02 01:49:25 --> Session: Class initialized using 'CodeIgniter\Session\Handlers\FileHandler' driver.
INFO - 2023-12-02 01:49:30 --> Session: Class initialized using 'CodeIgniter\Session\Handlers\FileHandler' driver.
INFO - 2023-12-02 01:49:33 --> Session: Class initialized using 'CodeIgniter\Session\Handlers\FileHandler' driver.
INFO - 2023-12-02 01:49:48 --> Session: Class initialized using 'CodeIgniter\Session\Handlers\FileHandler' driver.
INFO - 2023-12-02 01:49:51 --> Session: Class initialized using 'CodeIgniter\Session\Handlers\FileHandler' driver.
INFO - 2023-12-02 01:50:06 --> Session: Class initialized using 'CodeIgniter\Session\Handlers\FileHandler' driver.
INFO - 2023-12-02 01:53:52 --> Session: Class initialized using 'CodeIgniter\Session\Handlers\FileHandler' driver.
INFO - 2023-12-02 01:54:55 --> Session: Class initialized using 'CodeIgniter\Session\Handlers\FileHandler' driver.
INFO - 2023-12-02 01:56:47 --> Session: Class initialized using 'CodeIgniter\Session\Handlers\FileHandler' driver.
INFO - 2023-12-02 01:57:29 --> Session: Class initialized using 'CodeIgniter\Session\Handlers\FileHandler' driver.
INFO - 2023-12-02 01:57:34 --> Session: Class initialized using 'CodeIgniter\Session\Handlers\FileHandler' driver.
INFO - 2023-12-02 01:57:37 --> Session: Class initialized using 'CodeIgniter\Session\Handlers\FileHandler' driver.
INFO - 2023-12-02 01:58:29 --> Session: Class initialized using 'CodeIgniter\Session\Handlers\FileHandler' driver.
INFO - 2023-12-02 02:03:12 --> Session: Class initialized using 'CodeIgniter\Session\Handlers\FileHandler' driver.
INFO - 2023-12-02 02:03:43 --> Session: Class initialized using 'CodeIgniter\Session\Handlers\FileHandler' driver.
INFO - 2023-12-02 02:07:29 --> Session: Class initialized using 'CodeIgniter\Session\Handlers\FileHandler' driver.
INFO - 2023-12-02 02:07:42 --> Session: Class initialized using 'CodeIgniter\Session\Handlers\FileHandler' driver.
CRITICAL - 2023-12-02 02:07:42 --> There is no data to insert.
in SYSTEMPATH\BaseModel.php on line 768.
 1 SYSTEMPATH\BaseModel.php(768): CodeIgniter\Database\Exceptions\DataException::forEmptyDataset('insert')
 2 SYSTEMPATH\Model.php(715): CodeIgniter\BaseModel->insert([], false)
 3 SYSTEMPATH\BaseModel.php(698): CodeIgniter\Model->insert([...], false)
 4 APPPATH\Controllers\Rusun.php(291): CodeIgniter\BaseModel->save([...])
 5 SYSTEMPATH\CodeIgniter.php(942): App\Controllers\Rusun->tambahKamar()
 6 SYSTEMPATH\CodeIgniter.php(502): CodeIgniter\CodeIgniter->runController(Object(App\Controllers\Rusun))
 7 SYSTEMPATH\CodeIgniter.php(361): CodeIgniter\CodeIgniter->handleRequest(null, Object(Config\Cache), false)
 8 FCPATH\index.php(79): CodeIgniter\CodeIgniter->run()
 9 SYSTEMPATH\Commands\Server\rewrite.php(47): require_once('C:\\2023project\\aparus\\public\\index.php')
INFO - 2023-12-02 02:07:58 --> Session: Class initialized using 'CodeIgniter\Session\Handlers\FileHandler' driver.
INFO - 2023-12-02 02:07:58 --> Session: Class initialized using 'CodeIgniter\Session\Handlers\FileHandler' driver.
INFO - 2023-12-02 02:09:41 --> Session: Class initialized using 'CodeIgniter\Session\Handlers\FileHandler' driver.
CRITICAL - 2023-12-02 02:09:41 --> Undefined index: kamar_kode
in APPPATH\Views\rusun\kamar.php on line 160.
 1 APPPATH\Views\rusun\kamar.php(160): CodeIgniter\Debug\Exceptions->errorHandler(8, 'Undefined index: kamar_kode', 'C:\\2023project\\aparus\\app\\Views\\rusun\\kamar.php', 160, [...])
 2 SYSTEMPATH\View\View.php(228): include('C:\\2023project\\aparus\\app\\Views\\rusun\\kamar.php')
 3 SYSTEMPATH\View\View.php(231): CodeIgniter\View\View->CodeIgniter\View\{closure}()
 4 SYSTEMPATH\Common.php(1190): CodeIgniter\View\View->render('rusun/kamar', [], true)
 5 APPPATH\Controllers\Rusun.php(275): view('rusun/kamar', [...])
 6 SYSTEMPATH\CodeIgniter.php(942): App\Controllers\Rusun->kamar('10', '11')
 7 SYSTEMPATH\CodeIgniter.php(502): CodeIgniter\CodeIgniter->runController(Object(App\Controllers\Rusun))
 8 SYSTEMPATH\CodeIgniter.php(361): CodeIgniter\CodeIgniter->handleRequest(null, Object(Config\Cache), false)
 9 FCPATH\index.php(79): CodeIgniter\CodeIgniter->run()
10 SYSTEMPATH\Commands\Server\rewrite.php(47): require_once('C:\\2023project\\aparus\\public\\index.php')
INFO - 2023-12-02 02:11:13 --> Session: Class initialized using 'CodeIgniter\Session\Handlers\FileHandler' driver.
INFO - 2023-12-02 02:11:26 --> Session: Class initialized using 'CodeIgniter\Session\Handlers\FileHandler' driver.
CRITICAL - 2023-12-02 02:11:26 --> Undefined index: kamar_kode
in APPPATH\Views\rusun\kamar.php on line 160.
 1 APPPATH\Views\rusun\kamar.php(160): CodeIgniter\Debug\Exceptions->errorHandler(8, 'Undefined index: kamar_kode', 'C:\\2023project\\aparus\\app\\Views\\rusun\\kamar.php', 160, [...])
 2 SYSTEMPATH\View\View.php(228): include('C:\\2023project\\aparus\\app\\Views\\rusun\\kamar.php')
 3 SYSTEMPATH\View\View.php(231): CodeIgniter\View\View->CodeIgniter\View\{closure}()
 4 SYSTEMPATH\Common.php(1190): CodeIgniter\View\View->render('rusun/kamar', [], true)
 5 APPPATH\Controllers\Rusun.php(276): view('rusun/kamar', [...])
 6 SYSTEMPATH\CodeIgniter.php(942): App\Controllers\Rusun->kamar('10', '11')
 7 SYSTEMPATH\CodeIgniter.php(502): CodeIgniter\CodeIgniter->runController(Object(App\Controllers\Rusun))
 8 SYSTEMPATH\CodeIgniter.php(361): CodeIgniter\CodeIgniter->handleRequest(null, Object(Config\Cache), false)
 9 FCPATH\index.php(79): CodeIgniter\CodeIgniter->run()
10 SYSTEMPATH\Commands\Server\rewrite.php(47): require_once('C:\\2023project\\aparus\\public\\index.php')
INFO - 2023-12-02 02:11:50 --> Session: Class initialized using 'CodeIgniter\Session\Handlers\FileHandler' driver.
INFO - 2023-12-02 02:11:50 --> Session: Class initialized using 'CodeIgniter\Session\Handlers\FileHandler' driver.
INFO - 2023-12-02 02:12:13 --> Session: Class initialized using 'CodeIgniter\Session\Handlers\FileHandler' driver.
INFO - 2023-12-02 02:13:03 --> Session: Class initialized using 'CodeIgniter\Session\Handlers\FileHandler' driver.
INFO - 2023-12-02 02:13:40 --> Session: Class initialized using 'CodeIgniter\Session\Handlers\FileHandler' driver.
INFO - 2023-12-02 02:14:19 --> Session: Class initialized using 'CodeIgniter\Session\Handlers\FileHandler' driver.
INFO - 2023-12-02 02:14:35 --> Session: Class initialized using 'CodeIgniter\Session\Handlers\FileHandler' driver.
INFO - 2023-12-02 02:15:37 --> Session: Class initialized using 'CodeIgniter\Session\Handlers\FileHandler' driver.
INFO - 2023-12-02 02:15:52 --> Session: Class initialized using 'CodeIgniter\Session\Handlers\FileHandler' driver.
INFO - 2023-12-02 02:16:17 --> Session: Class initialized using 'CodeIgniter\Session\Handlers\FileHandler' driver.
INFO - 2023-12-02 02:16:45 --> Session: Class initialized using 'CodeIgniter\Session\Handlers\FileHandler' driver.
INFO - 2023-12-02 02:17:02 --> Session: Class initialized using 'CodeIgniter\Session\Handlers\FileHandler' driver.
INFO - 2023-12-02 02:17:11 --> Session: Class initialized using 'CodeIgniter\Session\Handlers\FileHandler' driver.
INFO - 2023-12-02 02:17:26 --> Session: Class initialized using 'CodeIgniter\Session\Handlers\FileHandler' driver.
INFO - 2023-12-02 02:17:35 --> Session: Class initialized using 'CodeIgniter\Session\Handlers\FileHandler' driver.
INFO - 2023-12-02 02:17:36 --> Session: Class initialized using 'CodeIgniter\Session\Handlers\FileHandler' driver.
INFO - 2023-12-02 02:17:41 --> Session: Class initialized using 'CodeIgniter\Session\Handlers\FileHandler' driver.
INFO - 2023-12-02 02:17:57 --> Session: Class initialized using 'CodeIgniter\Session\Handlers\FileHandler' driver.
INFO - 2023-12-02 02:18:12 --> Session: Class initialized using 'CodeIgniter\Session\Handlers\FileHandler' driver.
INFO - 2023-12-02 02:18:12 --> Session: Class initialized using 'CodeIgniter\Session\Handlers\FileHandler' driver.
INFO - 2023-12-02 02:18:57 --> Session: Class initialized using 'CodeIgniter\Session\Handlers\FileHandler' driver.
INFO - 2023-12-02 02:45:12 --> Session: Class initialized using 'CodeIgniter\Session\Handlers\FileHandler' driver.
INFO - 2023-12-02 02:45:22 --> Session: Class initialized using 'CodeIgniter\Session\Handlers\FileHandler' driver.
INFO - 2023-12-02 02:45:45 --> Session: Class initialized using 'CodeIgniter\Session\Handlers\FileHandler' driver.
INFO - 2023-12-02 02:45:48 --> Session: Class initialized using 'CodeIgniter\Session\Handlers\FileHandler' driver.
INFO - 2023-12-02 02:45:59 --> Session: Class initialized using 'CodeIgniter\Session\Handlers\FileHandler' driver.
INFO - 2023-12-02 02:46:04 --> Session: Class initialized using 'CodeIgniter\Session\Handlers\FileHandler' driver.
INFO - 2023-12-02 02:46:58 --> Session: Class initialized using 'CodeIgniter\Session\Handlers\FileHandler' driver.
INFO - 2023-12-02 02:47:02 --> Session: Class initialized using 'CodeIgniter\Session\Handlers\FileHandler' driver.
INFO - 2023-12-02 02:47:12 --> Session: Class initialized using 'CodeIgniter\Session\Handlers\FileHandler' driver.
INFO - 2023-12-02 02:47:22 --> Session: Class initialized using 'CodeIgniter\Session\Handlers\FileHandler' driver.
INFO - 2023-12-02 02:47:22 --> Session: Class initialized using 'CodeIgniter\Session\Handlers\FileHandler' driver.
INFO - 2023-12-02 02:47:25 --> Session: Class initialized using 'CodeIgniter\Session\Handlers\FileHandler' driver.
INFO - 2023-12-02 02:47:31 --> Session: Class initialized using 'CodeIgniter\Session\Handlers\FileHandler' driver.
INFO - 2023-12-02 02:47:54 --> Session: Class initialized using 'CodeIgniter\Session\Handlers\FileHandler' driver.
INFO - 2023-12-02 02:47:57 --> Session: Class initialized using 'CodeIgniter\Session\Handlers\FileHandler' driver.
INFO - 2023-12-02 02:48:01 --> Session: Class initialized using 'CodeIgniter\Session\Handlers\FileHandler' driver.
INFO - 2023-12-02 02:49:30 --> Session: Class initialized using 'CodeIgniter\Session\Handlers\FileHandler' driver.
INFO - 2023-12-02 02:49:32 --> Session: Class initialized using 'CodeIgniter\Session\Handlers\FileHandler' driver.
INFO - 2023-12-02 02:49:58 --> Session: Class initialized using 'CodeIgniter\Session\Handlers\FileHandler' driver.
INFO - 2023-12-02 02:50:00 --> Session: Class initialized using 'CodeIgniter\Session\Handlers\FileHandler' driver.
INFO - 2023-12-02 02:50:20 --> Session: Class initialized using 'CodeIgniter\Session\Handlers\FileHandler' driver.
INFO - 2023-12-02 02:50:22 --> Session: Class initialized using 'CodeIgniter\Session\Handlers\FileHandler' driver.
INFO - 2023-12-02 02:50:26 --> Session: Class initialized using 'CodeIgniter\Session\Handlers\FileHandler' driver.
INFO - 2023-12-02 02:50:44 --> Session: Class initialized using 'CodeIgniter\Session\Handlers\FileHandler' driver.
INFO - 2023-12-02 02:50:46 --> Session: Class initialized using 'CodeIgniter\Session\Handlers\FileHandler' driver.
INFO - 2023-12-02 02:50:51 --> Session: Class initialized using 'CodeIgniter\Session\Handlers\FileHandler' driver.
INFO - 2023-12-02 02:53:23 --> Session: Class initialized using 'CodeIgniter\Session\Handlers\FileHandler' driver.
INFO - 2023-12-02 02:53:25 --> Session: Class initialized using 'CodeIgniter\Session\Handlers\FileHandler' driver.
INFO - 2023-12-02 02:53:32 --> Session: Class initialized using 'CodeIgniter\Session\Handlers\FileHandler' driver.
CRITICAL - 2023-12-02 02:53:32 --> There is no data to insert.
in SYSTEMPATH\BaseModel.php on line 768.
 1 SYSTEMPATH\BaseModel.php(768): CodeIgniter\Database\Exceptions\DataException::forEmptyDataset('insert')
 2 SYSTEMPATH\Model.php(715): CodeIgniter\BaseModel->insert([], false)
 3 SYSTEMPATH\BaseModel.php(698): CodeIgniter\Model->insert([...], false)
 4 APPPATH\Controllers\Rusun.php(329): CodeIgniter\BaseModel->save([...])
 5 SYSTEMPATH\CodeIgniter.php(942): App\Controllers\Rusun->updateKamar()
 6 SYSTEMPATH\CodeIgniter.php(502): CodeIgniter\CodeIgniter->runController(Object(App\Controllers\Rusun))
 7 SYSTEMPATH\CodeIgniter.php(361): CodeIgniter\CodeIgniter->handleRequest(null, Object(Config\Cache), false)
 8 FCPATH\index.php(79): CodeIgniter\CodeIgniter->run()
 9 SYSTEMPATH\Commands\Server\rewrite.php(47): require_once('C:\\2023project\\aparus\\public\\index.php')
INFO - 2023-12-02 02:53:54 --> Session: Class initialized using 'CodeIgniter\Session\Handlers\FileHandler' driver.
INFO - 2023-12-02 02:53:56 --> Session: Class initialized using 'CodeIgniter\Session\Handlers\FileHandler' driver.
INFO - 2023-12-02 02:54:01 --> Session: Class initialized using 'CodeIgniter\Session\Handlers\FileHandler' driver.
INFO - 2023-12-02 02:54:02 --> Session: Class initialized using 'CodeIgniter\Session\Handlers\FileHandler' driver.
INFO - 2023-12-02 02:56:09 --> Session: Class initialized using 'CodeIgniter\Session\Handlers\FileHandler' driver.
INFO - 2023-12-02 02:57:47 --> Session: Class initialized using 'CodeIgniter\Session\Handlers\FileHandler' driver.
INFO - 2023-12-02 02:58:08 --> Session: Class initialized using 'CodeIgniter\Session\Handlers\FileHandler' driver.
INFO - 2023-12-02 02:58:09 --> Session: Class initialized using 'CodeIgniter\Session\Handlers\FileHandler' driver.
INFO - 2023-12-02 02:58:16 --> Session: Class initialized using 'CodeIgniter\Session\Handlers\FileHandler' driver.
INFO - 2023-12-02 02:58:21 --> Session: Class initialized using 'CodeIgniter\Session\Handlers\FileHandler' driver.
INFO - 2023-12-02 02:58:22 --> Session: Class initialized using 'CodeIgniter\Session\Handlers\FileHandler' driver.
INFO - 2023-12-02 02:58:29 --> Session: Class initialized using 'CodeIgniter\Session\Handlers\FileHandler' driver.
INFO - 2023-12-02 02:58:30 --> Session: Class initialized using 'CodeIgniter\Session\Handlers\FileHandler' driver.
INFO - 2023-12-02 02:58:37 --> Session: Class initialized using 'CodeIgniter\Session\Handlers\FileHandler' driver.
INFO - 2023-12-02 02:58:51 --> Session: Class initialized using 'CodeIgniter\Session\Handlers\FileHandler' driver.
INFO - 2023-12-02 02:58:55 --> Session: Class initialized using 'CodeIgniter\Session\Handlers\FileHandler' driver.
INFO - 2023-12-02 02:58:57 --> Session: Class initialized using 'CodeIgniter\Session\Handlers\FileHandler' driver.
INFO - 2023-12-02 02:59:14 --> Session: Class initialized using 'CodeIgniter\Session\Handlers\FileHandler' driver.
INFO - 2023-12-02 02:59:14 --> Session: Class initialized using 'CodeIgniter\Session\Handlers\FileHandler' driver.
INFO - 2023-12-02 02:59:25 --> Session: Class initialized using 'CodeIgniter\Session\Handlers\FileHandler' driver.
INFO - 2023-12-02 02:59:25 --> Session: Class initialized using 'CodeIgniter\Session\Handlers\FileHandler' driver.
INFO - 2023-12-02 02:59:41 --> Session: Class initialized using 'CodeIgniter\Session\Handlers\FileHandler' driver.
INFO - 2023-12-02 03:00:39 --> Session: Class initialized using 'CodeIgniter\Session\Handlers\FileHandler' driver.
INFO - 2023-12-02 03:00:52 --> Session: Class initialized using 'CodeIgniter\Session\Handlers\FileHandler' driver.
INFO - 2023-12-02 03:01:39 --> Session: Class initialized using 'CodeIgniter\Session\Handlers\FileHandler' driver.
INFO - 2023-12-02 03:02:34 --> Session: Class initialized using 'CodeIgniter\Session\Handlers\FileHandler' driver.
INFO - 2023-12-02 03:03:09 --> Session: Class initialized using 'CodeIgniter\Session\Handlers\FileHandler' driver.
INFO - 2023-12-02 03:03:10 --> Session: Class initialized using 'CodeIgniter\Session\Handlers\FileHandler' driver.
INFO - 2023-12-02 03:03:11 --> Session: Class initialized using 'CodeIgniter\Session\Handlers\FileHandler' driver.
INFO - 2023-12-02 03:03:17 --> Session: Class initialized using 'CodeIgniter\Session\Handlers\FileHandler' driver.
INFO - 2023-12-02 03:03:19 --> Session: Class initialized using 'CodeIgniter\Session\Handlers\FileHandler' driver.
INFO - 2023-12-02 03:03:19 --> Session: Class initialized using 'CodeIgniter\Session\Handlers\FileHandler' driver.
INFO - 2023-12-02 03:03:21 --> Session: Class initialized using 'CodeIgniter\Session\Handlers\FileHandler' driver.
INFO - 2023-12-02 03:03:29 --> Session: Class initialized using 'CodeIgniter\Session\Handlers\FileHandler' driver.
INFO - 2023-12-02 03:03:49 --> Session: Class initialized using 'CodeIgniter\Session\Handlers\FileHandler' driver.
INFO - 2023-12-02 03:03:50 --> Session: Class initialized using 'CodeIgniter\Session\Handlers\FileHandler' driver.
INFO - 2023-12-02 03:04:01 --> Session: Class initialized using 'CodeIgniter\Session\Handlers\FileHandler' driver.
INFO - 2023-12-02 03:04:24 --> Session: Class initialized using 'CodeIgniter\Session\Handlers\FileHandler' driver.
INFO - 2023-12-02 03:05:10 --> Session: Class initialized using 'CodeIgniter\Session\Handlers\FileHandler' driver.
INFO - 2023-12-02 03:05:21 --> Session: Class initialized using 'CodeIgniter\Session\Handlers\FileHandler' driver.
INFO - 2023-12-02 03:05:22 --> Session: Class initialized using 'CodeIgniter\Session\Handlers\FileHandler' driver.
INFO - 2023-12-02 03:05:49 --> Session: Class initialized using 'CodeIgniter\Session\Handlers\FileHandler' driver.
INFO - 2023-12-02 03:05:50 --> Session: Class initialized using 'CodeIgniter\Session\Handlers\FileHandler' driver.
INFO - 2023-12-02 03:05:56 --> Session: Class initialized using 'CodeIgniter\Session\Handlers\FileHandler' driver.
INFO - 2023-12-02 03:06:00 --> Session: Class initialized using 'CodeIgniter\Session\Handlers\FileHandler' driver.
INFO - 2023-12-02 03:06:00 --> Session: Class initialized using 'CodeIgniter\Session\Handlers\FileHandler' driver.
INFO - 2023-12-02 03:06:13 --> Session: Class initialized using 'CodeIgniter\Session\Handlers\FileHandler' driver.
INFO - 2023-12-02 03:06:13 --> Session: Class initialized using 'CodeIgniter\Session\Handlers\FileHandler' driver.
INFO - 2023-12-02 03:06:14 --> Session: Class initialized using 'CodeIgniter\Session\Handlers\FileHandler' driver.
INFO - 2023-12-02 03:06:28 --> Session: Class initialized using 'CodeIgniter\Session\Handlers\FileHandler' driver.
INFO - 2023-12-02 03:06:29 --> Session: Class initialized using 'CodeIgniter\Session\Handlers\FileHandler' driver.
INFO - 2023-12-02 03:07:30 --> Session: Class initialized using 'CodeIgniter\Session\Handlers\FileHandler' driver.
INFO - 2023-12-02 03:07:30 --> Session: Class initialized using 'CodeIgniter\Session\Handlers\FileHandler' driver.
INFO - 2023-12-02 03:07:30 --> Session: Class initialized using 'CodeIgniter\Session\Handlers\FileHandler' driver.
INFO - 2023-12-02 03:07:41 --> Session: Class initialized using 'CodeIgniter\Session\Handlers\FileHandler' driver.
INFO - 2023-12-02 03:07:41 --> Session: Class initialized using 'CodeIgniter\Session\Handlers\FileHandler' driver.
INFO - 2023-12-02 03:09:30 --> Session: Class initialized using 'CodeIgniter\Session\Handlers\FileHandler' driver.
INFO - 2023-12-02 03:09:31 --> Session: Class initialized using 'CodeIgniter\Session\Handlers\FileHandler' driver.
INFO - 2023-12-02 03:09:31 --> Session: Class initialized using 'CodeIgniter\Session\Handlers\FileHandler' driver.
INFO - 2023-12-02 03:09:33 --> Session: Class initialized using 'CodeIgniter\Session\Handlers\FileHandler' driver.
INFO - 2023-12-02 03:09:40 --> Session: Class initialized using 'CodeIgniter\Session\Handlers\FileHandler' driver.
INFO - 2023-12-02 03:10:05 --> Session: Class initialized using 'CodeIgniter\Session\Handlers\FileHandler' driver.
INFO - 2023-12-02 03:10:20 --> Session: Class initialized using 'CodeIgniter\Session\Handlers\FileHandler' driver.
INFO - 2023-12-02 03:10:40 --> Session: Class initialized using 'CodeIgniter\Session\Handlers\FileHandler' driver.
INFO - 2023-12-02 03:11:16 --> Session: Class initialized using 'CodeIgniter\Session\Handlers\FileHandler' driver.
INFO - 2023-12-02 03:11:41 --> Session: Class initialized using 'CodeIgniter\Session\Handlers\FileHandler' driver.
INFO - 2023-12-02 03:13:02 --> Session: Class initialized using 'CodeIgniter\Session\Handlers\FileHandler' driver.
INFO - 2023-12-02 03:13:23 --> Session: Class initialized using 'CodeIgniter\Session\Handlers\FileHandler' driver.
INFO - 2023-12-02 03:13:38 --> Session: Class initialized using 'CodeIgniter\Session\Handlers\FileHandler' driver.
INFO - 2023-12-02 03:14:11 --> Session: Class initialized using 'CodeIgniter\Session\Handlers\FileHandler' driver.
INFO - 2023-12-02 03:15:03 --> Session: Class initialized using 'CodeIgniter\Session\Handlers\FileHandler' driver.
INFO - 2023-12-02 03:15:42 --> Session: Class initialized using 'CodeIgniter\Session\Handlers\FileHandler' driver.
INFO - 2023-12-02 03:15:55 --> Session: Class initialized using 'CodeIgniter\Session\Handlers\FileHandler' driver.
INFO - 2023-12-02 03:16:44 --> Session: Class initialized using 'CodeIgniter\Session\Handlers\FileHandler' driver.
INFO - 2023-12-02 03:17:02 --> Session: Class initialized using 'CodeIgniter\Session\Handlers\FileHandler' driver.
INFO - 2023-12-02 03:17:21 --> Session: Class initialized using 'CodeIgniter\Session\Handlers\FileHandler' driver.
INFO - 2023-12-02 03:18:02 --> Session: Class initialized using 'CodeIgniter\Session\Handlers\FileHandler' driver.
INFO - 2023-12-02 03:18:27 --> Session: Class initialized using 'CodeIgniter\Session\Handlers\FileHandler' driver.
INFO - 2023-12-02 03:18:42 --> Session: Class initialized using 'CodeIgniter\Session\Handlers\FileHandler' driver.
INFO - 2023-12-02 03:18:46 --> Session: Class initialized using 'CodeIgniter\Session\Handlers\FileHandler' driver.
INFO - 2023-12-02 03:19:39 --> Session: Class initialized using 'CodeIgniter\Session\Handlers\FileHandler' driver.
INFO - 2023-12-02 03:19:39 --> Session: Class initialized using 'CodeIgniter\Session\Handlers\FileHandler' driver.
INFO - 2023-12-02 03:19:40 --> Session: Class initialized using 'CodeIgniter\Session\Handlers\FileHandler' driver.
INFO - 2023-12-02 03:20:12 --> Session: Class initialized using 'CodeIgniter\Session\Handlers\FileHandler' driver.
INFO - 2023-12-02 03:20:23 --> Session: Class initialized using 'CodeIgniter\Session\Handlers\FileHandler' driver.
INFO - 2023-12-02 03:20:23 --> Session: Class initialized using 'CodeIgniter\Session\Handlers\FileHandler' driver.
INFO - 2023-12-02 03:21:18 --> Session: Class initialized using 'CodeIgniter\Session\Handlers\FileHandler' driver.
INFO - 2023-12-02 03:21:18 --> Session: Class initialized using 'CodeIgniter\Session\Handlers\FileHandler' driver.
INFO - 2023-12-02 03:21:19 --> Session: Class initialized using 'CodeIgniter\Session\Handlers\FileHandler' driver.
INFO - 2023-12-02 03:21:19 --> Session: Class initialized using 'CodeIgniter\Session\Handlers\FileHandler' driver.
INFO - 2023-12-02 03:21:23 --> Session: Class initialized using 'CodeIgniter\Session\Handlers\FileHandler' driver.
INFO - 2023-12-02 03:21:23 --> Session: Class initialized using 'CodeIgniter\Session\Handlers\FileHandler' driver.
INFO - 2023-12-02 03:21:23 --> Session: Class initialized using 'CodeIgniter\Session\Handlers\FileHandler' driver.
INFO - 2023-12-02 03:21:27 --> Session: Class initialized using 'CodeIgniter\Session\Handlers\FileHandler' driver.
INFO - 2023-12-02 03:21:27 --> Session: Class initialized using 'CodeIgniter\Session\Handlers\FileHandler' driver.
INFO - 2023-12-02 03:21:27 --> Session: Class initialized using 'CodeIgniter\Session\Handlers\FileHandler' driver.
INFO - 2023-12-02 03:21:31 --> Session: Class initialized using 'CodeIgniter\Session\Handlers\FileHandler' driver.
INFO - 2023-12-02 03:21:31 --> Session: Class initialized using 'CodeIgniter\Session\Handlers\FileHandler' driver.
INFO - 2023-12-02 03:21:31 --> Session: Class initialized using 'CodeIgniter\Session\Handlers\FileHandler' driver.
INFO - 2023-12-02 03:21:53 --> Session: Class initialized using 'CodeIgniter\Session\Handlers\FileHandler' driver.
INFO - 2023-12-02 03:21:53 --> Session: Class initialized using 'CodeIgniter\Session\Handlers\FileHandler' driver.
INFO - 2023-12-02 03:21:56 --> Session: Class initialized using 'CodeIgniter\Session\Handlers\FileHandler' driver.
INFO - 2023-12-02 03:28:02 --> Session: Class initialized using 'CodeIgniter\Session\Handlers\FileHandler' driver.
CRITICAL - 2023-12-02 03:28:03 --> unlink(uploads/rusun/_small/): Is a directory
in APPPATH\Controllers\Rusun.php on line 87.
 1 [internal function]: CodeIgniter\Debug\Exceptions->errorHandler(2, 'unlink(uploads/rusun/_small/): Is a directory', 'C:\\2023project\\aparus\\app\\Controllers\\Rusun.php', 87, [...])
 2 APPPATH\Controllers\Rusun.php(87): unlink('uploads/rusun/_small/')
 3 SYSTEMPATH\CodeIgniter.php(942): App\Controllers\Rusun->save()
 4 SYSTEMPATH\CodeIgniter.php(502): CodeIgniter\CodeIgniter->runController(Object(App\Controllers\Rusun))
 5 SYSTEMPATH\CodeIgniter.php(361): CodeIgniter\CodeIgniter->handleRequest(null, Object(Config\Cache), false)
 6 FCPATH\index.php(79): CodeIgniter\CodeIgniter->run()
 7 SYSTEMPATH\Commands\Server\rewrite.php(47): require_once('C:\\2023project\\aparus\\public\\index.php')
INFO - 2023-12-02 03:30:06 --> Session: Class initialized using 'CodeIgniter\Session\Handlers\FileHandler' driver.
INFO - 2023-12-02 03:30:06 --> Session: Class initialized using 'CodeIgniter\Session\Handlers\FileHandler' driver.
INFO - 2023-12-02 03:31:51 --> Session: Class initialized using 'CodeIgniter\Session\Handlers\FileHandler' driver.
INFO - 2023-12-02 03:31:51 --> Session: Class initialized using 'CodeIgniter\Session\Handlers\FileHandler' driver.
INFO - 2023-12-02 03:31:51 --> Session: Class initialized using 'CodeIgniter\Session\Handlers\FileHandler' driver.
INFO - 2023-12-02 03:31:51 --> Session: Class initialized using 'CodeIgniter\Session\Handlers\FileHandler' driver.
INFO - 2023-12-02 03:35:19 --> Session: Class initialized using 'CodeIgniter\Session\Handlers\FileHandler' driver.
INFO - 2023-12-02 03:35:23 --> Session: Class initialized using 'CodeIgniter\Session\Handlers\FileHandler' driver.
INFO - 2023-12-02 03:35:23 --> Session: Class initialized using 'CodeIgniter\Session\Handlers\FileHandler' driver.
INFO - 2023-12-02 03:35:24 --> Session: Class initialized using 'CodeIgniter\Session\Handlers\FileHandler' driver.
INFO - 2023-12-02 03:35:24 --> Session: Class initialized using 'CodeIgniter\Session\Handlers\FileHandler' driver.
INFO - 2023-12-02 03:35:28 --> Session: Class initialized using 'CodeIgniter\Session\Handlers\FileHandler' driver.
INFO - 2023-12-02 03:35:59 --> Session: Class initialized using 'CodeIgniter\Session\Handlers\FileHandler' driver.
INFO - 2023-12-02 03:35:59 --> Session: Class initialized using 'CodeIgniter\Session\Handlers\FileHandler' driver.
INFO - 2023-12-02 03:36:26 --> Session: Class initialized using 'CodeIgniter\Session\Handlers\FileHandler' driver.
INFO - 2023-12-02 03:36:26 --> Session: Class initialized using 'CodeIgniter\Session\Handlers\FileHandler' driver.
INFO - 2023-12-02 03:37:01 --> Session: Class initialized using 'CodeIgniter\Session\Handlers\FileHandler' driver.
INFO - 2023-12-02 03:37:01 --> Session: Class initialized using 'CodeIgniter\Session\Handlers\FileHandler' driver.
INFO - 2023-12-02 03:37:15 --> Session: Class initialized using 'CodeIgniter\Session\Handlers\FileHandler' driver.
INFO - 2023-12-02 03:37:15 --> Session: Class initialized using 'CodeIgniter\Session\Handlers\FileHandler' driver.
INFO - 2023-12-02 03:37:24 --> Session: Class initialized using 'CodeIgniter\Session\Handlers\FileHandler' driver.
INFO - 2023-12-02 03:38:31 --> Session: Class initialized using 'CodeIgniter\Session\Handlers\FileHandler' driver.
INFO - 2023-12-02 03:39:16 --> Session: Class initialized using 'CodeIgniter\Session\Handlers\FileHandler' driver.
INFO - 2023-12-02 03:39:31 --> Session: Class initialized using 'CodeIgniter\Session\Handlers\FileHandler' driver.
INFO - 2023-12-02 03:39:31 --> Session: Class initialized using 'CodeIgniter\Session\Handlers\FileHandler' driver.
INFO - 2023-12-02 03:42:54 --> Session: Class initialized using 'CodeIgniter\Session\Handlers\FileHandler' driver.
INFO - 2023-12-02 03:43:14 --> Session: Class initialized using 'CodeIgniter\Session\Handlers\FileHandler' driver.
INFO - 2023-12-02 03:43:25 --> Session: Class initialized using 'CodeIgniter\Session\Handlers\FileHandler' driver.
INFO - 2023-12-02 03:44:10 --> Session: Class initialized using 'CodeIgniter\Session\Handlers\FileHandler' driver.
INFO - 2023-12-02 03:45:03 --> Session: Class initialized using 'CodeIgniter\Session\Handlers\FileHandler' driver.
INFO - 2023-12-02 03:57:29 --> Session: Class initialized using 'CodeIgniter\Session\Handlers\FileHandler' driver.
INFO - 2023-12-02 03:57:56 --> Session: Class initialized using 'CodeIgniter\Session\Handlers\FileHandler' driver.
INFO - 2023-12-02 03:58:31 --> Session: Class initialized using 'CodeIgniter\Session\Handlers\FileHandler' driver.
INFO - 2023-12-02 03:59:29 --> Session: Class initialized using 'CodeIgniter\Session\Handlers\FileHandler' driver.
INFO - 2023-12-02 03:59:30 --> Session: Class initialized using 'CodeIgniter\Session\Handlers\FileHandler' driver.
INFO - 2023-12-02 03:59:39 --> Session: Class initialized using 'CodeIgniter\Session\Handlers\FileHandler' driver.
INFO - 2023-12-02 03:59:39 --> Session: Class initialized using 'CodeIgniter\Session\Handlers\FileHandler' driver.
INFO - 2023-12-02 03:59:47 --> Session: Class initialized using 'CodeIgniter\Session\Handlers\FileHandler' driver.
INFO - 2023-12-02 03:59:47 --> Session: Class initialized using 'CodeIgniter\Session\Handlers\FileHandler' driver.
INFO - 2023-12-02 03:59:57 --> Session: Class initialized using 'CodeIgniter\Session\Handlers\FileHandler' driver.
INFO - 2023-12-02 03:59:57 --> Session: Class initialized using 'CodeIgniter\Session\Handlers\FileHandler' driver.
INFO - 2023-12-02 04:00:05 --> Session: Class initialized using 'CodeIgniter\Session\Handlers\FileHandler' driver.
INFO - 2023-12-02 04:00:06 --> Session: Class initialized using 'CodeIgniter\Session\Handlers\FileHandler' driver.
INFO - 2023-12-02 04:00:14 --> Session: Class initialized using 'CodeIgniter\Session\Handlers\FileHandler' driver.
INFO - 2023-12-02 04:00:14 --> Session: Class initialized using 'CodeIgniter\Session\Handlers\FileHandler' driver.
INFO - 2023-12-02 04:00:36 --> Session: Class initialized using 'CodeIgniter\Session\Handlers\FileHandler' driver.
INFO - 2023-12-02 04:02:01 --> Session: Class initialized using 'CodeIgniter\Session\Handlers\FileHandler' driver.
INFO - 2023-12-02 04:02:05 --> Session: Class initialized using 'CodeIgniter\Session\Handlers\FileHandler' driver.
INFO - 2023-12-02 04:02:06 --> Session: Class initialized using 'CodeIgniter\Session\Handlers\FileHandler' driver.
INFO - 2023-12-02 04:02:06 --> Session: Class initialized using 'CodeIgniter\Session\Handlers\FileHandler' driver.
INFO - 2023-12-02 07:15:54 --> Session: Class initialized using 'CodeIgniter\Session\Handlers\FileHandler' driver.
INFO - 2023-12-02 07:15:54 --> Session: Class initialized using 'CodeIgniter\Session\Handlers\FileHandler' driver.
INFO - 2023-12-02 07:16:02 --> Session: Class initialized using 'CodeIgniter\Session\Handlers\FileHandler' driver.
INFO - 2023-12-02 07:16:02 --> Session: Class initialized using 'CodeIgniter\Session\Handlers\FileHandler' driver.
INFO - 2023-12-02 07:16:11 --> Session: Class initialized using 'CodeIgniter\Session\Handlers\FileHandler' driver.
INFO - 2023-12-02 07:16:11 --> Session: Class initialized using 'CodeIgniter\Session\Handlers\FileHandler' driver.
INFO - 2023-12-02 07:16:20 --> Session: Class initialized using 'CodeIgniter\Session\Handlers\FileHandler' driver.
INFO - 2023-12-02 07:16:20 --> Session: Class initialized using 'CodeIgniter\Session\Handlers\FileHandler' driver.
INFO - 2023-12-02 07:22:54 --> Session: Class initialized using 'CodeIgniter\Session\Handlers\FileHandler' driver.
INFO - 2023-12-02 07:25:17 --> Session: Class initialized using 'CodeIgniter\Session\Handlers\FileHandler' driver.
INFO - 2023-12-02 07:25:19 --> Session: Class initialized using 'CodeIgniter\Session\Handlers\FileHandler' driver.
INFO - 2023-12-02 07:25:23 --> Session: Class initialized using 'CodeIgniter\Session\Handlers\FileHandler' driver.
INFO - 2023-12-02 07:25:23 --> Session: Class initialized using 'CodeIgniter\Session\Handlers\FileHandler' driver.
INFO - 2023-12-02 07:27:35 --> Session: Class initialized using 'CodeIgniter\Session\Handlers\FileHandler' driver.
INFO - 2023-12-02 07:27:35 --> Session: Class initialized using 'CodeIgniter\Session\Handlers\FileHandler' driver.
INFO - 2023-12-02 07:27:59 --> Session: Class initialized using 'CodeIgniter\Session\Handlers\FileHandler' driver.
INFO - 2023-12-02 07:28:00 --> Session: Class initialized using 'CodeIgniter\Session\Handlers\FileHandler' driver.
INFO - 2023-12-02 07:28:22 --> Session: Class initialized using 'CodeIgniter\Session\Handlers\FileHandler' driver.
INFO - 2023-12-02 07:28:23 --> Session: Class initialized using 'CodeIgniter\Session\Handlers\FileHandler' driver.
INFO - 2023-12-02 07:28:37 --> Session: Class initialized using 'CodeIgniter\Session\Handlers\FileHandler' driver.
INFO - 2023-12-02 07:28:45 --> Session: Class initialized using 'CodeIgniter\Session\Handlers\FileHandler' driver.
INFO - 2023-12-02 07:28:45 --> Session: Class initialized using 'CodeIgniter\Session\Handlers\FileHandler' driver.
INFO - 2023-12-02 07:29:31 --> Session: Class initialized using 'CodeIgniter\Session\Handlers\FileHandler' driver.
INFO - 2023-12-02 07:29:31 --> Session: Class initialized using 'CodeIgniter\Session\Handlers\FileHandler' driver.
INFO - 2023-12-02 07:30:18 --> Session: Class initialized using 'CodeIgniter\Session\Handlers\FileHandler' driver.
INFO - 2023-12-02 07:30:18 --> Session: Class initialized using 'CodeIgniter\Session\Handlers\FileHandler' driver.
INFO - 2023-12-02 07:32:44 --> Session: Class initialized using 'CodeIgniter\Session\Handlers\FileHandler' driver.
INFO - 2023-12-02 07:32:44 --> Session: Class initialized using 'CodeIgniter\Session\Handlers\FileHandler' driver.
INFO - 2023-12-02 07:34:05 --> Session: Class initialized using 'CodeIgniter\Session\Handlers\FileHandler' driver.
INFO - 2023-12-02 07:34:06 --> Session: Class initialized using 'CodeIgniter\Session\Handlers\FileHandler' driver.
INFO - 2023-12-02 07:34:20 --> Session: Class initialized using 'CodeIgniter\Session\Handlers\FileHandler' driver.
INFO - 2023-12-02 07:34:22 --> Session: Class initialized using 'CodeIgniter\Session\Handlers\FileHandler' driver.
INFO - 2023-12-02 07:34:22 --> Session: Class initialized using 'CodeIgniter\Session\Handlers\FileHandler' driver.
INFO - 2023-12-02 07:37:45 --> Session: Class initialized using 'CodeIgniter\Session\Handlers\FileHandler' driver.
INFO - 2023-12-02 07:37:45 --> Session: Class initialized using 'CodeIgniter\Session\Handlers\FileHandler' driver.
INFO - 2023-12-02 07:37:58 --> Session: Class initialized using 'CodeIgniter\Session\Handlers\FileHandler' driver.
INFO - 2023-12-02 07:37:59 --> Session: Class initialized using 'CodeIgniter\Session\Handlers\FileHandler' driver.
INFO - 2023-12-02 07:38:33 --> Session: Class initialized using 'CodeIgniter\Session\Handlers\FileHandler' driver.
INFO - 2023-12-02 07:39:10 --> Session: Class initialized using 'CodeIgniter\Session\Handlers\FileHandler' driver.
INFO - 2023-12-02 07:39:12 --> Session: Class initialized using 'CodeIgniter\Session\Handlers\FileHandler' driver.
INFO - 2023-12-02 07:39:46 --> Session: Class initialized using 'CodeIgniter\Session\Handlers\FileHandler' driver.
INFO - 2023-12-02 07:39:56 --> Session: Class initialized using 'CodeIgniter\Session\Handlers\FileHandler' driver.
INFO - 2023-12-02 07:40:21 --> Session: Class initialized using 'CodeIgniter\Session\Handlers\FileHandler' driver.
INFO - 2023-12-02 07:43:00 --> Session: Class initialized using 'CodeIgniter\Session\Handlers\FileHandler' driver.
INFO - 2023-12-02 07:43:22 --> Session: Class initialized using 'CodeIgniter\Session\Handlers\FileHandler' driver.
INFO - 2023-12-02 07:44:01 --> Session: Class initialized using 'CodeIgniter\Session\Handlers\FileHandler' driver.
INFO - 2023-12-02 07:45:53 --> Session: Class initialized using 'CodeIgniter\Session\Handlers\FileHandler' driver.
INFO - 2023-12-02 07:46:14 --> Session: Class initialized using 'CodeIgniter\Session\Handlers\FileHandler' driver.
INFO - 2023-12-02 07:46:35 --> Session: Class initialized using 'CodeIgniter\Session\Handlers\FileHandler' driver.
INFO - 2023-12-02 07:50:44 --> Session: Class initialized using 'CodeIgniter\Session\Handlers\FileHandler' driver.
INFO - 2023-12-02 07:50:59 --> Session: Class initialized using 'CodeIgniter\Session\Handlers\FileHandler' driver.
INFO - 2023-12-02 07:51:29 --> Session: Class initialized using 'CodeIgniter\Session\Handlers\FileHandler' driver.
INFO - 2023-12-02 07:51:39 --> Session: Class initialized using 'CodeIgniter\Session\Handlers\FileHandler' driver.
INFO - 2023-12-02 07:52:15 --> Session: Class initialized using 'CodeIgniter\Session\Handlers\FileHandler' driver.
ERROR - 2023-12-02 07:52:15 --> mysqli_sql_exception: Table 'aparus.aprs_penghuni' doesn't exist in C:\2023project\aparus\system\Database\MySQLi\Connection.php:306
Stack trace:
#0 C:\2023project\aparus\system\Database\MySQLi\Connection.php(306): mysqli->query('SELECT *\nFROM `...', 0)
#1 C:\2023project\aparus\system\Database\BaseConnection.php(693): CodeIgniter\Database\MySQLi\Connection->execute('SELECT *\nFROM `...')
#2 C:\2023project\aparus\system\Database\BaseConnection.php(607): CodeIgniter\Database\BaseConnection->simpleQuery('SELECT *\nFROM `...')
#3 C:\2023project\aparus\system\Database\BaseBuilder.php(1615): CodeIgniter\Database\BaseConnection->query('SELECT *\nFROM `...', Array, false)
#4 C:\2023project\aparus\system\Model.php(264): CodeIgniter\Database\BaseBuilder->get()
#5 C:\2023project\aparus\system\BaseModel.php(662): CodeIgniter\Model->doFirst()
#6 C:\2023project\aparus\app\Controllers\Kontrak.php(25): CodeIgniter\BaseModel->first()
#7 C:\2023project\aparus\system\CodeIgniter.php(942): App\Controllers\Kontrak->index()
#8 C:\2023project\aparus\system\CodeIgniter.php(502): CodeIgniter\CodeIgniter->runController(Object(App\Controllers\Kontrak))
#9 C:\2023project\aparus\system\CodeIgniter.php(361): CodeIgniter\CodeIgniter->handleRequest(NULL, Object(Config\Cache), false)
#10 C:\2023project\aparus\public\index.php(79): CodeIgniter\CodeIgniter->run()
#11 C:\2023project\aparus\system\Commands\Server\rewrite.php(47): require_once('C:\\2023project\\...')
#12 {main}
CRITICAL - 2023-12-02 07:52:15 --> Table 'aparus.aprs_penghuni' doesn't exist
in SYSTEMPATH\Database\BaseConnection.php on line 647.
 1 SYSTEMPATH\Database\BaseBuilder.php(1615): CodeIgniter\Database\BaseConnection->query('SELECT *
FROM `aprs_penghuni`
WHERE `user_id` = :user_id:
 LIMIT 1', [...], false)
 2 SYSTEMPATH\Model.php(264): CodeIgniter\Database\BaseBuilder->get()
 3 SYSTEMPATH\BaseModel.php(662): CodeIgniter\Model->doFirst()
 4 APPPATH\Controllers\Kontrak.php(25): CodeIgniter\BaseModel->first()
 5 SYSTEMPATH\CodeIgniter.php(942): App\Controllers\Kontrak->index()
 6 SYSTEMPATH\CodeIgniter.php(502): CodeIgniter\CodeIgniter->runController(Object(App\Controllers\Kontrak))
 7 SYSTEMPATH\CodeIgniter.php(361): CodeIgniter\CodeIgniter->handleRequest(null, Object(Config\Cache), false)
 8 FCPATH\index.php(79): CodeIgniter\CodeIgniter->run()
 9 SYSTEMPATH\Commands\Server\rewrite.php(47): require_once('C:\\2023project\\aparus\\public\\index.php')
INFO - 2023-12-02 08:00:22 --> Session: Class initialized using 'CodeIgniter\Session\Handlers\FileHandler' driver.
INFO - 2023-12-02 08:00:24 --> Session: Class initialized using 'CodeIgniter\Session\Handlers\FileHandler' driver.
INFO - 2023-12-02 08:02:19 --> Session: Class initialized using 'CodeIgniter\Session\Handlers\FileHandler' driver.
INFO - 2023-12-02 08:02:21 --> Session: Class initialized using 'CodeIgniter\Session\Handlers\FileHandler' driver.
ERROR - 2023-12-02 08:02:21 --> mysqli_sql_exception: Table 'aparus.aprs_dokumen' doesn't exist in C:\2023project\aparus\system\Database\MySQLi\Connection.php:306
Stack trace:
#0 C:\2023project\aparus\system\Database\MySQLi\Connection.php(306): mysqli->query('SELECT *\nFROM `...', 0)
#1 C:\2023project\aparus\system\Database\BaseConnection.php(693): CodeIgniter\Database\MySQLi\Connection->execute('SELECT *\nFROM `...')
#2 C:\2023project\aparus\system\Database\BaseConnection.php(607): CodeIgniter\Database\BaseConnection->simpleQuery('SELECT *\nFROM `...')
#3 C:\2023project\aparus\system\Database\BaseBuilder.php(1615): CodeIgniter\Database\BaseConnection->query('SELECT *\nFROM `...', Array, false)
#4 C:\2023project\aparus\system\Model.php(237): CodeIgniter\Database\BaseBuilder->get()
#5 C:\2023project\aparus\system\BaseModel.php(624): CodeIgniter\Model->doFindAll(0, 0)
#6 C:\2023project\aparus\app\Controllers\Kontrak.php(27): CodeIgniter\BaseModel->findAll()
#7 C:\2023project\aparus\system\CodeIgniter.php(942): App\Controllers\Kontrak->index()
#8 C:\2023project\aparus\system\CodeIgniter.php(502): CodeIgniter\CodeIgniter->runController(Object(App\Controllers\Kontrak))
#9 C:\2023project\aparus\system\CodeIgniter.php(361): CodeIgniter\CodeIgniter->handleRequest(NULL, Object(Config\Cache), false)
#10 C:\2023project\aparus\public\index.php(79): CodeIgniter\CodeIgniter->run()
#11 C:\2023project\aparus\system\Commands\Server\rewrite.php(47): require_once('C:\\2023project\\...')
#12 {main}
CRITICAL - 2023-12-02 08:02:21 --> Table 'aparus.aprs_dokumen' doesn't exist
in SYSTEMPATH\Database\BaseConnection.php on line 647.
 1 SYSTEMPATH\Database\BaseBuilder.php(1615): CodeIgniter\Database\BaseConnection->query('SELECT *
FROM `aprs_dokumen`
WHERE `id_penghuni` = :id_penghuni:
ORDER BY `namadokumen` DESC', [...], false)
 2 SYSTEMPATH\Model.php(237): CodeIgniter\Database\BaseBuilder->get()
 3 SYSTEMPATH\BaseModel.php(624): CodeIgniter\Model->doFindAll(0, 0)
 4 APPPATH\Controllers\Kontrak.php(27): CodeIgniter\BaseModel->findAll()
 5 SYSTEMPATH\CodeIgniter.php(942): App\Controllers\Kontrak->index()
 6 SYSTEMPATH\CodeIgniter.php(502): CodeIgniter\CodeIgniter->runController(Object(App\Controllers\Kontrak))
 7 SYSTEMPATH\CodeIgniter.php(361): CodeIgniter\CodeIgniter->handleRequest(null, Object(Config\Cache), false)
 8 FCPATH\index.php(79): CodeIgniter\CodeIgniter->run()
 9 SYSTEMPATH\Commands\Server\rewrite.php(47): require_once('C:\\2023project\\aparus\\public\\index.php')
INFO - 2023-12-02 08:03:01 --> Session: Class initialized using 'CodeIgniter\Session\Handlers\FileHandler' driver.
CRITICAL - 2023-12-02 08:03:01 --> filesize(): stat failed for C:\2023project\aparus\public\/uploads/dokumen/1701159042_801b0c2636af05932b3b.pdf
in APPPATH\Views\kontrak\kontrak.php on line 365.
 1 [internal function]: CodeIgniter\Debug\Exceptions->errorHandler(2, 'filesize(): stat failed for C:\\2023project\\aparus\\public\\/uploads/dokumen/1701159042_801b0c2636af05932b3b.pdf', 'C:\\2023project\\aparus\\app\\Views\\kontrak\\kontrak.php', 365, [...])
 2 APPPATH\Views\kontrak\kontrak.php(365): filesize('C:\\2023project\\aparus\\public\\/uploads/dokumen/1701159042_801b0c2636af05932b3b.pdf')
 3 SYSTEMPATH\View\View.php(228): include('C:\\2023project\\aparus\\app\\Views\\kontrak\\kontrak.php')
 4 SYSTEMPATH\View\View.php(231): CodeIgniter\View\View->CodeIgniter\View\{closure}()
 5 SYSTEMPATH\Common.php(1190): CodeIgniter\View\View->render('kontrak/kontrak', [], true)
 6 APPPATH\Controllers\Kontrak.php(30): view('kontrak/kontrak', [...])
 7 SYSTEMPATH\CodeIgniter.php(942): App\Controllers\Kontrak->index()
 8 SYSTEMPATH\CodeIgniter.php(502): CodeIgniter\CodeIgniter->runController(Object(App\Controllers\Kontrak))
 9 SYSTEMPATH\CodeIgniter.php(361): CodeIgniter\CodeIgniter->handleRequest(null, Object(Config\Cache), false)
10 FCPATH\index.php(79): CodeIgniter\CodeIgniter->run()
11 SYSTEMPATH\Commands\Server\rewrite.php(47): require_once('C:\\2023project\\aparus\\public\\index.php')
INFO - 2023-12-02 08:03:15 --> Session: Class initialized using 'CodeIgniter\Session\Handlers\FileHandler' driver.
INFO - 2023-12-02 08:03:37 --> Session: Class initialized using 'CodeIgniter\Session\Handlers\FileHandler' driver.
INFO - 2023-12-02 08:03:38 --> Session: Class initialized using 'CodeIgniter\Session\Handlers\FileHandler' driver.
CRITICAL - 2023-12-02 08:03:38 --> Call to undefined function timestamp()
in APPPATH\Views\kontrak\kontrak.php on line 376.
 1 SYSTEMPATH\View\View.php(228): include()
 2 SYSTEMPATH\View\View.php(231): CodeIgniter\View\View->CodeIgniter\View\{closure}()
 3 SYSTEMPATH\Common.php(1190): CodeIgniter\View\View->render('kontrak/kontrak', [], true)
 4 APPPATH\Controllers\Kontrak.php(30): view('kontrak/kontrak', [...])
 5 SYSTEMPATH\CodeIgniter.php(942): App\Controllers\Kontrak->index()
 6 SYSTEMPATH\CodeIgniter.php(502): CodeIgniter\CodeIgniter->runController(Object(App\Controllers\Kontrak))
 7 SYSTEMPATH\CodeIgniter.php(361): CodeIgniter\CodeIgniter->handleRequest(null, Object(Config\Cache), false)
 8 FCPATH\index.php(79): CodeIgniter\CodeIgniter->run()
 9 SYSTEMPATH\Commands\Server\rewrite.php(47): require_once('C:\\2023project\\aparus\\public\\index.php')
INFO - 2023-12-02 08:04:11 --> Session: Class initialized using 'CodeIgniter\Session\Handlers\FileHandler' driver.
INFO - 2023-12-02 08:07:32 --> Session: Class initialized using 'CodeIgniter\Session\Handlers\FileHandler' driver.
INFO - 2023-12-02 08:07:38 --> Session: Class initialized using 'CodeIgniter\Session\Handlers\FileHandler' driver.
CRITICAL - 2023-12-02 08:07:38 --> Invalid file: "../../themes/footer.php"
in SYSTEMPATH\Exceptions\FrameworkException.php on line 39.
 1 SYSTEMPATH\View\View.php(216): CodeIgniter\Exceptions\FrameworkException::forInvalidFile('../../themes/footer.php')
 2 SYSTEMPATH\View\View.php(469): CodeIgniter\View\View->render('../../themes/footer', null, true)
 3 APPPATH\Views\kontrak\list.php(133): CodeIgniter\View\View->include('../../themes/footer')
 4 SYSTEMPATH\View\View.php(228): include('C:\\2023project\\aparus\\app\\Views\\kontrak\\list.php')
 5 SYSTEMPATH\View\View.php(231): CodeIgniter\View\View->CodeIgniter\View\{closure}()
 6 SYSTEMPATH\Common.php(1190): CodeIgniter\View\View->render('kontrak/list', [], true)
 7 APPPATH\Controllers\Kontrak.php(134): view('kontrak/list', [...])
 8 SYSTEMPATH\CodeIgniter.php(942): App\Controllers\Kontrak->list()
 9 SYSTEMPATH\CodeIgniter.php(502): CodeIgniter\CodeIgniter->runController(Object(App\Controllers\Kontrak))
10 SYSTEMPATH\CodeIgniter.php(361): CodeIgniter\CodeIgniter->handleRequest(null, Object(Config\Cache), false)
11 FCPATH\index.php(79): CodeIgniter\CodeIgniter->run()
12 SYSTEMPATH\Commands\Server\rewrite.php(47): require_once('C:\\2023project\\aparus\\public\\index.php')
INFO - 2023-12-02 08:08:32 --> Session: Class initialized using 'CodeIgniter\Session\Handlers\FileHandler' driver.
INFO - 2023-12-02 08:09:24 --> Session: Class initialized using 'CodeIgniter\Session\Handlers\FileHandler' driver.
INFO - 2023-12-02 08:09:50 --> Session: Class initialized using 'CodeIgniter\Session\Handlers\FileHandler' driver.
INFO - 2023-12-02 08:09:52 --> Session: Class initialized using 'CodeIgniter\Session\Handlers\FileHandler' driver.
INFO - 2023-12-02 08:10:43 --> Session: Class initialized using 'CodeIgniter\Session\Handlers\FileHandler' driver.
INFO - 2023-12-02 08:13:14 --> Session: Class initialized using 'CodeIgniter\Session\Handlers\FileHandler' driver.
INFO - 2023-12-02 08:13:23 --> Session: Class initialized using 'CodeIgniter\Session\Handlers\FileHandler' driver.
INFO - 2023-12-02 08:13:24 --> Session: Class initialized using 'CodeIgniter\Session\Handlers\FileHandler' driver.
INFO - 2023-12-02 08:13:25 --> Session: Class initialized using 'CodeIgniter\Session\Handlers\FileHandler' driver.
INFO - 2023-12-02 08:13:26 --> Session: Class initialized using 'CodeIgniter\Session\Handlers\FileHandler' driver.
INFO - 2023-12-02 08:13:27 --> Session: Class initialized using 'CodeIgniter\Session\Handlers\FileHandler' driver.
INFO - 2023-12-02 08:13:27 --> Session: Class initialized using 'CodeIgniter\Session\Handlers\FileHandler' driver.
INFO - 2023-12-02 08:13:37 --> Session: Class initialized using 'CodeIgniter\Session\Handlers\FileHandler' driver.
INFO - 2023-12-02 08:13:40 --> Session: Class initialized using 'CodeIgniter\Session\Handlers\FileHandler' driver.
INFO - 2023-12-02 08:13:40 --> Session: Class initialized using 'CodeIgniter\Session\Handlers\FileHandler' driver.
INFO - 2023-12-02 08:14:30 --> Session: Class initialized using 'CodeIgniter\Session\Handlers\FileHandler' driver.
INFO - 2023-12-02 08:14:30 --> Session: Class initialized using 'CodeIgniter\Session\Handlers\FileHandler' driver.
INFO - 2023-12-02 08:14:46 --> Session: Class initialized using 'CodeIgniter\Session\Handlers\FileHandler' driver.
INFO - 2023-12-02 08:14:46 --> Session: Class initialized using 'CodeIgniter\Session\Handlers\FileHandler' driver.
INFO - 2023-12-02 08:14:48 --> Session: Class initialized using 'CodeIgniter\Session\Handlers\FileHandler' driver.
INFO - 2023-12-02 08:15:26 --> Session: Class initialized using 'CodeIgniter\Session\Handlers\FileHandler' driver.
INFO - 2023-12-02 08:15:26 --> Session: Class initialized using 'CodeIgniter\Session\Handlers\FileHandler' driver.
INFO - 2023-12-02 09:15:54 --> Session: Class initialized using 'CodeIgniter\Session\Handlers\FileHandler' driver.
INFO - 2023-12-02 09:15:56 --> Session: Class initialized using 'CodeIgniter\Session\Handlers\FileHandler' driver.
INFO - 2023-12-02 09:15:56 --> Session: Class initialized using 'CodeIgniter\Session\Handlers\FileHandler' driver.
INFO - 2023-12-02 09:15:58 --> Session: Class initialized using 'CodeIgniter\Session\Handlers\FileHandler' driver.
INFO - 2023-12-02 09:16:02 --> Session: Class initialized using 'CodeIgniter\Session\Handlers\FileHandler' driver.
INFO - 2023-12-02 09:16:02 --> Session: Class initialized using 'CodeIgniter\Session\Handlers\FileHandler' driver.
INFO - 2023-12-02 09:22:01 --> Session: Class initialized using 'CodeIgniter\Session\Handlers\FileHandler' driver.
INFO - 2023-12-02 09:22:17 --> Session: Class initialized using 'CodeIgniter\Session\Handlers\FileHandler' driver.
INFO - 2023-12-02 09:22:21 --> Session: Class initialized using 'CodeIgniter\Session\Handlers\FileHandler' driver.
INFO - 2023-12-02 09:23:00 --> Session: Class initialized using 'CodeIgniter\Session\Handlers\FileHandler' driver.
INFO - 2023-12-02 09:25:01 --> Session: Class initialized using 'CodeIgniter\Session\Handlers\FileHandler' driver.
INFO - 2023-12-02 09:26:49 --> Session: Class initialized using 'CodeIgniter\Session\Handlers\FileHandler' driver.
INFO - 2023-12-02 09:28:29 --> Session: Class initialized using 'CodeIgniter\Session\Handlers\FileHandler' driver.
INFO - 2023-12-02 09:31:24 --> Session: Class initialized using 'CodeIgniter\Session\Handlers\FileHandler' driver.
INFO - 2023-12-02 09:32:01 --> Session: Class initialized using 'CodeIgniter\Session\Handlers\FileHandler' driver.
INFO - 2023-12-02 09:33:12 --> Session: Class initialized using 'CodeIgniter\Session\Handlers\FileHandler' driver.
INFO - 2023-12-02 09:33:13 --> Session: Class initialized using 'CodeIgniter\Session\Handlers\FileHandler' driver.
INFO - 2023-12-02 09:33:15 --> Session: Class initialized using 'CodeIgniter\Session\Handlers\FileHandler' driver.
INFO - 2023-12-02 09:33:31 --> Session: Class initialized using 'CodeIgniter\Session\Handlers\FileHandler' driver.
INFO - 2023-12-02 09:36:03 --> Session: Class initialized using 'CodeIgniter\Session\Handlers\FileHandler' driver.
INFO - 2023-12-02 09:36:07 --> Session: Class initialized using 'CodeIgniter\Session\Handlers\FileHandler' driver.
INFO - 2023-12-02 09:36:11 --> Session: Class initialized using 'CodeIgniter\Session\Handlers\FileHandler' driver.
INFO - 2023-12-02 09:38:37 --> Session: Class initialized using 'CodeIgniter\Session\Handlers\FileHandler' driver.
INFO - 2023-12-02 09:38:45 --> Session: Class initialized using 'CodeIgniter\Session\Handlers\FileHandler' driver.
INFO - 2023-12-02 09:38:59 --> Session: Class initialized using 'CodeIgniter\Session\Handlers\FileHandler' driver.
INFO - 2023-12-02 09:40:30 --> Session: Class initialized using 'CodeIgniter\Session\Handlers\FileHandler' driver.
INFO - 2023-12-02 09:41:44 --> Session: Class initialized using 'CodeIgniter\Session\Handlers\FileHandler' driver.
INFO - 2023-12-02 09:41:45 --> Session: Class initialized using 'CodeIgniter\Session\Handlers\FileHandler' driver.
INFO - 2023-12-02 09:42:39 --> Session: Class initialized using 'CodeIgniter\Session\Handlers\FileHandler' driver.
INFO - 2023-12-02 09:42:41 --> Session: Class initialized using 'CodeIgniter\Session\Handlers\FileHandler' driver.
INFO - 2023-12-02 09:43:09 --> Session: Class initialized using 'CodeIgniter\Session\Handlers\FileHandler' driver.
INFO - 2023-12-02 09:43:12 --> Session: Class initialized using 'CodeIgniter\Session\Handlers\FileHandler' driver.
INFO - 2023-12-02 09:43:41 --> Session: Class initialized using 'CodeIgniter\Session\Handlers\FileHandler' driver.
INFO - 2023-12-02 09:43:44 --> Session: Class initialized using 'CodeIgniter\Session\Handlers\FileHandler' driver.
INFO - 2023-12-02 09:43:56 --> Session: Class initialized using 'CodeIgniter\Session\Handlers\FileHandler' driver.
INFO - 2023-12-02 09:44:04 --> Session: Class initialized using 'CodeIgniter\Session\Handlers\FileHandler' driver.
INFO - 2023-12-02 11:55:43 --> Session: Class initialized using 'CodeIgniter\Session\Handlers\FileHandler' driver.
INFO - 2023-12-02 11:55:43 --> Session: Class initialized using 'CodeIgniter\Session\Handlers\FileHandler' driver.
INFO - 2023-12-02 11:55:53 --> Session: Class initialized using 'CodeIgniter\Session\Handlers\FileHandler' driver.
INFO - 2023-12-02 11:55:53 --> Session: Class initialized using 'CodeIgniter\Session\Handlers\FileHandler' driver.
INFO - 2023-12-02 11:56:22 --> Session: Class initialized using 'CodeIgniter\Session\Handlers\FileHandler' driver.
INFO - 2023-12-02 12:00:26 --> Session: Class initialized using 'CodeIgniter\Session\Handlers\FileHandler' driver.
INFO - 2023-12-02 12:00:26 --> Session: Class initialized using 'CodeIgniter\Session\Handlers\FileHandler' driver.
INFO - 2023-12-02 12:00:26 --> Session: Class initialized using 'CodeIgniter\Session\Handlers\FileHandler' driver.
INFO - 2023-12-02 12:00:26 --> Session: Class initialized using 'CodeIgniter\Session\Handlers\FileHandler' driver.
INFO - 2023-12-02 12:00:26 --> Session: Class initialized using 'CodeIgniter\Session\Handlers\FileHandler' driver.
INFO - 2023-12-02 12:00:26 --> Session: Class initialized using 'CodeIgniter\Session\Handlers\FileHandler' driver.
INFO - 2023-12-02 12:00:27 --> Session: Class initialized using 'CodeIgniter\Session\Handlers\FileHandler' driver.
INFO - 2023-12-02 12:00:27 --> Session: Class initialized using 'CodeIgniter\Session\Handlers\FileHandler' driver.
INFO - 2023-12-02 12:00:27 --> Session: Class initialized using 'CodeIgniter\Session\Handlers\FileHandler' driver.
INFO - 2023-12-02 12:00:27 --> Session: Class initialized using 'CodeIgniter\Session\Handlers\FileHandler' driver.
INFO - 2023-12-02 12:01:50 --> Session: Class initialized using 'CodeIgniter\Session\Handlers\FileHandler' driver.
INFO - 2023-12-02 12:01:51 --> Session: Class initialized using 'CodeIgniter\Session\Handlers\FileHandler' driver.
INFO - 2023-12-02 12:01:51 --> Session: Class initialized using 'CodeIgniter\Session\Handlers\FileHandler' driver.
INFO - 2023-12-02 12:01:51 --> Session: Class initialized using 'CodeIgniter\Session\Handlers\FileHandler' driver.
INFO - 2023-12-02 12:01:51 --> Session: Class initialized using 'CodeIgniter\Session\Handlers\FileHandler' driver.
INFO - 2023-12-02 12:01:51 --> Session: Class initialized using 'CodeIgniter\Session\Handlers\FileHandler' driver.
INFO - 2023-12-02 12:01:51 --> Session: Class initialized using 'CodeIgniter\Session\Handlers\FileHandler' driver.
INFO - 2023-12-02 12:01:52 --> Session: Class initialized using 'CodeIgniter\Session\Handlers\FileHandler' driver.
INFO - 2023-12-02 12:01:52 --> Session: Class initialized using 'CodeIgniter\Session\Handlers\FileHandler' driver.
INFO - 2023-12-02 12:01:53 --> Session: Class initialized using 'CodeIgniter\Session\Handlers\FileHandler' driver.
INFO - 2023-12-02 12:02:44 --> Session: Class initialized using 'CodeIgniter\Session\Handlers\FileHandler' driver.
INFO - 2023-12-02 12:02:44 --> Session: Class initialized using 'CodeIgniter\Session\Handlers\FileHandler' driver.
INFO - 2023-12-02 12:02:44 --> Session: Class initialized using 'CodeIgniter\Session\Handlers\FileHandler' driver.
INFO - 2023-12-02 12:02:44 --> Session: Class initialized using 'CodeIgniter\Session\Handlers\FileHandler' driver.
INFO - 2023-12-02 12:02:44 --> Session: Class initialized using 'CodeIgniter\Session\Handlers\FileHandler' driver.
INFO - 2023-12-02 12:02:45 --> Session: Class initialized using 'CodeIgniter\Session\Handlers\FileHandler' driver.
INFO - 2023-12-02 12:02:45 --> Session: Class initialized using 'CodeIgniter\Session\Handlers\FileHandler' driver.
INFO - 2023-12-02 12:02:45 --> Session: Class initialized using 'CodeIgniter\Session\Handlers\FileHandler' driver.
INFO - 2023-12-02 12:02:45 --> Session: Class initialized using 'CodeIgniter\Session\Handlers\FileHandler' driver.
INFO - 2023-12-02 12:02:45 --> Session: Class initialized using 'CodeIgniter\Session\Handlers\FileHandler' driver.
INFO - 2023-12-02 12:05:06 --> Session: Class initialized using 'CodeIgniter\Session\Handlers\FileHandler' driver.
INFO - 2023-12-02 12:05:06 --> Session: Class initialized using 'CodeIgniter\Session\Handlers\FileHandler' driver.
INFO - 2023-12-02 12:05:06 --> Session: Class initialized using 'CodeIgniter\Session\Handlers\FileHandler' driver.
INFO - 2023-12-02 12:05:06 --> Session: Class initialized using 'CodeIgniter\Session\Handlers\FileHandler' driver.
INFO - 2023-12-02 12:05:07 --> Session: Class initialized using 'CodeIgniter\Session\Handlers\FileHandler' driver.
INFO - 2023-12-02 12:05:07 --> Session: Class initialized using 'CodeIgniter\Session\Handlers\FileHandler' driver.
INFO - 2023-12-02 12:05:07 --> Session: Class initialized using 'CodeIgniter\Session\Handlers\FileHandler' driver.
INFO - 2023-12-02 12:05:07 --> Session: Class initialized using 'CodeIgniter\Session\Handlers\FileHandler' driver.
INFO - 2023-12-02 12:05:07 --> Session: Class initialized using 'CodeIgniter\Session\Handlers\FileHandler' driver.
INFO - 2023-12-02 12:05:08 --> Session: Class initialized using 'CodeIgniter\Session\Handlers\FileHandler' driver.
INFO - 2023-12-02 12:07:41 --> Session: Class initialized using 'CodeIgniter\Session\Handlers\FileHandler' driver.
INFO - 2023-12-02 12:07:43 --> Session: Class initialized using 'CodeIgniter\Session\Handlers\FileHandler' driver.
INFO - 2023-12-02 12:07:43 --> Session: Class initialized using 'CodeIgniter\Session\Handlers\FileHandler' driver.
INFO - 2023-12-02 12:07:43 --> Session: Class initialized using 'CodeIgniter\Session\Handlers\FileHandler' driver.
INFO - 2023-12-02 12:07:43 --> Session: Class initialized using 'CodeIgniter\Session\Handlers\FileHandler' driver.
INFO - 2023-12-02 12:07:43 --> Session: Class initialized using 'CodeIgniter\Session\Handlers\FileHandler' driver.
INFO - 2023-12-02 12:07:43 --> Session: Class initialized using 'CodeIgniter\Session\Handlers\FileHandler' driver.
INFO - 2023-12-02 12:07:44 --> Session: Class initialized using 'CodeIgniter\Session\Handlers\FileHandler' driver.
INFO - 2023-12-02 12:07:44 --> Session: Class initialized using 'CodeIgniter\Session\Handlers\FileHandler' driver.
INFO - 2023-12-02 12:07:44 --> Session: Class initialized using 'CodeIgniter\Session\Handlers\FileHandler' driver.
INFO - 2023-12-02 12:08:03 --> Session: Class initialized using 'CodeIgniter\Session\Handlers\FileHandler' driver.
INFO - 2023-12-02 12:08:03 --> Session: Class initialized using 'CodeIgniter\Session\Handlers\FileHandler' driver.
INFO - 2023-12-02 12:08:04 --> Session: Class initialized using 'CodeIgniter\Session\Handlers\FileHandler' driver.
INFO - 2023-12-02 12:08:04 --> Session: Class initialized using 'CodeIgniter\Session\Handlers\FileHandler' driver.
INFO - 2023-12-02 12:08:04 --> Session: Class initialized using 'CodeIgniter\Session\Handlers\FileHandler' driver.
INFO - 2023-12-02 12:08:04 --> Session: Class initialized using 'CodeIgniter\Session\Handlers\FileHandler' driver.
INFO - 2023-12-02 12:08:04 --> Session: Class initialized using 'CodeIgniter\Session\Handlers\FileHandler' driver.
INFO - 2023-12-02 12:08:04 --> Session: Class initialized using 'CodeIgniter\Session\Handlers\FileHandler' driver.
INFO - 2023-12-02 12:08:04 --> Session: Class initialized using 'CodeIgniter\Session\Handlers\FileHandler' driver.
INFO - 2023-12-02 12:08:04 --> Session: Class initialized using 'CodeIgniter\Session\Handlers\FileHandler' driver.
INFO - 2023-12-02 12:08:19 --> Session: Class initialized using 'CodeIgniter\Session\Handlers\FileHandler' driver.
INFO - 2023-12-02 12:08:48 --> Session: Class initialized using 'CodeIgniter\Session\Handlers\FileHandler' driver.
INFO - 2023-12-02 12:11:06 --> Session: Class initialized using 'CodeIgniter\Session\Handlers\FileHandler' driver.
INFO - 2023-12-02 12:11:44 --> Session: Class initialized using 'CodeIgniter\Session\Handlers\FileHandler' driver.
INFO - 2023-12-02 12:12:19 --> Session: Class initialized using 'CodeIgniter\Session\Handlers\FileHandler' driver.
INFO - 2023-12-02 12:12:50 --> Session: Class initialized using 'CodeIgniter\Session\Handlers\FileHandler' driver.
INFO - 2023-12-02 12:12:59 --> Session: Class initialized using 'CodeIgniter\Session\Handlers\FileHandler' driver.
INFO - 2023-12-02 12:13:05 --> Session: Class initialized using 'CodeIgniter\Session\Handlers\FileHandler' driver.
INFO - 2023-12-02 12:13:10 --> Session: Class initialized using 'CodeIgniter\Session\Handlers\FileHandler' driver.
INFO - 2023-12-02 12:13:15 --> Session: Class initialized using 'CodeIgniter\Session\Handlers\FileHandler' driver.
INFO - 2023-12-02 12:16:02 --> Session: Class initialized using 'CodeIgniter\Session\Handlers\FileHandler' driver.
INFO - 2023-12-02 12:16:50 --> Session: Class initialized using 'CodeIgniter\Session\Handlers\FileHandler' driver.
INFO - 2023-12-02 12:17:54 --> Session: Class initialized using 'CodeIgniter\Session\Handlers\FileHandler' driver.
INFO - 2023-12-02 12:19:08 --> Session: Class initialized using 'CodeIgniter\Session\Handlers\FileHandler' driver.
INFO - 2023-12-02 12:19:25 --> Session: Class initialized using 'CodeIgniter\Session\Handlers\FileHandler' driver.
INFO - 2023-12-02 12:19:29 --> Session: Class initialized using 'CodeIgniter\Session\Handlers\FileHandler' driver.
CRITICAL - 2023-12-02 12:19:29 --> Invalid file: "kontrak/list.php"
in SYSTEMPATH\Exceptions\FrameworkException.php on line 39.
 1 SYSTEMPATH\View\View.php(216): CodeIgniter\Exceptions\FrameworkException::forInvalidFile('kontrak/list.php')
 2 SYSTEMPATH\Common.php(1190): CodeIgniter\View\View->render('kontrak/list', [], true)
 3 APPPATH\Controllers\Penghuni.php(134): view('kontrak/list', [...])
 4 SYSTEMPATH\CodeIgniter.php(942): App\Controllers\Penghuni->list()
 5 SYSTEMPATH\CodeIgniter.php(502): CodeIgniter\CodeIgniter->runController(Object(App\Controllers\Penghuni))
 6 SYSTEMPATH\CodeIgniter.php(361): CodeIgniter\CodeIgniter->handleRequest(null, Object(Config\Cache), false)
 7 FCPATH\index.php(79): CodeIgniter\CodeIgniter->run()
 8 SYSTEMPATH\Commands\Server\rewrite.php(47): require_once('C:\\2023project\\aparus\\public\\index.php')
INFO - 2023-12-02 12:19:58 --> Session: Class initialized using 'CodeIgniter\Session\Handlers\FileHandler' driver.
INFO - 2023-12-02 12:19:58 --> Session: Class initialized using 'CodeIgniter\Session\Handlers\FileHandler' driver.
INFO - 2023-12-02 12:19:58 --> Session: Class initialized using 'CodeIgniter\Session\Handlers\FileHandler' driver.
INFO - 2023-12-02 12:19:59 --> Session: Class initialized using 'CodeIgniter\Session\Handlers\FileHandler' driver.
INFO - 2023-12-02 12:19:59 --> Session: Class initialized using 'CodeIgniter\Session\Handlers\FileHandler' driver.
INFO - 2023-12-02 12:19:59 --> Session: Class initialized using 'CodeIgniter\Session\Handlers\FileHandler' driver.
INFO - 2023-12-02 12:19:59 --> Session: Class initialized using 'CodeIgniter\Session\Handlers\FileHandler' driver.
INFO - 2023-12-02 12:19:59 --> Session: Class initialized using 'CodeIgniter\Session\Handlers\FileHandler' driver.
INFO - 2023-12-02 12:19:59 --> Session: Class initialized using 'CodeIgniter\Session\Handlers\FileHandler' driver.
INFO - 2023-12-02 12:19:59 --> Session: Class initialized using 'CodeIgniter\Session\Handlers\FileHandler' driver.
INFO - 2023-12-02 12:20:13 --> Session: Class initialized using 'CodeIgniter\Session\Handlers\FileHandler' driver.
INFO - 2023-12-02 12:20:14 --> Session: Class initialized using 'CodeIgniter\Session\Handlers\FileHandler' driver.
INFO - 2023-12-02 12:20:15 --> Session: Class initialized using 'CodeIgniter\Session\Handlers\FileHandler' driver.
INFO - 2023-12-02 12:20:15 --> Session: Class initialized using 'CodeIgniter\Session\Handlers\FileHandler' driver.
INFO - 2023-12-02 12:20:15 --> Session: Class initialized using 'CodeIgniter\Session\Handlers\FileHandler' driver.
INFO - 2023-12-02 12:20:15 --> Session: Class initialized using 'CodeIgniter\Session\Handlers\FileHandler' driver.
INFO - 2023-12-02 12:20:15 --> Session: Class initialized using 'CodeIgniter\Session\Handlers\FileHandler' driver.
INFO - 2023-12-02 12:20:15 --> Session: Class initialized using 'CodeIgniter\Session\Handlers\FileHandler' driver.
INFO - 2023-12-02 12:20:15 --> Session: Class initialized using 'CodeIgniter\Session\Handlers\FileHandler' driver.
INFO - 2023-12-02 12:20:15 --> Session: Class initialized using 'CodeIgniter\Session\Handlers\FileHandler' driver.
INFO - 2023-12-02 12:20:16 --> Session: Class initialized using 'CodeIgniter\Session\Handlers\FileHandler' driver.
INFO - 2023-12-02 12:20:16 --> Session: Class initialized using 'CodeIgniter\Session\Handlers\FileHandler' driver.
INFO - 2023-12-02 12:20:42 --> Session: Class initialized using 'CodeIgniter\Session\Handlers\FileHandler' driver.
INFO - 2023-12-02 12:20:43 --> Session: Class initialized using 'CodeIgniter\Session\Handlers\FileHandler' driver.
INFO - 2023-12-02 12:20:44 --> Session: Class initialized using 'CodeIgniter\Session\Handlers\FileHandler' driver.
INFO - 2023-12-02 12:20:45 --> Session: Class initialized using 'CodeIgniter\Session\Handlers\FileHandler' driver.
INFO - 2023-12-02 12:20:45 --> Session: Class initialized using 'CodeIgniter\Session\Handlers\FileHandler' driver.
INFO - 2023-12-02 12:20:45 --> Session: Class initialized using 'CodeIgniter\Session\Handlers\FileHandler' driver.
INFO - 2023-12-02 12:20:45 --> Session: Class initialized using 'CodeIgniter\Session\Handlers\FileHandler' driver.
INFO - 2023-12-02 12:20:45 --> Session: Class initialized using 'CodeIgniter\Session\Handlers\FileHandler' driver.
INFO - 2023-12-02 12:20:45 --> Session: Class initialized using 'CodeIgniter\Session\Handlers\FileHandler' driver.
INFO - 2023-12-02 12:20:45 --> Session: Class initialized using 'CodeIgniter\Session\Handlers\FileHandler' driver.
INFO - 2023-12-02 12:20:45 --> Session: Class initialized using 'CodeIgniter\Session\Handlers\FileHandler' driver.
INFO - 2023-12-02 12:21:58 --> Session: Class initialized using 'CodeIgniter\Session\Handlers\FileHandler' driver.
INFO - 2023-12-02 12:21:59 --> Session: Class initialized using 'CodeIgniter\Session\Handlers\FileHandler' driver.
INFO - 2023-12-02 12:21:59 --> Session: Class initialized using 'CodeIgniter\Session\Handlers\FileHandler' driver.
INFO - 2023-12-02 12:21:59 --> Session: Class initialized using 'CodeIgniter\Session\Handlers\FileHandler' driver.
INFO - 2023-12-02 12:21:59 --> Session: Class initialized using 'CodeIgniter\Session\Handlers\FileHandler' driver.
INFO - 2023-12-02 12:21:59 --> Session: Class initialized using 'CodeIgniter\Session\Handlers\FileHandler' driver.
INFO - 2023-12-02 12:21:59 --> Session: Class initialized using 'CodeIgniter\Session\Handlers\FileHandler' driver.
INFO - 2023-12-02 12:21:59 --> Session: Class initialized using 'CodeIgniter\Session\Handlers\FileHandler' driver.
INFO - 2023-12-02 12:21:59 --> Session: Class initialized using 'CodeIgniter\Session\Handlers\FileHandler' driver.
INFO - 2023-12-02 12:21:59 --> Session: Class initialized using 'CodeIgniter\Session\Handlers\FileHandler' driver.
INFO - 2023-12-02 12:25:03 --> Session: Class initialized using 'CodeIgniter\Session\Handlers\FileHandler' driver.
INFO - 2023-12-02 12:25:04 --> Session: Class initialized using 'CodeIgniter\Session\Handlers\FileHandler' driver.
INFO - 2023-12-02 12:25:04 --> Session: Class initialized using 'CodeIgniter\Session\Handlers\FileHandler' driver.
INFO - 2023-12-02 12:25:04 --> Session: Class initialized using 'CodeIgniter\Session\Handlers\FileHandler' driver.
INFO - 2023-12-02 12:25:05 --> Session: Class initialized using 'CodeIgniter\Session\Handlers\FileHandler' driver.
INFO - 2023-12-02 12:25:05 --> Session: Class initialized using 'CodeIgniter\Session\Handlers\FileHandler' driver.
INFO - 2023-12-02 12:25:05 --> Session: Class initialized using 'CodeIgniter\Session\Handlers\FileHandler' driver.
INFO - 2023-12-02 12:25:05 --> Session: Class initialized using 'CodeIgniter\Session\Handlers\FileHandler' driver.
INFO - 2023-12-02 12:25:05 --> Session: Class initialized using 'CodeIgniter\Session\Handlers\FileHandler' driver.
INFO - 2023-12-02 12:25:05 --> Session: Class initialized using 'CodeIgniter\Session\Handlers\FileHandler' driver.
INFO - 2023-12-02 12:25:29 --> Session: Class initialized using 'CodeIgniter\Session\Handlers\FileHandler' driver.
INFO - 2023-12-02 12:25:30 --> Session: Class initialized using 'CodeIgniter\Session\Handlers\FileHandler' driver.
INFO - 2023-12-02 12:25:30 --> Session: Class initialized using 'CodeIgniter\Session\Handlers\FileHandler' driver.
INFO - 2023-12-02 12:25:30 --> Session: Class initialized using 'CodeIgniter\Session\Handlers\FileHandler' driver.
INFO - 2023-12-02 12:25:30 --> Session: Class initialized using 'CodeIgniter\Session\Handlers\FileHandler' driver.
INFO - 2023-12-02 12:25:30 --> Session: Class initialized using 'CodeIgniter\Session\Handlers\FileHandler' driver.
INFO - 2023-12-02 12:25:30 --> Session: Class initialized using 'CodeIgniter\Session\Handlers\FileHandler' driver.
INFO - 2023-12-02 12:25:30 --> Session: Class initialized using 'CodeIgniter\Session\Handlers\FileHandler' driver.
INFO - 2023-12-02 12:25:30 --> Session: Class initialized using 'CodeIgniter\Session\Handlers\FileHandler' driver.
INFO - 2023-12-02 12:25:30 --> Session: Class initialized using 'CodeIgniter\Session\Handlers\FileHandler' driver.
INFO - 2023-12-02 12:27:26 --> Session: Class initialized using 'CodeIgniter\Session\Handlers\FileHandler' driver.
INFO - 2023-12-02 12:27:26 --> Session: Class initialized using 'CodeIgniter\Session\Handlers\FileHandler' driver.
INFO - 2023-12-02 12:27:26 --> Session: Class initialized using 'CodeIgniter\Session\Handlers\FileHandler' driver.
INFO - 2023-12-02 12:27:27 --> Session: Class initialized using 'CodeIgniter\Session\Handlers\FileHandler' driver.
INFO - 2023-12-02 12:27:27 --> Session: Class initialized using 'CodeIgniter\Session\Handlers\FileHandler' driver.
INFO - 2023-12-02 12:27:27 --> Session: Class initialized using 'CodeIgniter\Session\Handlers\FileHandler' driver.
INFO - 2023-12-02 12:27:27 --> Session: Class initialized using 'CodeIgniter\Session\Handlers\FileHandler' driver.
INFO - 2023-12-02 12:27:27 --> Session: Class initialized using 'CodeIgniter\Session\Handlers\FileHandler' driver.
INFO - 2023-12-02 12:27:27 --> Session: Class initialized using 'CodeIgniter\Session\Handlers\FileHandler' driver.
INFO - 2023-12-02 12:27:27 --> Session: Class initialized using 'CodeIgniter\Session\Handlers\FileHandler' driver.
INFO - 2023-12-02 12:29:11 --> Session: Class initialized using 'CodeIgniter\Session\Handlers\FileHandler' driver.
INFO - 2023-12-02 12:29:12 --> Session: Class initialized using 'CodeIgniter\Session\Handlers\FileHandler' driver.
INFO - 2023-12-02 12:29:12 --> Session: Class initialized using 'CodeIgniter\Session\Handlers\FileHandler' driver.
INFO - 2023-12-02 12:29:12 --> Session: Class initialized using 'CodeIgniter\Session\Handlers\FileHandler' driver.
INFO - 2023-12-02 12:29:12 --> Session: Class initialized using 'CodeIgniter\Session\Handlers\FileHandler' driver.
INFO - 2023-12-02 12:29:12 --> Session: Class initialized using 'CodeIgniter\Session\Handlers\FileHandler' driver.
INFO - 2023-12-02 12:29:12 --> Session: Class initialized using 'CodeIgniter\Session\Handlers\FileHandler' driver.
INFO - 2023-12-02 12:29:12 --> Session: Class initialized using 'CodeIgniter\Session\Handlers\FileHandler' driver.
INFO - 2023-12-02 12:29:12 --> Session: Class initialized using 'CodeIgniter\Session\Handlers\FileHandler' driver.
INFO - 2023-12-02 12:29:13 --> Session: Class initialized using 'CodeIgniter\Session\Handlers\FileHandler' driver.
INFO - 2023-12-02 12:29:57 --> Session: Class initialized using 'CodeIgniter\Session\Handlers\FileHandler' driver.
INFO - 2023-12-02 12:29:57 --> Session: Class initialized using 'CodeIgniter\Session\Handlers\FileHandler' driver.
INFO - 2023-12-02 12:30:46 --> Session: Class initialized using 'CodeIgniter\Session\Handlers\FileHandler' driver.
INFO - 2023-12-02 12:30:46 --> Session: Class initialized using 'CodeIgniter\Session\Handlers\FileHandler' driver.
INFO - 2023-12-02 12:31:39 --> Session: Class initialized using 'CodeIgniter\Session\Handlers\FileHandler' driver.
CRITICAL - 2023-12-02 12:31:39 --> Undefined index: kode_penghuni
in APPPATH\Views\penghuni\list.php on line 99.
 1 APPPATH\Views\penghuni\list.php(99): CodeIgniter\Debug\Exceptions->errorHandler(8, 'Undefined index: kode_penghuni', 'C:\\2023project\\aparus\\app\\Views\\penghuni\\list.php', 99, [...])
 2 SYSTEMPATH\View\View.php(228): include('C:\\2023project\\aparus\\app\\Views\\penghuni\\list.php')
 3 SYSTEMPATH\View\View.php(231): CodeIgniter\View\View->CodeIgniter\View\{closure}()
 4 SYSTEMPATH\Common.php(1190): CodeIgniter\View\View->render('penghuni/list', [], true)
 5 APPPATH\Controllers\Penghuni.php(134): view('penghuni/list', [...])
 6 SYSTEMPATH\CodeIgniter.php(942): App\Controllers\Penghuni->list()
 7 SYSTEMPATH\CodeIgniter.php(502): CodeIgniter\CodeIgniter->runController(Object(App\Controllers\Penghuni))
 8 SYSTEMPATH\CodeIgniter.php(361): CodeIgniter\CodeIgniter->handleRequest(null, Object(Config\Cache), false)
 9 FCPATH\index.php(79): CodeIgniter\CodeIgniter->run()
10 SYSTEMPATH\Commands\Server\rewrite.php(47): require_once('C:\\2023project\\aparus\\public\\index.php')
INFO - 2023-12-02 12:32:12 --> Session: Class initialized using 'CodeIgniter\Session\Handlers\FileHandler' driver.
INFO - 2023-12-02 12:32:12 --> Session: Class initialized using 'CodeIgniter\Session\Handlers\FileHandler' driver.
INFO - 2023-12-02 12:32:46 --> Session: Class initialized using 'CodeIgniter\Session\Handlers\FileHandler' driver.
INFO - 2023-12-02 12:32:47 --> Session: Class initialized using 'CodeIgniter\Session\Handlers\FileHandler' driver.
INFO - 2023-12-02 12:32:59 --> Session: Class initialized using 'CodeIgniter\Session\Handlers\FileHandler' driver.
INFO - 2023-12-02 12:33:00 --> Session: Class initialized using 'CodeIgniter\Session\Handlers\FileHandler' driver.
INFO - 2023-12-02 12:33:29 --> Session: Class initialized using 'CodeIgniter\Session\Handlers\FileHandler' driver.
INFO - 2023-12-02 12:33:29 --> Session: Class initialized using 'CodeIgniter\Session\Handlers\FileHandler' driver.
INFO - 2023-12-02 12:34:54 --> Session: Class initialized using 'CodeIgniter\Session\Handlers\FileHandler' driver.
INFO - 2023-12-02 12:34:55 --> Session: Class initialized using 'CodeIgniter\Session\Handlers\FileHandler' driver.
INFO - 2023-12-02 12:35:21 --> Session: Class initialized using 'CodeIgniter\Session\Handlers\FileHandler' driver.
INFO - 2023-12-02 12:35:21 --> Session: Class initialized using 'CodeIgniter\Session\Handlers\FileHandler' driver.
INFO - 2023-12-02 12:35:47 --> Session: Class initialized using 'CodeIgniter\Session\Handlers\FileHandler' driver.
INFO - 2023-12-02 12:35:47 --> Session: Class initialized using 'CodeIgniter\Session\Handlers\FileHandler' driver.
INFO - 2023-12-02 12:36:05 --> Session: Class initialized using 'CodeIgniter\Session\Handlers\FileHandler' driver.
INFO - 2023-12-02 12:36:07 --> Session: Class initialized using 'CodeIgniter\Session\Handlers\FileHandler' driver.
INFO - 2023-12-02 12:36:21 --> Session: Class initialized using 'CodeIgniter\Session\Handlers\FileHandler' driver.
INFO - 2023-12-02 12:36:21 --> Session: Class initialized using 'CodeIgniter\Session\Handlers\FileHandler' driver.
INFO - 2023-12-02 12:37:13 --> Session: Class initialized using 'CodeIgniter\Session\Handlers\FileHandler' driver.
INFO - 2023-12-02 12:37:14 --> Session: Class initialized using 'CodeIgniter\Session\Handlers\FileHandler' driver.
INFO - 2023-12-02 12:37:51 --> Session: Class initialized using 'CodeIgniter\Session\Handlers\FileHandler' driver.
INFO - 2023-12-02 12:37:51 --> Session: Class initialized using 'CodeIgniter\Session\Handlers\FileHandler' driver.
INFO - 2023-12-02 12:38:28 --> Session: Class initialized using 'CodeIgniter\Session\Handlers\FileHandler' driver.
INFO - 2023-12-02 12:38:28 --> Session: Class initialized using 'CodeIgniter\Session\Handlers\FileHandler' driver.
INFO - 2023-12-02 12:41:51 --> Session: Class initialized using 'CodeIgniter\Session\Handlers\FileHandler' driver.
INFO - 2023-12-02 12:41:52 --> Session: Class initialized using 'CodeIgniter\Session\Handlers\FileHandler' driver.
INFO - 2023-12-02 12:41:52 --> Session: Class initialized using 'CodeIgniter\Session\Handlers\FileHandler' driver.
INFO - 2023-12-02 12:43:04 --> Session: Class initialized using 'CodeIgniter\Session\Handlers\FileHandler' driver.
INFO - 2023-12-02 12:43:04 --> Session: Class initialized using 'CodeIgniter\Session\Handlers\FileHandler' driver.
INFO - 2023-12-02 12:43:22 --> Session: Class initialized using 'CodeIgniter\Session\Handlers\FileHandler' driver.
INFO - 2023-12-02 12:43:23 --> Session: Class initialized using 'CodeIgniter\Session\Handlers\FileHandler' driver.
INFO - 2023-12-02 12:44:27 --> Session: Class initialized using 'CodeIgniter\Session\Handlers\FileHandler' driver.
INFO - 2023-12-02 12:44:28 --> Session: Class initialized using 'CodeIgniter\Session\Handlers\FileHandler' driver.
INFO - 2023-12-02 12:44:45 --> Session: Class initialized using 'CodeIgniter\Session\Handlers\FileHandler' driver.
INFO - 2023-12-02 12:44:45 --> Session: Class initialized using 'CodeIgniter\Session\Handlers\FileHandler' driver.
INFO - 2023-12-02 12:45:25 --> Session: Class initialized using 'CodeIgniter\Session\Handlers\FileHandler' driver.
INFO - 2023-12-02 12:45:26 --> Session: Class initialized using 'CodeIgniter\Session\Handlers\FileHandler' driver.
INFO - 2023-12-02 12:46:40 --> Session: Class initialized using 'CodeIgniter\Session\Handlers\FileHandler' driver.
INFO - 2023-12-02 12:46:41 --> Session: Class initialized using 'CodeIgniter\Session\Handlers\FileHandler' driver.
INFO - 2023-12-02 12:47:14 --> Session: Class initialized using 'CodeIgniter\Session\Handlers\FileHandler' driver.
INFO - 2023-12-02 12:47:14 --> Session: Class initialized using 'CodeIgniter\Session\Handlers\FileHandler' driver.
INFO - 2023-12-02 12:49:47 --> Session: Class initialized using 'CodeIgniter\Session\Handlers\FileHandler' driver.
INFO - 2023-12-02 12:49:47 --> Session: Class initialized using 'CodeIgniter\Session\Handlers\FileHandler' driver.
INFO - 2023-12-02 12:50:28 --> Session: Class initialized using 'CodeIgniter\Session\Handlers\FileHandler' driver.
INFO - 2023-12-02 12:50:28 --> Session: Class initialized using 'CodeIgniter\Session\Handlers\FileHandler' driver.
INFO - 2023-12-02 12:52:12 --> Session: Class initialized using 'CodeIgniter\Session\Handlers\FileHandler' driver.
INFO - 2023-12-02 12:53:07 --> Session: Class initialized using 'CodeIgniter\Session\Handlers\FileHandler' driver.
INFO - 2023-12-02 12:53:43 --> Session: Class initialized using 'CodeIgniter\Session\Handlers\FileHandler' driver.
INFO - 2023-12-02 12:54:09 --> Session: Class initialized using 'CodeIgniter\Session\Handlers\FileHandler' driver.
INFO - 2023-12-02 12:57:46 --> Session: Class initialized using 'CodeIgniter\Session\Handlers\FileHandler' driver.
INFO - 2023-12-02 12:57:47 --> Session: Class initialized using 'CodeIgniter\Session\Handlers\FileHandler' driver.
INFO - 2023-12-02 12:57:49 --> Session: Class initialized using 'CodeIgniter\Session\Handlers\FileHandler' driver.
INFO - 2023-12-02 12:57:51 --> Session: Class initialized using 'CodeIgniter\Session\Handlers\FileHandler' driver.
INFO - 2023-12-02 12:58:46 --> Session: Class initialized using 'CodeIgniter\Session\Handlers\FileHandler' driver.
INFO - 2023-12-02 12:58:48 --> Session: Class initialized using 'CodeIgniter\Session\Handlers\FileHandler' driver.
INFO - 2023-12-02 12:59:05 --> Session: Class initialized using 'CodeIgniter\Session\Handlers\FileHandler' driver.
INFO - 2023-12-02 12:59:07 --> Session: Class initialized using 'CodeIgniter\Session\Handlers\FileHandler' driver.
CRITICAL - 2023-12-02 12:59:37 --> Cannot redeclare App\Controllers\Penghuni::list()
in APPPATH\Controllers\Penghuni.php on line 136.
 1 [internal function]: CodeIgniter\Debug\Exceptions->shutdownHandler()
INFO - 2023-12-02 13:00:22 --> Session: Class initialized using 'CodeIgniter\Session\Handlers\FileHandler' driver.
INFO - 2023-12-02 13:00:26 --> Session: Class initialized using 'CodeIgniter\Session\Handlers\FileHandler' driver.
INFO - 2023-12-02 13:00:47 --> Session: Class initialized using 'CodeIgniter\Session\Handlers\FileHandler' driver.
INFO - 2023-12-02 13:01:16 --> Session: Class initialized using 'CodeIgniter\Session\Handlers\FileHandler' driver.
INFO - 2023-12-02 13:01:52 --> Session: Class initialized using 'CodeIgniter\Session\Handlers\FileHandler' driver.
INFO - 2023-12-02 13:02:08 --> Session: Class initialized using 'CodeIgniter\Session\Handlers\FileHandler' driver.
INFO - 2023-12-02 13:02:28 --> Session: Class initialized using 'CodeIgniter\Session\Handlers\FileHandler' driver.
INFO - 2023-12-02 13:05:43 --> Session: Class initialized using 'CodeIgniter\Session\Handlers\FileHandler' driver.
INFO - 2023-12-02 13:05:58 --> Session: Class initialized using 'CodeIgniter\Session\Handlers\FileHandler' driver.
INFO - 2023-12-02 13:08:06 --> Session: Class initialized using 'CodeIgniter\Session\Handlers\FileHandler' driver.
INFO - 2023-12-02 13:09:53 --> Session: Class initialized using 'CodeIgniter\Session\Handlers\FileHandler' driver.
INFO - 2023-12-02 13:10:42 --> Session: Class initialized using 'CodeIgniter\Session\Handlers\FileHandler' driver.
INFO - 2023-12-02 13:12:19 --> Session: Class initialized using 'CodeIgniter\Session\Handlers\FileHandler' driver.
INFO - 2023-12-02 13:14:43 --> Session: Class initialized using 'CodeIgniter\Session\Handlers\FileHandler' driver.
CRITICAL - 2023-12-02 13:14:43 --> Invalid file: "kontrak/kontrak.php"
in SYSTEMPATH\Exceptions\FrameworkException.php on line 39.
 1 SYSTEMPATH\View\View.php(216): CodeIgniter\Exceptions\FrameworkException::forInvalidFile('kontrak/kontrak.php')
 2 SYSTEMPATH\Common.php(1190): CodeIgniter\View\View->render('kontrak/kontrak', [], true)
 3 APPPATH\Controllers\Penghuni.php(30): view('kontrak/kontrak', [...])
 4 SYSTEMPATH\CodeIgniter.php(942): App\Controllers\Penghuni->daftar()
 5 SYSTEMPATH\CodeIgniter.php(502): CodeIgniter\CodeIgniter->runController(Object(App\Controllers\Penghuni))
 6 SYSTEMPATH\CodeIgniter.php(361): CodeIgniter\CodeIgniter->handleRequest(null, Object(Config\Cache), false)
 7 FCPATH\index.php(79): CodeIgniter\CodeIgniter->run()
 8 SYSTEMPATH\Commands\Server\rewrite.php(47): require_once('C:\\2023project\\aparus\\public\\index.php')
INFO - 2023-12-02 13:14:47 --> Session: Class initialized using 'CodeIgniter\Session\Handlers\FileHandler' driver.
INFO - 2023-12-02 13:14:51 --> Session: Class initialized using 'CodeIgniter\Session\Handlers\FileHandler' driver.
CRITICAL - 2023-12-02 13:14:51 --> Invalid file: "kontrak/kontrak.php"
in SYSTEMPATH\Exceptions\FrameworkException.php on line 39.
 1 SYSTEMPATH\View\View.php(216): CodeIgniter\Exceptions\FrameworkException::forInvalidFile('kontrak/kontrak.php')
 2 SYSTEMPATH\Common.php(1190): CodeIgniter\View\View->render('kontrak/kontrak', [], true)
 3 APPPATH\Controllers\Penghuni.php(30): view('kontrak/kontrak', [...])
 4 SYSTEMPATH\CodeIgniter.php(942): App\Controllers\Penghuni->daftar()
 5 SYSTEMPATH\CodeIgniter.php(502): CodeIgniter\CodeIgniter->runController(Object(App\Controllers\Penghuni))
 6 SYSTEMPATH\CodeIgniter.php(361): CodeIgniter\CodeIgniter->handleRequest(null, Object(Config\Cache), false)
 7 FCPATH\index.php(79): CodeIgniter\CodeIgniter->run()
 8 SYSTEMPATH\Commands\Server\rewrite.php(47): require_once('C:\\2023project\\aparus\\public\\index.php')
INFO - 2023-12-02 13:15:30 --> Session: Class initialized using 'CodeIgniter\Session\Handlers\FileHandler' driver.
INFO - 2023-12-02 13:16:52 --> Session: Class initialized using 'CodeIgniter\Session\Handlers\FileHandler' driver.
INFO - 2023-12-02 13:16:54 --> Session: Class initialized using 'CodeIgniter\Session\Handlers\FileHandler' driver.
INFO - 2023-12-02 13:16:57 --> Session: Class initialized using 'CodeIgniter\Session\Handlers\FileHandler' driver.
INFO - 2023-12-02 13:18:54 --> Session: Class initialized using 'CodeIgniter\Session\Handlers\FileHandler' driver.
INFO - 2023-12-02 13:21:27 --> Session: Class initialized using 'CodeIgniter\Session\Handlers\FileHandler' driver.
CRITICAL - 2023-12-02 13:21:27 --> Undefined variable: rusun
in APPPATH\Views\penghuni\tambah.php on line 208.
 1 APPPATH\Views\penghuni\tambah.php(208): CodeIgniter\Debug\Exceptions->errorHandler(8, 'Undefined variable: rusun', 'C:\\2023project\\aparus\\app\\Views\\penghuni\\tambah.php', 208, [])
 2 SYSTEMPATH\View\View.php(228): include('C:\\2023project\\aparus\\app\\Views\\penghuni\\tambah.php')
 3 SYSTEMPATH\View\View.php(231): CodeIgniter\View\View->CodeIgniter\View\{closure}()
 4 SYSTEMPATH\Common.php(1190): CodeIgniter\View\View->render('penghuni/tambah', [], true)
 5 APPPATH\Controllers\Penghuni.php(147): view('penghuni/tambah')
 6 SYSTEMPATH\CodeIgniter.php(942): App\Controllers\Penghuni->tambah()
 7 SYSTEMPATH\CodeIgniter.php(502): CodeIgniter\CodeIgniter->runController(Object(App\Controllers\Penghuni))
 8 SYSTEMPATH\CodeIgniter.php(361): CodeIgniter\CodeIgniter->handleRequest(null, Object(Config\Cache), false)
 9 FCPATH\index.php(79): CodeIgniter\CodeIgniter->run()
10 SYSTEMPATH\Commands\Server\rewrite.php(47): require_once('C:\\2023project\\aparus\\public\\index.php')
INFO - 2023-12-02 13:21:37 --> Session: Class initialized using 'CodeIgniter\Session\Handlers\FileHandler' driver.
CRITICAL - 2023-12-02 13:21:37 --> Undefined variable: rusun
in APPPATH\Views\penghuni\tambah.php on line 208.
 1 APPPATH\Views\penghuni\tambah.php(208): CodeIgniter\Debug\Exceptions->errorHandler(8, 'Undefined variable: rusun', 'C:\\2023project\\aparus\\app\\Views\\penghuni\\tambah.php', 208, [])
 2 SYSTEMPATH\View\View.php(228): include('C:\\2023project\\aparus\\app\\Views\\penghuni\\tambah.php')
 3 SYSTEMPATH\View\View.php(231): CodeIgniter\View\View->CodeIgniter\View\{closure}()
 4 SYSTEMPATH\Common.php(1190): CodeIgniter\View\View->render('penghuni/tambah', [], true)
 5 APPPATH\Controllers\Penghuni.php(147): view('penghuni/tambah')
 6 SYSTEMPATH\CodeIgniter.php(942): App\Controllers\Penghuni->tambah()
 7 SYSTEMPATH\CodeIgniter.php(502): CodeIgniter\CodeIgniter->runController(Object(App\Controllers\Penghuni))
 8 SYSTEMPATH\CodeIgniter.php(361): CodeIgniter\CodeIgniter->handleRequest(null, Object(Config\Cache), false)
 9 FCPATH\index.php(79): CodeIgniter\CodeIgniter->run()
10 SYSTEMPATH\Commands\Server\rewrite.php(47): require_once('C:\\2023project\\aparus\\public\\index.php')
INFO - 2023-12-02 13:22:01 --> Session: Class initialized using 'CodeIgniter\Session\Handlers\FileHandler' driver.
CRITICAL - 2023-12-02 13:22:02 --> Undefined variable: rusun
in APPPATH\Views\penghuni\tambah.php on line 208.
 1 APPPATH\Views\penghuni\tambah.php(208): CodeIgniter\Debug\Exceptions->errorHandler(8, 'Undefined variable: rusun', 'C:\\2023project\\aparus\\app\\Views\\penghuni\\tambah.php', 208, [])
 2 SYSTEMPATH\View\View.php(228): include('C:\\2023project\\aparus\\app\\Views\\penghuni\\tambah.php')
 3 SYSTEMPATH\View\View.php(231): CodeIgniter\View\View->CodeIgniter\View\{closure}()
 4 SYSTEMPATH\Common.php(1190): CodeIgniter\View\View->render('penghuni/tambah', [], true)
 5 APPPATH\Controllers\Penghuni.php(148): view('penghuni/tambah')
 6 SYSTEMPATH\CodeIgniter.php(942): App\Controllers\Penghuni->tambah()
 7 SYSTEMPATH\CodeIgniter.php(502): CodeIgniter\CodeIgniter->runController(Object(App\Controllers\Penghuni))
 8 SYSTEMPATH\CodeIgniter.php(361): CodeIgniter\CodeIgniter->handleRequest(null, Object(Config\Cache), false)
 9 FCPATH\index.php(79): CodeIgniter\CodeIgniter->run()
10 SYSTEMPATH\Commands\Server\rewrite.php(47): require_once('C:\\2023project\\aparus\\public\\index.php')
INFO - 2023-12-02 13:22:12 --> Session: Class initialized using 'CodeIgniter\Session\Handlers\FileHandler' driver.
INFO - 2023-12-02 14:32:52 --> Session: Class initialized using 'CodeIgniter\Session\Handlers\FileHandler' driver.
INFO - 2023-12-02 14:36:17 --> Session: Class initialized using 'CodeIgniter\Session\Handlers\FileHandler' driver.
INFO - 2023-12-02 14:36:46 --> Session: Class initialized using 'CodeIgniter\Session\Handlers\FileHandler' driver.
INFO - 2023-12-02 14:38:17 --> Session: Class initialized using 'CodeIgniter\Session\Handlers\FileHandler' driver.
INFO - 2023-12-02 14:38:31 --> Session: Class initialized using 'CodeIgniter\Session\Handlers\FileHandler' driver.
INFO - 2023-12-02 14:39:05 --> Session: Class initialized using 'CodeIgniter\Session\Handlers\FileHandler' driver.
INFO - 2023-12-02 14:39:16 --> Session: Class initialized using 'CodeIgniter\Session\Handlers\FileHandler' driver.
INFO - 2023-12-02 14:39:27 --> Session: Class initialized using 'CodeIgniter\Session\Handlers\FileHandler' driver.
INFO - 2023-12-02 14:40:58 --> Session: Class initialized using 'CodeIgniter\Session\Handlers\FileHandler' driver.
INFO - 2023-12-02 14:40:59 --> Session: Class initialized using 'CodeIgniter\Session\Handlers\FileHandler' driver.
CRITICAL - 2023-12-02 14:40:59 --> Invalid file: "kontrak/kontrak.php"
in SYSTEMPATH\Exceptions\FrameworkException.php on line 39.
 1 SYSTEMPATH\View\View.php(216): CodeIgniter\Exceptions\FrameworkException::forInvalidFile('kontrak/kontrak.php')
 2 SYSTEMPATH\Common.php(1190): CodeIgniter\View\View->render('kontrak/kontrak', [], true)
 3 APPPATH\Controllers\Penghuni.php(44): view('kontrak/kontrak', [...])
 4 SYSTEMPATH\CodeIgniter.php(942): App\Controllers\Penghuni->edit('9e8b3d05e')
 5 SYSTEMPATH\CodeIgniter.php(502): CodeIgniter\CodeIgniter->runController(Object(App\Controllers\Penghuni))
 6 SYSTEMPATH\CodeIgniter.php(361): CodeIgniter\CodeIgniter->handleRequest(null, Object(Config\Cache), false)
 7 FCPATH\index.php(79): CodeIgniter\CodeIgniter->run()
 8 SYSTEMPATH\Commands\Server\rewrite.php(47): require_once('C:\\2023project\\aparus\\public\\index.php')
INFO - 2023-12-02 14:41:35 --> Session: Class initialized using 'CodeIgniter\Session\Handlers\FileHandler' driver.
CRITICAL - 2023-12-02 14:41:35 --> Invalid file: "penghuni/edit.php"
in SYSTEMPATH\Exceptions\FrameworkException.php on line 39.
 1 SYSTEMPATH\View\View.php(216): CodeIgniter\Exceptions\FrameworkException::forInvalidFile('penghuni/edit.php')
 2 SYSTEMPATH\Common.php(1190): CodeIgniter\View\View->render('penghuni/edit', [], true)
 3 APPPATH\Controllers\Penghuni.php(44): view('penghuni/edit', [...])
 4 SYSTEMPATH\CodeIgniter.php(942): App\Controllers\Penghuni->edit('9e8b3d05e')
 5 SYSTEMPATH\CodeIgniter.php(502): CodeIgniter\CodeIgniter->runController(Object(App\Controllers\Penghuni))
 6 SYSTEMPATH\CodeIgniter.php(361): CodeIgniter\CodeIgniter->handleRequest(null, Object(Config\Cache), false)
 7 FCPATH\index.php(79): CodeIgniter\CodeIgniter->run()
 8 SYSTEMPATH\Commands\Server\rewrite.php(47): require_once('C:\\2023project\\aparus\\public\\index.php')
INFO - 2023-12-02 14:42:58 --> Session: Class initialized using 'CodeIgniter\Session\Handlers\FileHandler' driver.
CRITICAL - 2023-12-02 14:42:58 --> Undefined variable: rusun
in APPPATH\Views\penghuni\daftar.php on line 244.
 1 APPPATH\Views\penghuni\daftar.php(244): CodeIgniter\Debug\Exceptions->errorHandler(8, 'Undefined variable: rusun', 'C:\\2023project\\aparus\\app\\Views\\penghuni\\daftar.php', 244, [...])
 2 SYSTEMPATH\View\View.php(228): include('C:\\2023project\\aparus\\app\\Views\\penghuni\\daftar.php')
 3 SYSTEMPATH\View\View.php(231): CodeIgniter\View\View->CodeIgniter\View\{closure}()
 4 SYSTEMPATH\Common.php(1190): CodeIgniter\View\View->render('penghuni/daftar', [], true)
 5 APPPATH\Controllers\Penghuni.php(44): view('penghuni/daftar', [...])
 6 SYSTEMPATH\CodeIgniter.php(942): App\Controllers\Penghuni->edit('9e8b3d05e')
 7 SYSTEMPATH\CodeIgniter.php(502): CodeIgniter\CodeIgniter->runController(Object(App\Controllers\Penghuni))
 8 SYSTEMPATH\CodeIgniter.php(361): CodeIgniter\CodeIgniter->handleRequest(null, Object(Config\Cache), false)
 9 FCPATH\index.php(79): CodeIgniter\CodeIgniter->run()
10 SYSTEMPATH\Commands\Server\rewrite.php(47): require_once('C:\\2023project\\aparus\\public\\index.php')
INFO - 2023-12-02 14:43:17 --> Session: Class initialized using 'CodeIgniter\Session\Handlers\FileHandler' driver.
INFO - 2023-12-02 14:44:01 --> Session: Class initialized using 'CodeIgniter\Session\Handlers\FileHandler' driver.
INFO - 2023-12-02 14:44:21 --> Session: Class initialized using 'CodeIgniter\Session\Handlers\FileHandler' driver.
INFO - 2023-12-02 14:45:00 --> Session: Class initialized using 'CodeIgniter\Session\Handlers\FileHandler' driver.
INFO - 2023-12-02 14:45:01 --> Session: Class initialized using 'CodeIgniter\Session\Handlers\FileHandler' driver.
INFO - 2023-12-02 14:45:03 --> Session: Class initialized using 'CodeIgniter\Session\Handlers\FileHandler' driver.
INFO - 2023-12-02 14:46:08 --> Session: Class initialized using 'CodeIgniter\Session\Handlers\FileHandler' driver.
INFO - 2023-12-02 14:46:13 --> Session: Class initialized using 'CodeIgniter\Session\Handlers\FileHandler' driver.
INFO - 2023-12-02 14:46:15 --> Session: Class initialized using 'CodeIgniter\Session\Handlers\FileHandler' driver.
INFO - 2023-12-02 14:46:32 --> Session: Class initialized using 'CodeIgniter\Session\Handlers\FileHandler' driver.
INFO - 2023-12-02 14:47:49 --> Session: Class initialized using 'CodeIgniter\Session\Handlers\FileHandler' driver.
INFO - 2023-12-02 14:49:03 --> Session: Class initialized using 'CodeIgniter\Session\Handlers\FileHandler' driver.
INFO - 2023-12-02 14:49:30 --> Session: Class initialized using 'CodeIgniter\Session\Handlers\FileHandler' driver.
INFO - 2023-12-02 14:51:20 --> Session: Class initialized using 'CodeIgniter\Session\Handlers\FileHandler' driver.
INFO - 2023-12-02 14:51:35 --> Session: Class initialized using 'CodeIgniter\Session\Handlers\FileHandler' driver.
INFO - 2023-12-02 14:53:28 --> Session: Class initialized using 'CodeIgniter\Session\Handlers\FileHandler' driver.
INFO - 2023-12-02 14:53:28 --> Session: Class initialized using 'CodeIgniter\Session\Handlers\FileHandler' driver.
INFO - 2023-12-02 14:55:35 --> Session: Class initialized using 'CodeIgniter\Session\Handlers\FileHandler' driver.
CRITICAL - 2023-12-02 14:55:35 --> Illegal string offset 'id_penghuni'
in APPPATH\Views\penghuni\edit.php on line 352.
 1 APPPATH\Views\penghuni\edit.php(352): CodeIgniter\Debug\Exceptions->errorHandler(2, 'Illegal string offset \'id_penghuni\'', 'C:\\2023project\\aparus\\app\\Views\\penghuni\\edit.php', 352, [...])
 2 SYSTEMPATH\View\View.php(228): include('C:\\2023project\\aparus\\app\\Views\\penghuni\\edit.php')
 3 SYSTEMPATH\View\View.php(231): CodeIgniter\View\View->CodeIgniter\View\{closure}()
 4 SYSTEMPATH\Common.php(1190): CodeIgniter\View\View->render('penghuni/edit', [], true)
 5 APPPATH\Controllers\Penghuni.php(45): view('penghuni/edit', [...])
 6 SYSTEMPATH\CodeIgniter.php(942): App\Controllers\Penghuni->edit('99af69c8da')
 7 SYSTEMPATH\CodeIgniter.php(502): CodeIgniter\CodeIgniter->runController(Object(App\Controllers\Penghuni))
 8 SYSTEMPATH\CodeIgniter.php(361): CodeIgniter\CodeIgniter->handleRequest(null, Object(Config\Cache), false)
 9 FCPATH\index.php(79): CodeIgniter\CodeIgniter->run()
10 SYSTEMPATH\Commands\Server\rewrite.php(47): require_once('C:\\2023project\\aparus\\public\\index.php')
INFO - 2023-12-02 14:56:09 --> Session: Class initialized using 'CodeIgniter\Session\Handlers\FileHandler' driver.
INFO - 2023-12-02 14:56:15 --> Session: Class initialized using 'CodeIgniter\Session\Handlers\FileHandler' driver.
INFO - 2023-12-02 14:56:24 --> Session: Class initialized using 'CodeIgniter\Session\Handlers\FileHandler' driver.
INFO - 2023-12-02 14:56:25 --> Session: Class initialized using 'CodeIgniter\Session\Handlers\FileHandler' driver.
INFO - 2023-12-02 14:56:28 --> Session: Class initialized using 'CodeIgniter\Session\Handlers\FileHandler' driver.
INFO - 2023-12-02 14:56:35 --> Session: Class initialized using 'CodeIgniter\Session\Handlers\FileHandler' driver.
INFO - 2023-12-02 14:56:38 --> Session: Class initialized using 'CodeIgniter\Session\Handlers\FileHandler' driver.
CRITICAL - 2023-12-02 14:56:38 --> Illegal string offset 'id_penghuni'
in APPPATH\Views\penghuni\edit.php on line 352.
 1 APPPATH\Views\penghuni\edit.php(352): CodeIgniter\Debug\Exceptions->errorHandler(2, 'Illegal string offset \'id_penghuni\'', 'C:\\2023project\\aparus\\app\\Views\\penghuni\\edit.php', 352, [...])
 2 SYSTEMPATH\View\View.php(228): include('C:\\2023project\\aparus\\app\\Views\\penghuni\\edit.php')
 3 SYSTEMPATH\View\View.php(231): CodeIgniter\View\View->CodeIgniter\View\{closure}()
 4 SYSTEMPATH\Common.php(1190): CodeIgniter\View\View->render('penghuni/edit', [], true)
 5 APPPATH\Controllers\Penghuni.php(45): view('penghuni/edit', [...])
 6 SYSTEMPATH\CodeIgniter.php(942): App\Controllers\Penghuni->edit('99af69c8da')
 7 SYSTEMPATH\CodeIgniter.php(502): CodeIgniter\CodeIgniter->runController(Object(App\Controllers\Penghuni))
 8 SYSTEMPATH\CodeIgniter.php(361): CodeIgniter\CodeIgniter->handleRequest(null, Object(Config\Cache), false)
 9 FCPATH\index.php(79): CodeIgniter\CodeIgniter->run()
10 SYSTEMPATH\Commands\Server\rewrite.php(47): require_once('C:\\2023project\\aparus\\public\\index.php')
INFO - 2023-12-02 14:56:58 --> Session: Class initialized using 'CodeIgniter\Session\Handlers\FileHandler' driver.
INFO - 2023-12-02 14:57:04 --> Session: Class initialized using 'CodeIgniter\Session\Handlers\FileHandler' driver.
INFO - 2023-12-02 14:58:17 --> Session: Class initialized using 'CodeIgniter\Session\Handlers\FileHandler' driver.
INFO - 2023-12-02 14:58:20 --> Session: Class initialized using 'CodeIgniter\Session\Handlers\FileHandler' driver.
INFO - 2023-12-02 14:59:46 --> Session: Class initialized using 'CodeIgniter\Session\Handlers\FileHandler' driver.
INFO - 2023-12-02 15:01:38 --> Session: Class initialized using 'CodeIgniter\Session\Handlers\FileHandler' driver.
INFO - 2023-12-02 15:02:23 --> Session: Class initialized using 'CodeIgniter\Session\Handlers\FileHandler' driver.
CRITICAL - 2023-12-02 15:02:23 --> Undefined offset: 2
in APPPATH\Helpers\tgl_indo_helper.php on line 21.
 1 APPPATH\Helpers\tgl_indo_helper.php(21): CodeIgniter\Debug\Exceptions->errorHandler(8, 'Undefined offset: 2', 'C:\\2023project\\aparus\\app\\Helpers\\tgl_indo_helper.php', 21, [...])
 2 APPPATH\Helpers\tgl_indo_helper.php(54): tgl_indo('1')
 3 APPPATH\Views\penghuni\daftartunggu.php(60): timestamp('1')
 4 SYSTEMPATH\View\View.php(228): include('C:\\2023project\\aparus\\app\\Views\\penghuni\\daftartunggu.php')
 5 SYSTEMPATH\View\View.php(231): CodeIgniter\View\View->CodeIgniter\View\{closure}()
 6 SYSTEMPATH\Common.php(1190): CodeIgniter\View\View->render('penghuni/daftartunggu', [], true)
 7 APPPATH\Controllers\Penghuni.php(144): view('penghuni/daftartunggu', [...])
 8 SYSTEMPATH\CodeIgniter.php(942): App\Controllers\Penghuni->daftartunggu()
 9 SYSTEMPATH\CodeIgniter.php(502): CodeIgniter\CodeIgniter->runController(Object(App\Controllers\Penghuni))
10 SYSTEMPATH\CodeIgniter.php(361): CodeIgniter\CodeIgniter->handleRequest(null, Object(Config\Cache), false)
11 FCPATH\index.php(79): CodeIgniter\CodeIgniter->run()
12 SYSTEMPATH\Commands\Server\rewrite.php(47): require_once('C:\\2023project\\aparus\\public\\index.php')
INFO - 2023-12-02 15:02:49 --> Session: Class initialized using 'CodeIgniter\Session\Handlers\FileHandler' driver.
INFO - 2023-12-02 15:03:17 --> Session: Class initialized using 'CodeIgniter\Session\Handlers\FileHandler' driver.
INFO - 2023-12-02 15:04:35 --> Session: Class initialized using 'CodeIgniter\Session\Handlers\FileHandler' driver.
INFO - 2023-12-02 15:04:56 --> Session: Class initialized using 'CodeIgniter\Session\Handlers\FileHandler' driver.
INFO - 2023-12-02 15:06:08 --> Session: Class initialized using 'CodeIgniter\Session\Handlers\FileHandler' driver.
INFO - 2023-12-02 15:06:31 --> Session: Class initialized using 'CodeIgniter\Session\Handlers\FileHandler' driver.
INFO - 2023-12-02 15:07:11 --> Session: Class initialized using 'CodeIgniter\Session\Handlers\FileHandler' driver.
INFO - 2023-12-02 15:07:32 --> Session: Class initialized using 'CodeIgniter\Session\Handlers\FileHandler' driver.
INFO - 2023-12-02 15:11:50 --> Session: Class initialized using 'CodeIgniter\Session\Handlers\FileHandler' driver.
CRITICAL - 2023-12-02 15:11:50 --> Call to undefined function fixphonenumber()
in APPPATH\Views\penghuni\daftartunggu.php on line 59.
 1 SYSTEMPATH\View\View.php(228): include()
 2 SYSTEMPATH\View\View.php(231): CodeIgniter\View\View->CodeIgniter\View\{closure}()
 3 SYSTEMPATH\Common.php(1190): CodeIgniter\View\View->render('penghuni/daftartunggu', [], true)
 4 APPPATH\Controllers\Penghuni.php(144): view('penghuni/daftartunggu', [...])
 5 SYSTEMPATH\CodeIgniter.php(942): App\Controllers\Penghuni->daftartunggu()
 6 SYSTEMPATH\CodeIgniter.php(502): CodeIgniter\CodeIgniter->runController(Object(App\Controllers\Penghuni))
 7 SYSTEMPATH\CodeIgniter.php(361): CodeIgniter\CodeIgniter->handleRequest(null, Object(Config\Cache), false)
 8 FCPATH\index.php(79): CodeIgniter\CodeIgniter->run()
 9 SYSTEMPATH\Commands\Server\rewrite.php(47): require_once('C:\\2023project\\aparus\\public\\index.php')
INFO - 2023-12-02 15:13:11 --> Session: Class initialized using 'CodeIgniter\Session\Handlers\FileHandler' driver.
CRITICAL - 2023-12-02 15:13:11 --> Call to undefined function fixphonenumber()
in APPPATH\Views\penghuni\daftartunggu.php on line 59.
 1 SYSTEMPATH\View\View.php(228): include()
 2 SYSTEMPATH\View\View.php(231): CodeIgniter\View\View->CodeIgniter\View\{closure}()
 3 SYSTEMPATH\Common.php(1190): CodeIgniter\View\View->render('penghuni/daftartunggu', [], true)
 4 APPPATH\Controllers\Penghuni.php(144): view('penghuni/daftartunggu', [...])
 5 SYSTEMPATH\CodeIgniter.php(942): App\Controllers\Penghuni->daftartunggu()
 6 SYSTEMPATH\CodeIgniter.php(502): CodeIgniter\CodeIgniter->runController(Object(App\Controllers\Penghuni))
 7 SYSTEMPATH\CodeIgniter.php(361): CodeIgniter\CodeIgniter->handleRequest(null, Object(Config\Cache), false)
 8 FCPATH\index.php(79): CodeIgniter\CodeIgniter->run()
 9 SYSTEMPATH\Commands\Server\rewrite.php(47): require_once('C:\\2023project\\aparus\\public\\index.php')
INFO - 2023-12-02 15:14:19 --> Session: Class initialized using 'CodeIgniter\Session\Handlers\FileHandler' driver.
CRITICAL - 2023-12-02 15:14:19 --> Call to undefined function fixphonenumber()
in APPPATH\Views\penghuni\daftartunggu.php on line 59.
 1 SYSTEMPATH\View\View.php(228): include()
 2 SYSTEMPATH\View\View.php(231): CodeIgniter\View\View->CodeIgniter\View\{closure}()
 3 SYSTEMPATH\Common.php(1190): CodeIgniter\View\View->render('penghuni/daftartunggu', [], true)
 4 APPPATH\Controllers\Penghuni.php(144): view('penghuni/daftartunggu', [...])
 5 SYSTEMPATH\CodeIgniter.php(942): App\Controllers\Penghuni->daftartunggu()
 6 SYSTEMPATH\CodeIgniter.php(502): CodeIgniter\CodeIgniter->runController(Object(App\Controllers\Penghuni))
 7 SYSTEMPATH\CodeIgniter.php(361): CodeIgniter\CodeIgniter->handleRequest(null, Object(Config\Cache), false)
 8 FCPATH\index.php(79): CodeIgniter\CodeIgniter->run()
 9 SYSTEMPATH\Commands\Server\rewrite.php(47): require_once('C:\\2023project\\aparus\\public\\index.php')
INFO - 2023-12-02 15:16:29 --> Session: Class initialized using 'CodeIgniter\Session\Handlers\FileHandler' driver.
INFO - 2023-12-02 15:30:21 --> Session: Class initialized using 'CodeIgniter\Session\Handlers\FileHandler' driver.
INFO - 2023-12-02 15:30:50 --> Session: Class initialized using 'CodeIgniter\Session\Handlers\FileHandler' driver.
CRITICAL - 2023-12-02 15:30:50 --> Undefined index: nama_rusun
in APPPATH\Views\penghuni\daftartunggu.php on line 60.
 1 APPPATH\Views\penghuni\daftartunggu.php(60): CodeIgniter\Debug\Exceptions->errorHandler(8, 'Undefined index: nama_rusun', 'C:\\2023project\\aparus\\app\\Views\\penghuni\\daftartunggu.php', 60, [...])
 2 SYSTEMPATH\View\View.php(228): include('C:\\2023project\\aparus\\app\\Views\\penghuni\\daftartunggu.php')
 3 SYSTEMPATH\View\View.php(231): CodeIgniter\View\View->CodeIgniter\View\{closure}()
 4 SYSTEMPATH\Common.php(1190): CodeIgniter\View\View->render('penghuni/daftartunggu', [], true)
 5 APPPATH\Controllers\Penghuni.php(144): view('penghuni/daftartunggu', [...])
 6 SYSTEMPATH\CodeIgniter.php(942): App\Controllers\Penghuni->daftartunggu()
 7 SYSTEMPATH\CodeIgniter.php(502): CodeIgniter\CodeIgniter->runController(Object(App\Controllers\Penghuni))
 8 SYSTEMPATH\CodeIgniter.php(361): CodeIgniter\CodeIgniter->handleRequest(null, Object(Config\Cache), false)
 9 FCPATH\index.php(79): CodeIgniter\CodeIgniter->run()
10 SYSTEMPATH\Commands\Server\rewrite.php(47): require_once('C:\\2023project\\aparus\\public\\index.php')
INFO - 2023-12-02 15:31:00 --> Session: Class initialized using 'CodeIgniter\Session\Handlers\FileHandler' driver.
CRITICAL - 2023-12-02 15:31:00 --> Undefined index: rusun_nama
in APPPATH\Views\penghuni\daftartunggu.php on line 60.
 1 APPPATH\Views\penghuni\daftartunggu.php(60): CodeIgniter\Debug\Exceptions->errorHandler(8, 'Undefined index: rusun_nama', 'C:\\2023project\\aparus\\app\\Views\\penghuni\\daftartunggu.php', 60, [...])
 2 SYSTEMPATH\View\View.php(228): include('C:\\2023project\\aparus\\app\\Views\\penghuni\\daftartunggu.php')
 3 SYSTEMPATH\View\View.php(231): CodeIgniter\View\View->CodeIgniter\View\{closure}()
 4 SYSTEMPATH\Common.php(1190): CodeIgniter\View\View->render('penghuni/daftartunggu', [], true)
 5 APPPATH\Controllers\Penghuni.php(144): view('penghuni/daftartunggu', [...])
 6 SYSTEMPATH\CodeIgniter.php(942): App\Controllers\Penghuni->daftartunggu()
 7 SYSTEMPATH\CodeIgniter.php(502): CodeIgniter\CodeIgniter->runController(Object(App\Controllers\Penghuni))
 8 SYSTEMPATH\CodeIgniter.php(361): CodeIgniter\CodeIgniter->handleRequest(null, Object(Config\Cache), false)
 9 FCPATH\index.php(79): CodeIgniter\CodeIgniter->run()
10 SYSTEMPATH\Commands\Server\rewrite.php(47): require_once('C:\\2023project\\aparus\\public\\index.php')
INFO - 2023-12-02 15:32:09 --> Session: Class initialized using 'CodeIgniter\Session\Handlers\FileHandler' driver.
ERROR - 2023-12-02 15:32:09 --> mysqli_sql_exception: Unknown column 'lantai_id' in 'order clause' in C:\2023project\aparus\system\Database\MySQLi\Connection.php:306
Stack trace:
#0 C:\2023project\aparus\system\Database\MySQLi\Connection.php(306): mysqli->query('SELECT *\nFROM `...', 0)
#1 C:\2023project\aparus\system\Database\BaseConnection.php(693): CodeIgniter\Database\MySQLi\Connection->execute('SELECT *\nFROM `...')
#2 C:\2023project\aparus\system\Database\BaseConnection.php(607): CodeIgniter\Database\BaseConnection->simpleQuery('SELECT *\nFROM `...')
#3 C:\2023project\aparus\system\Database\BaseBuilder.php(1615): CodeIgniter\Database\BaseConnection->query('SELECT *\nFROM `...', Array, false)
#4 C:\2023project\aparus\app\Models\Penghuni_model.php(24): CodeIgniter\Database\BaseBuilder->get()
#5 C:\2023project\aparus\app\Controllers\Penghuni.php(143): App\Models\Penghuni_model->getPenghuniWithRusun()
#6 C:\2023project\aparus\system\CodeIgniter.php(942): App\Controllers\Penghuni->daftartunggu()
#7 C:\2023project\aparus\system\CodeIgniter.php(502): CodeIgniter\CodeIgniter->runController(Object(App\Controllers\Penghuni))
#8 C:\2023project\aparus\system\CodeIgniter.php(361): CodeIgniter\CodeIgniter->handleRequest(NULL, Object(Config\Cache), false)
#9 C:\2023project\aparus\public\index.php(79): CodeIgniter\CodeIgniter->run()
#10 C:\2023project\aparus\system\Commands\Server\rewrite.php(47): require_once('C:\\2023project\\...')
#11 {main}
CRITICAL - 2023-12-02 15:32:09 --> Unknown column 'lantai_id' in 'order clause'
in SYSTEMPATH\Database\BaseConnection.php on line 647.
 1 SYSTEMPATH\Database\BaseBuilder.php(1615): CodeIgniter\Database\BaseConnection->query('SELECT *
FROM `aprs_penghuni`
LEFT JOIN `aprs_master_rusun` ON `rusun_id` = `rusuntujuan`
WHERE `status` = :status:
ORDER BY `lantai_id` ASC', [...], false)
 2 APPPATH\Models\Penghuni_model.php(24): CodeIgniter\Database\BaseBuilder->get()
 3 APPPATH\Controllers\Penghuni.php(143): App\Models\Penghuni_model->getPenghuniWithRusun()
 4 SYSTEMPATH\CodeIgniter.php(942): App\Controllers\Penghuni->daftartunggu()
 5 SYSTEMPATH\CodeIgniter.php(502): CodeIgniter\CodeIgniter->runController(Object(App\Controllers\Penghuni))
 6 SYSTEMPATH\CodeIgniter.php(361): CodeIgniter\CodeIgniter->handleRequest(null, Object(Config\Cache), false)
 7 FCPATH\index.php(79): CodeIgniter\CodeIgniter->run()
 8 SYSTEMPATH\Commands\Server\rewrite.php(47): require_once('C:\\2023project\\aparus\\public\\index.php')
INFO - 2023-12-02 15:32:39 --> Session: Class initialized using 'CodeIgniter\Session\Handlers\FileHandler' driver.
ERROR - 2023-12-02 15:32:39 --> mysqli_sql_exception: Column 'created_at' in order clause is ambiguous in C:\2023project\aparus\system\Database\MySQLi\Connection.php:306
Stack trace:
#0 C:\2023project\aparus\system\Database\MySQLi\Connection.php(306): mysqli->query('SELECT *\nFROM `...', 0)
#1 C:\2023project\aparus\system\Database\BaseConnection.php(693): CodeIgniter\Database\MySQLi\Connection->execute('SELECT *\nFROM `...')
#2 C:\2023project\aparus\system\Database\BaseConnection.php(607): CodeIgniter\Database\BaseConnection->simpleQuery('SELECT *\nFROM `...')
#3 C:\2023project\aparus\system\Database\BaseBuilder.php(1615): CodeIgniter\Database\BaseConnection->query('SELECT *\nFROM `...', Array, false)
#4 C:\2023project\aparus\app\Models\Penghuni_model.php(24): CodeIgniter\Database\BaseBuilder->get()
#5 C:\2023project\aparus\app\Controllers\Penghuni.php(143): App\Models\Penghuni_model->getPenghuniWithRusun()
#6 C:\2023project\aparus\system\CodeIgniter.php(942): App\Controllers\Penghuni->daftartunggu()
#7 C:\2023project\aparus\system\CodeIgniter.php(502): CodeIgniter\CodeIgniter->runController(Object(App\Controllers\Penghuni))
#8 C:\2023project\aparus\system\CodeIgniter.php(361): CodeIgniter\CodeIgniter->handleRequest(NULL, Object(Config\Cache), false)
#9 C:\2023project\aparus\public\index.php(79): CodeIgniter\CodeIgniter->run()
#10 C:\2023project\aparus\system\Commands\Server\rewrite.php(47): require_once('C:\\2023project\\...')
#11 {main}
CRITICAL - 2023-12-02 15:32:39 --> Column 'created_at' in order clause is ambiguous
in SYSTEMPATH\Database\BaseConnection.php on line 647.
 1 SYSTEMPATH\Database\BaseBuilder.php(1615): CodeIgniter\Database\BaseConnection->query('SELECT *
FROM `aprs_penghuni`
LEFT JOIN `aprs_master_rusun` ON `rusun_id` = `rusuntujuan`
WHERE `status` = :status:
ORDER BY `created_at` ASC', [...], false)
 2 APPPATH\Models\Penghuni_model.php(24): CodeIgniter\Database\BaseBuilder->get()
 3 APPPATH\Controllers\Penghuni.php(143): App\Models\Penghuni_model->getPenghuniWithRusun()
 4 SYSTEMPATH\CodeIgniter.php(942): App\Controllers\Penghuni->daftartunggu()
 5 SYSTEMPATH\CodeIgniter.php(502): CodeIgniter\CodeIgniter->runController(Object(App\Controllers\Penghuni))
 6 SYSTEMPATH\CodeIgniter.php(361): CodeIgniter\CodeIgniter->handleRequest(null, Object(Config\Cache), false)
 7 FCPATH\index.php(79): CodeIgniter\CodeIgniter->run()
 8 SYSTEMPATH\Commands\Server\rewrite.php(47): require_once('C:\\2023project\\aparus\\public\\index.php')
INFO - 2023-12-02 15:33:16 --> Session: Class initialized using 'CodeIgniter\Session\Handlers\FileHandler' driver.
ERROR - 2023-12-02 15:33:16 --> mysqli_sql_exception: Column 'created_at' in order clause is ambiguous in C:\2023project\aparus\system\Database\MySQLi\Connection.php:306
Stack trace:
#0 C:\2023project\aparus\system\Database\MySQLi\Connection.php(306): mysqli->query('SELECT *\nFROM `...', 0)
#1 C:\2023project\aparus\system\Database\BaseConnection.php(693): CodeIgniter\Database\MySQLi\Connection->execute('SELECT *\nFROM `...')
#2 C:\2023project\aparus\system\Database\BaseConnection.php(607): CodeIgniter\Database\BaseConnection->simpleQuery('SELECT *\nFROM `...')
#3 C:\2023project\aparus\system\Database\BaseBuilder.php(1615): CodeIgniter\Database\BaseConnection->query('SELECT *\nFROM `...', Array, false)
#4 C:\2023project\aparus\app\Models\Penghuni_model.php(24): CodeIgniter\Database\BaseBuilder->get()
#5 C:\2023project\aparus\app\Controllers\Penghuni.php(143): App\Models\Penghuni_model->getPenghuniWithRusun()
#6 C:\2023project\aparus\system\CodeIgniter.php(942): App\Controllers\Penghuni->daftartunggu()
#7 C:\2023project\aparus\system\CodeIgniter.php(502): CodeIgniter\CodeIgniter->runController(Object(App\Controllers\Penghuni))
#8 C:\2023project\aparus\system\CodeIgniter.php(361): CodeIgniter\CodeIgniter->handleRequest(NULL, Object(Config\Cache), false)
#9 C:\2023project\aparus\public\index.php(79): CodeIgniter\CodeIgniter->run()
#10 C:\2023project\aparus\system\Commands\Server\rewrite.php(47): require_once('C:\\2023project\\...')
#11 {main}
CRITICAL - 2023-12-02 15:33:16 --> Column 'created_at' in order clause is ambiguous
in SYSTEMPATH\Database\BaseConnection.php on line 647.
 1 SYSTEMPATH\Database\BaseBuilder.php(1615): CodeIgniter\Database\BaseConnection->query('SELECT *
FROM `aprs_penghuni`
LEFT JOIN `aprs_master_rusun` ON `rusun_id` = `rusuntujuan`
WHERE `status` = :status:
ORDER BY `created_at` ASC', [...], false)
 2 APPPATH\Models\Penghuni_model.php(24): CodeIgniter\Database\BaseBuilder->get()
 3 APPPATH\Controllers\Penghuni.php(143): App\Models\Penghuni_model->getPenghuniWithRusun()
 4 SYSTEMPATH\CodeIgniter.php(942): App\Controllers\Penghuni->daftartunggu()
 5 SYSTEMPATH\CodeIgniter.php(502): CodeIgniter\CodeIgniter->runController(Object(App\Controllers\Penghuni))
 6 SYSTEMPATH\CodeIgniter.php(361): CodeIgniter\CodeIgniter->handleRequest(null, Object(Config\Cache), false)
 7 FCPATH\index.php(79): CodeIgniter\CodeIgniter->run()
 8 SYSTEMPATH\Commands\Server\rewrite.php(47): require_once('C:\\2023project\\aparus\\public\\index.php')
INFO - 2023-12-02 15:33:18 --> Session: Class initialized using 'CodeIgniter\Session\Handlers\FileHandler' driver.
ERROR - 2023-12-02 15:33:18 --> mysqli_sql_exception: Column 'created_at' in order clause is ambiguous in C:\2023project\aparus\system\Database\MySQLi\Connection.php:306
Stack trace:
#0 C:\2023project\aparus\system\Database\MySQLi\Connection.php(306): mysqli->query('SELECT *\nFROM `...', 0)
#1 C:\2023project\aparus\system\Database\BaseConnection.php(693): CodeIgniter\Database\MySQLi\Connection->execute('SELECT *\nFROM `...')
#2 C:\2023project\aparus\system\Database\BaseConnection.php(607): CodeIgniter\Database\BaseConnection->simpleQuery('SELECT *\nFROM `...')
#3 C:\2023project\aparus\system\Database\BaseBuilder.php(1615): CodeIgniter\Database\BaseConnection->query('SELECT *\nFROM `...', Array, false)
#4 C:\2023project\aparus\app\Models\Penghuni_model.php(24): CodeIgniter\Database\BaseBuilder->get()
#5 C:\2023project\aparus\app\Controllers\Penghuni.php(143): App\Models\Penghuni_model->getPenghuniWithRusun()
#6 C:\2023project\aparus\system\CodeIgniter.php(942): App\Controllers\Penghuni->daftartunggu()
#7 C:\2023project\aparus\system\CodeIgniter.php(502): CodeIgniter\CodeIgniter->runController(Object(App\Controllers\Penghuni))
#8 C:\2023project\aparus\system\CodeIgniter.php(361): CodeIgniter\CodeIgniter->handleRequest(NULL, Object(Config\Cache), false)
#9 C:\2023project\aparus\public\index.php(79): CodeIgniter\CodeIgniter->run()
#10 C:\2023project\aparus\system\Commands\Server\rewrite.php(47): require_once('C:\\2023project\\...')
#11 {main}
CRITICAL - 2023-12-02 15:33:19 --> Column 'created_at' in order clause is ambiguous
in SYSTEMPATH\Database\BaseConnection.php on line 647.
 1 SYSTEMPATH\Database\BaseBuilder.php(1615): CodeIgniter\Database\BaseConnection->query('SELECT *
FROM `aprs_penghuni`
LEFT JOIN `aprs_master_rusun` ON `rusun_id` = `rusuntujuan`
WHERE `status` = :status:
ORDER BY `created_at` ASC', [...], false)
 2 APPPATH\Models\Penghuni_model.php(24): CodeIgniter\Database\BaseBuilder->get()
 3 APPPATH\Controllers\Penghuni.php(143): App\Models\Penghuni_model->getPenghuniWithRusun()
 4 SYSTEMPATH\CodeIgniter.php(942): App\Controllers\Penghuni->daftartunggu()
 5 SYSTEMPATH\CodeIgniter.php(502): CodeIgniter\CodeIgniter->runController(Object(App\Controllers\Penghuni))
 6 SYSTEMPATH\CodeIgniter.php(361): CodeIgniter\CodeIgniter->handleRequest(null, Object(Config\Cache), false)
 7 FCPATH\index.php(79): CodeIgniter\CodeIgniter->run()
 8 SYSTEMPATH\Commands\Server\rewrite.php(47): require_once('C:\\2023project\\aparus\\public\\index.php')
INFO - 2023-12-02 15:34:39 --> Session: Class initialized using 'CodeIgniter\Session\Handlers\FileHandler' driver.
CRITICAL - 2023-12-02 15:34:39 --> Undefined offset: 1
in APPPATH\Helpers\tgl_indo_helper.php on line 54.
 1 APPPATH\Helpers\tgl_indo_helper.php(54): CodeIgniter\Debug\Exceptions->errorHandler(8, 'Undefined offset: 1', 'C:\\2023project\\aparus\\app\\Helpers\\tgl_indo_helper.php', 54, [...])
 2 APPPATH\Views\penghuni\daftartunggu.php(61): timestamp(null)
 3 SYSTEMPATH\View\View.php(228): include('C:\\2023project\\aparus\\app\\Views\\penghuni\\daftartunggu.php')
 4 SYSTEMPATH\View\View.php(231): CodeIgniter\View\View->CodeIgniter\View\{closure}()
 5 SYSTEMPATH\Common.php(1190): CodeIgniter\View\View->render('penghuni/daftartunggu', [], true)
 6 APPPATH\Controllers\Penghuni.php(144): view('penghuni/daftartunggu', [...])
 7 SYSTEMPATH\CodeIgniter.php(942): App\Controllers\Penghuni->daftartunggu()
 8 SYSTEMPATH\CodeIgniter.php(502): CodeIgniter\CodeIgniter->runController(Object(App\Controllers\Penghuni))
 9 SYSTEMPATH\CodeIgniter.php(361): CodeIgniter\CodeIgniter->handleRequest(null, Object(Config\Cache), false)
10 FCPATH\index.php(79): CodeIgniter\CodeIgniter->run()
11 SYSTEMPATH\Commands\Server\rewrite.php(47): require_once('C:\\2023project\\aparus\\public\\index.php')
INFO - 2023-12-02 15:35:40 --> Session: Class initialized using 'CodeIgniter\Session\Handlers\FileHandler' driver.
INFO - 2023-12-02 15:36:16 --> Session: Class initialized using 'CodeIgniter\Session\Handlers\FileHandler' driver.
INFO - 2023-12-02 15:36:31 --> Session: Class initialized using 'CodeIgniter\Session\Handlers\FileHandler' driver.
INFO - 2023-12-02 15:38:56 --> Session: Class initialized using 'CodeIgniter\Session\Handlers\FileHandler' driver.
INFO - 2023-12-02 15:38:56 --> Session: Class initialized using 'CodeIgniter\Session\Handlers\FileHandler' driver.
INFO - 2023-12-02 15:38:57 --> Session: Class initialized using 'CodeIgniter\Session\Handlers\FileHandler' driver.
INFO - 2023-12-02 15:39:11 --> Session: Class initialized using 'CodeIgniter\Session\Handlers\FileHandler' driver.
INFO - 2023-12-02 15:39:12 --> Session: Class initialized using 'CodeIgniter\Session\Handlers\FileHandler' driver.
INFO - 2023-12-02 15:41:44 --> Session: Class initialized using 'CodeIgniter\Session\Handlers\FileHandler' driver.
ERROR - 2023-12-02 15:41:44 --> mysqli_sql_exception: Column 'status' in where clause is ambiguous in C:\2023project\aparus\system\Database\MySQLi\Connection.php:306
Stack trace:
#0 C:\2023project\aparus\system\Database\MySQLi\Connection.php(306): mysqli->query('SELECT *, `aprs...', 0)
#1 C:\2023project\aparus\system\Database\BaseConnection.php(693): CodeIgniter\Database\MySQLi\Connection->execute('SELECT *, `aprs...')
#2 C:\2023project\aparus\system\Database\BaseConnection.php(607): CodeIgniter\Database\BaseConnection->simpleQuery('SELECT *, `aprs...')
#3 C:\2023project\aparus\system\Database\BaseBuilder.php(1615): CodeIgniter\Database\BaseConnection->query('SELECT *, `aprs...', Array, false)
#4 C:\2023project\aparus\app\Models\Penghuni_model.php(25): CodeIgniter\Database\BaseBuilder->get()
#5 C:\2023project\aparus\app\Controllers\Penghuni.php(143): App\Models\Penghuni_model->getPenghuniWithRusun()
#6 C:\2023project\aparus\system\CodeIgniter.php(942): App\Controllers\Penghuni->daftartunggu()
#7 C:\2023project\aparus\system\CodeIgniter.php(502): CodeIgniter\CodeIgniter->runController(Object(App\Controllers\Penghuni))
#8 C:\2023project\aparus\system\CodeIgniter.php(361): CodeIgniter\CodeIgniter->handleRequest(NULL, Object(Config\Cache), false)
#9 C:\2023project\aparus\public\index.php(79): CodeIgniter\CodeIgniter->run()
#10 C:\2023project\aparus\system\Commands\Server\rewrite.php(47): require_once('C:\\2023project\\...')
#11 {main}
CRITICAL - 2023-12-02 15:41:44 --> Column 'status' in where clause is ambiguous
in SYSTEMPATH\Database\BaseConnection.php on line 647.
 1 SYSTEMPATH\Database\BaseBuilder.php(1615): CodeIgniter\Database\BaseConnection->query('SELECT *, `aprs_penghuni`.`created_at` as `waktudaftar`
FROM `aprs_penghuni`
LEFT JOIN `aprs_master_rusun` ON `rusun_id` = `rusuntujuan`
LEFT JOIN `aprs_user` ON `aprs_user`.`user_id` = `aprs_penghuni`.`user_id`
WHERE `status` = :status:
ORDER BY `waktudaftar` ASC', [...], false)
 2 APPPATH\Models\Penghuni_model.php(25): CodeIgniter\Database\BaseBuilder->get()
 3 APPPATH\Controllers\Penghuni.php(143): App\Models\Penghuni_model->getPenghuniWithRusun()
 4 SYSTEMPATH\CodeIgniter.php(942): App\Controllers\Penghuni->daftartunggu()
 5 SYSTEMPATH\CodeIgniter.php(502): CodeIgniter\CodeIgniter->runController(Object(App\Controllers\Penghuni))
 6 SYSTEMPATH\CodeIgniter.php(361): CodeIgniter\CodeIgniter->handleRequest(null, Object(Config\Cache), false)
 7 FCPATH\index.php(79): CodeIgniter\CodeIgniter->run()
 8 SYSTEMPATH\Commands\Server\rewrite.php(47): require_once('C:\\2023project\\aparus\\public\\index.php')
INFO - 2023-12-02 15:42:05 --> Session: Class initialized using 'CodeIgniter\Session\Handlers\FileHandler' driver.
INFO - 2023-12-02 15:42:05 --> Session: Class initialized using 'CodeIgniter\Session\Handlers\FileHandler' driver.
INFO - 2023-12-02 15:43:57 --> Session: Class initialized using 'CodeIgniter\Session\Handlers\FileHandler' driver.
INFO - 2023-12-02 15:43:57 --> Session: Class initialized using 'CodeIgniter\Session\Handlers\FileHandler' driver.
INFO - 2023-12-02 15:44:08 --> Session: Class initialized using 'CodeIgniter\Session\Handlers\FileHandler' driver.
INFO - 2023-12-02 15:45:04 --> Session: Class initialized using 'CodeIgniter\Session\Handlers\FileHandler' driver.
INFO - 2023-12-02 15:46:12 --> Session: Class initialized using 'CodeIgniter\Session\Handlers\FileHandler' driver.
INFO - 2023-12-02 15:46:33 --> Session: Class initialized using 'CodeIgniter\Session\Handlers\FileHandler' driver.
INFO - 2023-12-02 15:47:05 --> Session: Class initialized using 'CodeIgniter\Session\Handlers\FileHandler' driver.
INFO - 2023-12-02 15:47:15 --> Session: Class initialized using 'CodeIgniter\Session\Handlers\FileHandler' driver.
INFO - 2023-12-02 15:47:18 --> Session: Class initialized using 'CodeIgniter\Session\Handlers\FileHandler' driver.
INFO - 2023-12-02 15:47:21 --> Session: Class initialized using 'CodeIgniter\Session\Handlers\FileHandler' driver.
INFO - 2023-12-02 15:48:13 --> Session: Class initialized using 'CodeIgniter\Session\Handlers\FileHandler' driver.
INFO - 2023-12-02 15:48:15 --> Session: Class initialized using 'CodeIgniter\Session\Handlers\FileHandler' driver.
INFO - 2023-12-02 15:48:24 --> Session: Class initialized using 'CodeIgniter\Session\Handlers\FileHandler' driver.
INFO - 2023-12-02 15:48:37 --> Session: Class initialized using 'CodeIgniter\Session\Handlers\FileHandler' driver.
INFO - 2023-12-02 15:48:40 --> Session: Class initialized using 'CodeIgniter\Session\Handlers\FileHandler' driver.
INFO - 2023-12-02 15:48:42 --> Session: Class initialized using 'CodeIgniter\Session\Handlers\FileHandler' driver.
INFO - 2023-12-02 15:48:44 --> Session: Class initialized using 'CodeIgniter\Session\Handlers\FileHandler' driver.
INFO - 2023-12-02 15:48:47 --> Session: Class initialized using 'CodeIgniter\Session\Handlers\FileHandler' driver.
INFO - 2023-12-02 15:49:33 --> Session: Class initialized using 'CodeIgniter\Session\Handlers\FileHandler' driver.
INFO - 2023-12-02 15:49:34 --> Session: Class initialized using 'CodeIgniter\Session\Handlers\FileHandler' driver.
