INFO - 2023-11-26 04:25:45 --> Session: Class initialized using 'CodeIgniter\Session\Handlers\FileHandler' driver.
INFO - 2023-11-26 04:25:45 --> Session: Class initialized using 'CodeIgniter\Session\Handlers\FileHandler' driver.
INFO - 2023-11-26 04:25:55 --> Session: Class initialized using 'CodeIgniter\Session\Handlers\FileHandler' driver.
ERROR - 2023-11-26 04:25:59 --> Error connecting to the database: mysqli_sql_exception: No connection could be made because the target machine actively refused it.
 in C:\2023project\aparus\system\Database\MySQLi\Connection.php:185
Stack trace:
#0 C:\2023project\aparus\system\Database\MySQLi\Connection.php(185): mysqli->real_connect('localhost', 'root', '', 'aparus', 3306, '', 0)
#1 C:\2023project\aparus\system\Database\BaseConnection.php(392): CodeIgniter\Database\MySQLi\Connection->connect(false)
#2 C:\2023project\aparus\system\Database\BaseConnection.php(575): CodeIgniter\Database\BaseConnection->initialize()
#3 C:\2023project\aparus\system\Database\BaseBuilder.php(1615): CodeIgniter\Database\BaseConnection->query('SELECT *\nFROM `...', Array, false)
#4 C:\2023project\aparus\system\Model.php(264): CodeIgniter\Database\BaseBuilder->get()
#5 C:\2023project\aparus\system\BaseModel.php(662): CodeIgniter\Model->doFirst()
#6 C:\2023project\aparus\app\Controllers\Auth.php(89): CodeIgniter\BaseModel->first()
#7 C:\2023project\aparus\system\CodeIgniter.php(942): App\Controllers\Auth->verify()
#8 C:\2023project\aparus\system\CodeIgniter.php(502): CodeIgniter\CodeIgniter->runController(Object(App\Controllers\Auth))
#9 C:\2023project\aparus\system\CodeIgniter.php(361): CodeIgniter\CodeIgniter->handleRequest(NULL, Object(Config\Cache), false)
#10 C:\2023project\aparus\public\index.php(79): CodeIgniter\CodeIgniter->run()
#11 C:\2023project\aparus\system\Commands\Server\rewrite.php(47): require_once('C:\\2023project\\...')
#12 {main}

Next CodeIgniter\Database\Exceptions\DatabaseException: No connection could be made because the target machine actively refused it.
 in C:\2023project\aparus\system\Database\MySQLi\Connection.php:229
Stack trace:
#0 C:\2023project\aparus\system\Database\BaseConnection.php(392): CodeIgniter\Database\MySQLi\Connection->connect(false)
#1 C:\2023project\aparus\system\Database\BaseConnection.php(575): CodeIgniter\Database\BaseConnection->initialize()
#2 C:\2023project\aparus\system\Database\BaseBuilder.php(1615): CodeIgniter\Database\BaseConnection->query('SELECT *\nFROM `...', Array, false)
#3 C:\2023project\aparus\system\Model.php(264): CodeIgniter\Database\BaseBuilder->get()
#4 C:\2023project\aparus\system\BaseModel.php(662): CodeIgniter\Model->doFirst()
#5 C:\2023project\aparus\app\Controllers\Auth.php(89): CodeIgniter\BaseModel->first()
#6 C:\2023project\aparus\system\CodeIgniter.php(942): App\Controllers\Auth->verify()
#7 C:\2023project\aparus\system\CodeIgniter.php(502): CodeIgniter\CodeIgniter->runController(Object(App\Controllers\Auth))
#8 C:\2023project\aparus\system\CodeIgniter.php(361): CodeIgniter\CodeIgniter->handleRequest(NULL, Object(Config\Cache), false)
#9 C:\2023project\aparus\public\index.php(79): CodeIgniter\CodeIgniter->run()
#10 C:\2023project\aparus\system\Commands\Server\rewrite.php(47): require_once('C:\\2023project\\...')
#11 {main}
CRITICAL - 2023-11-26 04:25:59 --> Unable to connect to the database.
Main connection [MySQLi]: No connection could be made because the target machine actively refused it.

in SYSTEMPATH\Database\BaseConnection.php on line 428.
 1 SYSTEMPATH\Database\BaseConnection.php(575): CodeIgniter\Database\BaseConnection->initialize()
 2 SYSTEMPATH\Database\BaseBuilder.php(1615): CodeIgniter\Database\BaseConnection->query('SELECT *
FROM `aprs_user`
WHERE `user_nick` = :user_nick:
 LIMIT 1', [...], false)
 3 SYSTEMPATH\Model.php(264): CodeIgniter\Database\BaseBuilder->get()
 4 SYSTEMPATH\BaseModel.php(662): CodeIgniter\Model->doFirst()
 5 APPPATH\Controllers\Auth.php(89): CodeIgniter\BaseModel->first()
 6 SYSTEMPATH\CodeIgniter.php(942): App\Controllers\Auth->verify()
 7 SYSTEMPATH\CodeIgniter.php(502): CodeIgniter\CodeIgniter->runController(Object(App\Controllers\Auth))
 8 SYSTEMPATH\CodeIgniter.php(361): CodeIgniter\CodeIgniter->handleRequest(null, Object(Config\Cache), false)
 9 FCPATH\index.php(79): CodeIgniter\CodeIgniter->run()
10 SYSTEMPATH\Commands\Server\rewrite.php(47): require_once('C:\\2023project\\aparus\\public\\index.php')
INFO - 2023-11-26 04:26:16 --> Session: Class initialized using 'CodeIgniter\Session\Handlers\FileHandler' driver.
INFO - 2023-11-26 04:26:18 --> Session: Class initialized using 'CodeIgniter\Session\Handlers\FileHandler' driver.
INFO - 2023-11-26 04:26:24 --> Session: Class initialized using 'CodeIgniter\Session\Handlers\FileHandler' driver.
INFO - 2023-11-26 04:26:24 --> Session: Class initialized using 'CodeIgniter\Session\Handlers\FileHandler' driver.
INFO - 2023-11-26 04:26:34 --> Session: Class initialized using 'CodeIgniter\Session\Handlers\FileHandler' driver.
INFO - 2023-11-26 04:26:35 --> Session: Class initialized using 'CodeIgniter\Session\Handlers\FileHandler' driver.
INFO - 2023-11-26 04:26:44 --> Session: Class initialized using 'CodeIgniter\Session\Handlers\FileHandler' driver.
INFO - 2023-11-26 04:26:49 --> Session: Class initialized using 'CodeIgniter\Session\Handlers\FileHandler' driver.
INFO - 2023-11-26 04:26:52 --> Session: Class initialized using 'CodeIgniter\Session\Handlers\FileHandler' driver.
INFO - 2023-11-26 04:27:00 --> Session: Class initialized using 'CodeIgniter\Session\Handlers\FileHandler' driver.
INFO - 2023-11-26 04:27:00 --> Session: Class initialized using 'CodeIgniter\Session\Handlers\FileHandler' driver.
INFO - 2023-11-26 04:27:16 --> Session: Class initialized using 'CodeIgniter\Session\Handlers\FileHandler' driver.
INFO - 2023-11-26 04:27:23 --> Session: Class initialized using 'CodeIgniter\Session\Handlers\FileHandler' driver.
CRITICAL - 2023-11-26 04:27:23 --> Undefined property: App\Controllers\Users::$golongan_model
in APPPATH\Controllers\Users.php on line 69.
 1 APPPATH\Controllers\Users.php(69): CodeIgniter\Debug\Exceptions->errorHandler(8, 'Undefined property: App\\Controllers\\Users::$golongan_model', 'C:\\2023project\\aparus\\app\\Controllers\\Users.php', 69, [...])
 2 SYSTEMPATH\CodeIgniter.php(942): App\Controllers\Users->edit('4')
 3 SYSTEMPATH\CodeIgniter.php(502): CodeIgniter\CodeIgniter->runController(Object(App\Controllers\Users))
 4 SYSTEMPATH\CodeIgniter.php(361): CodeIgniter\CodeIgniter->handleRequest(null, Object(Config\Cache), false)
 5 FCPATH\index.php(79): CodeIgniter\CodeIgniter->run()
 6 SYSTEMPATH\Commands\Server\rewrite.php(47): require_once('C:\\2023project\\aparus\\public\\index.php')
INFO - 2023-11-26 04:27:26 --> Session: Class initialized using 'CodeIgniter\Session\Handlers\FileHandler' driver.
INFO - 2023-11-26 04:27:38 --> Session: Class initialized using 'CodeIgniter\Session\Handlers\FileHandler' driver.
INFO - 2023-11-26 04:29:41 --> Session: Class initialized using 'CodeIgniter\Session\Handlers\FileHandler' driver.
INFO - 2023-11-26 04:29:43 --> Session: Class initialized using 'CodeIgniter\Session\Handlers\FileHandler' driver.
INFO - 2023-11-26 04:31:20 --> Session: Class initialized using 'CodeIgniter\Session\Handlers\FileHandler' driver.
CRITICAL - 2023-11-26 04:31:20 --> Undefined property: App\Controllers\Role::$role_model
in APPPATH\Controllers\Role.php on line 98.
 1 APPPATH\Controllers\Role.php(98): CodeIgniter\Debug\Exceptions->errorHandler(8, 'Undefined property: App\\Controllers\\Role::$role_model', 'C:\\2023project\\aparus\\app\\Controllers\\Role.php', 98, [...])
 2 SYSTEMPATH\CodeIgniter.php(942): App\Controllers\Role->delete('2')
 3 SYSTEMPATH\CodeIgniter.php(502): CodeIgniter\CodeIgniter->runController(Object(App\Controllers\Role))
 4 SYSTEMPATH\CodeIgniter.php(361): CodeIgniter\CodeIgniter->handleRequest(null, Object(Config\Cache), false)
 5 FCPATH\index.php(79): CodeIgniter\CodeIgniter->run()
 6 SYSTEMPATH\Commands\Server\rewrite.php(47): require_once('C:\\2023project\\aparus\\public\\index.php')
INFO - 2023-11-26 04:31:22 --> Session: Class initialized using 'CodeIgniter\Session\Handlers\FileHandler' driver.
INFO - 2023-11-26 04:31:28 --> Session: Class initialized using 'CodeIgniter\Session\Handlers\FileHandler' driver.
INFO - 2023-11-26 04:31:37 --> Session: Class initialized using 'CodeIgniter\Session\Handlers\FileHandler' driver.
INFO - 2023-11-26 04:32:56 --> Session: Class initialized using 'CodeIgniter\Session\Handlers\FileHandler' driver.
CRITICAL - 2023-11-26 04:32:56 --> Undefined index: user_nip
in APPPATH\Views\users\edit.php on line 94.
 1 APPPATH\Views\users\edit.php(94): CodeIgniter\Debug\Exceptions->errorHandler(8, 'Undefined index: user_nip', 'C:\\2023project\\aparus\\app\\Views\\users\\edit.php', 94, [...])
 2 SYSTEMPATH\View\View.php(228): include('C:\\2023project\\aparus\\app\\Views\\users\\edit.php')
 3 SYSTEMPATH\View\View.php(231): CodeIgniter\View\View->CodeIgniter\View\{closure}()
 4 SYSTEMPATH\Common.php(1190): CodeIgniter\View\View->render('users/edit', [], true)
 5 APPPATH\Controllers\Users.php(69): view('users/edit', [...])
 6 SYSTEMPATH\CodeIgniter.php(942): App\Controllers\Users->edit('4')
 7 SYSTEMPATH\CodeIgniter.php(502): CodeIgniter\CodeIgniter->runController(Object(App\Controllers\Users))
 8 SYSTEMPATH\CodeIgniter.php(361): CodeIgniter\CodeIgniter->handleRequest(null, Object(Config\Cache), false)
 9 FCPATH\index.php(79): CodeIgniter\CodeIgniter->run()
10 SYSTEMPATH\Commands\Server\rewrite.php(47): require_once('C:\\2023project\\aparus\\public\\index.php')
INFO - 2023-11-26 04:33:58 --> Session: Class initialized using 'CodeIgniter\Session\Handlers\FileHandler' driver.
INFO - 2023-11-26 04:34:12 --> Session: Class initialized using 'CodeIgniter\Session\Handlers\FileHandler' driver.
INFO - 2023-11-26 04:34:26 --> Session: Class initialized using 'CodeIgniter\Session\Handlers\FileHandler' driver.
INFO - 2023-11-26 04:34:29 --> Session: Class initialized using 'CodeIgniter\Session\Handlers\FileHandler' driver.
INFO - 2023-11-26 04:34:33 --> Session: Class initialized using 'CodeIgniter\Session\Handlers\FileHandler' driver.
INFO - 2023-11-26 04:34:40 --> Session: Class initialized using 'CodeIgniter\Session\Handlers\FileHandler' driver.
INFO - 2023-11-26 04:36:49 --> Session: Class initialized using 'CodeIgniter\Session\Handlers\FileHandler' driver.
INFO - 2023-11-26 04:37:10 --> Session: Class initialized using 'CodeIgniter\Session\Handlers\FileHandler' driver.
INFO - 2023-11-26 04:41:33 --> Session: Class initialized using 'CodeIgniter\Session\Handlers\FileHandler' driver.
INFO - 2023-11-26 04:41:35 --> Session: Class initialized using 'CodeIgniter\Session\Handlers\FileHandler' driver.
INFO - 2023-11-26 04:41:39 --> Session: Class initialized using 'CodeIgniter\Session\Handlers\FileHandler' driver.
INFO - 2023-11-26 04:41:40 --> Session: Class initialized using 'CodeIgniter\Session\Handlers\FileHandler' driver.
INFO - 2023-11-26 04:41:43 --> Session: Class initialized using 'CodeIgniter\Session\Handlers\FileHandler' driver.
INFO - 2023-11-26 04:41:47 --> Session: Class initialized using 'CodeIgniter\Session\Handlers\FileHandler' driver.
INFO - 2023-11-26 04:42:14 --> Session: Class initialized using 'CodeIgniter\Session\Handlers\FileHandler' driver.
INFO - 2023-11-26 04:42:25 --> Session: Class initialized using 'CodeIgniter\Session\Handlers\FileHandler' driver.
INFO - 2023-11-26 04:42:25 --> Session: Class initialized using 'CodeIgniter\Session\Handlers\FileHandler' driver.
INFO - 2023-11-26 04:42:30 --> Session: Class initialized using 'CodeIgniter\Session\Handlers\FileHandler' driver.
INFO - 2023-11-26 04:43:12 --> Session: Class initialized using 'CodeIgniter\Session\Handlers\FileHandler' driver.
INFO - 2023-11-26 04:43:13 --> Session: Class initialized using 'CodeIgniter\Session\Handlers\FileHandler' driver.
INFO - 2023-11-26 04:43:16 --> Session: Class initialized using 'CodeIgniter\Session\Handlers\FileHandler' driver.
INFO - 2023-11-26 04:43:22 --> Session: Class initialized using 'CodeIgniter\Session\Handlers\FileHandler' driver.
INFO - 2023-11-26 04:43:22 --> Session: Class initialized using 'CodeIgniter\Session\Handlers\FileHandler' driver.
INFO - 2023-11-26 04:43:25 --> Session: Class initialized using 'CodeIgniter\Session\Handlers\FileHandler' driver.
INFO - 2023-11-26 04:43:30 --> Session: Class initialized using 'CodeIgniter\Session\Handlers\FileHandler' driver.
INFO - 2023-11-26 04:43:30 --> Session: Class initialized using 'CodeIgniter\Session\Handlers\FileHandler' driver.
INFO - 2023-11-26 04:43:41 --> Session: Class initialized using 'CodeIgniter\Session\Handlers\FileHandler' driver.
INFO - 2023-11-26 04:43:41 --> Session: Class initialized using 'CodeIgniter\Session\Handlers\FileHandler' driver.
INFO - 2023-11-26 04:43:43 --> Session: Class initialized using 'CodeIgniter\Session\Handlers\FileHandler' driver.
INFO - 2023-11-26 04:43:59 --> Session: Class initialized using 'CodeIgniter\Session\Handlers\FileHandler' driver.
INFO - 2023-11-26 04:44:00 --> Session: Class initialized using 'CodeIgniter\Session\Handlers\FileHandler' driver.
INFO - 2023-11-26 04:44:02 --> Session: Class initialized using 'CodeIgniter\Session\Handlers\FileHandler' driver.
INFO - 2023-11-26 04:44:04 --> Session: Class initialized using 'CodeIgniter\Session\Handlers\FileHandler' driver.
INFO - 2023-11-26 04:44:06 --> Session: Class initialized using 'CodeIgniter\Session\Handlers\FileHandler' driver.
INFO - 2023-11-26 04:44:08 --> Session: Class initialized using 'CodeIgniter\Session\Handlers\FileHandler' driver.
INFO - 2023-11-26 04:44:19 --> Session: Class initialized using 'CodeIgniter\Session\Handlers\FileHandler' driver.
INFO - 2023-11-26 04:44:29 --> Session: Class initialized using 'CodeIgniter\Session\Handlers\FileHandler' driver.
INFO - 2023-11-26 04:44:29 --> Session: Class initialized using 'CodeIgniter\Session\Handlers\FileHandler' driver.
INFO - 2023-11-26 04:44:31 --> Session: Class initialized using 'CodeIgniter\Session\Handlers\FileHandler' driver.
INFO - 2023-11-26 04:44:31 --> Session: Class initialized using 'CodeIgniter\Session\Handlers\FileHandler' driver.
INFO - 2023-11-26 04:45:15 --> Session: Class initialized using 'CodeIgniter\Session\Handlers\FileHandler' driver.
INFO - 2023-11-26 04:45:39 --> Session: Class initialized using 'CodeIgniter\Session\Handlers\FileHandler' driver.
INFO - 2023-11-26 04:45:46 --> Session: Class initialized using 'CodeIgniter\Session\Handlers\FileHandler' driver.
INFO - 2023-11-26 04:46:02 --> Session: Class initialized using 'CodeIgniter\Session\Handlers\FileHandler' driver.
INFO - 2023-11-26 04:46:03 --> Session: Class initialized using 'CodeIgniter\Session\Handlers\FileHandler' driver.
INFO - 2023-11-26 04:46:09 --> Session: Class initialized using 'CodeIgniter\Session\Handlers\FileHandler' driver.
INFO - 2023-11-26 04:46:13 --> Session: Class initialized using 'CodeIgniter\Session\Handlers\FileHandler' driver.
INFO - 2023-11-26 04:46:29 --> Session: Class initialized using 'CodeIgniter\Session\Handlers\FileHandler' driver.
INFO - 2023-11-26 04:46:44 --> Session: Class initialized using 'CodeIgniter\Session\Handlers\FileHandler' driver.
INFO - 2023-11-26 04:47:00 --> Session: Class initialized using 'CodeIgniter\Session\Handlers\FileHandler' driver.
INFO - 2023-11-26 04:47:02 --> Session: Class initialized using 'CodeIgniter\Session\Handlers\FileHandler' driver.
INFO - 2023-11-26 04:47:09 --> Session: Class initialized using 'CodeIgniter\Session\Handlers\FileHandler' driver.
INFO - 2023-11-26 04:47:17 --> Session: Class initialized using 'CodeIgniter\Session\Handlers\FileHandler' driver.
INFO - 2023-11-26 04:47:24 --> Session: Class initialized using 'CodeIgniter\Session\Handlers\FileHandler' driver.
INFO - 2023-11-26 04:48:04 --> Session: Class initialized using 'CodeIgniter\Session\Handlers\FileHandler' driver.
INFO - 2023-11-26 04:48:04 --> Session: Class initialized using 'CodeIgniter\Session\Handlers\FileHandler' driver.
INFO - 2023-11-26 04:48:16 --> Session: Class initialized using 'CodeIgniter\Session\Handlers\FileHandler' driver.
INFO - 2023-11-26 04:48:21 --> Session: Class initialized using 'CodeIgniter\Session\Handlers\FileHandler' driver.
INFO - 2023-11-26 04:49:04 --> Session: Class initialized using 'CodeIgniter\Session\Handlers\FileHandler' driver.
ERROR - 2023-11-26 04:49:04 --> mysqli_sql_exception: Table 'aparus.tbl_user_role' doesn't exist in C:\2023project\aparus\system\Database\MySQLi\Connection.php:306
Stack trace:
#0 C:\2023project\aparus\system\Database\MySQLi\Connection.php(306): mysqli->query('DELETE FROM `ap...', 0)
#1 C:\2023project\aparus\system\Database\BaseConnection.php(693): CodeIgniter\Database\MySQLi\Connection->execute('DELETE FROM `ap...')
#2 C:\2023project\aparus\system\Database\BaseConnection.php(607): CodeIgniter\Database\BaseConnection->simpleQuery('DELETE FROM `ap...')
#3 C:\2023project\aparus\system\Database\BaseBuilder.php(2790): CodeIgniter\Database\BaseConnection->query('DELETE FROM `ap...', Array, false)
#4 C:\2023project\aparus\system\Model.php(445): CodeIgniter\Database\BaseBuilder->delete()
#5 C:\2023project\aparus\system\BaseModel.php(1080): CodeIgniter\Model->doDelete(Array, false)
#6 C:\2023project\aparus\app\Controllers\Users.php(40): CodeIgniter\BaseModel->delete(Array)
#7 C:\2023project\aparus\system\CodeIgniter.php(942): App\Controllers\Users->delete('4')
#8 C:\2023project\aparus\system\CodeIgniter.php(502): CodeIgniter\CodeIgniter->runController(Object(App\Controllers\Users))
#9 C:\2023project\aparus\system\CodeIgniter.php(361): CodeIgniter\CodeIgniter->handleRequest(NULL, Object(Config\Cache), false)
#10 C:\2023project\aparus\public\index.php(79): CodeIgniter\CodeIgniter->run()
#11 C:\2023project\aparus\system\Commands\Server\rewrite.php(47): require_once('C:\\2023project\\...')
#12 {main}
CRITICAL - 2023-11-26 04:49:04 --> Table 'aparus.tbl_user_role' doesn't exist
in SYSTEMPATH\Database\BaseConnection.php on line 647.
 1 SYSTEMPATH\Database\BaseBuilder.php(2790): CodeIgniter\Database\BaseConnection->query('DELETE FROM `aprs_user`
WHERE `user_id` IN :user_id:', [...], false)
 2 SYSTEMPATH\Model.php(445): CodeIgniter\Database\BaseBuilder->delete()
 3 SYSTEMPATH\BaseModel.php(1080): CodeIgniter\Model->doDelete([...], false)
 4 APPPATH\Controllers\Users.php(40): CodeIgniter\BaseModel->delete([...])
 5 SYSTEMPATH\CodeIgniter.php(942): App\Controllers\Users->delete('4')
 6 SYSTEMPATH\CodeIgniter.php(502): CodeIgniter\CodeIgniter->runController(Object(App\Controllers\Users))
 7 SYSTEMPATH\CodeIgniter.php(361): CodeIgniter\CodeIgniter->handleRequest(null, Object(Config\Cache), false)
 8 FCPATH\index.php(79): CodeIgniter\CodeIgniter->run()
 9 SYSTEMPATH\Commands\Server\rewrite.php(47): require_once('C:\\2023project\\aparus\\public\\index.php')
INFO - 2023-11-26 04:51:27 --> Session: Class initialized using 'CodeIgniter\Session\Handlers\FileHandler' driver.
INFO - 2023-11-26 04:51:31 --> Session: Class initialized using 'CodeIgniter\Session\Handlers\FileHandler' driver.
INFO - 2023-11-26 04:51:31 --> Session: Class initialized using 'CodeIgniter\Session\Handlers\FileHandler' driver.
INFO - 2023-11-26 04:52:10 --> Session: Class initialized using 'CodeIgniter\Session\Handlers\FileHandler' driver.
INFO - 2023-11-26 04:52:12 --> Session: Class initialized using 'CodeIgniter\Session\Handlers\FileHandler' driver.
INFO - 2023-11-26 04:52:44 --> Session: Class initialized using 'CodeIgniter\Session\Handlers\FileHandler' driver.
INFO - 2023-11-26 04:52:44 --> Session: Class initialized using 'CodeIgniter\Session\Handlers\FileHandler' driver.
INFO - 2023-11-26 04:52:51 --> Session: Class initialized using 'CodeIgniter\Session\Handlers\FileHandler' driver.
INFO - 2023-11-26 04:52:51 --> Session: Class initialized using 'CodeIgniter\Session\Handlers\FileHandler' driver.
INFO - 2023-11-26 04:52:57 --> Session: Class initialized using 'CodeIgniter\Session\Handlers\FileHandler' driver.
INFO - 2023-11-26 04:53:02 --> Session: Class initialized using 'CodeIgniter\Session\Handlers\FileHandler' driver.
INFO - 2023-11-26 04:53:02 --> Session: Class initialized using 'CodeIgniter\Session\Handlers\FileHandler' driver.
INFO - 2023-11-26 04:53:08 --> Session: Class initialized using 'CodeIgniter\Session\Handlers\FileHandler' driver.
INFO - 2023-11-26 04:53:09 --> Session: Class initialized using 'CodeIgniter\Session\Handlers\FileHandler' driver.
INFO - 2023-11-26 04:53:19 --> Session: Class initialized using 'CodeIgniter\Session\Handlers\FileHandler' driver.
INFO - 2023-11-26 04:53:34 --> Session: Class initialized using 'CodeIgniter\Session\Handlers\FileHandler' driver.
CRITICAL - 2023-11-26 04:53:34 --> Undefined property: App\Controllers\Role::$role_model
in APPPATH\Controllers\Role.php on line 98.
 1 APPPATH\Controllers\Role.php(98): CodeIgniter\Debug\Exceptions->errorHandler(8, 'Undefined property: App\\Controllers\\Role::$role_model', 'C:\\2023project\\aparus\\app\\Controllers\\Role.php', 98, [...])
 2 SYSTEMPATH\CodeIgniter.php(942): App\Controllers\Role->delete('2')
 3 SYSTEMPATH\CodeIgniter.php(502): CodeIgniter\CodeIgniter->runController(Object(App\Controllers\Role))
 4 SYSTEMPATH\CodeIgniter.php(361): CodeIgniter\CodeIgniter->handleRequest(null, Object(Config\Cache), false)
 5 FCPATH\index.php(79): CodeIgniter\CodeIgniter->run()
 6 SYSTEMPATH\Commands\Server\rewrite.php(47): require_once('C:\\2023project\\aparus\\public\\index.php')
INFO - 2023-11-26 04:57:12 --> Session: Class initialized using 'CodeIgniter\Session\Handlers\FileHandler' driver.
INFO - 2023-11-26 05:03:29 --> Session: Class initialized using 'CodeIgniter\Session\Handlers\FileHandler' driver.
INFO - 2023-11-26 05:03:29 --> Session: Class initialized using 'CodeIgniter\Session\Handlers\FileHandler' driver.
INFO - 2023-11-26 05:03:36 --> Session: Class initialized using 'CodeIgniter\Session\Handlers\FileHandler' driver.
INFO - 2023-11-26 05:03:37 --> Session: Class initialized using 'CodeIgniter\Session\Handlers\FileHandler' driver.
INFO - 2023-11-26 05:03:37 --> Session: Class initialized using 'CodeIgniter\Session\Handlers\FileHandler' driver.
INFO - 2023-11-26 05:03:44 --> Session: Class initialized using 'CodeIgniter\Session\Handlers\FileHandler' driver.
INFO - 2023-11-26 05:03:45 --> Session: Class initialized using 'CodeIgniter\Session\Handlers\FileHandler' driver.
INFO - 2023-11-26 05:03:45 --> Session: Class initialized using 'CodeIgniter\Session\Handlers\FileHandler' driver.
INFO - 2023-11-26 05:03:51 --> Session: Class initialized using 'CodeIgniter\Session\Handlers\FileHandler' driver.
INFO - 2023-11-26 05:03:51 --> Session: Class initialized using 'CodeIgniter\Session\Handlers\FileHandler' driver.
INFO - 2023-11-26 05:03:51 --> Session: Class initialized using 'CodeIgniter\Session\Handlers\FileHandler' driver.
INFO - 2023-11-26 05:05:36 --> Session: Class initialized using 'CodeIgniter\Session\Handlers\FileHandler' driver.
INFO - 2023-11-26 05:05:36 --> Session: Class initialized using 'CodeIgniter\Session\Handlers\FileHandler' driver.
INFO - 2023-11-26 05:05:36 --> Session: Class initialized using 'CodeIgniter\Session\Handlers\FileHandler' driver.
INFO - 2023-11-26 05:08:07 --> Session: Class initialized using 'CodeIgniter\Session\Handlers\FileHandler' driver.
INFO - 2023-11-26 05:08:07 --> Session: Class initialized using 'CodeIgniter\Session\Handlers\FileHandler' driver.
INFO - 2023-11-26 05:09:12 --> Session: Class initialized using 'CodeIgniter\Session\Handlers\FileHandler' driver.
INFO - 2023-11-26 05:09:12 --> Session: Class initialized using 'CodeIgniter\Session\Handlers\FileHandler' driver.
INFO - 2023-11-26 05:22:08 --> Session: Class initialized using 'CodeIgniter\Session\Handlers\FileHandler' driver.
INFO - 2023-11-26 05:22:09 --> Session: Class initialized using 'CodeIgniter\Session\Handlers\FileHandler' driver.
INFO - 2023-11-26 05:22:09 --> Session: Class initialized using 'CodeIgniter\Session\Handlers\FileHandler' driver.
INFO - 2023-11-26 05:22:12 --> Session: Class initialized using 'CodeIgniter\Session\Handlers\FileHandler' driver.
INFO - 2023-11-26 05:22:12 --> Session: Class initialized using 'CodeIgniter\Session\Handlers\FileHandler' driver.
INFO - 2023-11-26 05:22:12 --> Session: Class initialized using 'CodeIgniter\Session\Handlers\FileHandler' driver.
INFO - 2023-11-26 05:22:25 --> Session: Class initialized using 'CodeIgniter\Session\Handlers\FileHandler' driver.
INFO - 2023-11-26 05:22:26 --> Session: Class initialized using 'CodeIgniter\Session\Handlers\FileHandler' driver.
INFO - 2023-11-26 05:22:39 --> Session: Class initialized using 'CodeIgniter\Session\Handlers\FileHandler' driver.
INFO - 2023-11-26 05:22:39 --> Session: Class initialized using 'CodeIgniter\Session\Handlers\FileHandler' driver.
INFO - 2023-11-26 05:24:15 --> Session: Class initialized using 'CodeIgniter\Session\Handlers\FileHandler' driver.
INFO - 2023-11-26 05:24:15 --> Session: Class initialized using 'CodeIgniter\Session\Handlers\FileHandler' driver.
INFO - 2023-11-26 05:24:37 --> Session: Class initialized using 'CodeIgniter\Session\Handlers\FileHandler' driver.
INFO - 2023-11-26 05:24:37 --> Session: Class initialized using 'CodeIgniter\Session\Handlers\FileHandler' driver.
INFO - 2023-11-26 05:24:47 --> Session: Class initialized using 'CodeIgniter\Session\Handlers\FileHandler' driver.
INFO - 2023-11-26 05:24:47 --> Session: Class initialized using 'CodeIgniter\Session\Handlers\FileHandler' driver.
INFO - 2023-11-26 05:24:47 --> Session: Class initialized using 'CodeIgniter\Session\Handlers\FileHandler' driver.
INFO - 2023-11-26 05:24:50 --> Session: Class initialized using 'CodeIgniter\Session\Handlers\FileHandler' driver.
INFO - 2023-11-26 05:24:50 --> Session: Class initialized using 'CodeIgniter\Session\Handlers\FileHandler' driver.
INFO - 2023-11-26 05:24:50 --> Session: Class initialized using 'CodeIgniter\Session\Handlers\FileHandler' driver.
INFO - 2023-11-26 05:24:53 --> Session: Class initialized using 'CodeIgniter\Session\Handlers\FileHandler' driver.
INFO - 2023-11-26 05:24:53 --> Session: Class initialized using 'CodeIgniter\Session\Handlers\FileHandler' driver.
INFO - 2023-11-26 05:24:54 --> Session: Class initialized using 'CodeIgniter\Session\Handlers\FileHandler' driver.
INFO - 2023-11-26 05:25:03 --> Session: Class initialized using 'CodeIgniter\Session\Handlers\FileHandler' driver.
INFO - 2023-11-26 05:25:13 --> Session: Class initialized using 'CodeIgniter\Session\Handlers\FileHandler' driver.
INFO - 2023-11-26 05:25:13 --> Session: Class initialized using 'CodeIgniter\Session\Handlers\FileHandler' driver.
INFO - 2023-11-26 05:26:57 --> Session: Class initialized using 'CodeIgniter\Session\Handlers\FileHandler' driver.
INFO - 2023-11-26 05:27:18 --> Session: Class initialized using 'CodeIgniter\Session\Handlers\FileHandler' driver.
INFO - 2023-11-26 05:27:52 --> Session: Class initialized using 'CodeIgniter\Session\Handlers\FileHandler' driver.
INFO - 2023-11-26 05:29:52 --> Session: Class initialized using 'CodeIgniter\Session\Handlers\FileHandler' driver.
INFO - 2023-11-26 05:29:52 --> Session: Class initialized using 'CodeIgniter\Session\Handlers\FileHandler' driver.
INFO - 2023-11-26 05:29:53 --> Session: Class initialized using 'CodeIgniter\Session\Handlers\FileHandler' driver.
INFO - 2023-11-26 05:30:37 --> Session: Class initialized using 'CodeIgniter\Session\Handlers\FileHandler' driver.
INFO - 2023-11-26 05:30:37 --> Session: Class initialized using 'CodeIgniter\Session\Handlers\FileHandler' driver.
INFO - 2023-11-26 05:30:51 --> Session: Class initialized using 'CodeIgniter\Session\Handlers\FileHandler' driver.
INFO - 2023-11-26 05:30:51 --> Session: Class initialized using 'CodeIgniter\Session\Handlers\FileHandler' driver.
INFO - 2023-11-26 05:31:05 --> Session: Class initialized using 'CodeIgniter\Session\Handlers\FileHandler' driver.
INFO - 2023-11-26 05:31:05 --> Session: Class initialized using 'CodeIgniter\Session\Handlers\FileHandler' driver.
INFO - 2023-11-26 05:31:39 --> Session: Class initialized using 'CodeIgniter\Session\Handlers\FileHandler' driver.
INFO - 2023-11-26 05:31:39 --> Session: Class initialized using 'CodeIgniter\Session\Handlers\FileHandler' driver.
INFO - 2023-11-26 05:31:49 --> Session: Class initialized using 'CodeIgniter\Session\Handlers\FileHandler' driver.
INFO - 2023-11-26 05:31:50 --> Session: Class initialized using 'CodeIgniter\Session\Handlers\FileHandler' driver.
INFO - 2023-11-26 05:33:56 --> Session: Class initialized using 'CodeIgniter\Session\Handlers\FileHandler' driver.
INFO - 2023-11-26 05:42:12 --> Session: Class initialized using 'CodeIgniter\Session\Handlers\FileHandler' driver.
INFO - 2023-11-26 05:44:23 --> Session: Class initialized using 'CodeIgniter\Session\Handlers\FileHandler' driver.
INFO - 2023-11-26 05:44:29 --> Session: Class initialized using 'CodeIgniter\Session\Handlers\FileHandler' driver.
INFO - 2023-11-26 05:44:29 --> Session: Class initialized using 'CodeIgniter\Session\Handlers\FileHandler' driver.
INFO - 2023-11-26 05:44:39 --> Session: Class initialized using 'CodeIgniter\Session\Handlers\FileHandler' driver.
INFO - 2023-11-26 05:44:45 --> Session: Class initialized using 'CodeIgniter\Session\Handlers\FileHandler' driver.
INFO - 2023-11-26 05:44:45 --> Session: Class initialized using 'CodeIgniter\Session\Handlers\FileHandler' driver.
INFO - 2023-11-26 05:44:52 --> Session: Class initialized using 'CodeIgniter\Session\Handlers\FileHandler' driver.
INFO - 2023-11-26 05:44:52 --> Session: Class initialized using 'CodeIgniter\Session\Handlers\FileHandler' driver.
INFO - 2023-11-26 05:46:44 --> Session: Class initialized using 'CodeIgniter\Session\Handlers\FileHandler' driver.
INFO - 2023-11-26 05:46:48 --> Session: Class initialized using 'CodeIgniter\Session\Handlers\FileHandler' driver.
INFO - 2023-11-26 05:51:04 --> Session: Class initialized using 'CodeIgniter\Session\Handlers\FileHandler' driver.
INFO - 2023-11-26 05:51:14 --> Session: Class initialized using 'CodeIgniter\Session\Handlers\FileHandler' driver.
INFO - 2023-11-26 05:51:17 --> Session: Class initialized using 'CodeIgniter\Session\Handlers\FileHandler' driver.
INFO - 2023-11-26 05:51:19 --> Session: Class initialized using 'CodeIgniter\Session\Handlers\FileHandler' driver.
INFO - 2023-11-26 05:51:43 --> Session: Class initialized using 'CodeIgniter\Session\Handlers\FileHandler' driver.
INFO - 2023-11-26 05:51:48 --> Session: Class initialized using 'CodeIgniter\Session\Handlers\FileHandler' driver.
INFO - 2023-11-26 05:51:53 --> Session: Class initialized using 'CodeIgniter\Session\Handlers\FileHandler' driver.
INFO - 2023-11-26 05:52:08 --> Session: Class initialized using 'CodeIgniter\Session\Handlers\FileHandler' driver.
INFO - 2023-11-26 05:52:12 --> Session: Class initialized using 'CodeIgniter\Session\Handlers\FileHandler' driver.
INFO - 2023-11-26 05:52:40 --> Session: Class initialized using 'CodeIgniter\Session\Handlers\FileHandler' driver.
INFO - 2023-11-26 05:52:41 --> Session: Class initialized using 'CodeIgniter\Session\Handlers\FileHandler' driver.
INFO - 2023-11-26 05:52:46 --> Session: Class initialized using 'CodeIgniter\Session\Handlers\FileHandler' driver.
INFO - 2023-11-26 05:52:49 --> Session: Class initialized using 'CodeIgniter\Session\Handlers\FileHandler' driver.
INFO - 2023-11-26 05:52:52 --> Session: Class initialized using 'CodeIgniter\Session\Handlers\FileHandler' driver.
INFO - 2023-11-26 05:52:53 --> Session: Class initialized using 'CodeIgniter\Session\Handlers\FileHandler' driver.
INFO - 2023-11-26 05:53:00 --> Session: Class initialized using 'CodeIgniter\Session\Handlers\FileHandler' driver.
INFO - 2023-11-26 05:53:02 --> Session: Class initialized using 'CodeIgniter\Session\Handlers\FileHandler' driver.
INFO - 2023-11-26 05:53:18 --> Session: Class initialized using 'CodeIgniter\Session\Handlers\FileHandler' driver.
INFO - 2023-11-26 05:53:21 --> Session: Class initialized using 'CodeIgniter\Session\Handlers\FileHandler' driver.
INFO - 2023-11-26 05:53:34 --> Session: Class initialized using 'CodeIgniter\Session\Handlers\FileHandler' driver.
INFO - 2023-11-26 07:31:50 --> Session: Class initialized using 'CodeIgniter\Session\Handlers\FileHandler' driver.
INFO - 2023-11-26 07:31:54 --> Session: Class initialized using 'CodeIgniter\Session\Handlers\FileHandler' driver.
INFO - 2023-11-26 07:34:37 --> Session: Class initialized using 'CodeIgniter\Session\Handlers\FileHandler' driver.
INFO - 2023-11-26 07:34:38 --> Session: Class initialized using 'CodeIgniter\Session\Handlers\FileHandler' driver.
INFO - 2023-11-26 07:36:20 --> Session: Class initialized using 'CodeIgniter\Session\Handlers\FileHandler' driver.
CRITICAL - 2023-11-26 07:36:20 --> Class 'Modules\Rusun\Models\Rusun_model' not found
in APPPATH\Controllers\Rusun.php on line 14.
 1 SYSTEMPATH\CodeIgniter.php(914): App\Controllers\Rusun->__construct()
 2 SYSTEMPATH\CodeIgniter.php(493): CodeIgniter\CodeIgniter->createController()
 3 SYSTEMPATH\CodeIgniter.php(361): CodeIgniter\CodeIgniter->handleRequest(null, Object(Config\Cache), false)
 4 FCPATH\index.php(79): CodeIgniter\CodeIgniter->run()
 5 SYSTEMPATH\Commands\Server\rewrite.php(47): require_once('C:\\2023project\\aparus\\public\\index.php')
INFO - 2023-11-26 07:36:29 --> Session: Class initialized using 'CodeIgniter\Session\Handlers\FileHandler' driver.
INFO - 2023-11-26 07:37:16 --> Session: Class initialized using 'CodeIgniter\Session\Handlers\FileHandler' driver.
INFO - 2023-11-26 07:37:23 --> Session: Class initialized using 'CodeIgniter\Session\Handlers\FileHandler' driver.
INFO - 2023-11-26 07:38:13 --> Session: Class initialized using 'CodeIgniter\Session\Handlers\FileHandler' driver.
INFO - 2023-11-26 07:38:15 --> Session: Class initialized using 'CodeIgniter\Session\Handlers\FileHandler' driver.
CRITICAL - 2023-11-26 07:38:15 --> Return value of App\Controllers\Rusun::index() must be of the type string, object returned
in APPPATH\Controllers\Rusun.php on line 19.
 1 SYSTEMPATH\CodeIgniter.php(942): App\Controllers\Rusun->index()
 2 SYSTEMPATH\CodeIgniter.php(502): CodeIgniter\CodeIgniter->runController(Object(App\Controllers\Rusun))
 3 SYSTEMPATH\CodeIgniter.php(361): CodeIgniter\CodeIgniter->handleRequest(null, Object(Config\Cache), false)
 4 FCPATH\index.php(79): CodeIgniter\CodeIgniter->run()
 5 SYSTEMPATH\Commands\Server\rewrite.php(47): require_once('C:\\2023project\\aparus\\public\\index.php')
INFO - 2023-11-26 07:38:48 --> Session: Class initialized using 'CodeIgniter\Session\Handlers\FileHandler' driver.
CRITICAL - 2023-11-26 07:38:48 --> Return value of App\Controllers\Rusun::index() must be of the type string, object returned
in APPPATH\Controllers\Rusun.php on line 21.
 1 SYSTEMPATH\CodeIgniter.php(942): App\Controllers\Rusun->index()
 2 SYSTEMPATH\CodeIgniter.php(502): CodeIgniter\CodeIgniter->runController(Object(App\Controllers\Rusun))
 3 SYSTEMPATH\CodeIgniter.php(361): CodeIgniter\CodeIgniter->handleRequest(null, Object(Config\Cache), false)
 4 FCPATH\index.php(79): CodeIgniter\CodeIgniter->run()
 5 SYSTEMPATH\Commands\Server\rewrite.php(47): require_once('C:\\2023project\\aparus\\public\\index.php')
INFO - 2023-11-26 07:38:49 --> Session: Class initialized using 'CodeIgniter\Session\Handlers\FileHandler' driver.
CRITICAL - 2023-11-26 07:38:49 --> Return value of App\Controllers\Rusun::index() must be of the type string, object returned
in APPPATH\Controllers\Rusun.php on line 21.
 1 SYSTEMPATH\CodeIgniter.php(942): App\Controllers\Rusun->index()
 2 SYSTEMPATH\CodeIgniter.php(502): CodeIgniter\CodeIgniter->runController(Object(App\Controllers\Rusun))
 3 SYSTEMPATH\CodeIgniter.php(361): CodeIgniter\CodeIgniter->handleRequest(null, Object(Config\Cache), false)
 4 FCPATH\index.php(79): CodeIgniter\CodeIgniter->run()
 5 SYSTEMPATH\Commands\Server\rewrite.php(47): require_once('C:\\2023project\\aparus\\public\\index.php')
INFO - 2023-11-26 07:39:14 --> Session: Class initialized using 'CodeIgniter\Session\Handlers\FileHandler' driver.
CRITICAL - 2023-11-26 07:39:14 --> Return value of App\Controllers\Rusun::index() must be of the type string, object returned
in APPPATH\Controllers\Rusun.php on line 21.
 1 SYSTEMPATH\CodeIgniter.php(942): App\Controllers\Rusun->index()
 2 SYSTEMPATH\CodeIgniter.php(502): CodeIgniter\CodeIgniter->runController(Object(App\Controllers\Rusun))
 3 SYSTEMPATH\CodeIgniter.php(361): CodeIgniter\CodeIgniter->handleRequest(null, Object(Config\Cache), false)
 4 FCPATH\index.php(79): CodeIgniter\CodeIgniter->run()
 5 SYSTEMPATH\Commands\Server\rewrite.php(47): require_once('C:\\2023project\\aparus\\public\\index.php')
INFO - 2023-11-26 07:39:15 --> Session: Class initialized using 'CodeIgniter\Session\Handlers\FileHandler' driver.
CRITICAL - 2023-11-26 07:39:15 --> Return value of App\Controllers\Rusun::index() must be of the type string, object returned
in APPPATH\Controllers\Rusun.php on line 21.
 1 SYSTEMPATH\CodeIgniter.php(942): App\Controllers\Rusun->index()
 2 SYSTEMPATH\CodeIgniter.php(502): CodeIgniter\CodeIgniter->runController(Object(App\Controllers\Rusun))
 3 SYSTEMPATH\CodeIgniter.php(361): CodeIgniter\CodeIgniter->handleRequest(null, Object(Config\Cache), false)
 4 FCPATH\index.php(79): CodeIgniter\CodeIgniter->run()
 5 SYSTEMPATH\Commands\Server\rewrite.php(47): require_once('C:\\2023project\\aparus\\public\\index.php')
INFO - 2023-11-26 07:39:15 --> Session: Class initialized using 'CodeIgniter\Session\Handlers\FileHandler' driver.
CRITICAL - 2023-11-26 07:39:15 --> Return value of App\Controllers\Rusun::index() must be of the type string, object returned
in APPPATH\Controllers\Rusun.php on line 21.
 1 SYSTEMPATH\CodeIgniter.php(942): App\Controllers\Rusun->index()
 2 SYSTEMPATH\CodeIgniter.php(502): CodeIgniter\CodeIgniter->runController(Object(App\Controllers\Rusun))
 3 SYSTEMPATH\CodeIgniter.php(361): CodeIgniter\CodeIgniter->handleRequest(null, Object(Config\Cache), false)
 4 FCPATH\index.php(79): CodeIgniter\CodeIgniter->run()
 5 SYSTEMPATH\Commands\Server\rewrite.php(47): require_once('C:\\2023project\\aparus\\public\\index.php')
INFO - 2023-11-26 07:39:29 --> Session: Class initialized using 'CodeIgniter\Session\Handlers\FileHandler' driver.
CRITICAL - 2023-11-26 07:39:29 --> Return value of App\Controllers\Rusun::index() must be of the type string, object returned
in APPPATH\Controllers\Rusun.php on line 21.
 1 SYSTEMPATH\CodeIgniter.php(942): App\Controllers\Rusun->index()
 2 SYSTEMPATH\CodeIgniter.php(502): CodeIgniter\CodeIgniter->runController(Object(App\Controllers\Rusun))
 3 SYSTEMPATH\CodeIgniter.php(361): CodeIgniter\CodeIgniter->handleRequest(null, Object(Config\Cache), false)
 4 FCPATH\index.php(79): CodeIgniter\CodeIgniter->run()
 5 SYSTEMPATH\Commands\Server\rewrite.php(47): require_once('C:\\2023project\\aparus\\public\\index.php')
INFO - 2023-11-26 07:39:34 --> Session: Class initialized using 'CodeIgniter\Session\Handlers\FileHandler' driver.
INFO - 2023-11-26 07:39:34 --> Session: Class initialized using 'CodeIgniter\Session\Handlers\FileHandler' driver.
CRITICAL - 2023-11-26 07:39:34 --> Invalid file: "../../themes/main.php"
in SYSTEMPATH\Exceptions\FrameworkException.php on line 39.
 1 SYSTEMPATH\View\View.php(216): CodeIgniter\Exceptions\FrameworkException::forInvalidFile('../../themes/main.php')
 2 SYSTEMPATH\View\View.php(469): CodeIgniter\View\View->render('../../themes/main', null, true)
 3 APPPATH\Views\rusun\list.php(1): CodeIgniter\View\View->include('../../themes/main')
 4 SYSTEMPATH\View\View.php(228): include('C:\\2023project\\aparus\\app\\Views\\rusun\\list.php')
 5 SYSTEMPATH\View\View.php(231): CodeIgniter\View\View->CodeIgniter\View\{closure}()
 6 SYSTEMPATH\Common.php(1190): CodeIgniter\View\View->render('rusun/list', [], true)
 7 APPPATH\Controllers\Rusun.php(27): view('rusun/list', [...])
 8 SYSTEMPATH\CodeIgniter.php(942): App\Controllers\Rusun->list()
 9 SYSTEMPATH\CodeIgniter.php(502): CodeIgniter\CodeIgniter->runController(Object(App\Controllers\Rusun))
10 SYSTEMPATH\CodeIgniter.php(361): CodeIgniter\CodeIgniter->handleRequest(null, Object(Config\Cache), false)
11 FCPATH\index.php(79): CodeIgniter\CodeIgniter->run()
12 SYSTEMPATH\Commands\Server\rewrite.php(47): require_once('C:\\2023project\\aparus\\public\\index.php')
INFO - 2023-11-26 07:41:39 --> Session: Class initialized using 'CodeIgniter\Session\Handlers\FileHandler' driver.
CRITICAL - 2023-11-26 07:41:40 --> Undefined variable: users
in APPPATH\Views\rusun\list.php on line 48.
 1 APPPATH\Views\rusun\list.php(48): CodeIgniter\Debug\Exceptions->errorHandler(8, 'Undefined variable: users', 'C:\\2023project\\aparus\\app\\Views\\rusun\\list.php', 48, [...])
 2 SYSTEMPATH\View\View.php(228): include('C:\\2023project\\aparus\\app\\Views\\rusun\\list.php')
 3 SYSTEMPATH\View\View.php(231): CodeIgniter\View\View->CodeIgniter\View\{closure}()
 4 SYSTEMPATH\Common.php(1190): CodeIgniter\View\View->render('rusun/list', [], true)
 5 APPPATH\Controllers\Rusun.php(27): view('rusun/list', [...])
 6 SYSTEMPATH\CodeIgniter.php(942): App\Controllers\Rusun->list()
 7 SYSTEMPATH\CodeIgniter.php(502): CodeIgniter\CodeIgniter->runController(Object(App\Controllers\Rusun))
 8 SYSTEMPATH\CodeIgniter.php(361): CodeIgniter\CodeIgniter->handleRequest(null, Object(Config\Cache), false)
 9 FCPATH\index.php(79): CodeIgniter\CodeIgniter->run()
10 SYSTEMPATH\Commands\Server\rewrite.php(47): require_once('C:\\2023project\\aparus\\public\\index.php')
INFO - 2023-11-26 07:43:28 --> Session: Class initialized using 'CodeIgniter\Session\Handlers\FileHandler' driver.
CRITICAL - 2023-11-26 07:43:28 --> Undefined variable: users
in APPPATH\Views\rusun\list.php on line 48.
 1 APPPATH\Views\rusun\list.php(48): CodeIgniter\Debug\Exceptions->errorHandler(8, 'Undefined variable: users', 'C:\\2023project\\aparus\\app\\Views\\rusun\\list.php', 48, [...])
 2 SYSTEMPATH\View\View.php(228): include('C:\\2023project\\aparus\\app\\Views\\rusun\\list.php')
 3 SYSTEMPATH\View\View.php(231): CodeIgniter\View\View->CodeIgniter\View\{closure}()
 4 SYSTEMPATH\Common.php(1190): CodeIgniter\View\View->render('rusun/list', [], true)
 5 APPPATH\Controllers\Rusun.php(27): view('rusun/list', [...])
 6 SYSTEMPATH\CodeIgniter.php(942): App\Controllers\Rusun->list()
 7 SYSTEMPATH\CodeIgniter.php(502): CodeIgniter\CodeIgniter->runController(Object(App\Controllers\Rusun))
 8 SYSTEMPATH\CodeIgniter.php(361): CodeIgniter\CodeIgniter->handleRequest(null, Object(Config\Cache), false)
 9 FCPATH\index.php(79): CodeIgniter\CodeIgniter->run()
10 SYSTEMPATH\Commands\Server\rewrite.php(47): require_once('C:\\2023project\\aparus\\public\\index.php')
INFO - 2023-11-26 07:45:06 --> Session: Class initialized using 'CodeIgniter\Session\Handlers\FileHandler' driver.
INFO - 2023-11-26 07:45:06 --> Session: Class initialized using 'CodeIgniter\Session\Handlers\FileHandler' driver.
INFO - 2023-11-26 07:45:06 --> Session: Class initialized using 'CodeIgniter\Session\Handlers\FileHandler' driver.
INFO - 2023-11-26 07:45:06 --> Session: Class initialized using 'CodeIgniter\Session\Handlers\FileHandler' driver.
INFO - 2023-11-26 07:45:06 --> Session: Class initialized using 'CodeIgniter\Session\Handlers\FileHandler' driver.
INFO - 2023-11-26 07:46:53 --> Session: Class initialized using 'CodeIgniter\Session\Handlers\FileHandler' driver.
INFO - 2023-11-26 07:46:53 --> Session: Class initialized using 'CodeIgniter\Session\Handlers\FileHandler' driver.
INFO - 2023-11-26 07:46:54 --> Session: Class initialized using 'CodeIgniter\Session\Handlers\FileHandler' driver.
INFO - 2023-11-26 07:49:13 --> Session: Class initialized using 'CodeIgniter\Session\Handlers\FileHandler' driver.
CRITICAL - 2023-11-26 07:49:13 --> Undefined variable: rusun
in APPPATH\Views\users\list.php on line 111.
 1 APPPATH\Views\users\list.php(111): CodeIgniter\Debug\Exceptions->errorHandler(8, 'Undefined variable: rusun', 'C:\\2023project\\aparus\\app\\Views\\users\\list.php', 111, [...])
 2 SYSTEMPATH\View\View.php(228): include('C:\\2023project\\aparus\\app\\Views\\users\\list.php')
 3 SYSTEMPATH\View\View.php(231): CodeIgniter\View\View->CodeIgniter\View\{closure}()
 4 SYSTEMPATH\Common.php(1190): CodeIgniter\View\View->render('users/list', [], true)
 5 APPPATH\Controllers\Users.php(37): view('users/list', [...])
 6 SYSTEMPATH\CodeIgniter.php(942): App\Controllers\Users->list()
 7 SYSTEMPATH\CodeIgniter.php(502): CodeIgniter\CodeIgniter->runController(Object(App\Controllers\Users))
 8 SYSTEMPATH\CodeIgniter.php(361): CodeIgniter\CodeIgniter->handleRequest(null, Object(Config\Cache), false)
 9 FCPATH\index.php(79): CodeIgniter\CodeIgniter->run()
10 SYSTEMPATH\Commands\Server\rewrite.php(47): require_once('C:\\2023project\\aparus\\public\\index.php')
INFO - 2023-11-26 07:49:42 --> Session: Class initialized using 'CodeIgniter\Session\Handlers\FileHandler' driver.
INFO - 2023-11-26 07:49:51 --> Session: Class initialized using 'CodeIgniter\Session\Handlers\FileHandler' driver.
INFO - 2023-11-26 07:49:52 --> Session: Class initialized using 'CodeIgniter\Session\Handlers\FileHandler' driver.
INFO - 2023-11-26 07:49:55 --> Session: Class initialized using 'CodeIgniter\Session\Handlers\FileHandler' driver.
INFO - 2023-11-26 07:49:55 --> Session: Class initialized using 'CodeIgniter\Session\Handlers\FileHandler' driver.
INFO - 2023-11-26 07:49:55 --> Session: Class initialized using 'CodeIgniter\Session\Handlers\FileHandler' driver.
INFO - 2023-11-26 07:50:31 --> Session: Class initialized using 'CodeIgniter\Session\Handlers\FileHandler' driver.
INFO - 2023-11-26 07:50:36 --> Session: Class initialized using 'CodeIgniter\Session\Handlers\FileHandler' driver.
INFO - 2023-11-26 07:50:56 --> Session: Class initialized using 'CodeIgniter\Session\Handlers\FileHandler' driver.
INFO - 2023-11-26 07:51:00 --> Session: Class initialized using 'CodeIgniter\Session\Handlers\FileHandler' driver.
INFO - 2023-11-26 07:51:03 --> Session: Class initialized using 'CodeIgniter\Session\Handlers\FileHandler' driver.
INFO - 2023-11-26 07:51:09 --> Session: Class initialized using 'CodeIgniter\Session\Handlers\FileHandler' driver.
INFO - 2023-11-26 07:51:09 --> Session: Class initialized using 'CodeIgniter\Session\Handlers\FileHandler' driver.
INFO - 2023-11-26 07:51:10 --> Session: Class initialized using 'CodeIgniter\Session\Handlers\FileHandler' driver.
INFO - 2023-11-26 07:55:24 --> Session: Class initialized using 'CodeIgniter\Session\Handlers\FileHandler' driver.
INFO - 2023-11-26 07:55:24 --> Session: Class initialized using 'CodeIgniter\Session\Handlers\FileHandler' driver.
INFO - 2023-11-26 07:55:24 --> Session: Class initialized using 'CodeIgniter\Session\Handlers\FileHandler' driver.
INFO - 2023-11-26 07:55:24 --> Session: Class initialized using 'CodeIgniter\Session\Handlers\FileHandler' driver.
INFO - 2023-11-26 07:56:19 --> Session: Class initialized using 'CodeIgniter\Session\Handlers\FileHandler' driver.
INFO - 2023-11-26 07:56:20 --> Session: Class initialized using 'CodeIgniter\Session\Handlers\FileHandler' driver.
INFO - 2023-11-26 07:56:40 --> Session: Class initialized using 'CodeIgniter\Session\Handlers\FileHandler' driver.
INFO - 2023-11-26 07:56:40 --> Session: Class initialized using 'CodeIgniter\Session\Handlers\FileHandler' driver.
INFO - 2023-11-26 07:57:01 --> Session: Class initialized using 'CodeIgniter\Session\Handlers\FileHandler' driver.
INFO - 2023-11-26 07:57:01 --> Session: Class initialized using 'CodeIgniter\Session\Handlers\FileHandler' driver.
INFO - 2023-11-26 07:57:51 --> Session: Class initialized using 'CodeIgniter\Session\Handlers\FileHandler' driver.
INFO - 2023-11-26 07:57:51 --> Session: Class initialized using 'CodeIgniter\Session\Handlers\FileHandler' driver.
INFO - 2023-11-26 07:57:53 --> Session: Class initialized using 'CodeIgniter\Session\Handlers\FileHandler' driver.
INFO - 2023-11-26 07:57:53 --> Session: Class initialized using 'CodeIgniter\Session\Handlers\FileHandler' driver.
INFO - 2023-11-26 07:58:29 --> Session: Class initialized using 'CodeIgniter\Session\Handlers\FileHandler' driver.
INFO - 2023-11-26 07:58:29 --> Session: Class initialized using 'CodeIgniter\Session\Handlers\FileHandler' driver.
INFO - 2023-11-26 07:59:03 --> Session: Class initialized using 'CodeIgniter\Session\Handlers\FileHandler' driver.
INFO - 2023-11-26 07:59:03 --> Session: Class initialized using 'CodeIgniter\Session\Handlers\FileHandler' driver.
INFO - 2023-11-26 07:59:14 --> Session: Class initialized using 'CodeIgniter\Session\Handlers\FileHandler' driver.
INFO - 2023-11-26 07:59:15 --> Session: Class initialized using 'CodeIgniter\Session\Handlers\FileHandler' driver.
INFO - 2023-11-26 07:59:24 --> Session: Class initialized using 'CodeIgniter\Session\Handlers\FileHandler' driver.
INFO - 2023-11-26 07:59:25 --> Session: Class initialized using 'CodeIgniter\Session\Handlers\FileHandler' driver.
INFO - 2023-11-26 07:59:48 --> Session: Class initialized using 'CodeIgniter\Session\Handlers\FileHandler' driver.
INFO - 2023-11-26 07:59:49 --> Session: Class initialized using 'CodeIgniter\Session\Handlers\FileHandler' driver.
INFO - 2023-11-26 08:00:01 --> Session: Class initialized using 'CodeIgniter\Session\Handlers\FileHandler' driver.
INFO - 2023-11-26 08:00:01 --> Session: Class initialized using 'CodeIgniter\Session\Handlers\FileHandler' driver.
INFO - 2023-11-26 08:00:20 --> Session: Class initialized using 'CodeIgniter\Session\Handlers\FileHandler' driver.
INFO - 2023-11-26 08:00:21 --> Session: Class initialized using 'CodeIgniter\Session\Handlers\FileHandler' driver.
INFO - 2023-11-26 08:00:34 --> Session: Class initialized using 'CodeIgniter\Session\Handlers\FileHandler' driver.
INFO - 2023-11-26 08:00:34 --> Session: Class initialized using 'CodeIgniter\Session\Handlers\FileHandler' driver.
INFO - 2023-11-26 08:00:44 --> Session: Class initialized using 'CodeIgniter\Session\Handlers\FileHandler' driver.
INFO - 2023-11-26 08:00:45 --> Session: Class initialized using 'CodeIgniter\Session\Handlers\FileHandler' driver.
INFO - 2023-11-26 08:00:53 --> Session: Class initialized using 'CodeIgniter\Session\Handlers\FileHandler' driver.
INFO - 2023-11-26 08:00:53 --> Session: Class initialized using 'CodeIgniter\Session\Handlers\FileHandler' driver.
INFO - 2023-11-26 08:01:01 --> Session: Class initialized using 'CodeIgniter\Session\Handlers\FileHandler' driver.
INFO - 2023-11-26 08:01:01 --> Session: Class initialized using 'CodeIgniter\Session\Handlers\FileHandler' driver.
INFO - 2023-11-26 08:01:16 --> Session: Class initialized using 'CodeIgniter\Session\Handlers\FileHandler' driver.
INFO - 2023-11-26 08:02:35 --> Session: Class initialized using 'CodeIgniter\Session\Handlers\FileHandler' driver.
INFO - 2023-11-26 08:02:37 --> Session: Class initialized using 'CodeIgniter\Session\Handlers\FileHandler' driver.
INFO - 2023-11-26 08:02:37 --> Session: Class initialized using 'CodeIgniter\Session\Handlers\FileHandler' driver.
INFO - 2023-11-26 08:02:53 --> Session: Class initialized using 'CodeIgniter\Session\Handlers\FileHandler' driver.
INFO - 2023-11-26 08:02:53 --> Session: Class initialized using 'CodeIgniter\Session\Handlers\FileHandler' driver.
INFO - 2023-11-26 08:03:02 --> Session: Class initialized using 'CodeIgniter\Session\Handlers\FileHandler' driver.
INFO - 2023-11-26 08:03:03 --> Session: Class initialized using 'CodeIgniter\Session\Handlers\FileHandler' driver.
INFO - 2023-11-26 08:03:08 --> Session: Class initialized using 'CodeIgniter\Session\Handlers\FileHandler' driver.
INFO - 2023-11-26 08:03:09 --> Session: Class initialized using 'CodeIgniter\Session\Handlers\FileHandler' driver.
INFO - 2023-11-26 08:03:14 --> Session: Class initialized using 'CodeIgniter\Session\Handlers\FileHandler' driver.
INFO - 2023-11-26 08:03:15 --> Session: Class initialized using 'CodeIgniter\Session\Handlers\FileHandler' driver.
INFO - 2023-11-26 08:03:55 --> Session: Class initialized using 'CodeIgniter\Session\Handlers\FileHandler' driver.
INFO - 2023-11-26 08:03:55 --> Session: Class initialized using 'CodeIgniter\Session\Handlers\FileHandler' driver.
INFO - 2023-11-26 08:04:15 --> Session: Class initialized using 'CodeIgniter\Session\Handlers\FileHandler' driver.
INFO - 2023-11-26 08:04:15 --> Session: Class initialized using 'CodeIgniter\Session\Handlers\FileHandler' driver.
INFO - 2023-11-26 08:06:00 --> Session: Class initialized using 'CodeIgniter\Session\Handlers\FileHandler' driver.
INFO - 2023-11-26 08:06:00 --> Session: Class initialized using 'CodeIgniter\Session\Handlers\FileHandler' driver.
INFO - 2023-11-26 08:06:12 --> Session: Class initialized using 'CodeIgniter\Session\Handlers\FileHandler' driver.
INFO - 2023-11-26 08:06:12 --> Session: Class initialized using 'CodeIgniter\Session\Handlers\FileHandler' driver.
INFO - 2023-11-26 08:06:46 --> Session: Class initialized using 'CodeIgniter\Session\Handlers\FileHandler' driver.
INFO - 2023-11-26 08:06:47 --> Session: Class initialized using 'CodeIgniter\Session\Handlers\FileHandler' driver.
INFO - 2023-11-26 08:06:57 --> Session: Class initialized using 'CodeIgniter\Session\Handlers\FileHandler' driver.
INFO - 2023-11-26 08:06:58 --> Session: Class initialized using 'CodeIgniter\Session\Handlers\FileHandler' driver.
INFO - 2023-11-26 08:07:05 --> Session: Class initialized using 'CodeIgniter\Session\Handlers\FileHandler' driver.
INFO - 2023-11-26 08:07:05 --> Session: Class initialized using 'CodeIgniter\Session\Handlers\FileHandler' driver.
INFO - 2023-11-26 08:07:17 --> Session: Class initialized using 'CodeIgniter\Session\Handlers\FileHandler' driver.
INFO - 2023-11-26 08:07:17 --> Session: Class initialized using 'CodeIgniter\Session\Handlers\FileHandler' driver.
INFO - 2023-11-26 08:07:26 --> Session: Class initialized using 'CodeIgniter\Session\Handlers\FileHandler' driver.
INFO - 2023-11-26 08:07:27 --> Session: Class initialized using 'CodeIgniter\Session\Handlers\FileHandler' driver.
INFO - 2023-11-26 11:30:08 --> Session: Class initialized using 'CodeIgniter\Session\Handlers\FileHandler' driver.
INFO - 2023-11-26 11:30:08 --> Session: Class initialized using 'CodeIgniter\Session\Handlers\FileHandler' driver.
INFO - 2023-11-26 11:30:57 --> Session: Class initialized using 'CodeIgniter\Session\Handlers\FileHandler' driver.
INFO - 2023-11-26 11:30:58 --> Session: Class initialized using 'CodeIgniter\Session\Handlers\FileHandler' driver.
INFO - 2023-11-26 11:31:02 --> Session: Class initialized using 'CodeIgniter\Session\Handlers\FileHandler' driver.
INFO - 2023-11-26 11:31:03 --> Session: Class initialized using 'CodeIgniter\Session\Handlers\FileHandler' driver.
INFO - 2023-11-26 11:31:26 --> Session: Class initialized using 'CodeIgniter\Session\Handlers\FileHandler' driver.
INFO - 2023-11-26 11:31:26 --> Session: Class initialized using 'CodeIgniter\Session\Handlers\FileHandler' driver.
INFO - 2023-11-26 11:35:25 --> Session: Class initialized using 'CodeIgniter\Session\Handlers\FileHandler' driver.
INFO - 2023-11-26 11:35:26 --> Session: Class initialized using 'CodeIgniter\Session\Handlers\FileHandler' driver.
INFO - 2023-11-26 11:36:24 --> Session: Class initialized using 'CodeIgniter\Session\Handlers\FileHandler' driver.
INFO - 2023-11-26 11:36:24 --> Session: Class initialized using 'CodeIgniter\Session\Handlers\FileHandler' driver.
INFO - 2023-11-26 11:36:28 --> Session: Class initialized using 'CodeIgniter\Session\Handlers\FileHandler' driver.
CRITICAL - 2023-11-26 11:36:28 --> Invalid file: "\Modules\Rusun\Views\lantai.php"
in SYSTEMPATH\Exceptions\FrameworkException.php on line 39.
 1 SYSTEMPATH\View\View.php(216): CodeIgniter\Exceptions\FrameworkException::forInvalidFile('\\Modules\\Rusun\\Views\\lantai.php')
 2 SYSTEMPATH\Common.php(1190): CodeIgniter\View\View->render('\\Modules\\Rusun\\Views\\lantai', [], true)
 3 APPPATH\Controllers\Rusun.php(133): view('\\Modules\\Rusun\\Views\\lantai', [...])
 4 SYSTEMPATH\CodeIgniter.php(942): App\Controllers\Rusun->lantai()
 5 SYSTEMPATH\CodeIgniter.php(502): CodeIgniter\CodeIgniter->runController(Object(App\Controllers\Rusun))
 6 SYSTEMPATH\CodeIgniter.php(361): CodeIgniter\CodeIgniter->handleRequest(null, Object(Config\Cache), false)
 7 FCPATH\index.php(79): CodeIgniter\CodeIgniter->run()
 8 SYSTEMPATH\Commands\Server\rewrite.php(47): require_once('C:\\2023project\\aparus\\public\\index.php')
INFO - 2023-11-26 11:37:25 --> Session: Class initialized using 'CodeIgniter\Session\Handlers\FileHandler' driver.
CRITICAL - 2023-11-26 11:37:25 --> Invalid file: "../../themes/main.php"
in SYSTEMPATH\Exceptions\FrameworkException.php on line 39.
 1 SYSTEMPATH\View\View.php(216): CodeIgniter\Exceptions\FrameworkException::forInvalidFile('../../themes/main.php')
 2 SYSTEMPATH\View\View.php(469): CodeIgniter\View\View->render('../../themes/main', null, true)
 3 APPPATH\Views\rusun\lantai.php(1): CodeIgniter\View\View->include('../../themes/main')
 4 SYSTEMPATH\View\View.php(228): include('C:\\2023project\\aparus\\app\\Views\\rusun\\lantai.php')
 5 SYSTEMPATH\View\View.php(231): CodeIgniter\View\View->CodeIgniter\View\{closure}()
 6 SYSTEMPATH\Common.php(1190): CodeIgniter\View\View->render('rusun/lantai', [], true)
 7 APPPATH\Controllers\Rusun.php(133): view('rusun/lantai', [...])
 8 SYSTEMPATH\CodeIgniter.php(942): App\Controllers\Rusun->lantai()
 9 SYSTEMPATH\CodeIgniter.php(502): CodeIgniter\CodeIgniter->runController(Object(App\Controllers\Rusun))
10 SYSTEMPATH\CodeIgniter.php(361): CodeIgniter\CodeIgniter->handleRequest(null, Object(Config\Cache), false)
11 FCPATH\index.php(79): CodeIgniter\CodeIgniter->run()
12 SYSTEMPATH\Commands\Server\rewrite.php(47): require_once('C:\\2023project\\aparus\\public\\index.php')
INFO - 2023-11-26 12:21:31 --> Session: Class initialized using 'CodeIgniter\Session\Handlers\FileHandler' driver.
CRITICAL - 2023-11-26 12:21:31 --> Illegal string offset 'rusun_foto'
in APPPATH\Views\rusun\lantai.php on line 117.
 1 APPPATH\Views\rusun\lantai.php(117): CodeIgniter\Debug\Exceptions->errorHandler(2, 'Illegal string offset \'rusun_foto\'', 'C:\\2023project\\aparus\\app\\Views\\rusun\\lantai.php', 117, [...])
 2 SYSTEMPATH\View\View.php(228): include('C:\\2023project\\aparus\\app\\Views\\rusun\\lantai.php')
 3 SYSTEMPATH\View\View.php(231): CodeIgniter\View\View->CodeIgniter\View\{closure}()
 4 SYSTEMPATH\Common.php(1190): CodeIgniter\View\View->render('rusun/lantai', [], true)
 5 APPPATH\Controllers\Rusun.php(133): view('rusun/lantai', [...])
 6 SYSTEMPATH\CodeIgniter.php(942): App\Controllers\Rusun->lantai()
 7 SYSTEMPATH\CodeIgniter.php(502): CodeIgniter\CodeIgniter->runController(Object(App\Controllers\Rusun))
 8 SYSTEMPATH\CodeIgniter.php(361): CodeIgniter\CodeIgniter->handleRequest(null, Object(Config\Cache), false)
 9 FCPATH\index.php(79): CodeIgniter\CodeIgniter->run()
10 SYSTEMPATH\Commands\Server\rewrite.php(47): require_once('C:\\2023project\\aparus\\public\\index.php')
INFO - 2023-11-26 12:33:12 --> Session: Class initialized using 'CodeIgniter\Session\Handlers\FileHandler' driver.
INFO - 2023-11-26 12:33:13 --> Session: Class initialized using 'CodeIgniter\Session\Handlers\FileHandler' driver.
INFO - 2023-11-26 12:33:23 --> Session: Class initialized using 'CodeIgniter\Session\Handlers\FileHandler' driver.
INFO - 2023-11-26 12:33:26 --> Session: Class initialized using 'CodeIgniter\Session\Handlers\FileHandler' driver.
INFO - 2023-11-26 12:33:26 --> Session: Class initialized using 'CodeIgniter\Session\Handlers\FileHandler' driver.
INFO - 2023-11-26 12:33:30 --> Session: Class initialized using 'CodeIgniter\Session\Handlers\FileHandler' driver.
INFO - 2023-11-26 12:33:33 --> Session: Class initialized using 'CodeIgniter\Session\Handlers\FileHandler' driver.
INFO - 2023-11-26 12:33:33 --> Session: Class initialized using 'CodeIgniter\Session\Handlers\FileHandler' driver.
INFO - 2023-11-26 12:38:44 --> Session: Class initialized using 'CodeIgniter\Session\Handlers\FileHandler' driver.
CRITICAL - 2023-11-26 12:38:44 --> Illegal string offset 'rusun_foto'
in APPPATH\Views\rusun\lantai.php on line 117.
 1 APPPATH\Views\rusun\lantai.php(117): CodeIgniter\Debug\Exceptions->errorHandler(2, 'Illegal string offset \'rusun_foto\'', 'C:\\2023project\\aparus\\app\\Views\\rusun\\lantai.php', 117, [...])
 2 SYSTEMPATH\View\View.php(228): include('C:\\2023project\\aparus\\app\\Views\\rusun\\lantai.php')
 3 SYSTEMPATH\View\View.php(231): CodeIgniter\View\View->CodeIgniter\View\{closure}()
 4 SYSTEMPATH\Common.php(1190): CodeIgniter\View\View->render('rusun/lantai', [], true)
 5 APPPATH\Controllers\Rusun.php(133): view('rusun/lantai', [...])
 6 SYSTEMPATH\CodeIgniter.php(942): App\Controllers\Rusun->lantai()
 7 SYSTEMPATH\CodeIgniter.php(502): CodeIgniter\CodeIgniter->runController(Object(App\Controllers\Rusun))
 8 SYSTEMPATH\CodeIgniter.php(361): CodeIgniter\CodeIgniter->handleRequest(null, Object(Config\Cache), false)
 9 FCPATH\index.php(79): CodeIgniter\CodeIgniter->run()
10 SYSTEMPATH\Commands\Server\rewrite.php(47): require_once('C:\\2023project\\aparus\\public\\index.php')
INFO - 2023-11-26 12:40:42 --> Session: Class initialized using 'CodeIgniter\Session\Handlers\FileHandler' driver.
CRITICAL - 2023-11-26 12:40:42 --> Illegal string offset 'rusun_foto'
in APPPATH\Views\rusun\lantai.php on line 117.
 1 APPPATH\Views\rusun\lantai.php(117): CodeIgniter\Debug\Exceptions->errorHandler(2, 'Illegal string offset \'rusun_foto\'', 'C:\\2023project\\aparus\\app\\Views\\rusun\\lantai.php', 117, [...])
 2 SYSTEMPATH\View\View.php(228): include('C:\\2023project\\aparus\\app\\Views\\rusun\\lantai.php')
 3 SYSTEMPATH\View\View.php(231): CodeIgniter\View\View->CodeIgniter\View\{closure}()
 4 SYSTEMPATH\Common.php(1190): CodeIgniter\View\View->render('rusun/lantai', [], true)
 5 APPPATH\Controllers\Rusun.php(133): view('rusun/lantai', [...])
 6 SYSTEMPATH\CodeIgniter.php(942): App\Controllers\Rusun->lantai()
 7 SYSTEMPATH\CodeIgniter.php(502): CodeIgniter\CodeIgniter->runController(Object(App\Controllers\Rusun))
 8 SYSTEMPATH\CodeIgniter.php(361): CodeIgniter\CodeIgniter->handleRequest(null, Object(Config\Cache), false)
 9 FCPATH\index.php(79): CodeIgniter\CodeIgniter->run()
10 SYSTEMPATH\Commands\Server\rewrite.php(47): require_once('C:\\2023project\\aparus\\public\\index.php')
INFO - 2023-11-26 12:40:43 --> Session: Class initialized using 'CodeIgniter\Session\Handlers\FileHandler' driver.
CRITICAL - 2023-11-26 12:40:43 --> Illegal string offset 'rusun_foto'
in APPPATH\Views\rusun\lantai.php on line 117.
 1 APPPATH\Views\rusun\lantai.php(117): CodeIgniter\Debug\Exceptions->errorHandler(2, 'Illegal string offset \'rusun_foto\'', 'C:\\2023project\\aparus\\app\\Views\\rusun\\lantai.php', 117, [...])
 2 SYSTEMPATH\View\View.php(228): include('C:\\2023project\\aparus\\app\\Views\\rusun\\lantai.php')
 3 SYSTEMPATH\View\View.php(231): CodeIgniter\View\View->CodeIgniter\View\{closure}()
 4 SYSTEMPATH\Common.php(1190): CodeIgniter\View\View->render('rusun/lantai', [], true)
 5 APPPATH\Controllers\Rusun.php(133): view('rusun/lantai', [...])
 6 SYSTEMPATH\CodeIgniter.php(942): App\Controllers\Rusun->lantai()
 7 SYSTEMPATH\CodeIgniter.php(502): CodeIgniter\CodeIgniter->runController(Object(App\Controllers\Rusun))
 8 SYSTEMPATH\CodeIgniter.php(361): CodeIgniter\CodeIgniter->handleRequest(null, Object(Config\Cache), false)
 9 FCPATH\index.php(79): CodeIgniter\CodeIgniter->run()
10 SYSTEMPATH\Commands\Server\rewrite.php(47): require_once('C:\\2023project\\aparus\\public\\index.php')
INFO - 2023-11-26 12:40:45 --> Session: Class initialized using 'CodeIgniter\Session\Handlers\FileHandler' driver.
CRITICAL - 2023-11-26 12:40:45 --> Illegal string offset 'rusun_foto'
in APPPATH\Views\rusun\lantai.php on line 117.
 1 APPPATH\Views\rusun\lantai.php(117): CodeIgniter\Debug\Exceptions->errorHandler(2, 'Illegal string offset \'rusun_foto\'', 'C:\\2023project\\aparus\\app\\Views\\rusun\\lantai.php', 117, [...])
 2 SYSTEMPATH\View\View.php(228): include('C:\\2023project\\aparus\\app\\Views\\rusun\\lantai.php')
 3 SYSTEMPATH\View\View.php(231): CodeIgniter\View\View->CodeIgniter\View\{closure}()
 4 SYSTEMPATH\Common.php(1190): CodeIgniter\View\View->render('rusun/lantai', [], true)
 5 APPPATH\Controllers\Rusun.php(133): view('rusun/lantai', [...])
 6 SYSTEMPATH\CodeIgniter.php(942): App\Controllers\Rusun->lantai()
 7 SYSTEMPATH\CodeIgniter.php(502): CodeIgniter\CodeIgniter->runController(Object(App\Controllers\Rusun))
 8 SYSTEMPATH\CodeIgniter.php(361): CodeIgniter\CodeIgniter->handleRequest(null, Object(Config\Cache), false)
 9 FCPATH\index.php(79): CodeIgniter\CodeIgniter->run()
10 SYSTEMPATH\Commands\Server\rewrite.php(47): require_once('C:\\2023project\\aparus\\public\\index.php')
INFO - 2023-11-26 12:40:47 --> Session: Class initialized using 'CodeIgniter\Session\Handlers\FileHandler' driver.
CRITICAL - 2023-11-26 12:40:47 --> Illegal string offset 'rusun_foto'
in APPPATH\Views\rusun\lantai.php on line 117.
 1 APPPATH\Views\rusun\lantai.php(117): CodeIgniter\Debug\Exceptions->errorHandler(2, 'Illegal string offset \'rusun_foto\'', 'C:\\2023project\\aparus\\app\\Views\\rusun\\lantai.php', 117, [...])
 2 SYSTEMPATH\View\View.php(228): include('C:\\2023project\\aparus\\app\\Views\\rusun\\lantai.php')
 3 SYSTEMPATH\View\View.php(231): CodeIgniter\View\View->CodeIgniter\View\{closure}()
 4 SYSTEMPATH\Common.php(1190): CodeIgniter\View\View->render('rusun/lantai', [], true)
 5 APPPATH\Controllers\Rusun.php(133): view('rusun/lantai', [...])
 6 SYSTEMPATH\CodeIgniter.php(942): App\Controllers\Rusun->lantai()
 7 SYSTEMPATH\CodeIgniter.php(502): CodeIgniter\CodeIgniter->runController(Object(App\Controllers\Rusun))
 8 SYSTEMPATH\CodeIgniter.php(361): CodeIgniter\CodeIgniter->handleRequest(null, Object(Config\Cache), false)
 9 FCPATH\index.php(79): CodeIgniter\CodeIgniter->run()
10 SYSTEMPATH\Commands\Server\rewrite.php(47): require_once('C:\\2023project\\aparus\\public\\index.php')
INFO - 2023-11-26 12:41:31 --> Session: Class initialized using 'CodeIgniter\Session\Handlers\FileHandler' driver.
INFO - 2023-11-26 12:41:31 --> Session: Class initialized using 'CodeIgniter\Session\Handlers\FileHandler' driver.
INFO - 2023-11-26 12:41:31 --> Session: Class initialized using 'CodeIgniter\Session\Handlers\FileHandler' driver.
INFO - 2023-11-26 12:41:31 --> Session: Class initialized using 'CodeIgniter\Session\Handlers\FileHandler' driver.
INFO - 2023-11-26 12:41:32 --> Session: Class initialized using 'CodeIgniter\Session\Handlers\FileHandler' driver.
INFO - 2023-11-26 12:41:32 --> Session: Class initialized using 'CodeIgniter\Session\Handlers\FileHandler' driver.
INFO - 2023-11-26 12:41:32 --> Session: Class initialized using 'CodeIgniter\Session\Handlers\FileHandler' driver.
INFO - 2023-11-26 12:46:40 --> Session: Class initialized using 'CodeIgniter\Session\Handlers\FileHandler' driver.
INFO - 2023-11-26 12:46:40 --> Session: Class initialized using 'CodeIgniter\Session\Handlers\FileHandler' driver.
INFO - 2023-11-26 12:46:40 --> Session: Class initialized using 'CodeIgniter\Session\Handlers\FileHandler' driver.
INFO - 2023-11-26 12:46:40 --> Session: Class initialized using 'CodeIgniter\Session\Handlers\FileHandler' driver.
INFO - 2023-11-26 12:46:41 --> Session: Class initialized using 'CodeIgniter\Session\Handlers\FileHandler' driver.
INFO - 2023-11-26 12:46:41 --> Session: Class initialized using 'CodeIgniter\Session\Handlers\FileHandler' driver.
INFO - 2023-11-26 12:46:41 --> Session: Class initialized using 'CodeIgniter\Session\Handlers\FileHandler' driver.
INFO - 2023-11-26 12:46:41 --> Session: Class initialized using 'CodeIgniter\Session\Handlers\FileHandler' driver.
INFO - 2023-11-26 12:46:41 --> Session: Class initialized using 'CodeIgniter\Session\Handlers\FileHandler' driver.
INFO - 2023-11-26 12:46:41 --> Session: Class initialized using 'CodeIgniter\Session\Handlers\FileHandler' driver.
INFO - 2023-11-26 12:46:41 --> Session: Class initialized using 'CodeIgniter\Session\Handlers\FileHandler' driver.
INFO - 2023-11-26 12:48:21 --> Session: Class initialized using 'CodeIgniter\Session\Handlers\FileHandler' driver.
INFO - 2023-11-26 12:48:24 --> Session: Class initialized using 'CodeIgniter\Session\Handlers\FileHandler' driver.
INFO - 2023-11-26 12:48:24 --> Session: Class initialized using 'CodeIgniter\Session\Handlers\FileHandler' driver.
INFO - 2023-11-26 12:48:24 --> Session: Class initialized using 'CodeIgniter\Session\Handlers\FileHandler' driver.
INFO - 2023-11-26 12:48:24 --> Session: Class initialized using 'CodeIgniter\Session\Handlers\FileHandler' driver.
INFO - 2023-11-26 12:48:24 --> Session: Class initialized using 'CodeIgniter\Session\Handlers\FileHandler' driver.
INFO - 2023-11-26 12:48:24 --> Session: Class initialized using 'CodeIgniter\Session\Handlers\FileHandler' driver.
INFO - 2023-11-26 12:48:25 --> Session: Class initialized using 'CodeIgniter\Session\Handlers\FileHandler' driver.
INFO - 2023-11-26 12:48:25 --> Session: Class initialized using 'CodeIgniter\Session\Handlers\FileHandler' driver.
INFO - 2023-11-26 12:50:23 --> Session: Class initialized using 'CodeIgniter\Session\Handlers\FileHandler' driver.
INFO - 2023-11-26 12:50:24 --> Session: Class initialized using 'CodeIgniter\Session\Handlers\FileHandler' driver.
INFO - 2023-11-26 12:50:24 --> Session: Class initialized using 'CodeIgniter\Session\Handlers\FileHandler' driver.
INFO - 2023-11-26 12:50:24 --> Session: Class initialized using 'CodeIgniter\Session\Handlers\FileHandler' driver.
INFO - 2023-11-26 12:50:24 --> Session: Class initialized using 'CodeIgniter\Session\Handlers\FileHandler' driver.
INFO - 2023-11-26 12:50:24 --> Session: Class initialized using 'CodeIgniter\Session\Handlers\FileHandler' driver.
INFO - 2023-11-26 12:50:24 --> Session: Class initialized using 'CodeIgniter\Session\Handlers\FileHandler' driver.
INFO - 2023-11-26 12:50:24 --> Session: Class initialized using 'CodeIgniter\Session\Handlers\FileHandler' driver.
INFO - 2023-11-26 12:50:26 --> Session: Class initialized using 'CodeIgniter\Session\Handlers\FileHandler' driver.
INFO - 2023-11-26 12:50:27 --> Session: Class initialized using 'CodeIgniter\Session\Handlers\FileHandler' driver.
INFO - 2023-11-26 12:50:27 --> Session: Class initialized using 'CodeIgniter\Session\Handlers\FileHandler' driver.
INFO - 2023-11-26 12:50:27 --> Session: Class initialized using 'CodeIgniter\Session\Handlers\FileHandler' driver.
INFO - 2023-11-26 12:50:27 --> Session: Class initialized using 'CodeIgniter\Session\Handlers\FileHandler' driver.
INFO - 2023-11-26 12:50:27 --> Session: Class initialized using 'CodeIgniter\Session\Handlers\FileHandler' driver.
INFO - 2023-11-26 12:50:27 --> Session: Class initialized using 'CodeIgniter\Session\Handlers\FileHandler' driver.
INFO - 2023-11-26 12:50:27 --> Session: Class initialized using 'CodeIgniter\Session\Handlers\FileHandler' driver.
INFO - 2023-11-26 12:50:31 --> Session: Class initialized using 'CodeIgniter\Session\Handlers\FileHandler' driver.
INFO - 2023-11-26 12:50:51 --> Session: Class initialized using 'CodeIgniter\Session\Handlers\FileHandler' driver.
INFO - 2023-11-26 12:50:56 --> Session: Class initialized using 'CodeIgniter\Session\Handlers\FileHandler' driver.
INFO - 2023-11-26 12:50:56 --> Session: Class initialized using 'CodeIgniter\Session\Handlers\FileHandler' driver.
INFO - 2023-11-26 12:50:56 --> Session: Class initialized using 'CodeIgniter\Session\Handlers\FileHandler' driver.
INFO - 2023-11-26 12:50:56 --> Session: Class initialized using 'CodeIgniter\Session\Handlers\FileHandler' driver.
INFO - 2023-11-26 12:50:56 --> Session: Class initialized using 'CodeIgniter\Session\Handlers\FileHandler' driver.
INFO - 2023-11-26 12:50:57 --> Session: Class initialized using 'CodeIgniter\Session\Handlers\FileHandler' driver.
INFO - 2023-11-26 12:50:57 --> Session: Class initialized using 'CodeIgniter\Session\Handlers\FileHandler' driver.
INFO - 2023-11-26 12:51:18 --> Session: Class initialized using 'CodeIgniter\Session\Handlers\FileHandler' driver.
INFO - 2023-11-26 12:51:18 --> Session: Class initialized using 'CodeIgniter\Session\Handlers\FileHandler' driver.
INFO - 2023-11-26 12:51:18 --> Session: Class initialized using 'CodeIgniter\Session\Handlers\FileHandler' driver.
INFO - 2023-11-26 12:51:18 --> Session: Class initialized using 'CodeIgniter\Session\Handlers\FileHandler' driver.
INFO - 2023-11-26 12:51:18 --> Session: Class initialized using 'CodeIgniter\Session\Handlers\FileHandler' driver.
INFO - 2023-11-26 12:51:18 --> Session: Class initialized using 'CodeIgniter\Session\Handlers\FileHandler' driver.
INFO - 2023-11-26 12:51:19 --> Session: Class initialized using 'CodeIgniter\Session\Handlers\FileHandler' driver.
INFO - 2023-11-26 12:52:20 --> Session: Class initialized using 'CodeIgniter\Session\Handlers\FileHandler' driver.
INFO - 2023-11-26 12:52:22 --> Session: Class initialized using 'CodeIgniter\Session\Handlers\FileHandler' driver.
INFO - 2023-11-26 12:52:22 --> Session: Class initialized using 'CodeIgniter\Session\Handlers\FileHandler' driver.
INFO - 2023-11-26 12:52:22 --> Session: Class initialized using 'CodeIgniter\Session\Handlers\FileHandler' driver.
INFO - 2023-11-26 12:52:22 --> Session: Class initialized using 'CodeIgniter\Session\Handlers\FileHandler' driver.
INFO - 2023-11-26 12:52:22 --> Session: Class initialized using 'CodeIgniter\Session\Handlers\FileHandler' driver.
INFO - 2023-11-26 12:52:22 --> Session: Class initialized using 'CodeIgniter\Session\Handlers\FileHandler' driver.
INFO - 2023-11-26 12:52:22 --> Session: Class initialized using 'CodeIgniter\Session\Handlers\FileHandler' driver.
INFO - 2023-11-26 12:52:24 --> Session: Class initialized using 'CodeIgniter\Session\Handlers\FileHandler' driver.
INFO - 2023-11-26 12:52:25 --> Session: Class initialized using 'CodeIgniter\Session\Handlers\FileHandler' driver.
INFO - 2023-11-26 12:52:25 --> Session: Class initialized using 'CodeIgniter\Session\Handlers\FileHandler' driver.
INFO - 2023-11-26 12:52:25 --> Session: Class initialized using 'CodeIgniter\Session\Handlers\FileHandler' driver.
INFO - 2023-11-26 12:52:25 --> Session: Class initialized using 'CodeIgniter\Session\Handlers\FileHandler' driver.
INFO - 2023-11-26 12:52:25 --> Session: Class initialized using 'CodeIgniter\Session\Handlers\FileHandler' driver.
INFO - 2023-11-26 12:52:25 --> Session: Class initialized using 'CodeIgniter\Session\Handlers\FileHandler' driver.
INFO - 2023-11-26 12:57:17 --> Session: Class initialized using 'CodeIgniter\Session\Handlers\FileHandler' driver.
INFO - 2023-11-26 12:57:17 --> Session: Class initialized using 'CodeIgniter\Session\Handlers\FileHandler' driver.
INFO - 2023-11-26 13:01:22 --> Session: Class initialized using 'CodeIgniter\Session\Handlers\FileHandler' driver.
INFO - 2023-11-26 13:01:22 --> Session: Class initialized using 'CodeIgniter\Session\Handlers\FileHandler' driver.
INFO - 2023-11-26 13:01:23 --> Session: Class initialized using 'CodeIgniter\Session\Handlers\FileHandler' driver.
INFO - 2023-11-26 13:02:21 --> Session: Class initialized using 'CodeIgniter\Session\Handlers\FileHandler' driver.
INFO - 2023-11-26 13:02:21 --> Session: Class initialized using 'CodeIgniter\Session\Handlers\FileHandler' driver.
INFO - 2023-11-26 13:02:39 --> Session: Class initialized using 'CodeIgniter\Session\Handlers\FileHandler' driver.
INFO - 2023-11-26 13:02:39 --> Session: Class initialized using 'CodeIgniter\Session\Handlers\FileHandler' driver.
INFO - 2023-11-26 13:03:10 --> Session: Class initialized using 'CodeIgniter\Session\Handlers\FileHandler' driver.
INFO - 2023-11-26 13:03:11 --> Session: Class initialized using 'CodeIgniter\Session\Handlers\FileHandler' driver.
INFO - 2023-11-26 13:04:07 --> Session: Class initialized using 'CodeIgniter\Session\Handlers\FileHandler' driver.
INFO - 2023-11-26 13:04:07 --> Session: Class initialized using 'CodeIgniter\Session\Handlers\FileHandler' driver.
INFO - 2023-11-26 13:05:50 --> Session: Class initialized using 'CodeIgniter\Session\Handlers\FileHandler' driver.
INFO - 2023-11-26 13:05:50 --> Session: Class initialized using 'CodeIgniter\Session\Handlers\FileHandler' driver.
INFO - 2023-11-26 13:05:56 --> Session: Class initialized using 'CodeIgniter\Session\Handlers\FileHandler' driver.
INFO - 2023-11-26 13:05:56 --> Session: Class initialized using 'CodeIgniter\Session\Handlers\FileHandler' driver.
INFO - 2023-11-26 13:05:56 --> Session: Class initialized using 'CodeIgniter\Session\Handlers\FileHandler' driver.
INFO - 2023-11-26 13:05:56 --> Session: Class initialized using 'CodeIgniter\Session\Handlers\FileHandler' driver.
INFO - 2023-11-26 13:05:57 --> Session: Class initialized using 'CodeIgniter\Session\Handlers\FileHandler' driver.
INFO - 2023-11-26 13:05:57 --> Session: Class initialized using 'CodeIgniter\Session\Handlers\FileHandler' driver.
INFO - 2023-11-26 13:05:57 --> Session: Class initialized using 'CodeIgniter\Session\Handlers\FileHandler' driver.
INFO - 2023-11-26 13:34:54 --> Session: Class initialized using 'CodeIgniter\Session\Handlers\FileHandler' driver.
INFO - 2023-11-26 13:34:54 --> Session: Class initialized using 'CodeIgniter\Session\Handlers\FileHandler' driver.
INFO - 2023-11-26 13:36:25 --> Session: Class initialized using 'CodeIgniter\Session\Handlers\FileHandler' driver.
INFO - 2023-11-26 13:36:25 --> Session: Class initialized using 'CodeIgniter\Session\Handlers\FileHandler' driver.
INFO - 2023-11-26 13:36:25 --> Session: Class initialized using 'CodeIgniter\Session\Handlers\FileHandler' driver.
INFO - 2023-11-26 13:36:25 --> Session: Class initialized using 'CodeIgniter\Session\Handlers\FileHandler' driver.
INFO - 2023-11-26 13:36:25 --> Session: Class initialized using 'CodeIgniter\Session\Handlers\FileHandler' driver.
INFO - 2023-11-26 13:36:26 --> Session: Class initialized using 'CodeIgniter\Session\Handlers\FileHandler' driver.
INFO - 2023-11-26 13:36:26 --> Session: Class initialized using 'CodeIgniter\Session\Handlers\FileHandler' driver.
INFO - 2023-11-26 13:38:56 --> Session: Class initialized using 'CodeIgniter\Session\Handlers\FileHandler' driver.
INFO - 2023-11-26 13:38:56 --> Session: Class initialized using 'CodeIgniter\Session\Handlers\FileHandler' driver.
INFO - 2023-11-26 13:38:56 --> Session: Class initialized using 'CodeIgniter\Session\Handlers\FileHandler' driver.
INFO - 2023-11-26 13:38:56 --> Session: Class initialized using 'CodeIgniter\Session\Handlers\FileHandler' driver.
INFO - 2023-11-26 13:38:56 --> Session: Class initialized using 'CodeIgniter\Session\Handlers\FileHandler' driver.
INFO - 2023-11-26 13:38:57 --> Session: Class initialized using 'CodeIgniter\Session\Handlers\FileHandler' driver.
INFO - 2023-11-26 13:38:57 --> Session: Class initialized using 'CodeIgniter\Session\Handlers\FileHandler' driver.
INFO - 2023-11-26 13:42:20 --> Session: Class initialized using 'CodeIgniter\Session\Handlers\FileHandler' driver.
ERROR - 2023-11-26 13:42:20 --> mysqli_sql_exception: Unknown column 'id_rusun' in 'where clause' in C:\2023project\aparus\system\Database\MySQLi\Connection.php:306
Stack trace:
#0 C:\2023project\aparus\system\Database\MySQLi\Connection.php(306): mysqli->query('SELECT *\nFROM `...', 0)
#1 C:\2023project\aparus\system\Database\BaseConnection.php(693): CodeIgniter\Database\MySQLi\Connection->execute('SELECT *\nFROM `...')
#2 C:\2023project\aparus\system\Database\BaseConnection.php(607): CodeIgniter\Database\BaseConnection->simpleQuery('SELECT *\nFROM `...')
#3 C:\2023project\aparus\system\Database\BaseBuilder.php(1615): CodeIgniter\Database\BaseConnection->query('SELECT *\nFROM `...', Array, false)
#4 C:\2023project\aparus\system\Model.php(264): CodeIgniter\Database\BaseBuilder->get()
#5 C:\2023project\aparus\system\BaseModel.php(662): CodeIgniter\Model->doFirst()
#6 C:\2023project\aparus\app\Controllers\Rusun.php(134): CodeIgniter\BaseModel->first()
#7 C:\2023project\aparus\system\CodeIgniter.php(942): App\Controllers\Rusun->lantai('7')
#8 C:\2023project\aparus\system\CodeIgniter.php(502): CodeIgniter\CodeIgniter->runController(Object(App\Controllers\Rusun))
#9 C:\2023project\aparus\system\CodeIgniter.php(361): CodeIgniter\CodeIgniter->handleRequest(NULL, Object(Config\Cache), false)
#10 C:\2023project\aparus\public\index.php(79): CodeIgniter\CodeIgniter->run()
#11 C:\2023project\aparus\system\Commands\Server\rewrite.php(47): require_once('C:\\2023project\\...')
#12 {main}
CRITICAL - 2023-11-26 13:42:20 --> Unknown column 'id_rusun' in 'where clause'
in SYSTEMPATH\Database\BaseConnection.php on line 647.
 1 SYSTEMPATH\Database\BaseBuilder.php(1615): CodeIgniter\Database\BaseConnection->query('SELECT *
FROM `aprs_master_rusun`
WHERE `id_rusun` = :id_rusun:
 LIMIT 1', [...], false)
 2 SYSTEMPATH\Model.php(264): CodeIgniter\Database\BaseBuilder->get()
 3 SYSTEMPATH\BaseModel.php(662): CodeIgniter\Model->doFirst()
 4 APPPATH\Controllers\Rusun.php(134): CodeIgniter\BaseModel->first()
 5 SYSTEMPATH\CodeIgniter.php(942): App\Controllers\Rusun->lantai('7')
 6 SYSTEMPATH\CodeIgniter.php(502): CodeIgniter\CodeIgniter->runController(Object(App\Controllers\Rusun))
 7 SYSTEMPATH\CodeIgniter.php(361): CodeIgniter\CodeIgniter->handleRequest(null, Object(Config\Cache), false)
 8 FCPATH\index.php(79): CodeIgniter\CodeIgniter->run()
 9 SYSTEMPATH\Commands\Server\rewrite.php(47): require_once('C:\\2023project\\aparus\\public\\index.php')
INFO - 2023-11-26 13:42:34 --> Session: Class initialized using 'CodeIgniter\Session\Handlers\FileHandler' driver.
INFO - 2023-11-26 13:42:34 --> Session: Class initialized using 'CodeIgniter\Session\Handlers\FileHandler' driver.
INFO - 2023-11-26 13:42:35 --> Session: Class initialized using 'CodeIgniter\Session\Handlers\FileHandler' driver.
INFO - 2023-11-26 13:42:35 --> Session: Class initialized using 'CodeIgniter\Session\Handlers\FileHandler' driver.
INFO - 2023-11-26 13:42:35 --> Session: Class initialized using 'CodeIgniter\Session\Handlers\FileHandler' driver.
INFO - 2023-11-26 13:42:35 --> Session: Class initialized using 'CodeIgniter\Session\Handlers\FileHandler' driver.
INFO - 2023-11-26 13:42:35 --> Session: Class initialized using 'CodeIgniter\Session\Handlers\FileHandler' driver.
INFO - 2023-11-26 13:44:56 --> Session: Class initialized using 'CodeIgniter\Session\Handlers\FileHandler' driver.
CRITICAL - 2023-11-26 13:44:56 --> Trying to get property 'rusun_foto' of non-object
in APPPATH\Views\rusun\lantai.php on line 114.
 1 APPPATH\Views\rusun\lantai.php(114): CodeIgniter\Debug\Exceptions->errorHandler(8, 'Trying to get property \'rusun_foto\' of non-object', 'C:\\2023project\\aparus\\app\\Views\\rusun\\lantai.php', 114, [...])
 2 SYSTEMPATH\View\View.php(228): include('C:\\2023project\\aparus\\app\\Views\\rusun\\lantai.php')
 3 SYSTEMPATH\View\View.php(231): CodeIgniter\View\View->CodeIgniter\View\{closure}()
 4 SYSTEMPATH\Common.php(1190): CodeIgniter\View\View->render('rusun/lantai', [], true)
 5 APPPATH\Controllers\Rusun.php(136): view('rusun/lantai', [...])
 6 SYSTEMPATH\CodeIgniter.php(942): App\Controllers\Rusun->lantai('7')
 7 SYSTEMPATH\CodeIgniter.php(502): CodeIgniter\CodeIgniter->runController(Object(App\Controllers\Rusun))
 8 SYSTEMPATH\CodeIgniter.php(361): CodeIgniter\CodeIgniter->handleRequest(null, Object(Config\Cache), false)
 9 FCPATH\index.php(79): CodeIgniter\CodeIgniter->run()
10 SYSTEMPATH\Commands\Server\rewrite.php(47): require_once('C:\\2023project\\aparus\\public\\index.php')
INFO - 2023-11-26 13:45:15 --> Session: Class initialized using 'CodeIgniter\Session\Handlers\FileHandler' driver.
INFO - 2023-11-26 13:45:16 --> Session: Class initialized using 'CodeIgniter\Session\Handlers\FileHandler' driver.
INFO - 2023-11-26 13:45:16 --> Session: Class initialized using 'CodeIgniter\Session\Handlers\FileHandler' driver.
CRITICAL - 2023-11-26 13:45:16 --> Trying to access array offset on value of type null
in APPPATH\Views\rusun\lantai.php on line 114.
 1 APPPATH\Views\rusun\lantai.php(114): CodeIgniter\Debug\Exceptions->errorHandler(8, 'Trying to access array offset on value of type null', 'C:\\2023project\\aparus\\app\\Views\\rusun\\lantai.php', 114, [...])
 2 SYSTEMPATH\View\View.php(228): include('C:\\2023project\\aparus\\app\\Views\\rusun\\lantai.php')
 3 SYSTEMPATH\View\View.php(231): CodeIgniter\View\View->CodeIgniter\View\{closure}()
 4 SYSTEMPATH\Common.php(1190): CodeIgniter\View\View->render('rusun/lantai', [], true)
 5 APPPATH\Controllers\Rusun.php(136): view('rusun/lantai', [...])
 6 SYSTEMPATH\CodeIgniter.php(942): App\Controllers\Rusun->lantai('assets', 'images', 'companies', 'img-1.png')
 7 SYSTEMPATH\CodeIgniter.php(502): CodeIgniter\CodeIgniter->runController(Object(App\Controllers\Rusun))
 8 SYSTEMPATH\CodeIgniter.php(361): CodeIgniter\CodeIgniter->handleRequest(null, Object(Config\Cache), false)
 9 FCPATH\index.php(79): CodeIgniter\CodeIgniter->run()
10 SYSTEMPATH\Commands\Server\rewrite.php(47): require_once('C:\\2023project\\aparus\\public\\index.php')
INFO - 2023-11-26 13:45:16 --> Session: Class initialized using 'CodeIgniter\Session\Handlers\FileHandler' driver.
CRITICAL - 2023-11-26 13:45:16 --> Trying to access array offset on value of type null
in APPPATH\Views\rusun\lantai.php on line 114.
 1 APPPATH\Views\rusun\lantai.php(114): CodeIgniter\Debug\Exceptions->errorHandler(8, 'Trying to access array offset on value of type null', 'C:\\2023project\\aparus\\app\\Views\\rusun\\lantai.php', 114, [...])
 2 SYSTEMPATH\View\View.php(228): include('C:\\2023project\\aparus\\app\\Views\\rusun\\lantai.php')
 3 SYSTEMPATH\View\View.php(231): CodeIgniter\View\View->CodeIgniter\View\{closure}()
 4 SYSTEMPATH\Common.php(1190): CodeIgniter\View\View->render('rusun/lantai', [], true)
 5 APPPATH\Controllers\Rusun.php(136): view('rusun/lantai', [...])
 6 SYSTEMPATH\CodeIgniter.php(942): App\Controllers\Rusun->lantai('assets', 'images', 'companies', 'img-3.png')
 7 SYSTEMPATH\CodeIgniter.php(502): CodeIgniter\CodeIgniter->runController(Object(App\Controllers\Rusun))
 8 SYSTEMPATH\CodeIgniter.php(361): CodeIgniter\CodeIgniter->handleRequest(null, Object(Config\Cache), false)
 9 FCPATH\index.php(79): CodeIgniter\CodeIgniter->run()
10 SYSTEMPATH\Commands\Server\rewrite.php(47): require_once('C:\\2023project\\aparus\\public\\index.php')
INFO - 2023-11-26 13:45:16 --> Session: Class initialized using 'CodeIgniter\Session\Handlers\FileHandler' driver.
CRITICAL - 2023-11-26 13:45:16 --> Trying to access array offset on value of type null
in APPPATH\Views\rusun\lantai.php on line 114.
 1 APPPATH\Views\rusun\lantai.php(114): CodeIgniter\Debug\Exceptions->errorHandler(8, 'Trying to access array offset on value of type null', 'C:\\2023project\\aparus\\app\\Views\\rusun\\lantai.php', 114, [...])
 2 SYSTEMPATH\View\View.php(228): include('C:\\2023project\\aparus\\app\\Views\\rusun\\lantai.php')
 3 SYSTEMPATH\View\View.php(231): CodeIgniter\View\View->CodeIgniter\View\{closure}()
 4 SYSTEMPATH\Common.php(1190): CodeIgniter\View\View->render('rusun/lantai', [], true)
 5 APPPATH\Controllers\Rusun.php(136): view('rusun/lantai', [...])
 6 SYSTEMPATH\CodeIgniter.php(942): App\Controllers\Rusun->lantai('assets', 'images', 'companies', 'img-2.png')
 7 SYSTEMPATH\CodeIgniter.php(502): CodeIgniter\CodeIgniter->runController(Object(App\Controllers\Rusun))
 8 SYSTEMPATH\CodeIgniter.php(361): CodeIgniter\CodeIgniter->handleRequest(null, Object(Config\Cache), false)
 9 FCPATH\index.php(79): CodeIgniter\CodeIgniter->run()
10 SYSTEMPATH\Commands\Server\rewrite.php(47): require_once('C:\\2023project\\aparus\\public\\index.php')
INFO - 2023-11-26 13:45:16 --> Session: Class initialized using 'CodeIgniter\Session\Handlers\FileHandler' driver.
CRITICAL - 2023-11-26 13:45:16 --> Trying to access array offset on value of type null
in APPPATH\Views\rusun\lantai.php on line 114.
 1 APPPATH\Views\rusun\lantai.php(114): CodeIgniter\Debug\Exceptions->errorHandler(8, 'Trying to access array offset on value of type null', 'C:\\2023project\\aparus\\app\\Views\\rusun\\lantai.php', 114, [...])
 2 SYSTEMPATH\View\View.php(228): include('C:\\2023project\\aparus\\app\\Views\\rusun\\lantai.php')
 3 SYSTEMPATH\View\View.php(231): CodeIgniter\View\View->CodeIgniter\View\{closure}()
 4 SYSTEMPATH\Common.php(1190): CodeIgniter\View\View->render('rusun/lantai', [], true)
 5 APPPATH\Controllers\Rusun.php(136): view('rusun/lantai', [...])
 6 SYSTEMPATH\CodeIgniter.php(942): App\Controllers\Rusun->lantai('assets', 'images', 'companies', 'img-4.png')
 7 SYSTEMPATH\CodeIgniter.php(502): CodeIgniter\CodeIgniter->runController(Object(App\Controllers\Rusun))
 8 SYSTEMPATH\CodeIgniter.php(361): CodeIgniter\CodeIgniter->handleRequest(null, Object(Config\Cache), false)
 9 FCPATH\index.php(79): CodeIgniter\CodeIgniter->run()
10 SYSTEMPATH\Commands\Server\rewrite.php(47): require_once('C:\\2023project\\aparus\\public\\index.php')
INFO - 2023-11-26 13:45:16 --> Session: Class initialized using 'CodeIgniter\Session\Handlers\FileHandler' driver.
CRITICAL - 2023-11-26 13:45:16 --> Trying to access array offset on value of type null
in APPPATH\Views\rusun\lantai.php on line 114.
 1 APPPATH\Views\rusun\lantai.php(114): CodeIgniter\Debug\Exceptions->errorHandler(8, 'Trying to access array offset on value of type null', 'C:\\2023project\\aparus\\app\\Views\\rusun\\lantai.php', 114, [...])
 2 SYSTEMPATH\View\View.php(228): include('C:\\2023project\\aparus\\app\\Views\\rusun\\lantai.php')
 3 SYSTEMPATH\View\View.php(231): CodeIgniter\View\View->CodeIgniter\View\{closure}()
 4 SYSTEMPATH\Common.php(1190): CodeIgniter\View\View->render('rusun/lantai', [], true)
 5 APPPATH\Controllers\Rusun.php(136): view('rusun/lantai', [...])
 6 SYSTEMPATH\CodeIgniter.php(942): App\Controllers\Rusun->lantai('assets', 'images', 'companies', 'img-5.png')
 7 SYSTEMPATH\CodeIgniter.php(502): CodeIgniter\CodeIgniter->runController(Object(App\Controllers\Rusun))
 8 SYSTEMPATH\CodeIgniter.php(361): CodeIgniter\CodeIgniter->handleRequest(null, Object(Config\Cache), false)
 9 FCPATH\index.php(79): CodeIgniter\CodeIgniter->run()
10 SYSTEMPATH\Commands\Server\rewrite.php(47): require_once('C:\\2023project\\aparus\\public\\index.php')
INFO - 2023-11-26 13:45:42 --> Session: Class initialized using 'CodeIgniter\Session\Handlers\FileHandler' driver.
INFO - 2023-11-26 13:45:42 --> Session: Class initialized using 'CodeIgniter\Session\Handlers\FileHandler' driver.
INFO - 2023-11-26 13:45:42 --> Session: Class initialized using 'CodeIgniter\Session\Handlers\FileHandler' driver.
CRITICAL - 2023-11-26 13:45:42 --> Trying to access array offset on value of type null
in APPPATH\Views\rusun\lantai.php on line 114.
 1 APPPATH\Views\rusun\lantai.php(114): CodeIgniter\Debug\Exceptions->errorHandler(8, 'Trying to access array offset on value of type null', 'C:\\2023project\\aparus\\app\\Views\\rusun\\lantai.php', 114, [...])
 2 SYSTEMPATH\View\View.php(228): include('C:\\2023project\\aparus\\app\\Views\\rusun\\lantai.php')
 3 SYSTEMPATH\View\View.php(231): CodeIgniter\View\View->CodeIgniter\View\{closure}()
 4 SYSTEMPATH\Common.php(1190): CodeIgniter\View\View->render('rusun/lantai', [], true)
 5 APPPATH\Controllers\Rusun.php(136): view('rusun/lantai', [...])
 6 SYSTEMPATH\CodeIgniter.php(942): App\Controllers\Rusun->lantai('assets', 'images', 'companies', 'img-1.png')
 7 SYSTEMPATH\CodeIgniter.php(502): CodeIgniter\CodeIgniter->runController(Object(App\Controllers\Rusun))
 8 SYSTEMPATH\CodeIgniter.php(361): CodeIgniter\CodeIgniter->handleRequest(null, Object(Config\Cache), false)
 9 FCPATH\index.php(79): CodeIgniter\CodeIgniter->run()
10 SYSTEMPATH\Commands\Server\rewrite.php(47): require_once('C:\\2023project\\aparus\\public\\index.php')
INFO - 2023-11-26 13:45:42 --> Session: Class initialized using 'CodeIgniter\Session\Handlers\FileHandler' driver.
CRITICAL - 2023-11-26 13:45:42 --> Trying to access array offset on value of type null
in APPPATH\Views\rusun\lantai.php on line 114.
 1 APPPATH\Views\rusun\lantai.php(114): CodeIgniter\Debug\Exceptions->errorHandler(8, 'Trying to access array offset on value of type null', 'C:\\2023project\\aparus\\app\\Views\\rusun\\lantai.php', 114, [...])
 2 SYSTEMPATH\View\View.php(228): include('C:\\2023project\\aparus\\app\\Views\\rusun\\lantai.php')
 3 SYSTEMPATH\View\View.php(231): CodeIgniter\View\View->CodeIgniter\View\{closure}()
 4 SYSTEMPATH\Common.php(1190): CodeIgniter\View\View->render('rusun/lantai', [], true)
 5 APPPATH\Controllers\Rusun.php(136): view('rusun/lantai', [...])
 6 SYSTEMPATH\CodeIgniter.php(942): App\Controllers\Rusun->lantai('assets', 'images', 'companies', 'img-3.png')
 7 SYSTEMPATH\CodeIgniter.php(502): CodeIgniter\CodeIgniter->runController(Object(App\Controllers\Rusun))
 8 SYSTEMPATH\CodeIgniter.php(361): CodeIgniter\CodeIgniter->handleRequest(null, Object(Config\Cache), false)
 9 FCPATH\index.php(79): CodeIgniter\CodeIgniter->run()
10 SYSTEMPATH\Commands\Server\rewrite.php(47): require_once('C:\\2023project\\aparus\\public\\index.php')
INFO - 2023-11-26 13:45:42 --> Session: Class initialized using 'CodeIgniter\Session\Handlers\FileHandler' driver.
CRITICAL - 2023-11-26 13:45:42 --> Trying to access array offset on value of type null
in APPPATH\Views\rusun\lantai.php on line 114.
 1 APPPATH\Views\rusun\lantai.php(114): CodeIgniter\Debug\Exceptions->errorHandler(8, 'Trying to access array offset on value of type null', 'C:\\2023project\\aparus\\app\\Views\\rusun\\lantai.php', 114, [...])
 2 SYSTEMPATH\View\View.php(228): include('C:\\2023project\\aparus\\app\\Views\\rusun\\lantai.php')
 3 SYSTEMPATH\View\View.php(231): CodeIgniter\View\View->CodeIgniter\View\{closure}()
 4 SYSTEMPATH\Common.php(1190): CodeIgniter\View\View->render('rusun/lantai', [], true)
 5 APPPATH\Controllers\Rusun.php(136): view('rusun/lantai', [...])
 6 SYSTEMPATH\CodeIgniter.php(942): App\Controllers\Rusun->lantai('assets', 'images', 'companies', 'img-2.png')
 7 SYSTEMPATH\CodeIgniter.php(502): CodeIgniter\CodeIgniter->runController(Object(App\Controllers\Rusun))
 8 SYSTEMPATH\CodeIgniter.php(361): CodeIgniter\CodeIgniter->handleRequest(null, Object(Config\Cache), false)
 9 FCPATH\index.php(79): CodeIgniter\CodeIgniter->run()
10 SYSTEMPATH\Commands\Server\rewrite.php(47): require_once('C:\\2023project\\aparus\\public\\index.php')
INFO - 2023-11-26 13:45:42 --> Session: Class initialized using 'CodeIgniter\Session\Handlers\FileHandler' driver.
CRITICAL - 2023-11-26 13:45:42 --> Trying to access array offset on value of type null
in APPPATH\Views\rusun\lantai.php on line 114.
 1 APPPATH\Views\rusun\lantai.php(114): CodeIgniter\Debug\Exceptions->errorHandler(8, 'Trying to access array offset on value of type null', 'C:\\2023project\\aparus\\app\\Views\\rusun\\lantai.php', 114, [...])
 2 SYSTEMPATH\View\View.php(228): include('C:\\2023project\\aparus\\app\\Views\\rusun\\lantai.php')
 3 SYSTEMPATH\View\View.php(231): CodeIgniter\View\View->CodeIgniter\View\{closure}()
 4 SYSTEMPATH\Common.php(1190): CodeIgniter\View\View->render('rusun/lantai', [], true)
 5 APPPATH\Controllers\Rusun.php(136): view('rusun/lantai', [...])
 6 SYSTEMPATH\CodeIgniter.php(942): App\Controllers\Rusun->lantai('assets', 'images', 'companies', 'img-4.png')
 7 SYSTEMPATH\CodeIgniter.php(502): CodeIgniter\CodeIgniter->runController(Object(App\Controllers\Rusun))
 8 SYSTEMPATH\CodeIgniter.php(361): CodeIgniter\CodeIgniter->handleRequest(null, Object(Config\Cache), false)
 9 FCPATH\index.php(79): CodeIgniter\CodeIgniter->run()
10 SYSTEMPATH\Commands\Server\rewrite.php(47): require_once('C:\\2023project\\aparus\\public\\index.php')
INFO - 2023-11-26 13:45:42 --> Session: Class initialized using 'CodeIgniter\Session\Handlers\FileHandler' driver.
CRITICAL - 2023-11-26 13:45:42 --> Trying to access array offset on value of type null
in APPPATH\Views\rusun\lantai.php on line 114.
 1 APPPATH\Views\rusun\lantai.php(114): CodeIgniter\Debug\Exceptions->errorHandler(8, 'Trying to access array offset on value of type null', 'C:\\2023project\\aparus\\app\\Views\\rusun\\lantai.php', 114, [...])
 2 SYSTEMPATH\View\View.php(228): include('C:\\2023project\\aparus\\app\\Views\\rusun\\lantai.php')
 3 SYSTEMPATH\View\View.php(231): CodeIgniter\View\View->CodeIgniter\View\{closure}()
 4 SYSTEMPATH\Common.php(1190): CodeIgniter\View\View->render('rusun/lantai', [], true)
 5 APPPATH\Controllers\Rusun.php(136): view('rusun/lantai', [...])
 6 SYSTEMPATH\CodeIgniter.php(942): App\Controllers\Rusun->lantai('assets', 'images', 'companies', 'img-5.png')
 7 SYSTEMPATH\CodeIgniter.php(502): CodeIgniter\CodeIgniter->runController(Object(App\Controllers\Rusun))
 8 SYSTEMPATH\CodeIgniter.php(361): CodeIgniter\CodeIgniter->handleRequest(null, Object(Config\Cache), false)
 9 FCPATH\index.php(79): CodeIgniter\CodeIgniter->run()
10 SYSTEMPATH\Commands\Server\rewrite.php(47): require_once('C:\\2023project\\aparus\\public\\index.php')
INFO - 2023-11-26 13:49:05 --> Session: Class initialized using 'CodeIgniter\Session\Handlers\FileHandler' driver.
INFO - 2023-11-26 13:49:05 --> Session: Class initialized using 'CodeIgniter\Session\Handlers\FileHandler' driver.
INFO - 2023-11-26 13:49:05 --> Session: Class initialized using 'CodeIgniter\Session\Handlers\FileHandler' driver.
CRITICAL - 2023-11-26 13:49:05 --> Trying to access array offset on value of type null
in APPPATH\Views\rusun\lantai.php on line 114.
 1 APPPATH\Views\rusun\lantai.php(114): CodeIgniter\Debug\Exceptions->errorHandler(8, 'Trying to access array offset on value of type null', 'C:\\2023project\\aparus\\app\\Views\\rusun\\lantai.php', 114, [...])
 2 SYSTEMPATH\View\View.php(228): include('C:\\2023project\\aparus\\app\\Views\\rusun\\lantai.php')
 3 SYSTEMPATH\View\View.php(231): CodeIgniter\View\View->CodeIgniter\View\{closure}()
 4 SYSTEMPATH\Common.php(1190): CodeIgniter\View\View->render('rusun/lantai', [], true)
 5 APPPATH\Controllers\Rusun.php(136): view('rusun/lantai', [...])
 6 SYSTEMPATH\CodeIgniter.php(942): App\Controllers\Rusun->lantai('assets', 'images', 'companies', 'img-3.png')
 7 SYSTEMPATH\CodeIgniter.php(502): CodeIgniter\CodeIgniter->runController(Object(App\Controllers\Rusun))
 8 SYSTEMPATH\CodeIgniter.php(361): CodeIgniter\CodeIgniter->handleRequest(null, Object(Config\Cache), false)
 9 FCPATH\index.php(79): CodeIgniter\CodeIgniter->run()
10 SYSTEMPATH\Commands\Server\rewrite.php(47): require_once('C:\\2023project\\aparus\\public\\index.php')
INFO - 2023-11-26 13:49:05 --> Session: Class initialized using 'CodeIgniter\Session\Handlers\FileHandler' driver.
CRITICAL - 2023-11-26 13:49:05 --> Trying to access array offset on value of type null
in APPPATH\Views\rusun\lantai.php on line 114.
 1 APPPATH\Views\rusun\lantai.php(114): CodeIgniter\Debug\Exceptions->errorHandler(8, 'Trying to access array offset on value of type null', 'C:\\2023project\\aparus\\app\\Views\\rusun\\lantai.php', 114, [...])
 2 SYSTEMPATH\View\View.php(228): include('C:\\2023project\\aparus\\app\\Views\\rusun\\lantai.php')
 3 SYSTEMPATH\View\View.php(231): CodeIgniter\View\View->CodeIgniter\View\{closure}()
 4 SYSTEMPATH\Common.php(1190): CodeIgniter\View\View->render('rusun/lantai', [], true)
 5 APPPATH\Controllers\Rusun.php(136): view('rusun/lantai', [...])
 6 SYSTEMPATH\CodeIgniter.php(942): App\Controllers\Rusun->lantai('assets', 'images', 'companies', 'img-1.png')
 7 SYSTEMPATH\CodeIgniter.php(502): CodeIgniter\CodeIgniter->runController(Object(App\Controllers\Rusun))
 8 SYSTEMPATH\CodeIgniter.php(361): CodeIgniter\CodeIgniter->handleRequest(null, Object(Config\Cache), false)
 9 FCPATH\index.php(79): CodeIgniter\CodeIgniter->run()
10 SYSTEMPATH\Commands\Server\rewrite.php(47): require_once('C:\\2023project\\aparus\\public\\index.php')
INFO - 2023-11-26 13:49:05 --> Session: Class initialized using 'CodeIgniter\Session\Handlers\FileHandler' driver.
CRITICAL - 2023-11-26 13:49:05 --> Trying to access array offset on value of type null
in APPPATH\Views\rusun\lantai.php on line 114.
 1 APPPATH\Views\rusun\lantai.php(114): CodeIgniter\Debug\Exceptions->errorHandler(8, 'Trying to access array offset on value of type null', 'C:\\2023project\\aparus\\app\\Views\\rusun\\lantai.php', 114, [...])
 2 SYSTEMPATH\View\View.php(228): include('C:\\2023project\\aparus\\app\\Views\\rusun\\lantai.php')
 3 SYSTEMPATH\View\View.php(231): CodeIgniter\View\View->CodeIgniter\View\{closure}()
 4 SYSTEMPATH\Common.php(1190): CodeIgniter\View\View->render('rusun/lantai', [], true)
 5 APPPATH\Controllers\Rusun.php(136): view('rusun/lantai', [...])
 6 SYSTEMPATH\CodeIgniter.php(942): App\Controllers\Rusun->lantai('assets', 'images', 'companies', 'img-2.png')
 7 SYSTEMPATH\CodeIgniter.php(502): CodeIgniter\CodeIgniter->runController(Object(App\Controllers\Rusun))
 8 SYSTEMPATH\CodeIgniter.php(361): CodeIgniter\CodeIgniter->handleRequest(null, Object(Config\Cache), false)
 9 FCPATH\index.php(79): CodeIgniter\CodeIgniter->run()
10 SYSTEMPATH\Commands\Server\rewrite.php(47): require_once('C:\\2023project\\aparus\\public\\index.php')
INFO - 2023-11-26 13:49:05 --> Session: Class initialized using 'CodeIgniter\Session\Handlers\FileHandler' driver.
CRITICAL - 2023-11-26 13:49:05 --> Trying to access array offset on value of type null
in APPPATH\Views\rusun\lantai.php on line 114.
 1 APPPATH\Views\rusun\lantai.php(114): CodeIgniter\Debug\Exceptions->errorHandler(8, 'Trying to access array offset on value of type null', 'C:\\2023project\\aparus\\app\\Views\\rusun\\lantai.php', 114, [...])
 2 SYSTEMPATH\View\View.php(228): include('C:\\2023project\\aparus\\app\\Views\\rusun\\lantai.php')
 3 SYSTEMPATH\View\View.php(231): CodeIgniter\View\View->CodeIgniter\View\{closure}()
 4 SYSTEMPATH\Common.php(1190): CodeIgniter\View\View->render('rusun/lantai', [], true)
 5 APPPATH\Controllers\Rusun.php(136): view('rusun/lantai', [...])
 6 SYSTEMPATH\CodeIgniter.php(942): App\Controllers\Rusun->lantai('assets', 'images', 'companies', 'img-4.png')
 7 SYSTEMPATH\CodeIgniter.php(502): CodeIgniter\CodeIgniter->runController(Object(App\Controllers\Rusun))
 8 SYSTEMPATH\CodeIgniter.php(361): CodeIgniter\CodeIgniter->handleRequest(null, Object(Config\Cache), false)
 9 FCPATH\index.php(79): CodeIgniter\CodeIgniter->run()
10 SYSTEMPATH\Commands\Server\rewrite.php(47): require_once('C:\\2023project\\aparus\\public\\index.php')
INFO - 2023-11-26 13:49:05 --> Session: Class initialized using 'CodeIgniter\Session\Handlers\FileHandler' driver.
CRITICAL - 2023-11-26 13:49:06 --> Trying to access array offset on value of type null
in APPPATH\Views\rusun\lantai.php on line 114.
 1 APPPATH\Views\rusun\lantai.php(114): CodeIgniter\Debug\Exceptions->errorHandler(8, 'Trying to access array offset on value of type null', 'C:\\2023project\\aparus\\app\\Views\\rusun\\lantai.php', 114, [...])
 2 SYSTEMPATH\View\View.php(228): include('C:\\2023project\\aparus\\app\\Views\\rusun\\lantai.php')
 3 SYSTEMPATH\View\View.php(231): CodeIgniter\View\View->CodeIgniter\View\{closure}()
 4 SYSTEMPATH\Common.php(1190): CodeIgniter\View\View->render('rusun/lantai', [], true)
 5 APPPATH\Controllers\Rusun.php(136): view('rusun/lantai', [...])
 6 SYSTEMPATH\CodeIgniter.php(942): App\Controllers\Rusun->lantai('assets', 'images', 'companies', 'img-5.png')
 7 SYSTEMPATH\CodeIgniter.php(502): CodeIgniter\CodeIgniter->runController(Object(App\Controllers\Rusun))
 8 SYSTEMPATH\CodeIgniter.php(361): CodeIgniter\CodeIgniter->handleRequest(null, Object(Config\Cache), false)
 9 FCPATH\index.php(79): CodeIgniter\CodeIgniter->run()
10 SYSTEMPATH\Commands\Server\rewrite.php(47): require_once('C:\\2023project\\aparus\\public\\index.php')
INFO - 2023-11-26 13:49:06 --> Session: Class initialized using 'CodeIgniter\Session\Handlers\FileHandler' driver.
CRITICAL - 2023-11-26 13:49:06 --> Trying to access array offset on value of type null
in APPPATH\Views\rusun\lantai.php on line 114.
 1 APPPATH\Views\rusun\lantai.php(114): CodeIgniter\Debug\Exceptions->errorHandler(8, 'Trying to access array offset on value of type null', 'C:\\2023project\\aparus\\app\\Views\\rusun\\lantai.php', 114, [...])
 2 SYSTEMPATH\View\View.php(228): include('C:\\2023project\\aparus\\app\\Views\\rusun\\lantai.php')
 3 SYSTEMPATH\View\View.php(231): CodeIgniter\View\View->CodeIgniter\View\{closure}()
 4 SYSTEMPATH\Common.php(1190): CodeIgniter\View\View->render('rusun/lantai', [], true)
 5 APPPATH\Controllers\Rusun.php(136): view('rusun/lantai', [...])
 6 SYSTEMPATH\CodeIgniter.php(942): App\Controllers\Rusun->lantai('assets', 'images', 'companies', 'img-1.png')
 7 SYSTEMPATH\CodeIgniter.php(502): CodeIgniter\CodeIgniter->runController(Object(App\Controllers\Rusun))
 8 SYSTEMPATH\CodeIgniter.php(361): CodeIgniter\CodeIgniter->handleRequest(null, Object(Config\Cache), false)
 9 FCPATH\index.php(79): CodeIgniter\CodeIgniter->run()
10 SYSTEMPATH\Commands\Server\rewrite.php(47): require_once('C:\\2023project\\aparus\\public\\index.php')
INFO - 2023-11-26 13:49:06 --> Session: Class initialized using 'CodeIgniter\Session\Handlers\FileHandler' driver.
CRITICAL - 2023-11-26 13:49:06 --> Trying to access array offset on value of type null
in APPPATH\Views\rusun\lantai.php on line 114.
 1 APPPATH\Views\rusun\lantai.php(114): CodeIgniter\Debug\Exceptions->errorHandler(8, 'Trying to access array offset on value of type null', 'C:\\2023project\\aparus\\app\\Views\\rusun\\lantai.php', 114, [...])
 2 SYSTEMPATH\View\View.php(228): include('C:\\2023project\\aparus\\app\\Views\\rusun\\lantai.php')
 3 SYSTEMPATH\View\View.php(231): CodeIgniter\View\View->CodeIgniter\View\{closure}()
 4 SYSTEMPATH\Common.php(1190): CodeIgniter\View\View->render('rusun/lantai', [], true)
 5 APPPATH\Controllers\Rusun.php(136): view('rusun/lantai', [...])
 6 SYSTEMPATH\CodeIgniter.php(942): App\Controllers\Rusun->lantai('assets', 'images', 'companies', 'img-3.png')
 7 SYSTEMPATH\CodeIgniter.php(502): CodeIgniter\CodeIgniter->runController(Object(App\Controllers\Rusun))
 8 SYSTEMPATH\CodeIgniter.php(361): CodeIgniter\CodeIgniter->handleRequest(null, Object(Config\Cache), false)
 9 FCPATH\index.php(79): CodeIgniter\CodeIgniter->run()
10 SYSTEMPATH\Commands\Server\rewrite.php(47): require_once('C:\\2023project\\aparus\\public\\index.php')
INFO - 2023-11-26 13:49:06 --> Session: Class initialized using 'CodeIgniter\Session\Handlers\FileHandler' driver.
INFO - 2023-11-26 13:50:28 --> Session: Class initialized using 'CodeIgniter\Session\Handlers\FileHandler' driver.
INFO - 2023-11-26 13:50:28 --> Session: Class initialized using 'CodeIgniter\Session\Handlers\FileHandler' driver.
CRITICAL - 2023-11-26 13:50:28 --> Trying to access array offset on value of type null
in APPPATH\Views\rusun\lantai.php on line 114.
 1 APPPATH\Views\rusun\lantai.php(114): CodeIgniter\Debug\Exceptions->errorHandler(8, 'Trying to access array offset on value of type null', 'C:\\2023project\\aparus\\app\\Views\\rusun\\lantai.php', 114, [...])
 2 SYSTEMPATH\View\View.php(228): include('C:\\2023project\\aparus\\app\\Views\\rusun\\lantai.php')
 3 SYSTEMPATH\View\View.php(231): CodeIgniter\View\View->CodeIgniter\View\{closure}()
 4 SYSTEMPATH\Common.php(1190): CodeIgniter\View\View->render('rusun/lantai', [], true)
 5 APPPATH\Controllers\Rusun.php(136): view('rusun/lantai', [...])
 6 SYSTEMPATH\CodeIgniter.php(942): App\Controllers\Rusun->lantai('assets', 'images', 'companies', 'img-1.png')
 7 SYSTEMPATH\CodeIgniter.php(502): CodeIgniter\CodeIgniter->runController(Object(App\Controllers\Rusun))
 8 SYSTEMPATH\CodeIgniter.php(361): CodeIgniter\CodeIgniter->handleRequest(null, Object(Config\Cache), false)
 9 FCPATH\index.php(79): CodeIgniter\CodeIgniter->run()
10 SYSTEMPATH\Commands\Server\rewrite.php(47): require_once('C:\\2023project\\aparus\\public\\index.php')
INFO - 2023-11-26 13:50:29 --> Session: Class initialized using 'CodeIgniter\Session\Handlers\FileHandler' driver.
CRITICAL - 2023-11-26 13:50:29 --> Trying to access array offset on value of type null
in APPPATH\Views\rusun\lantai.php on line 114.
 1 APPPATH\Views\rusun\lantai.php(114): CodeIgniter\Debug\Exceptions->errorHandler(8, 'Trying to access array offset on value of type null', 'C:\\2023project\\aparus\\app\\Views\\rusun\\lantai.php', 114, [...])
 2 SYSTEMPATH\View\View.php(228): include('C:\\2023project\\aparus\\app\\Views\\rusun\\lantai.php')
 3 SYSTEMPATH\View\View.php(231): CodeIgniter\View\View->CodeIgniter\View\{closure}()
 4 SYSTEMPATH\Common.php(1190): CodeIgniter\View\View->render('rusun/lantai', [], true)
 5 APPPATH\Controllers\Rusun.php(136): view('rusun/lantai', [...])
 6 SYSTEMPATH\CodeIgniter.php(942): App\Controllers\Rusun->lantai('assets', 'images', 'companies', 'img-2.png')
 7 SYSTEMPATH\CodeIgniter.php(502): CodeIgniter\CodeIgniter->runController(Object(App\Controllers\Rusun))
 8 SYSTEMPATH\CodeIgniter.php(361): CodeIgniter\CodeIgniter->handleRequest(null, Object(Config\Cache), false)
 9 FCPATH\index.php(79): CodeIgniter\CodeIgniter->run()
10 SYSTEMPATH\Commands\Server\rewrite.php(47): require_once('C:\\2023project\\aparus\\public\\index.php')
INFO - 2023-11-26 13:50:29 --> Session: Class initialized using 'CodeIgniter\Session\Handlers\FileHandler' driver.
CRITICAL - 2023-11-26 13:50:29 --> Trying to access array offset on value of type null
in APPPATH\Views\rusun\lantai.php on line 114.
 1 APPPATH\Views\rusun\lantai.php(114): CodeIgniter\Debug\Exceptions->errorHandler(8, 'Trying to access array offset on value of type null', 'C:\\2023project\\aparus\\app\\Views\\rusun\\lantai.php', 114, [...])
 2 SYSTEMPATH\View\View.php(228): include('C:\\2023project\\aparus\\app\\Views\\rusun\\lantai.php')
 3 SYSTEMPATH\View\View.php(231): CodeIgniter\View\View->CodeIgniter\View\{closure}()
 4 SYSTEMPATH\Common.php(1190): CodeIgniter\View\View->render('rusun/lantai', [], true)
 5 APPPATH\Controllers\Rusun.php(136): view('rusun/lantai', [...])
 6 SYSTEMPATH\CodeIgniter.php(942): App\Controllers\Rusun->lantai('assets', 'images', 'companies', 'img-5.png')
 7 SYSTEMPATH\CodeIgniter.php(502): CodeIgniter\CodeIgniter->runController(Object(App\Controllers\Rusun))
 8 SYSTEMPATH\CodeIgniter.php(361): CodeIgniter\CodeIgniter->handleRequest(null, Object(Config\Cache), false)
 9 FCPATH\index.php(79): CodeIgniter\CodeIgniter->run()
10 SYSTEMPATH\Commands\Server\rewrite.php(47): require_once('C:\\2023project\\aparus\\public\\index.php')
INFO - 2023-11-26 13:50:29 --> Session: Class initialized using 'CodeIgniter\Session\Handlers\FileHandler' driver.
CRITICAL - 2023-11-26 13:50:29 --> Trying to access array offset on value of type null
in APPPATH\Views\rusun\lantai.php on line 114.
 1 APPPATH\Views\rusun\lantai.php(114): CodeIgniter\Debug\Exceptions->errorHandler(8, 'Trying to access array offset on value of type null', 'C:\\2023project\\aparus\\app\\Views\\rusun\\lantai.php', 114, [...])
 2 SYSTEMPATH\View\View.php(228): include('C:\\2023project\\aparus\\app\\Views\\rusun\\lantai.php')
 3 SYSTEMPATH\View\View.php(231): CodeIgniter\View\View->CodeIgniter\View\{closure}()
 4 SYSTEMPATH\Common.php(1190): CodeIgniter\View\View->render('rusun/lantai', [], true)
 5 APPPATH\Controllers\Rusun.php(136): view('rusun/lantai', [...])
 6 SYSTEMPATH\CodeIgniter.php(942): App\Controllers\Rusun->lantai('assets', 'images', 'companies', 'img-3.png')
 7 SYSTEMPATH\CodeIgniter.php(502): CodeIgniter\CodeIgniter->runController(Object(App\Controllers\Rusun))
 8 SYSTEMPATH\CodeIgniter.php(361): CodeIgniter\CodeIgniter->handleRequest(null, Object(Config\Cache), false)
 9 FCPATH\index.php(79): CodeIgniter\CodeIgniter->run()
10 SYSTEMPATH\Commands\Server\rewrite.php(47): require_once('C:\\2023project\\aparus\\public\\index.php')
INFO - 2023-11-26 13:50:29 --> Session: Class initialized using 'CodeIgniter\Session\Handlers\FileHandler' driver.
INFO - 2023-11-26 13:50:29 --> Session: Class initialized using 'CodeIgniter\Session\Handlers\FileHandler' driver.
CRITICAL - 2023-11-26 13:50:29 --> Trying to access array offset on value of type null
in APPPATH\Views\rusun\lantai.php on line 114.
 1 APPPATH\Views\rusun\lantai.php(114): CodeIgniter\Debug\Exceptions->errorHandler(8, 'Trying to access array offset on value of type null', 'C:\\2023project\\aparus\\app\\Views\\rusun\\lantai.php', 114, [...])
 2 SYSTEMPATH\View\View.php(228): include('C:\\2023project\\aparus\\app\\Views\\rusun\\lantai.php')
 3 SYSTEMPATH\View\View.php(231): CodeIgniter\View\View->CodeIgniter\View\{closure}()
 4 SYSTEMPATH\Common.php(1190): CodeIgniter\View\View->render('rusun/lantai', [], true)
 5 APPPATH\Controllers\Rusun.php(136): view('rusun/lantai', [...])
 6 SYSTEMPATH\CodeIgniter.php(942): App\Controllers\Rusun->lantai('assets', 'images', 'companies', 'img-4.png')
 7 SYSTEMPATH\CodeIgniter.php(502): CodeIgniter\CodeIgniter->runController(Object(App\Controllers\Rusun))
 8 SYSTEMPATH\CodeIgniter.php(361): CodeIgniter\CodeIgniter->handleRequest(null, Object(Config\Cache), false)
 9 FCPATH\index.php(79): CodeIgniter\CodeIgniter->run()
10 SYSTEMPATH\Commands\Server\rewrite.php(47): require_once('C:\\2023project\\aparus\\public\\index.php')
INFO - 2023-11-26 13:50:58 --> Session: Class initialized using 'CodeIgniter\Session\Handlers\FileHandler' driver.
INFO - 2023-11-26 13:50:58 --> Session: Class initialized using 'CodeIgniter\Session\Handlers\FileHandler' driver.
INFO - 2023-11-26 13:50:58 --> Session: Class initialized using 'CodeIgniter\Session\Handlers\FileHandler' driver.
CRITICAL - 2023-11-26 13:50:59 --> Trying to access array offset on value of type null
in APPPATH\Views\rusun\lantai.php on line 114.
 1 APPPATH\Views\rusun\lantai.php(114): CodeIgniter\Debug\Exceptions->errorHandler(8, 'Trying to access array offset on value of type null', 'C:\\2023project\\aparus\\app\\Views\\rusun\\lantai.php', 114, [...])
 2 SYSTEMPATH\View\View.php(228): include('C:\\2023project\\aparus\\app\\Views\\rusun\\lantai.php')
 3 SYSTEMPATH\View\View.php(231): CodeIgniter\View\View->CodeIgniter\View\{closure}()
 4 SYSTEMPATH\Common.php(1190): CodeIgniter\View\View->render('rusun/lantai', [], true)
 5 APPPATH\Controllers\Rusun.php(136): view('rusun/lantai', [...])
 6 SYSTEMPATH\CodeIgniter.php(942): App\Controllers\Rusun->lantai('assets', 'images', 'companies', 'img-1.png')
 7 SYSTEMPATH\CodeIgniter.php(502): CodeIgniter\CodeIgniter->runController(Object(App\Controllers\Rusun))
 8 SYSTEMPATH\CodeIgniter.php(361): CodeIgniter\CodeIgniter->handleRequest(null, Object(Config\Cache), false)
 9 FCPATH\index.php(79): CodeIgniter\CodeIgniter->run()
10 SYSTEMPATH\Commands\Server\rewrite.php(47): require_once('C:\\2023project\\aparus\\public\\index.php')
INFO - 2023-11-26 13:50:59 --> Session: Class initialized using 'CodeIgniter\Session\Handlers\FileHandler' driver.
CRITICAL - 2023-11-26 13:50:59 --> Trying to access array offset on value of type null
in APPPATH\Views\rusun\lantai.php on line 114.
 1 APPPATH\Views\rusun\lantai.php(114): CodeIgniter\Debug\Exceptions->errorHandler(8, 'Trying to access array offset on value of type null', 'C:\\2023project\\aparus\\app\\Views\\rusun\\lantai.php', 114, [...])
 2 SYSTEMPATH\View\View.php(228): include('C:\\2023project\\aparus\\app\\Views\\rusun\\lantai.php')
 3 SYSTEMPATH\View\View.php(231): CodeIgniter\View\View->CodeIgniter\View\{closure}()
 4 SYSTEMPATH\Common.php(1190): CodeIgniter\View\View->render('rusun/lantai', [], true)
 5 APPPATH\Controllers\Rusun.php(136): view('rusun/lantai', [...])
 6 SYSTEMPATH\CodeIgniter.php(942): App\Controllers\Rusun->lantai('assets', 'images', 'companies', 'img-3.png')
 7 SYSTEMPATH\CodeIgniter.php(502): CodeIgniter\CodeIgniter->runController(Object(App\Controllers\Rusun))
 8 SYSTEMPATH\CodeIgniter.php(361): CodeIgniter\CodeIgniter->handleRequest(null, Object(Config\Cache), false)
 9 FCPATH\index.php(79): CodeIgniter\CodeIgniter->run()
10 SYSTEMPATH\Commands\Server\rewrite.php(47): require_once('C:\\2023project\\aparus\\public\\index.php')
INFO - 2023-11-26 13:50:59 --> Session: Class initialized using 'CodeIgniter\Session\Handlers\FileHandler' driver.
CRITICAL - 2023-11-26 13:50:59 --> Trying to access array offset on value of type null
in APPPATH\Views\rusun\lantai.php on line 114.
 1 APPPATH\Views\rusun\lantai.php(114): CodeIgniter\Debug\Exceptions->errorHandler(8, 'Trying to access array offset on value of type null', 'C:\\2023project\\aparus\\app\\Views\\rusun\\lantai.php', 114, [...])
 2 SYSTEMPATH\View\View.php(228): include('C:\\2023project\\aparus\\app\\Views\\rusun\\lantai.php')
 3 SYSTEMPATH\View\View.php(231): CodeIgniter\View\View->CodeIgniter\View\{closure}()
 4 SYSTEMPATH\Common.php(1190): CodeIgniter\View\View->render('rusun/lantai', [], true)
 5 APPPATH\Controllers\Rusun.php(136): view('rusun/lantai', [...])
 6 SYSTEMPATH\CodeIgniter.php(942): App\Controllers\Rusun->lantai('assets', 'images', 'companies', 'img-2.png')
 7 SYSTEMPATH\CodeIgniter.php(502): CodeIgniter\CodeIgniter->runController(Object(App\Controllers\Rusun))
 8 SYSTEMPATH\CodeIgniter.php(361): CodeIgniter\CodeIgniter->handleRequest(null, Object(Config\Cache), false)
 9 FCPATH\index.php(79): CodeIgniter\CodeIgniter->run()
10 SYSTEMPATH\Commands\Server\rewrite.php(47): require_once('C:\\2023project\\aparus\\public\\index.php')
INFO - 2023-11-26 13:50:59 --> Session: Class initialized using 'CodeIgniter\Session\Handlers\FileHandler' driver.
CRITICAL - 2023-11-26 13:50:59 --> Trying to access array offset on value of type null
in APPPATH\Views\rusun\lantai.php on line 114.
 1 APPPATH\Views\rusun\lantai.php(114): CodeIgniter\Debug\Exceptions->errorHandler(8, 'Trying to access array offset on value of type null', 'C:\\2023project\\aparus\\app\\Views\\rusun\\lantai.php', 114, [...])
 2 SYSTEMPATH\View\View.php(228): include('C:\\2023project\\aparus\\app\\Views\\rusun\\lantai.php')
 3 SYSTEMPATH\View\View.php(231): CodeIgniter\View\View->CodeIgniter\View\{closure}()
 4 SYSTEMPATH\Common.php(1190): CodeIgniter\View\View->render('rusun/lantai', [], true)
 5 APPPATH\Controllers\Rusun.php(136): view('rusun/lantai', [...])
 6 SYSTEMPATH\CodeIgniter.php(942): App\Controllers\Rusun->lantai('assets', 'images', 'companies', 'img-4.png')
 7 SYSTEMPATH\CodeIgniter.php(502): CodeIgniter\CodeIgniter->runController(Object(App\Controllers\Rusun))
 8 SYSTEMPATH\CodeIgniter.php(361): CodeIgniter\CodeIgniter->handleRequest(null, Object(Config\Cache), false)
 9 FCPATH\index.php(79): CodeIgniter\CodeIgniter->run()
10 SYSTEMPATH\Commands\Server\rewrite.php(47): require_once('C:\\2023project\\aparus\\public\\index.php')
INFO - 2023-11-26 13:50:59 --> Session: Class initialized using 'CodeIgniter\Session\Handlers\FileHandler' driver.
CRITICAL - 2023-11-26 13:50:59 --> Trying to access array offset on value of type null
in APPPATH\Views\rusun\lantai.php on line 114.
 1 APPPATH\Views\rusun\lantai.php(114): CodeIgniter\Debug\Exceptions->errorHandler(8, 'Trying to access array offset on value of type null', 'C:\\2023project\\aparus\\app\\Views\\rusun\\lantai.php', 114, [...])
 2 SYSTEMPATH\View\View.php(228): include('C:\\2023project\\aparus\\app\\Views\\rusun\\lantai.php')
 3 SYSTEMPATH\View\View.php(231): CodeIgniter\View\View->CodeIgniter\View\{closure}()
 4 SYSTEMPATH\Common.php(1190): CodeIgniter\View\View->render('rusun/lantai', [], true)
 5 APPPATH\Controllers\Rusun.php(136): view('rusun/lantai', [...])
 6 SYSTEMPATH\CodeIgniter.php(942): App\Controllers\Rusun->lantai('assets', 'images', 'companies', 'img-5.png')
 7 SYSTEMPATH\CodeIgniter.php(502): CodeIgniter\CodeIgniter->runController(Object(App\Controllers\Rusun))
 8 SYSTEMPATH\CodeIgniter.php(361): CodeIgniter\CodeIgniter->handleRequest(null, Object(Config\Cache), false)
 9 FCPATH\index.php(79): CodeIgniter\CodeIgniter->run()
10 SYSTEMPATH\Commands\Server\rewrite.php(47): require_once('C:\\2023project\\aparus\\public\\index.php')
